wkt_geom,direccion,barrio,comuna,mas_info,materiales
Point (97581.01033980000647716 104252.04326000000583008),Navarro 2429,Agronomia,15,Los materiales deben estar lim,Papel / Cartón / Plástico / Metal / Vidrio
Point (96779.55947720000403933 104049.26916199999686796),Argerich 3916,Agronomia,15,Los materiales deben estar lim,Papel / Cartón / Plástico / Metal / Vidrio
Point (97535.52913100000296254 104154.3394479999988107),"Artigas, Jose Gervasio, Gral. 3556",Agronomia,15,Los materiales deben estar lim,Papel / Cartón / Plástico / Metal / Vidrio
Point (97436.64213619999645744 104286.66985400000703521),"Artigas, Jose Gervasio, Gral. 3706",Agronomia,15,Los materiales deben estar lim,Papel / Cartón / Plástico / Metal / Vidrio
Point (97311.9105515999981435 104452.45583700000133831),"Artigas, Jose Gervasio, Gral. 3914",Agronomia,15,Los materiales deben estar lim,Papel / Cartón / Plástico / Metal / Vidrio
Point (97189.60737209999933839 104615.96236999999382533),"Artigas, Jose Gervasio, Gral. 4124",Agronomia,15,Los materiales deben estar lim,Papel / Cartón / Plástico / Metal / Vidrio
Point (97603.49623099999735132 104634.12421500000345986),Asuncion 2240,Agronomia,15,Los materiales deben estar lim,Papel / Cartón / Plástico / Metal / Vidrio
Point (96682.37331369999446906 103954.98473100000410341),Asuncion 3097,Agronomia,15,Los materiales deben estar lim,Papel / Cartón / Plástico / Metal / Vidrio
Point (97093.26610009999421891 103758.32602700000279583),"Beiro, Francisco Av. 2963",Agronomia,15,Los materiales deben estar lim,Papel / Cartón / Plástico / Metal / Vidrio
Point (97763.24738400000205729 104297.60502299999643583),Caracas 3525,Agronomia,15,Los materiales deben estar lim,Papel / Cartón / Plástico / Metal / Vidrio
Point (97452.29423020000103861 104762.25148399999307003),"Carril, Salvador Maria Del Av. 2276",Agronomia,15,Los materiales deben estar lim,Papel / Cartón / Plástico / Metal / Vidrio
Point (97207.03584500000579283 104159.05353999999351799),Condarco 3750,Agronomia,15,Los materiales deben estar lim,Papel / Cartón / Plástico / Metal / Vidrio
Point (97094.58100689999992028 104316.37195699999574572),Condarco 3950,Agronomia,15,Los materiales deben estar lim,Papel / Cartón / Plástico / Metal / Vidrio
Point (97783.4518203000043286 103637.81920800000079907),"Cortazar, Julio 3664",Agronomia,15,Los materiales deben estar lim,Papel / Cartón / Plástico / Metal / Vidrio
Point (96602.51802620000671595 103793.86096499999985099),Cuenca 3807,Agronomia,15,Los materiales deben estar lim,Papel / Cartón / Plástico / Metal / Vidrio
Point (97448.25281989999348298 104067.01617400000395719),Estado Plurinacional De Bolivia 3541,Agronomia,15,Los materiales deben estar lim,Papel / Cartón / Plástico / Metal / Vidrio
Point (97295.18126319999282714 104271.95649900000717025),Estado Plurinacional De Bolivia 3795,Agronomia,15,Los materiales deben estar lim,Papel / Cartón / Plástico / Metal / Vidrio
Point (96629.05807689999346621 104011.76350200000160839),Helguera 3995,Agronomia,15,Los materiales deben estar lim,Papel / Cartón / Plástico / Metal / Vidrio
Point (98372.31623810000019148 104337.6168760000000475),Llerena 3195,Agronomia,15,Los materiales deben estar lim,Papel / Cartón / Plástico / Metal / Vidrio
Point (98032.96344629999657627 103571.58912200000486337),Melincue 2424,Agronomia,15,Los materiales deben estar lim,Papel / Cartón / Plástico / Metal / Vidrio
Point (97650.51782219999586232 104559.91109799999685492),"Moran, Pedro 2247",Agronomia,15,Los materiales deben estar lim,Papel / Cartón / Plástico / Metal / Vidrio
Point (97014.08632380000199191 104083.62595499999588355),"Moran, Pedro 2873",Agronomia,15,Los materiales deben estar lim,Papel / Cartón / Plástico / Metal / Vidrio
Point (96784.45619349999469705 103901.57120500000019092),"Moran, Pedro 3066",Agronomia,15,Los materiales deben estar lim,Papel / Cartón / Plástico / Metal / Vidrio
Point (96961.30657899999641813 103788.76414600000134669),Navarro 3005,Agronomia,15,Los materiales deben estar lim,Papel / Cartón / Plástico / Metal / Vidrio
Point (97059.71800439999788068 103920.9736339999944903),Nazca Av. 3650,Agronomia,15,Los materiales deben estar lim,Papel / Cartón / Plástico / Metal / Vidrio
Point (96838.91592230000242125 104232.35217500000726432),Nazca Av. 4043,Agronomia,15,Los materiales deben estar lim,Papel / Cartón / Plástico / Metal / Vidrio
Point (96781.67990560000180267 104308.74702799999795388),Nazca Av. 4141,Agronomia,15,Los materiales deben estar lim,Papel / Cartón / Plástico / Metal / Vidrio
Point (97600.81297169999743346 104760.73688900000706781),Nueva York 2187,Agronomia,15,Los materiales deben estar lim,Papel / Cartón / Plástico / Metal / Vidrio
Point (97436.92295540000486653 104638.036552000005031),Nueva York 2343,Agronomia,15,Los materiales deben estar lim,Papel / Cartón / Plástico / Metal / Vidrio
Point (97127.06874940000125207 104405.91947999999683816),Nueva York 2643,Agronomia,15,Los materiales deben estar lim,Papel / Cartón / Plástico / Metal / Vidrio
Point (96472.26916710000659805 103916.93302700000640471),Nueva York 3211,Agronomia,15,Los materiales deben estar lim,Papel / Cartón / Plástico / Metal / Vidrio
Point (97858.7648674999945797 104577.07046400000399444),"Solano Lopez, F., Mariscal 2140",Agronomia,15,Los materiales deben estar lim,Papel / Cartón / Plástico / Metal / Vidrio
Point (97696.6983403000049293 104455.7661320000042906),"Solano Lopez, F., Mariscal 2266",Agronomia,15,Los materiales deben estar lim,Papel / Cartón / Plástico / Metal / Vidrio
Point (96860.18085259999497794 103840.496341999998549),"Solano Lopez, F., Mariscal 3041",Agronomia,15,Los materiales deben estar lim,Papel / Cartón / Plástico / Metal / Vidrio
Point (96722.86281180000514723 103737.37133700000413228),"Solano Lopez, F., Mariscal 3159",Agronomia,15,Los materiales deben estar lim,Papel / Cartón / Plástico / Metal / Vidrio
Point (97208.72262339999724645 103955.26816399999370333),Terrada 3599,Agronomia,15,Los materiales deben estar lim,Papel / Cartón / Plástico / Metal / Vidrio
Point (97049.27845620000152849 104168.27475199999753386),Terrada 3847,Agronomia,15,Los materiales deben estar lim,Papel / Cartón / Plástico / Metal / Vidrio
Point (97875.85546639999665786 103794.384342999997898),Tinogasta 2426,Agronomia,15,Los materiales deben estar lim,Papel / Cartón / Plástico / Metal / Vidrio
Point (97687.18587410000327509 103599.49715100000321399),Venecia 3148,Agronomia,15,Los materiales deben estar lim,Papel / Cartón / Plástico / Metal / Vidrio
Point (98116.49025240000628401 103606.36890200000198092),Zamudio 3225,Agronomia,15,Los materiales deben estar lim,Papel / Cartón / Plástico / Metal / Vidrio
Point (97466.08086739999998827 104477.65304000000469387),Zamudio 3849,Agronomia,15,Los materiales deben estar lim,Papel / Cartón / Plástico / Metal / Vidrio
Point (103396.62224199999764096 102390.75636200000008103),Rawson 362,Almagro,5,Los materiales deben estar lim,Papel / Cartón / Plástico / Metal / Vidrio
Point (104481.75703399999474641 102590.57626800000434741),Sarmiento 3465,Almagro,5,Los materiales deben estar lim,Papel / Cartón / Plástico / Metal / Vidrio
Point (104280.3966870000003837 102634.02702799999678973),Sarmiento 3669,Almagro,5,Los materiales deben estar lim,Papel / Cartón / Plástico / Metal / Vidrio
Point (103760.97498899999482092 102723.57890500000212342),Sarmiento 4075,Almagro,5,Los materiales deben estar lim,Papel / Cartón / Plástico / Metal / Vidrio
Point (103522.37166800000704825 102759.76189700000395533),Sarmiento 4271,Almagro,5,Los materiales deben estar lim,Papel / Cartón / Plástico / Metal / Vidrio
Point (103259.90187000000150874 102782.30975899999612011),Sarmiento 4429,Almagro,5,Los materiales deben estar lim,Papel / Cartón / Plástico / Metal / Vidrio
Point (102978.14761899999575689 102805.80722200000309385),Sarmiento 4625,Almagro,5,Los materiales deben estar lim,Papel / Cartón / Plástico / Metal / Vidrio
Point (103295.56636199999775272 101496.47757499999715947),Mu?iz 178,Almagro,5,Los materiales deben estar lim,Papel / Cartón / Plástico / Metal / Vidrio
Point (103313.8933439999964321 101164.18907999999646563),Mu?iz 454,Almagro,5,Los materiales deben estar lim,Papel / Cartón / Plástico / Metal / Vidrio
Point (103302.38146299999789335 101278.73552099999506027),Mu?iz 360,Almagro,5,Los materiales deben estar lim,Papel / Cartón / Plástico / Metal / Vidrio
Point (103785.63275999999314081 103359.84518000000389293),"Acu?a De Figueroa, Francisco 1044",Almagro,5,Los materiales deben estar lim,Papel / Cartón / Plástico / Metal / Vidrio
Point (102873.62992300000041723 103078.76789600000483915),Aguirre 17,Almagro,5,Los materiales deben estar lim,Papel / Cartón / Plástico / Metal / Vidrio
Point (103325.38261899999633897 103474.31381599999440368),Estado De Israel Av. 4323,Almagro,5,Los materiales deben estar lim,Papel / Cartón / Plástico / Metal / Vidrio
Point (103844.17934400000376627 101153.81057699999655597),Agrelo 3949,Almagro,5,Los materiales deben estar lim,Papel / Cartón / Plástico / Metal / Vidrio
Point (103499.5488690000056522 101124.00725300000340212),Agrelo 4173,Almagro,5,Los materiales deben estar lim,Papel / Cartón / Plástico / Metal / Vidrio
Point (104548.04161800000292715 101518.15221099999325816),Avda Belgrano 3358,Almagro,5,Los materiales deben estar lim,Papel / Cartón / Plástico / Metal / Vidrio
Point (103779.98129700000572484 101489.68375500000547618),Avda Belgrano 3926,Almagro,5,Los materiales deben estar lim,Papel / Cartón / Plástico / Metal / Vidrio
Point (104041.82253200000559445 101656.17687900000601076),Avda Hipolito Yrigoyen 3737,Almagro,5,Los materiales deben estar lim,Papel / Cartón / Plástico / Metal / Vidrio
Point (103505.65912500000558794 101605.5307089999987511),Avda Hipolito Yrigoyen 4141,Almagro,5,Los materiales deben estar lim,Papel / Cartón / Plástico / Metal / Vidrio
Point (103169.24815600000147242 101259.56822499999543652),Avda La Plata 271,Almagro,5,Los materiales deben estar lim,Papel / Cartón / Plástico / Metal / Vidrio
Point (103209.27163099999597762 101141.43924000000697561),Avda La Plata 358,Almagro,5,Los materiales deben estar lim,Papel / Cartón / Plástico / Metal / Vidrio
Point (103210.88567200000397861 101014.93498499999986961),Avda La Plata 451,Almagro,5,Los materiales deben estar lim,Papel / Cartón / Plástico / Metal / Vidrio
Point (103255.86875599999621045 100857.42294299999775831),Avda La Plata 558,Almagro,5,Los materiales deben estar lim,Papel / Cartón / Plástico / Metal / Vidrio
Point (103136.86287599999923259 101438.00264099999913014),Avda La Plata 93,Almagro,5,Los materiales deben estar lim,Papel / Cartón / Plástico / Metal / Vidrio
Point (104355.40841099999670405 102111.6068539999978384),Billinghurst 45,Almagro,5,Los materiales deben estar lim,Papel / Cartón / Plástico / Metal / Vidrio
Point (104454.32091999999829568 103372.6811160000070231),Billinghurst 945,Almagro,5,Los materiales deben estar lim,Papel / Cartón / Plástico / Metal / Vidrio
Point (103699.56221200000436511 101511.12912500000675209),"Bocayuva, Quintino 289",Almagro,5,Los materiales deben estar lim,Papel / Cartón / Plástico / Metal / Vidrio
Point (103740.89184500000556 101252.67922900000121444),"Bocayuva, Quintino 516",Almagro,5,Los materiales deben estar lim,Papel / Cartón / Plástico / Metal / Vidrio
Point (104187.44751199999882374 101798.68919299999834038),Boedo 145,Almagro,5,Los materiales deben estar lim,Papel / Cartón / Plástico / Metal / Vidrio
Point (104254.83628099999623373 101290.68968199999653734),Boedo 423,Almagro,5,Los materiales deben estar lim,Papel / Cartón / Plástico / Metal / Vidrio
Point (104000.12350499999593012 101049.47742500000458676),Castro Barros 689,Almagro,5,Los materiales deben estar lim,Papel / Cartón / Plástico / Metal / Vidrio
Point (103960.95286299999861512 101450.8009299999976065),Castro Barros Av. 321,Almagro,5,Los materiales deben estar lim,Papel / Cartón / Plástico / Metal / Vidrio
Point (103881.77629799999704119 101919.35958499999833293),Castro Barros Av. 33,Almagro,5,Los materiales deben estar lim,Papel / Cartón / Plástico / Metal / Vidrio
Point (104114.1945689999993192 101516.70559500000672415),Colombres 294,Almagro,5,Los materiales deben estar lim,Papel / Cartón / Plástico / Metal / Vidrio
Point (104134.88940800000273157 101242.61385100000188686),Colombres 450,Almagro,5,Los materiales deben estar lim,Papel / Cartón / Plástico / Metal / Vidrio
Point (104031.30227499999455176 101906.55808000000251923),Colombres 54,Almagro,5,Los materiales deben estar lim,Papel / Cartón / Plástico / Metal / Vidrio
Point (104147.5176190000056522 100975.80140399999800138),Colombres 652,Almagro,5,Los materiales deben estar lim,Papel / Cartón / Plástico / Metal / Vidrio
Point (104613.67671600000176113 103482.17707000000518747),Cordoba Av. 3293,Almagro,5,Los materiales deben estar lim,Papel / Cartón / Plástico / Metal / Vidrio
Point (104409.34841200000664685 103491.39128700000583194),Cordoba Av. 3451,Almagro,5,Los materiales deben estar lim,Papel / Cartón / Plástico / Metal / Vidrio
Point (104309.62195600000268314 103494.45148499999777414),Cordoba Av. 3521,Almagro,5,Los materiales deben estar lim,Papel / Cartón / Plástico / Metal / Vidrio
Point (104001.11950699999579228 103502.84316200000466779),Cordoba Av. 3767,Almagro,5,Los materiales deben estar lim,Papel / Cartón / Plástico / Metal / Vidrio
Point (103711.96789600000192877 103509.86494600000150967),Cordoba Av. 3973,Almagro,5,Los materiales deben estar lim,Papel / Cartón / Plástico / Metal / Vidrio
Point (104409.48237599999993108 102805.70154599999659695),Corrientes Av. 3572,Almagro,5,Los materiales deben estar lim,Papel / Cartón / Plástico / Metal / Vidrio
Point (104168.13456500000029337 102850.17169400000420865),Corrientes Av. 3790,Almagro,5,Los materiales deben estar lim,Papel / Cartón / Plástico / Metal / Vidrio
Point (103918.90870200000063051 102880.55427799999597482),Corrientes Av. 3974,Almagro,5,Los materiales deben estar lim,Papel / Cartón / Plástico / Metal / Vidrio
Point (103674.57717200000479352 102909.7127219999965746),Corrientes Av. 4144,Almagro,5,Los materiales deben estar lim,Papel / Cartón / Plástico / Metal / Vidrio
Point (103368.9591459999937797 102946.80663799999456387),Corrientes Av. 4370,Almagro,5,Los materiales deben estar lim,Papel / Cartón / Plástico / Metal / Vidrio
Point (103133.92028999999456573 102975.2305389999964973),Corrientes Av. 4534,Almagro,5,Los materiales deben estar lim,Papel / Cartón / Plástico / Metal / Vidrio
Point (102900.78604799999448005 103004.28254299999389332),Corrientes Av. 4680,Almagro,5,Los materiales deben estar lim,Papel / Cartón / Plástico / Metal / Vidrio
Point (104005.85990599999786355 102289.73240700000314973),Diaz Velez Av. 3762,Almagro,5,Los materiales deben estar lim,Papel / Cartón / Plástico / Metal / Vidrio
Point (103747.43450099999608938 102284.54931600000418257),Diaz Velez Av. 3974,Almagro,5,Los materiales deben estar lim,Papel / Cartón / Plástico / Metal / Vidrio
Point (103473.87718199999653734 102278.04680399999779183),Diaz Velez Av. 4144,Almagro,5,Los materiales deben estar lim,Papel / Cartón / Plástico / Metal / Vidrio
Point (103180.01062200000160374 102269.59925400000065565),Diaz Velez Av. 4364,Almagro,5,Los materiales deben estar lim,Papel / Cartón / Plástico / Metal / Vidrio
Point (104430.41170500000589527 101932.15458800000487827),Don Bosco 3474,Almagro,5,Los materiales deben estar lim,Papel / Cartón / Plástico / Metal / Vidrio
Point (103648.10232900000119116 101729.40540899999905378),Don Bosco 4112,Almagro,5,Los materiales deben estar lim,Papel / Cartón / Plástico / Metal / Vidrio
Point (103613.96529900000314228 101912.64481599999999162),Gascon 37,Almagro,5,Los materiales deben estar lim,Papel / Cartón / Plástico / Metal / Vidrio
Point (104450.95203000000037719 103037.41728700000385288),Guardia Vieja 3549,Almagro,5,Los materiales deben estar lim,Papel / Cartón / Plástico / Metal / Vidrio
Point (104251.97644399999990128 103114.13622299999406096),Guardia Vieja 3741,Almagro,5,Los materiales deben estar lim,Papel / Cartón / Plástico / Metal / Vidrio
Point (103992.29595800000242889 103164.9385749999928521),Guardia Vieja 3941,Almagro,5,Los materiales deben estar lim,Papel / Cartón / Plástico / Metal / Vidrio
Point (103707.33136300000478514 103198.11982700000226032),Guardia Vieja 4143,Almagro,5,Los materiales deben estar lim,Papel / Cartón / Plástico / Metal / Vidrio
Point (103446.1481050000002142 103229.26551300000573974),Guardia Vieja 4327,Almagro,5,Los materiales deben estar lim,Papel / Cartón / Plástico / Metal / Vidrio
Point (103182.4757510000054026 103259.5167619999992894),Guardia Vieja 4527,Almagro,5,Los materiales deben estar lim,Papel / Cartón / Plástico / Metal / Vidrio
Point (104371.01797499999520369 102950.95689099999435712),Humahuaca 3608,Almagro,5,Los materiales deben estar lim,Papel / Cartón / Plástico / Metal / Vidrio
Point (104149.99144800000067335 102999.47336200000427198),Humahuaca 3806,Almagro,5,Los materiales deben estar lim,Papel / Cartón / Plástico / Metal / Vidrio
Point (103818.3674650000029942 103044.3299059999990277),Humahuaca 4056,Almagro,5,Los materiales deben estar lim,Papel / Cartón / Plástico / Metal / Vidrio
Point (103596.40388399999937974 103066.50220899999840185),Humahuaca 4206,Almagro,5,Los materiales deben estar lim,Papel / Cartón / Plástico / Metal / Vidrio
Point (103266.08604999999806751 103106.09702499999548309),Humahuaca 4434,Almagro,5,Los materiales deben estar lim,Papel / Cartón / Plástico / Metal / Vidrio
Point (102992.1890690000000177 102622.01024699999834411),Lambare 806,Almagro,5,Los materiales deben estar lim,Papel / Cartón / Plástico / Metal / Vidrio
Point (104570.97406599999521859 103105.70802900000126101),Lavalle 3367,Almagro,5,Los materiales deben estar lim,Papel / Cartón / Plástico / Metal / Vidrio
Point (104352.69004699999641161 103191.30377899999439251),Lavalle 3585,Almagro,5,Los materiales deben estar lim,Papel / Cartón / Plástico / Metal / Vidrio
Point (103402.81537399999797344 101871.42081900000630412),Lezica 4250,Almagro,5,Los materiales deben estar lim,Papel / Cartón / Plástico / Metal / Vidrio
Point (104469.74478500000259373 101705.95429300000250805),Liniers Virrey 276,Almagro,5,Los materiales deben estar lim,Papel / Cartón / Plástico / Metal / Vidrio
Point (104512.91123100000550039 101288.72891299999901094),Liniers Virrey 566,Almagro,5,Los materiales deben estar lim,Papel / Cartón / Plástico / Metal / Vidrio
Point (103427.38734000000113156 101394.66793700000562239),"Marmol, Jose 275",Almagro,5,Los materiales deben estar lim,Papel / Cartón / Plástico / Metal / Vidrio
Point (103419.83518199999525677 101682.20404199999757111),"Marmol, Jose 34",Almagro,5,Los materiales deben estar lim,Papel / Cartón / Plástico / Metal / Vidrio
Point (103479.55393999999796506 100925.82509800000116229),"Marmol, Jose 635",Almagro,5,Los materiales deben estar lim,Papel / Cartón / Plástico / Metal / Vidrio
Point (104349.3080679999984568 101621.9302659999957541),Maza 318,Almagro,5,Los materiales deben estar lim,Papel / Cartón / Plástico / Metal / Vidrio
Point (104235.15115499999956228 101963.23139400000218302),Maza 41,Almagro,5,Los materiales deben estar lim,Papel / Cartón / Plástico / Metal / Vidrio
Point (104375.88583699999435339 101417.03588399999716785),Maza 456,Almagro,5,Los materiales deben estar lim,Papel / Cartón / Plástico / Metal / Vidrio
Point (104402.73323199999867938 101078.68527000000176486),Maza 689,Almagro,5,Los materiales deben estar lim,Papel / Cartón / Plástico / Metal / Vidrio
Point (103255.95310400000016671 100949.11479700000199955),Mexico 4388,Almagro,5,Los materiales deben estar lim,Papel / Cartón / Plástico / Metal / Vidrio
Point (104128.36267699999734759 102175.33063799999945331),"Mitre, Bartolome 3680",Almagro,5,Los materiales deben estar lim,Papel / Cartón / Plástico / Metal / Vidrio
Point (103643.83080500000505708 102133.94112499999755528),"Mitre, Bartolome 4042",Almagro,5,Los materiales deben estar lim,Papel / Cartón / Plástico / Metal / Vidrio
Point (103335.07251800000085495 102082.83014000000548549),"Mitre, Bartolome 4266",Almagro,5,Los materiales deben estar lim,Papel / Cartón / Plástico / Metal / Vidrio
Point (103123.62923200000659563 102047.20172199999797158),"Mitre, Bartolome 4420",Almagro,5,Los materiales deben estar lim,Papel / Cartón / Plástico / Metal / Vidrio
Point (103602.38387999999395106 102588.40096600000106264),"Peron, Juan Domingo, Tte. General 4075",Almagro,5,Los materiales deben estar lim,Papel / Cartón / Plástico / Metal / Vidrio
Point (103323.6644570000062231 102592.26009900000644848),"Peron, Juan Domingo, Tte. General 4271",Almagro,5,Los materiales deben estar lim,Papel / Cartón / Plástico / Metal / Vidrio
Point (104428.28167199999734294 102462.69368500000564381),"Peron, Juan Domingo, Tte. Gral 3421",Almagro,5,Los materiales deben estar lim,Papel / Cartón / Plástico / Metal / Vidrio
Point (104159.94033199999830686 102493.68933100000140257),"Peron, Juan Domingo, Tte. Gral 3647",Almagro,5,Los materiales deben estar lim,Papel / Cartón / Plástico / Metal / Vidrio
Point (103723.13089400000171736 102445.32122899999376386),Potosi 3993,Almagro,5,Los materiales deben estar lim,Papel / Cartón / Plástico / Metal / Vidrio
Point (103629.29685100000642706 102445.44299999999930151),Potosi 4025,Almagro,5,Los materiales deben estar lim,Papel / Cartón / Plástico / Metal / Vidrio
Point (103193.14259600000514183 102440.63673199999902863),Potosi 4366,Almagro,5,Los materiales deben estar lim,Papel / Cartón / Plástico / Metal / Vidrio
Point (103152.30856799999310169 101962.52893000000040047),Querandies 4403,Almagro,5,Los materiales deben estar lim,Papel / Cartón / Plástico / Metal / Vidrio
Point (103754.38594999999622814 101091.99412200000369921),Quintino Bocayuva 642,Almagro,5,Los materiales deben estar lim,Papel / Cartón / Plástico / Metal / Vidrio
Point (103522.99845299999287818 103336.41641700000036508),Rocamora 4286,Almagro,5,Los materiales deben estar lim,Papel / Cartón / Plástico / Metal / Vidrio
Point (103296.51082399999722838 103336.76530499999353196),Rocamora 4452,Almagro,5,Los materiales deben estar lim,Papel / Cartón / Plástico / Metal / Vidrio
Point (103977.10534599999664351 102406.79637999999977183),"Salguero, Jeronimo 285",Almagro,5,Los materiales deben estar lim,Papel / Cartón / Plástico / Metal / Vidrio
Point (103995.79438399999344256 102060.32132800000545103),"Salguero, Jeronimo 29",Almagro,5,Los materiales deben estar lim,Papel / Cartón / Plástico / Metal / Vidrio
Point (103557.9348290000052657 101412.91988299999502487),Treinta y Tres Orientales 247,Almagro,5,Los materiales deben estar lim,Papel / Cartón / Plástico / Metal / Vidrio
Point (103583.23927000000549015 101013.46965499999350868),Treinta y Tres Orientales 587,Almagro,5,Los materiales deben estar lim,Papel / Cartón / Plástico / Metal / Vidrio
Point (104499.54281499999342486 103263.20455900000524707),Tucuman 3450,Almagro,5,Los materiales deben estar lim,Papel / Cartón / Plástico / Metal / Vidrio
Point (104279.35516000000643544 103349.62595699999656063),Tucuman 3637,Almagro,5,Los materiales deben estar lim,Papel / Cartón / Plástico / Metal / Vidrio
Point (103969.74314700000104494 103450.76973299999372102),Tucuman 3893,Almagro,5,Los materiales deben estar lim,Papel / Cartón / Plástico / Metal / Vidrio
Point (103951.47802399999636691 101286.55150499999581371),Venezuela 3852,Almagro,5,Los materiales deben estar lim,Papel / Cartón / Plástico / Metal / Vidrio
Point (103540.41207799999392591 101248.65241100000275765),Venezuela 4222,Almagro,5,Los materiales deben estar lim,Papel / Cartón / Plástico / Metal / Vidrio
Point (103798.45993700000690296 101699.92081500000494998),Yapeyu 183,Almagro,5,Los materiales deben estar lim,Papel / Cartón / Plástico / Metal / Vidrio
Point (103823.32390000000305008 101365.83728500000142958),Yapeyu 413,Almagro,5,Los materiales deben estar lim,Papel / Cartón / Plástico / Metal / Vidrio
Point (103876.44831500000145752 100962.22852299999794923),Yapeyu 737,Almagro,5,Los materiales deben estar lim,Papel / Cartón / Plástico / Metal / Vidrio
Point (103150.1963019999966491 102660.85947700000542682),Yatay 573,Almagro,5,Los materiales deben estar lim,Papel / Cartón / Plástico / Metal / Vidrio
Point (103228.39130899999872781 101754.45867799999541603),Yatay 87,Almagro,5,Los materiales deben estar lim,Papel / Cartón / Plástico / Metal / Vidrio
Point (104981.49282100000709761 101699.69502400000055786),Moreno 3019,Balvanera,3,Los materiales deben estar lim,Papel / Cartón / Plástico / Metal / Vidrio
Point (104797.01566999999340624 101693.03728699999919627),Moreno 3191,Balvanera,3,Los materiales deben estar lim,Papel / Cartón / Plástico / Metal / Vidrio
Point (104635.21175800000492018 102552.99458800000138581),Sarmiento 3333,Balvanera,3,Los materiales deben estar lim,Papel / Cartón / Plástico / Metal / Vidrio
Point (106439.81325599999399856 101833.05562600000121165),Moreno 1891,Balvanera,3,Los materiales deben estar lim,Papel / Cartón / Plástico / Metal / Vidrio
Point (105955.54746000000159256 101795.98323500000697095),Moreno 2277,Balvanera,3,Los materiales deben estar lim,Papel / Cartón / Plástico / Metal / Vidrio
Point (105808.64585699999588542 101782.39649299999291543),Moreno 2381,Balvanera,3,Los materiales deben estar lim,Papel / Cartón / Plástico / Metal / Vidrio
Point (105758.62786700000287965 101783.85756099999707658),Moreno 2415,Balvanera,3,Los materiales deben estar lim,Papel / Cartón / Plástico / Metal / Vidrio
Point (105448.17408799999975599 101765.06609900000330526),Moreno 2679,Balvanera,3,Los materiales deben estar lim,Papel / Cartón / Plástico / Metal / Vidrio
Point (105072.19256300000415649 102511.14043699999456294),Sarmiento 2965,Balvanera,3,Los materiales deben estar lim,Papel / Cartón / Plástico / Metal / Vidrio
Point (104949.005501000006916 102688.2203120000049239),Jean Jures 424,Balvanera,3,Los materiales deben estar lim,Papel / Cartón / Plástico / Metal / Vidrio
Point (104843.58718200000294019 103329.45781500000157394),Ag?ero 909,Balvanera,3,Los materiales deben estar lim,Papel / Cartón / Plástico / Metal / Vidrio
Point (104755.4638929999928223 102940.45448000000033062),Aguero 610,Balvanera,3,Los materiales deben estar lim,Papel / Cartón / Plástico / Metal / Vidrio
Point (106369.68986699999368284 101949.9002699999982724),"Alsina, Adolfo 1936",Balvanera,3,Los materiales deben estar lim,Papel / Cartón / Plástico / Metal / Vidrio
Point (105140.74132400000235066 101852.4492820000014035),"Alsina, Adolfo 2916",Balvanera,3,Los materiales deben estar lim,Papel / Cartón / Plástico / Metal / Vidrio
Point (105366.21435999999812339 101535.92292799999995623),Av. Jujuy 467,Balvanera,3,Los materiales deben estar lim,Papel / Cartón / Plástico / Metal / Vidrio
Point (106223.84551199999987148 101338.69942499999888241),Chile 2056,Balvanera,3,Los materiales deben estar lim,Papel / Cartón / Plástico / Metal / Vidrio
Point (105639.53476999999838881 101275.00972499999625143),Chile 2556,Balvanera,3,Los materiales deben estar lim,Papel / Cartón / Plástico / Metal / Vidrio
Point (105241.58150600000226405 102739.37772800000675488),Corrientes Av. 2856,Balvanera,3,Los materiales deben estar lim,Papel / Cartón / Plástico / Metal / Vidrio
Point (106501.14677500000107102 101493.78682399999524932),Mexico 1844,Balvanera,3,Los materiales deben estar lim,Papel / Cartón / Plástico / Metal / Vidrio
Point (105603.59181899999384768 101533.86754099999961909),Republica Bolivariana De Venezuela 2455,Balvanera,3,Los materiales deben estar lim,Papel / Cartón / Plástico / Metal / Vidrio
Point (106377.49249499999859836 102631.45598400000017136),Riobamba 324,Balvanera,3,Los materiales deben estar lim,Papel / Cartón / Plástico / Metal / Vidrio
Point (105978.37070200000016484 102698.36785100000270177),"Uriburu Jose E., Pres. 383",Balvanera,3,Los materiales deben estar lim,Papel / Cartón / Plástico / Metal / Vidrio
Point (106278.09670100000221282 101568.00126900000032037),Venezuela 2011,Balvanera,3,Los materiales deben estar lim,Papel / Cartón / Plástico / Metal / Vidrio
Point (106192.53063100000144914 103136.19289799999387469),Viamonte 2002,Balvanera,3,Los materiales deben estar lim,Papel / Cartón / Plástico / Metal / Vidrio
Point (105542.3799600000056671 103129.1215879999945173),Viamonte 2538,Balvanera,3,Los materiales deben estar lim,Papel / Cartón / Plástico / Metal / Vidrio
Point (106064.25791699999535922 101926.4089220000023488),"Alsina, Adolfo 2184",Balvanera,3,Los materiales deben estar lim,Papel / Cartón / Plástico / Metal / Vidrio
Point (105851.57732599999872036 101911.598811999996542),"Alsina, Adolfo 2340",Balvanera,3,Los materiales deben estar lim,Papel / Cartón / Plástico / Metal / Vidrio
Point (105587.6431120000052033 101884.2288540000008652),"Alsina, Adolfo 2550",Balvanera,3,Los materiales deben estar lim,Papel / Cartón / Plástico / Metal / Vidrio
Point (104793.17346499999985099 101806.51897000000462867),"Alsina, Adolfo 3190",Balvanera,3,Los materiales deben estar lim,Papel / Cartón / Plástico / Metal / Vidrio
Point (104905.1772460000065621 102939.26802299999690149),"Anchorena, Tomas Manuel De, Dr. 589",Balvanera,3,Los materiales deben estar lim,Papel / Cartón / Plástico / Metal / Vidrio
Point (104949.2304500000027474 103086.44833800000196788),"Anchorena, Tomas Manuel De, Dr. 661",Balvanera,3,Los materiales deben estar lim,Papel / Cartón / Plástico / Metal / Vidrio
Point (105048.3425649999990128 103422.92158700000436511),"Anchorena, Tomas Manuel De, Dr. 889",Balvanera,3,Los materiales deben estar lim,Papel / Cartón / Plástico / Metal / Vidrio
Point (106322.04357300000265241 101680.97358299999905284),Belgrano Av. 1980,Balvanera,3,Los materiales deben estar lim,Papel / Cartón / Plástico / Metal / Vidrio
Point (106072.3316670000058366 101662.83500399999320507),Belgrano Av. 2184,Balvanera,3,Los materiales deben estar lim,Papel / Cartón / Plástico / Metal / Vidrio
Point (105812.73108800000045449 101645.20896000000357162),Belgrano Av. 2370,Balvanera,3,Los materiales deben estar lim,Papel / Cartón / Plástico / Metal / Vidrio
Point (105506.06562599999597296 101622.67073199999867938),Belgrano Av. 2616,Balvanera,3,Los materiales deben estar lim,Papel / Cartón / Plástico / Metal / Vidrio
Point (105295.29064599999401253 101603.56130899999698158),Belgrano Av. 2850,Balvanera,3,Los materiales deben estar lim,Papel / Cartón / Plástico / Metal / Vidrio
Point (105064.60484299999370705 101567.82711199999903329),Belgrano Av. 2990,Balvanera,3,Los materiales deben estar lim,Papel / Cartón / Plástico / Metal / Vidrio
Point (105001.9741749999957392 101558.08995399999548681),Belgrano Av. 3020,Balvanera,3,Los materiales deben estar lim,Papel / Cartón / Plástico / Metal / Vidrio
Point (104676.44075399999564979 101527.46776100000715815),Belgrano Av. 3270,Balvanera,3,Los materiales deben estar lim,Papel / Cartón / Plástico / Metal / Vidrio
Point (105252.60722599999280646 103030.62246400000003632),Boulogne Sur Mer 694,Balvanera,3,Los materiales deben estar lim,Papel / Cartón / Plástico / Metal / Vidrio
Point (105312.24472099999547936 103224.05631200000061654),Boulogne Sur Mer 863,Balvanera,3,Los materiales deben estar lim,Papel / Cartón / Plástico / Metal / Vidrio
Point (106409.74889600000460632 101355.36087099999713246),Chile 1908,Balvanera,3,Los materiales deben estar lim,Papel / Cartón / Plástico / Metal / Vidrio
Point (105809.02491900000313763 101295.74905199999921024),Chile 2392,Balvanera,3,Los materiales deben estar lim,Papel / Cartón / Plástico / Metal / Vidrio
Point (105637.90491300000576302 103322.40348999999696389),Cordoba Av. 2445,Balvanera,3,Los materiales deben estar lim,Papel / Cartón / Plástico / Metal / Vidrio
Point (104966.45326500000373926 103467.76636300000245683),Cordoba Av. 2993,Balvanera,3,Los materiales deben estar lim,Papel / Cartón / Plástico / Metal / Vidrio
Point (106296.17710499999520835 102738.94662000000244007),Corrientes Av. 1962,Balvanera,3,Los materiales deben estar lim,Papel / Cartón / Plástico / Metal / Vidrio
Point (106010.35775100000319071 102729.6196090000012191),Corrientes Av. 2176,Balvanera,3,Los materiales deben estar lim,Papel / Cartón / Plástico / Metal / Vidrio
Point (104814.40821900000446476 102788.78132700000423938),Corrientes Av. 3230,Balvanera,3,Los materiales deben estar lim,Papel / Cartón / Plástico / Metal / Vidrio
Point (105183.04748500000278 103133.35854899999685585),Ecuador 780,Balvanera,3,Los materiales deben estar lim,Papel / Cartón / Plástico / Metal / Vidrio
Point (105267.94794600000022911 103406.72755399999732617),Ecuador 972,Balvanera,3,Los materiales deben estar lim,Papel / Cartón / Plástico / Metal / Vidrio
Point (104679.78875399999378715 103186.97131700000318233),Gallo 789,Balvanera,3,Los materiales deben estar lim,Papel / Cartón / Plástico / Metal / Vidrio
Point (104704.6399189999938244 103364.04857800000172574),Gallo 943,Balvanera,3,Los materiales deben estar lim,Papel / Cartón / Plástico / Metal / Vidrio
Point (105255.50176800000190269 102631.74207999999634922),"Gomez, Valentin 2824",Balvanera,3,Los materiales deben estar lim,Papel / Cartón / Plástico / Metal / Vidrio
Point (104711.22921200000564568 102673.59123499999986961),"Gomez, Valentin 3294",Balvanera,3,Los materiales deben estar lim,Papel / Cartón / Plástico / Metal / Vidrio
Point (105073.16866900000604801 103069.41002599999774247),"Jaures, Jean 738",Balvanera,3,Los materiales deben estar lim,Papel / Cartón / Plástico / Metal / Vidrio
Point (105111.76900499999464955 103192.6013329999987036),"Jaures, Jean 858",Balvanera,3,Los materiales deben estar lim,Papel / Cartón / Plástico / Metal / Vidrio
Point (105315.99215799999365117 101819.54415099999459926),Jujuy Av. 240,Balvanera,3,Los materiales deben estar lim,Papel / Cartón / Plástico / Metal / Vidrio
Point (106256.67991999999503605 102888.95206399999733549),Lavalle 1981,Balvanera,3,Los materiales deben estar lim,Papel / Cartón / Plástico / Metal / Vidrio
Point (106051.43513399999937974 102884.65558299999975134),Lavalle 2125,Balvanera,3,Los materiales deben estar lim,Papel / Cartón / Plástico / Metal / Vidrio
Point (105775.4865189999982249 102872.13764600000286009),Lavalle 2361,Balvanera,3,Los materiales deben estar lim,Papel / Cartón / Plástico / Metal / Vidrio
Point (105564.22705099999438971 102870.45294600000488572),Lavalle 2535,Balvanera,3,Los materiales deben estar lim,Papel / Cartón / Plástico / Metal / Vidrio
Point (105314.27690700000675861 102882.4413090000016382),Lavalle 2713,Balvanera,3,Los materiales deben estar lim,Papel / Cartón / Plástico / Metal / Vidrio
Point (105057.85489699999743607 102920.62619599999743514),Lavalle 2975,Balvanera,3,Los materiales deben estar lim,Papel / Cartón / Plástico / Metal / Vidrio
Point (104787.92097599999397062 103017.48093700000026729),Lavalle 3193,Balvanera,3,Los materiales deben estar lim,Papel / Cartón / Plástico / Metal / Vidrio
Point (106262.36134699999820441 101473.55194000000483356),Mexico 2024,Balvanera,3,Los materiales deben estar lim,Papel / Cartón / Plástico / Metal / Vidrio
Point (106174.45381599999382161 101466.20314500000677072),Mexico 2094,Balvanera,3,Los materiales deben estar lim,Papel / Cartón / Plástico / Metal / Vidrio
Point (105914.52378899999894202 101434.41258499999821652),Mexico 2266,Balvanera,3,Los materiales deben estar lim,Papel / Cartón / Plástico / Metal / Vidrio
Point (105737.32855999999446794 101409.20462899999984074),Mexico 2458,Balvanera,3,Los materiales deben estar lim,Papel / Cartón / Plástico / Metal / Vidrio
Point (105340.08627200000046287 101317.26081500000145752),Mexico 2768,Balvanera,3,Los materiales deben estar lim,Papel / Cartón / Plástico / Metal / Vidrio
Point (105099.26051900000311434 101224.94017400000302587),Mexico 2980,Balvanera,3,Los materiales deben estar lim,Papel / Cartón / Plástico / Metal / Vidrio
Point (104920.32728699999279343 101158.31169099999533501),Mexico 3120,Balvanera,3,Los materiales deben estar lim,Papel / Cartón / Plástico / Metal / Vidrio
Point (106374.38533999999344815 102344.64942099999461789),"Mitre, Bartolome 1918",Balvanera,3,Los materiales deben estar lim,Papel / Cartón / Plástico / Metal / Vidrio
Point (106094.86847000000125263 102453.20807700000295881),"Peron, Juan Domingo, Tte. General 2121",Balvanera,3,Los materiales deben estar lim,Papel / Cartón / Plástico / Metal / Vidrio
Point (106086.21156100000371225 101551.62172900000587106),Republica Bolivariana De Venezuela 2151,Balvanera,3,Los materiales deben estar lim,Papel / Cartón / Plástico / Metal / Vidrio
Point (105244.26472900000226218 101457.13056600000709295),Republica Bolivariana De Venezuela 2815,Balvanera,3,Los materiales deben estar lim,Papel / Cartón / Plástico / Metal / Vidrio
Point (104968.21224900000379421 101409.72095899999840185),Republica Bolivariana De Venezuela 3083,Balvanera,3,Los materiales deben estar lim,Papel / Cartón / Plástico / Metal / Vidrio
Point (104659.40919099999882746 101406.17690999999467749),Republica Bolivariana De Venezuela 3287,Balvanera,3,Los materiales deben estar lim,Papel / Cartón / Plástico / Metal / Vidrio
Point (106371.71666299999924377 102219.1904320000030566),Rivadavia Av. 1923,Balvanera,3,Los materiales deben estar lim,Papel / Cartón / Plástico / Metal / Vidrio
Point (106092.58670699999493081 102195.53661500000453088),Rivadavia Av. 2153,Balvanera,3,Los materiales deben estar lim,Papel / Cartón / Plástico / Metal / Vidrio
Point (105796.37082700000610203 102167.83331899999757297),Rivadavia Av. 2379,Balvanera,3,Los materiales deben estar lim,Papel / Cartón / Plástico / Metal / Vidrio
Point (105618.10617199999978766 102155.6891100000066217),Rivadavia Av. 2515,Balvanera,3,Los materiales deben estar lim,Papel / Cartón / Plástico / Metal / Vidrio
Point (105422.63044100000115577 102142.90100399999937508),Rivadavia Av. 2675,Balvanera,3,Los materiales deben estar lim,Papel / Cartón / Plástico / Metal / Vidrio
Point (104786.93153899999742862 102090.02308499999344349),Rivadavia Av. 3165,Balvanera,3,Los materiales deben estar lim,Papel / Cartón / Plástico / Metal / Vidrio
Point (104633.4356370000023162 103324.48753199999919161),San Luis 3336,Balvanera,3,Los materiales deben estar lim,Papel / Cartón / Plástico / Metal / Vidrio
Point (104587.30721299999277107 101794.67478400000254624),Sanchez De Loria 271,Balvanera,3,Los materiales deben estar lim,Papel / Cartón / Plástico / Metal / Vidrio
Point (104636.84956400000373833 101204.94126900000264868),Sanchez De Loria 721,Balvanera,3,Los materiales deben estar lim,Papel / Cartón / Plástico / Metal / Vidrio
Point (105848.88605499999539461 103118.40354100000695325),Viamonte 2280,Balvanera,3,Los materiales deben estar lim,Papel / Cartón / Plástico / Metal / Vidrio
Point (105746.17645899999479298 103113.39680200000293553),Viamonte 2378,Balvanera,3,Los materiales deben estar lim,Papel / Cartón / Plástico / Metal / Vidrio
Point (106471.08611800000653602 102086.79157099999429192),"Yrigoyen, Hipolito 1864",Balvanera,3,Los materiales deben estar lim,Papel / Cartón / Plástico / Metal / Vidrio
Point (106205.17605500000354368 102068.87889799999538809),"Yrigoyen, Hipolito 2064",Balvanera,3,Los materiales deben estar lim,Papel / Cartón / Plástico / Metal / Vidrio
Point (105971.12645100000372622 102049.45656700000108685),"Yrigoyen, Hipolito 2230",Balvanera,3,Los materiales deben estar lim,Papel / Cartón / Plástico / Metal / Vidrio
Point (105718.95161499999812804 102026.60239099999307655),"Yrigoyen, Hipolito 2440",Balvanera,3,Los materiales deben estar lim,Papel / Cartón / Plástico / Metal / Vidrio
Point (105436.43305199999304023 102004.24254999999538995),"Yrigoyen, Hipolito 2670",Balvanera,3,Los materiales deben estar lim,Papel / Cartón / Plástico / Metal / Vidrio
Point (105212.19860200000402983 101986.70467399999324698),"Yrigoyen, Hipolito 2836",Balvanera,3,Los materiales deben estar lim,Papel / Cartón / Plástico / Metal / Vidrio
Point (104967.93309999999473803 101970.83439600000565406),"Yrigoyen, Hipolito 3024",Balvanera,3,Los materiales deben estar lim,Papel / Cartón / Plástico / Metal / Vidrio
Point (108458.87406499999633525 99613.4402031000063289),Gualeguay 1289,Barracas,4,Los materiales deben estar lim,Papel / Cartón / Plástico / Metal / Vidrio
Point (108272.06779000000096858 99581.39773270000296179),Gualeguay 1451,Barracas,4,Los materiales deben estar lim,Papel / Cartón / Plástico / Metal / Vidrio
Point (107825.18236200000683311 97426.54594919999362901),Jorge 2250,Barracas,4,Los materiales deben estar lim,Papel / Cartón / Plástico / Metal / Vidrio
Point (108262.50982700000167824 98966.44985649999580346),Suarez 1592,Barracas,4,Los materiales deben estar lim,Papel / Cartón / Plástico / Metal / Vidrio
Point (106369.97107400000095367 98299.85955049999756739),Suarez 3175,Barracas,4,Los materiales deben estar lim,Papel / Cartón / Plástico / Metal / Vidrio
Point (108027.61256100000173319 100253.20350699999835342),Piedras|1568|pr3158|,Barracas,4,Los materiales deben estar lim,Papel / Cartón / Plástico / Metal / Vidrio
Point (106786.9403020000027027 99476.92241119999380317),Caseros Av.|1946|pr3172,Barracas,4,Los materiales deben estar lim,Papel / Cartón / Plástico / Metal / Vidrio
Point (107883.44338500000594649 100092.5662949999968987),Caseros Av.|946|pr3235,Barracas,4,Los materiales deben estar lim,Papel / Cartón / Plástico / Metal / Vidrio
Point (108279.93889900000067428 100288.03519900000537746),Caseros Av.|523|pr1374|,Barracas,4,Los materiales deben estar lim,Papel / Cartón / Plástico / Metal / Vidrio
Point (107193.51974800000607502 99632.07404249999672174),Caseros Av.|1561|pr3171,Barracas,4,Los materiales deben estar lim,Papel / Cartón / Plástico / Metal / Vidrio
Point (108310.07226000000082422 99376.60658609999518376),"Villafa?e, Wenceslao 1455",Barracas,4,Los materiales deben estar lim,Papel / Cartón / Plástico / Metal / Vidrio
Point (108494.52584699999715667 99408.37618550000479445),"Villafa?e, Wenceslao 1247",Barracas,4,Los materiales deben estar lim,Papel / Cartón / Plástico / Metal / Vidrio
Point (107942.48428299999795854 98184.43395019999297801),Alvarado 1961,Barracas,4,Los materiales deben estar lim,Papel / Cartón / Plástico / Metal / Vidrio
Point (107635.58036100000026636 98054.10950079999747686),Alvarado 2295,Barracas,4,Los materiales deben estar lim,Papel / Cartón / Plástico / Metal / Vidrio
Point (107465.07574699999531731 98004.46494299999903888),Alvarado 2465,Barracas,4,Los materiales deben estar lim,Papel / Cartón / Plástico / Metal / Vidrio
Point (107101.37031600000045728 97909.18714320000435691),Alvarado 2795,Barracas,4,Los materiales deben estar lim,Papel / Cartón / Plástico / Metal / Vidrio
Point (106412.29044599999906495 97485.95181579999916721),"Arata, Pedro N. 1523",Barracas,4,Los materiales deben estar lim,Papel / Cartón / Plástico / Metal / Vidrio
Point (107305.71070199999667238 98141.08528879999357741),Australia Av. 2571,Barracas,4,Los materiales deben estar lim,Papel / Cartón / Plástico / Metal / Vidrio
Point (106891.61489500000607222 98049.64437619999807794),Australia Av. 2924,Barracas,4,Los materiales deben estar lim,Papel / Cartón / Plástico / Metal / Vidrio
Point (108515.88984899999923073 98462.95966100000077859),Azara 1194,Barracas,4,Los materiales deben estar lim,Papel / Cartón / Plástico / Metal / Vidrio
Point (108412.27597000000241678 99041.82764760000281967),Azara 637,Barracas,4,Los materiales deben estar lim,Papel / Cartón / Plástico / Metal / Vidrio
Point (107950.15092000000004191 97956.80888820000109263),California 2000,Barracas,4,Los materiales deben estar lim,Papel / Cartón / Plástico / Metal / Vidrio
Point (107460.51947499999369029 97812.77177390000724699),California 2506,Barracas,4,Los materiales deben estar lim,Papel / Cartón / Plástico / Metal / Vidrio
Point (107178.35997799999313429 97752.68021999999473337),California 2760,Barracas,4,Los materiales deben estar lim,Papel / Cartón / Plástico / Metal / Vidrio
Point (106566.99102200000197627 97834.37818359999801032),Chubut 1219,Barracas,4,Los materiales deben estar lim,Papel / Cartón / Plástico / Metal / Vidrio
Point (106870.70191099999647122 97008.20478369999909773),Cruz Del Sud 2988,Barracas,4,Los materiales deben estar lim,Papel / Cartón / Plástico / Metal / Vidrio
Point (105549.43004999999538995 97046.65893489999871235),"Cruz, Osvaldo 3802",Barracas,4,Los materiales deben estar lim,Papel / Cartón / Plástico / Metal / Vidrio
Point (107456.04306300000462215 97263.99313129999791272),"Cruz, Osvaldo Av. 2579",Barracas,4,Los materiales deben estar lim,Papel / Cartón / Plástico / Metal / Vidrio
Point (106795.80932899999606889 99316.17159670000546612),Finochietto Enrique Dr. 1822,Barracas,4,Los materiales deben estar lim,Papel / Cartón / Plástico / Metal / Vidrio
Point (106661.08664900000439957 99302.34254579999833368),Finochietto Enrique Dr. 2028,Barracas,4,Los materiales deben estar lim,Papel / Cartón / Plástico / Metal / Vidrio
Point (108255.13550899999972899 100112.57744500000262633),Finochietto Enrique Dr. 582,Barracas,4,Los materiales deben estar lim,Papel / Cartón / Plástico / Metal / Vidrio
Point (108171.78483699999924283 100079.13313299999572337),Finochietto Enrique Dr. 670,Barracas,4,Los materiales deben estar lim,Papel / Cartón / Plástico / Metal / Vidrio
Point (108120.08482299999741372 98190.82256240000424441),"Hornos, Gral. 1650",Barracas,4,Los materiales deben estar lim,Papel / Cartón / Plástico / Metal / Vidrio
Point (107890.43493600000510924 99480.56403900000441354),"Hornos, Gral. 530",Barracas,4,Los materiales deben estar lim,Papel / Cartón / Plástico / Metal / Vidrio
Point (108612.72671400000399444 97975.33361810000496916),"Iriarte, Gral. 1395",Barracas,4,Los materiales deben estar lim,Papel / Cartón / Plástico / Metal / Vidrio
Point (107981.47600700000475626 97837.86562620000040624),"Iriarte, Gral. 1931",Barracas,4,Los materiales deben estar lim,Papel / Cartón / Plástico / Metal / Vidrio
Point (107061.17038199999660719 97639.35544460000528488),"Iriarte, Gral. Av. 2839",Barracas,4,Los materiales deben estar lim,Papel / Cartón / Plástico / Metal / Vidrio
Point (106528.3870150000002468 97541.89259629999287426),"Iriarte, Gral. Av. 3196",Barracas,4,Los materiales deben estar lim,Papel / Cartón / Plástico / Metal / Vidrio
Point (108408.63661200000206009 97952.38957980000122916),Isabel La Catolica 1660,Barracas,4,Los materiales deben estar lim,Papel / Cartón / Plástico / Metal / Vidrio
Point (108167.06028499999956694 99471.8724075000063749),Isabel La Catolica 174,Barracas,4,Los materiales deben estar lim,Papel / Cartón / Plástico / Metal / Vidrio
Point (108295.81107599999813829 98685.88692520000040531),Isabel La Catolica 960,Barracas,4,Los materiales deben estar lim,Papel / Cartón / Plástico / Metal / Vidrio
Point (108321.55233700000098906 100006.95788299999549054),Ituzaingo 545,Barracas,4,Los materiales deben estar lim,Papel / Cartón / Plástico / Metal / Vidrio
Point (108102.20380000000295695 99807.48854629999550525),Ituzaingo 763,Barracas,4,Los materiales deben estar lim,Papel / Cartón / Plástico / Metal / Vidrio
Point (108174.69282500000554137 99709.77858980000019073),"Jovellanos, Gaspar M. De 110",Barracas,4,Los materiales deben estar lim,Papel / Cartón / Plástico / Metal / Vidrio
Point (108436.44260300000314601 98393.61085189999721479),"Jovellanos, Gaspar M. De 1240",Barracas,4,Los materiales deben estar lim,Papel / Cartón / Plástico / Metal / Vidrio
Point (107729.12710100000549573 98721.56860889999370556),Lanin 150,Barracas,4,Los materiales deben estar lim,Papel / Cartón / Plástico / Metal / Vidrio
Point (106837.19048299999849405 99089.00171949999639764),Los Patos 1897,Barracas,4,Los materiales deben estar lim,Papel / Cartón / Plástico / Metal / Vidrio
Point (106890.68228999999701045 98625.44378240000514779),Luzuriaga 696,Barracas,4,Los materiales deben estar lim,Papel / Cartón / Plástico / Metal / Vidrio
Point (106882.10625399999844376 98399.17882479999389034),Luzuriaga 870,Barracas,4,Los materiales deben estar lim,Papel / Cartón / Plástico / Metal / Vidrio
Point (106112.95961999999417458 98330.295803100001649),Mirave 3348,Barracas,4,Los materiales deben estar lim,Papel / Cartón / Plástico / Metal / Vidrio
Point (105773.70251499999722 98156.12015279999468476),Mirave 3590,Barracas,4,Los materiales deben estar lim,Papel / Cartón / Plástico / Metal / Vidrio
Point (106428.99087900000449736 98410.13810060000105295),Monasterio 651,Barracas,4,Los materiales deben estar lim,Papel / Cartón / Plástico / Metal / Vidrio
Point (108189.8159600000071805 98653.19267760000366252),"Montes De Oca, Manuel Av. 1160",Barracas,4,Los materiales deben estar lim,Papel / Cartón / Plástico / Metal / Vidrio
Point (108240.50585400000272784 98380.52785640000365674),"Montes De Oca, Manuel Av. 1418",Barracas,4,Los materiales deben estar lim,Papel / Cartón / Plástico / Metal / Vidrio
Point (108276.59749800000281539 98149.65088020000257529),"Montes De Oca, Manuel Av. 1640",Barracas,4,Los materiales deben estar lim,Papel / Cartón / Plástico / Metal / Vidrio
Point (108312.47401599999284372 97922.38728260000061709),"Montes De Oca, Manuel Av. 1792",Barracas,4,Los materiales deben estar lim,Papel / Cartón / Plástico / Metal / Vidrio
Point (107998.6197870000032708 99605.42573950000223704),"Montes De Oca, Manuel Av. 367",Barracas,4,Los materiales deben estar lim,Papel / Cartón / Plástico / Metal / Vidrio
Point (108094.36410900000191759 99268.71357589999388438),"Montes De Oca, Manuel Av. 650",Barracas,4,Los materiales deben estar lim,Papel / Cartón / Plástico / Metal / Vidrio
Point (108233.41248100000666454 98859.57586599999922328),Olavarria 1621,Barracas,4,Los materiales deben estar lim,Papel / Cartón / Plástico / Metal / Vidrio
Point (106545.79912300000432879 96481.98395769999478944),Orma 3227,Barracas,4,Los materiales deben estar lim,Papel / Cartón / Plástico / Metal / Vidrio
Point (106487.9733810000034282 96478.23526899999706075),Orma 3267,Barracas,4,Los materiales deben estar lim,Papel / Cartón / Plástico / Metal / Vidrio
Point (106415.69120299999485724 96473.54940819999319501),Orma 3317,Barracas,4,Los materiales deben estar lim,Papel / Cartón / Plástico / Metal / Vidrio
Point (108348.12649599999713246 99856.09920979999878909),Piedras 1948,Barracas,4,Los materiales deben estar lim,Papel / Cartón / Plástico / Metal / Vidrio
Point (108318.78771200000483077 99158.61066679999930784),Pinzon 1497,Barracas,4,Los materiales deben estar lim,Papel / Cartón / Plástico / Metal / Vidrio
Point (107777.78012599999783561 98267.01286210000398569),"Quinquela Martin, Benito 2072",Barracas,4,Los materiales deben estar lim,Papel / Cartón / Plástico / Metal / Vidrio
Point (107775.90880900000047404 97631.90729689999716356),Rio Cuarto 2250,Barracas,4,Los materiales deben estar lim,Papel / Cartón / Plástico / Metal / Vidrio
Point (107488.95809499999450054 97544.16246900000260212),Rio Cuarto 2560,Barracas,4,Los materiales deben estar lim,Papel / Cartón / Plástico / Metal / Vidrio
Point (107140.16928800000459887 97445.8086769999936223),Rio Cuarto 2820,Barracas,4,Los materiales deben estar lim,Papel / Cartón / Plástico / Metal / Vidrio
Point (106554.80097599999862723 97405.5707782999961637),Rio Cuarto 3172,Barracas,4,Los materiales deben estar lim,Papel / Cartón / Plástico / Metal / Vidrio
Point (108381.28955800000403542 98560.95255010000255425),Rocha 1521,Barracas,4,Los materiales deben estar lim,Papel / Cartón / Plástico / Metal / Vidrio
Point (108516.23211599999922328 98901.19825380000111181),Ruy Diaz De Guzman 895,Barracas,4,Los materiales deben estar lim,Papel / Cartón / Plástico / Metal / Vidrio
Point (107730.388569999995525 99056.45156119999592192),"Salmun Feijoo, Jose Aaron 476",Barracas,4,Los materiales deben estar lim,Papel / Cartón / Plástico / Metal / Vidrio
Point (107821.02419700000609737 98525.77023959999496583),"Salmun Feijoo, Jose Aaron 928",Barracas,4,Los materiales deben estar lim,Papel / Cartón / Plástico / Metal / Vidrio
Point (108424.50132399999711197 98223.27420899999560788),"Salvadores, Cnel. 1527",Barracas,4,Los materiales deben estar lim,Papel / Cartón / Plástico / Metal / Vidrio
Point (107788.54769500000111293 97819.58984279999276623),San Antonio 569,Barracas,4,Los materiales deben estar lim,Papel / Cartón / Plástico / Metal / Vidrio
Point (107186.7338809999928344 98082.64938279999478254),Santa Elena 308,Barracas,4,Los materiales deben estar lim,Papel / Cartón / Plástico / Metal / Vidrio
Point (107313.42533100000582635 97649.20166669999889564),Santa Elena 618,Barracas,4,Los materiales deben estar lim,Papel / Cartón / Plástico / Metal / Vidrio
Point (107603.38977900000463706 97445.31613950000610203),Santo Domingo 2420,Barracas,4,Los materiales deben estar lim,Papel / Cartón / Plástico / Metal / Vidrio
Point (107254.91658299999835435 97337.58566840000275988),Santo Domingo 2678,Barracas,4,Los materiales deben estar lim,Papel / Cartón / Plástico / Metal / Vidrio
Point (106852.61895499999809545 97268.7698277000017697),Santo Domingo 2994,Barracas,4,Los materiales deben estar lim,Papel / Cartón / Plástico / Metal / Vidrio
Point (107979.50626199999533128 100101.60638100000505801),Tacuari 1743,Barracas,4,Los materiales deben estar lim,Papel / Cartón / Plástico / Metal / Vidrio
Point (108135.60472000000299886 99888.98672849999275059),Tacuari 1891,Barracas,4,Los materiales deben estar lim,Papel / Cartón / Plástico / Metal / Vidrio
Point (106469.48588199999358039 97362.69341170000552665),"Unamuno, Miguel De 1641",Barracas,4,Los materiales deben estar lim,Papel / Cartón / Plástico / Metal / Vidrio
Point (108178.59979300000122748 99227.7523899999941932),"Valle, Aristobulo Del 1610",Barracas,4,Los materiales deben estar lim,Papel / Cartón / Plástico / Metal / Vidrio
Point (107981.16431799999554642 99223.46976839999842923),"Valle, Aristobulo Del 1782",Barracas,4,Los materiales deben estar lim,Papel / Cartón / Plástico / Metal / Vidrio
Point (107963.41315900000336114 97582.19606119999662042),Vieytes 1543,Barracas,4,Los materiales deben estar lim,Papel / Cartón / Plástico / Metal / Vidrio
Point (100766.17505299999902491 107601.3713560000032885),Cuba 2120,Belgrano,13,Los materiales deben estar lim,Papel / Cartón / Plástico / Metal / Vidrio
Point (100608.09531499999866355 107822.30591900000581518),Cuba 2338,Belgrano,13,Los materiales deben estar lim,Papel / Cartón / Plástico / Metal / Vidrio
Point (100437.27527100000588689 108058.27653200000349898),Cuba 2560,Belgrano,13,Los materiales deben estar lim,Papel / Cartón / Plástico / Metal / Vidrio
Point (100281.6274390000035055 108276.94342300000425894),Cuba 2774,Belgrano,13,Los materiales deben estar lim,Papel / Cartón / Plástico / Metal / Vidrio
Point (100232.15559799999755342 108346.39085999999952037),Cuba 2824,Belgrano,13,Los materiales deben estar lim,Papel / Cartón / Plástico / Metal / Vidrio
Point (101036.85651300000608899 107139.48995699999795761),"Hernandez, Jose 2277",Belgrano,13,Los materiales deben estar lim,Papel / Cartón / Plástico / Metal / Vidrio
Point (101203.40692500000295695 107258.45993100000487175),Jose Hernandez 2043,Belgrano,13,Los materiales deben estar lim,Papel / Cartón / Plástico / Metal / Vidrio
Point (101471.36529699999664444 108234.26454600000579376),Mendoza 1390,Belgrano,13,Los materiales deben estar lim,Papel / Cartón / Plástico / Metal / Vidrio
Point (101185.17290499999944586 108029.10834999999497086),Mendoza 1660,Belgrano,13,Los materiales deben estar lim,Papel / Cartón / Plástico / Metal / Vidrio
Point (100766.97635100000479724 107726.68454600000404753),Mendoza 2132,Belgrano,13,Los materiales deben estar lim,Papel / Cartón / Plástico / Metal / Vidrio
Point (99792.00798660000145901 107029.40744799999811221),Mendoza 3228,Belgrano,13,Los materiales deben estar lim,Papel / Cartón / Plástico / Metal / Vidrio
Point (101274.9430350000038743 108030.03916400000161957),Monta?eses 2160,Belgrano,13,Los materiales deben estar lim,Papel / Cartón / Plástico / Metal / Vidrio
Point (101415.06471000000601634 107835.09979300000122748),Monta?eses 1982,Belgrano,13,Los materiales deben estar lim,Papel / Cartón / Plástico / Metal / Vidrio
Point (102331.04551100000389852 108513.05874799999583047),Casta?eda 1990,Belgrano,13,Los materiales deben estar lim,Papel / Cartón / Plástico / Metal / Vidrio
Point (102309.8554980000044452 108554.08667099999729544),Casta?eda 2020,Belgrano,13,Los materiales deben estar lim,Papel / Cartón / Plástico / Metal / Vidrio
Point (101624.05339299999468494 107288.52027399999496993),Arribe?os 1521,Belgrano,13,Los materiales deben estar lim,Papel / Cartón / Plástico / Metal / Vidrio
Point (101432.52817999999388121 107557.37710199999855831),Arribe?os 1795,Belgrano,13,Los materiales deben estar lim,Papel / Cartón / Plástico / Metal / Vidrio
Point (100796.91781400000036228 108493.1675729999988107),Arribe?os 2699,Belgrano,13,Los materiales deben estar lim,Papel / Cartón / Plástico / Metal / Vidrio
Point (99468.831087500002468 107328.75482699999702163),Conde 2546,Belgrano,13,Los materiales deben estar lim,Papel / Cartón / Plástico / Metal / Vidrio
Point (101570.24552399999811314 107169.22016300000541378),11 De Septiembre De 1888 1482,Belgrano,13,Los materiales deben estar lim,Papel / Cartón / Plástico / Metal / Vidrio
Point (101438.66514500000630505 107354.65408100000058766),11 De Septiembre De 1888 1650,Belgrano,13,Los materiales deben estar lim,Papel / Cartón / Plástico / Metal / Vidrio
Point (101029.94290300000284333 107945.43137000000569969),11 De Septiembre De 1888 2207,Belgrano,13,Los materiales deben estar lim,Papel / Cartón / Plástico / Metal / Vidrio
Point (100872.51146199999493547 108169.75719099999696482),11 De Septiembre De 1888 2430,Belgrano,13,Los materiales deben estar lim,Papel / Cartón / Plástico / Metal / Vidrio
Point (100609.22522199999366421 108550.5208719999936875),11 De Septiembre De 1888 2802,Belgrano,13,Los materiales deben estar lim,Papel / Cartón / Plástico / Metal / Vidrio
Point (101455.69418599999335129 107171.2621450000006007),3 De Febrero 1535,Belgrano,13,Los materiales deben estar lim,Papel / Cartón / Plástico / Metal / Vidrio
Point (101306.28163899999344721 107382.41602200000488665),3 De Febrero 1731,Belgrano,13,Los materiales deben estar lim,Papel / Cartón / Plástico / Metal / Vidrio
Point (101127.51332100000581704 107631.16690599999856204),3 De Febrero 1981,Belgrano,13,Los materiales deben estar lim,Papel / Cartón / Plástico / Metal / Vidrio
Point (100968.81126600000425242 107852.85159799999382813),3 De Febrero 2191,Belgrano,13,Los materiales deben estar lim,Papel / Cartón / Plástico / Metal / Vidrio
Point (100872.13364000000001397 107989.89621000000624917),3 De Febrero 2305,Belgrano,13,Los materiales deben estar lim,Papel / Cartón / Plástico / Metal / Vidrio
Point (100765.87183299999742303 108138.62618000000657048),3 De Febrero 2463,Belgrano,13,Los materiales deben estar lim,Papel / Cartón / Plástico / Metal / Vidrio
Point (100549.66132100000686478 108442.57344199999351986),3 De Febrero 2775,Belgrano,13,Los materiales deben estar lim,Papel / Cartón / Plástico / Metal / Vidrio
Point (100733.7240929999970831 106923.94314899999881163),Amenabar 1691,Belgrano,13,Los materiales deben estar lim,Papel / Cartón / Plástico / Metal / Vidrio
Point (100593.37375600000086706 107119.05344899999909103),Amenabar 1895,Belgrano,13,Los materiales deben estar lim,Papel / Cartón / Plástico / Metal / Vidrio
Point (100469.08753800000704359 107293.86980600000242703),Amenabar 2065,Belgrano,13,Los materiales deben estar lim,Papel / Cartón / Plástico / Metal / Vidrio
Point (101124.20966900000348687 107289.05391600000439212),Arcos 1757,Belgrano,13,Los materiales deben estar lim,Papel / Cartón / Plástico / Metal / Vidrio
Point (100748.80639399999927264 107815.9490899999946123),Arcos 2273,Belgrano,13,Los materiales deben estar lim,Papel / Cartón / Plástico / Metal / Vidrio
Point (100612.69024399999761954 108005.83224000000336673),Arcos 2447,Belgrano,13,Los materiales deben estar lim,Papel / Cartón / Plástico / Metal / Vidrio
Point (100468.86668300000019372 108206.32735900000261609),Arcos 2645,Belgrano,13,Los materiales deben estar lim,Papel / Cartón / Plástico / Metal / Vidrio
Point (101818.03171399999700952 108156.21783300000242889),Artilleros 1997,Belgrano,13,Los materiales deben estar lim,Papel / Cartón / Plástico / Metal / Vidrio
Point (101782.45125600000028498 108206.24137400000472553),Artilleros 2049,Belgrano,13,Los materiales deben estar lim,Papel / Cartón / Plástico / Metal / Vidrio
Point (101570.57411699999647681 108504.2193249999982072),Artilleros 2347,Belgrano,13,Los materiales deben estar lim,Papel / Cartón / Plástico / Metal / Vidrio
Point (99862.83752879999519791 107372.47599599999375641),"Balbin, Ricardo, Dr. Av. 2393",Belgrano,13,Los materiales deben estar lim,Papel / Cartón / Plástico / Metal / Vidrio
Point (101140.77546900000015739 108755.79413399999612011),"Barilari, Atilio S., Alte. 1317",Belgrano,13,Los materiales deben estar lim,Papel / Cartón / Plástico / Metal / Vidrio
Point (101053.82986600000003818 108687.55148700000427198),"Barilari, Atilio S., Alte. 1425",Belgrano,13,Los materiales deben estar lim,Papel / Cartón / Plástico / Metal / Vidrio
Point (101390.04531200000201352 109015.49152500000491273),"Bavio, Ernesto A. 2894",Belgrano,13,Los materiales deben estar lim,Papel / Cartón / Plástico / Metal / Vidrio
Point (101539.14365500000712927 108592.44176899999729358),Blanco Encalada 1180,Belgrano,13,Los materiales deben estar lim,Papel / Cartón / Plástico / Metal / Vidrio
Point (101375.87812700000358745 108475.95780699999886565),Blanco Encalada 1336,Belgrano,13,Los materiales deben estar lim,Papel / Cartón / Plástico / Metal / Vidrio
Point (100959.16822000000684056 108177.81367299999692477),Blanco Encalada 1726,Belgrano,13,Los materiales deben estar lim,Papel / Cartón / Plástico / Metal / Vidrio
Point (100661.30512600000656676 107962.78407500000321306),Blanco Encalada 2096,Belgrano,13,Los materiales deben estar lim,Papel / Cartón / Plástico / Metal / Vidrio
Point (100313.73752700000477489 107713.69687899999553338),Blanco Encalada 2488,Belgrano,13,Los materiales deben estar lim,Papel / Cartón / Plástico / Metal / Vidrio
Point (100170.00317599999834783 107610.65257400000700727),Blanco Encalada 2662,Belgrano,13,Los materiales deben estar lim,Papel / Cartón / Plástico / Metal / Vidrio
Point (100001.7431910000013886 107495.69805900000210386),Blanco Encalada 2854,Belgrano,13,Los materiales deben estar lim,Papel / Cartón / Plástico / Metal / Vidrio
Point (99646.46531290000712033 107245.13251900000614114),Blanco Encalada 3225,Belgrano,13,Los materiales deben estar lim,Papel / Cartón / Plástico / Metal / Vidrio
Point (99362.39325809999718331 107042.43040500000643078),Blanco Encalada 3485,Belgrano,13,Los materiales deben estar lim,Papel / Cartón / Plástico / Metal / Vidrio
Point (99334.08350910000444856 107017.29284500000358094),Blanco Encalada 3500,Belgrano,13,Los materiales deben estar lim,Papel / Cartón / Plástico / Metal / Vidrio
Point (101098.20417199999792501 106964.40469500000472181),Cabildo Av. 1543,Belgrano,13,Los materiales deben estar lim,Papel / Cartón / Plástico / Metal / Vidrio
Point (100803.55879500000446569 107202.02003800000238698),Cabildo Av. 1851,Belgrano,13,Los materiales deben estar lim,Papel / Cartón / Plástico / Metal / Vidrio
Point (100624.49982100000488572 107411.96621899999445304),Cabildo Av. 2060,Belgrano,13,Los materiales deben estar lim,Papel / Cartón / Plástico / Metal / Vidrio
Point (100579.76420299999881536 107516.62639600000693463),Cabildo Av. 2151,Belgrano,13,Los materiales deben estar lim,Papel / Cartón / Plástico / Metal / Vidrio
Point (100546.14365399999951478 107521.79677499999525025),Cabildo Av. 2166,Belgrano,13,Los materiales deben estar lim,Papel / Cartón / Plástico / Metal / Vidrio
Point (100276.56035899999551475 107939.48099599999841303),Cabildo Av. 2555,Belgrano,13,Los materiales deben estar lim,Papel / Cartón / Plástico / Metal / Vidrio
Point (100132.04646100000536535 108080.85032699999283068),Cabildo Av. 2782,Belgrano,13,Los materiales deben estar lim,Papel / Cartón / Plástico / Metal / Vidrio
Point (101771.92869699999573641 107413.84797200000321027),"Campos, Luis M. Av. 1545",Belgrano,13,Los materiales deben estar lim,Papel / Cartón / Plástico / Metal / Vidrio
Point (101683.39087600000493694 107484.57527800000389107),"Campos, Luis M. Av. 1616",Belgrano,13,Los materiales deben estar lim,Papel / Cartón / Plástico / Metal / Vidrio
Point (102005.00220400000398513 108097.49307199999748264),Cazadores 1894,Belgrano,13,Los materiales deben estar lim,Papel / Cartón / Plástico / Metal / Vidrio
Point (101821.65353500000492204 108356.86175300000468269),Cazadores 2120,Belgrano,13,Los materiales deben estar lim,Papel / Cartón / Plástico / Metal / Vidrio
Point (101736.78703500000119675 108477.7832289999932982),Cazadores 2220,Belgrano,13,Los materiales deben estar lim,Papel / Cartón / Plástico / Metal / Vidrio
Point (101564.15759200000320561 108722.78643900000315625),Cazadores 2474,Belgrano,13,Los materiales deben estar lim,Papel / Cartón / Plástico / Metal / Vidrio
Point (100642.05965199999627657 107211.1616210000065621),Ciudad De La Paz 1928,Belgrano,13,Los materiales deben estar lim,Papel / Cartón / Plástico / Metal / Vidrio
Point (100464.92978000000584871 107459.36301800000364892),Ciudad De La Paz 2138,Belgrano,13,Los materiales deben estar lim,Papel / Cartón / Plástico / Metal / Vidrio
Point (100319.69201100000645965 107663.57157899999583606),Ciudad De La Paz 2352,Belgrano,13,Los materiales deben estar lim,Papel / Cartón / Plástico / Metal / Vidrio
Point (100191.95001299999421462 107845.10607700000400655),Ciudad De La Paz 2544,Belgrano,13,Los materiales deben estar lim,Papel / Cartón / Plástico / Metal / Vidrio
Point (100057.11486600000353064 106506.50548300000082236),Conde 1762,Belgrano,13,Los materiales deben estar lim,Papel / Cartón / Plástico / Metal / Vidrio
Point (99878.95393930000136606 106755.99477099999785423),Conde 1982,Belgrano,13,Los materiales deben estar lim,Papel / Cartón / Plástico / Metal / Vidrio
Point (99651.92377979999582749 107075.67431200000282843),Conde 2298,Belgrano,13,Los materiales deben estar lim,Papel / Cartón / Plástico / Metal / Vidrio
Point (100294.01591600000392646 106795.52332900000328664),Conesa 1816,Belgrano,13,Los materiales deben estar lim,Papel / Cartón / Plástico / Metal / Vidrio
Point (100110.00017899999511428 107052.62878299999283627),Conesa 2080,Belgrano,13,Los materiales deben estar lim,Papel / Cartón / Plástico / Metal / Vidrio
Point (99997.01542789999803063 107210.25217599999450613),Conesa 2210,Belgrano,13,Los materiales deben estar lim,Papel / Cartón / Plástico / Metal / Vidrio
Point (100888.63284200000634883 108695.82804799999576062),Congreso 1534,Belgrano,13,Los materiales deben estar lim,Papel / Cartón / Plástico / Metal / Vidrio
Point (100703.72829400000046007 108578.72843899999861605),Congreso Av. 1710,Belgrano,13,Los materiales deben estar lim,Papel / Cartón / Plástico / Metal / Vidrio
Point (99891.98221790000388864 108067.36187500000232831),Congreso Av. 2610,Belgrano,13,Los materiales deben estar lim,Papel / Cartón / Plástico / Metal / Vidrio
Point (99756.42228919999615755 107981.66319200000725687),Congreso Av. 2788,Belgrano,13,Los materiales deben estar lim,Papel / Cartón / Plástico / Metal / Vidrio
Point (99570.56539309999789111 107880.95817800000077114),Congreso Av. 2975,Belgrano,13,Los materiales deben estar lim,Papel / Cartón / Plástico / Metal / Vidrio
Point (99502.36164930000086315 107837.98827899999741931),Congreso Av. 3047,Belgrano,13,Los materiales deben estar lim,Papel / Cartón / Plástico / Metal / Vidrio
Point (100485.10994700000446755 106752.86491400000522844),Cramer Av. 1721,Belgrano,13,Los materiales deben estar lim,Papel / Cartón / Plástico / Metal / Vidrio
Point (100270.61777799999981653 107017.5688979999977164),Cramer Av. 1982,Belgrano,13,Los materiales deben estar lim,Papel / Cartón / Plástico / Metal / Vidrio
Point (100229.29429400000663009 107108.23298800000338815),Cramer Av. 2055,Belgrano,13,Los materiales deben estar lim,Papel / Cartón / Plástico / Metal / Vidrio
Point (100150.44534200000634883 107217.88264999999955762),Cramer Av. 2153,Belgrano,13,Los materiales deben estar lim,Papel / Cartón / Plástico / Metal / Vidrio
Point (99979.32181839999975637 107456.94234900000446942),Cramer Av. 2395,Belgrano,13,Los materiales deben estar lim,Papel / Cartón / Plástico / Metal / Vidrio
Point (99796.1808898000017507 107715.17009299999335781),Cramer Av. 2669,Belgrano,13,Los materiales deben estar lim,Papel / Cartón / Plástico / Metal / Vidrio
Point (99733.90770979999797419 107780.99387700000079349),Cramer Av. 2742,Belgrano,13,Los materiales deben estar lim,Papel / Cartón / Plástico / Metal / Vidrio
Point (100791.21503099999972619 107566.47629500000039116),Cuba 2090,Belgrano,13,Los materiales deben estar lim,Papel / Cartón / Plástico / Metal / Vidrio
Point (100201.21980900000198744 106504.05350900000485126),Del Pino Virrey 3205,Belgrano,13,Los materiales deben estar lim,Papel / Cartón / Plástico / Metal / Vidrio
Point (101979.79378100000030827 108566.97579799999948591),Dragones 2190,Belgrano,13,Los materiales deben estar lim,Papel / Cartón / Plástico / Metal / Vidrio
Point (101875.51140000000305008 108713.77647799999976996),Dragones 2310,Belgrano,13,Los materiales deben estar lim,Papel / Cartón / Plástico / Metal / Vidrio
Point (101954.71776200000022072 108263.33375999999407213),Echeverria 1048,Belgrano,13,Los materiales deben estar lim,Papel / Cartón / Plástico / Metal / Vidrio
Point (101778.48942300000635441 108135.97006300000066403),Echeverria 1228,Belgrano,13,Los materiales deben estar lim,Papel / Cartón / Plástico / Metal / Vidrio
Point (101470.10975099999632221 107913.06495400000130758),Echeverria 1520,Belgrano,13,Los materiales deben estar lim,Papel / Cartón / Plástico / Metal / Vidrio
Point (101153.08105599999544211 107685.49427700000524055),Echeverria 1860,Belgrano,13,Los materiales deben estar lim,Papel / Cartón / Plástico / Metal / Vidrio
Point (101037.8276320000004489 107603.26981500000692904),Echeverria 1990,Belgrano,13,Los materiales deben estar lim,Papel / Cartón / Plástico / Metal / Vidrio
Point (100101.80529000000387896 106679.20059300000139046),"Freire, Ramon, Cap. Gral. 1845",Belgrano,13,Los materiales deben estar lim,Papel / Cartón / Plástico / Metal / Vidrio
Point (99735.69304220000049099 107187.78363700000045355),"Freire, Ramon, Cap. Gral. 2321",Belgrano,13,Los materiales deben estar lim,Papel / Cartón / Plástico / Metal / Vidrio
Point (101969.86352800000167917 107792.10197800000605639),Hernandez Jose 1310,Belgrano,13,Los materiales deben estar lim,Papel / Cartón / Plástico / Metal / Vidrio
Point (100854.81362899999658111 107032.25892900000326335),"Hernandez, Jose 2449",Belgrano,13,Los materiales deben estar lim,Papel / Cartón / Plástico / Metal / Vidrio
Point (100630.14358899999933783 106866.77900500000396278),"Hernandez, Jose 2713",Belgrano,13,Los materiales deben estar lim,Papel / Cartón / Plástico / Metal / Vidrio
Point (101129.53823299999930896 108800.07709399999293964),"Hernandez, Rafael 2820",Belgrano,13,Los materiales deben estar lim,Papel / Cartón / Plástico / Metal / Vidrio
Point (100900.39009400000213645 108842.52616100000159349),"Hernandez, Rafael 2998",Belgrano,13,Los materiales deben estar lim,Papel / Cartón / Plástico / Metal / Vidrio
Point (102055.9088049999991199 108258.97808499999518972),Husares 1959,Belgrano,13,Los materiales deben estar lim,Papel / Cartón / Plástico / Metal / Vidrio
Point (102003.38591100000485312 108332.33186799999384675),Husares 2013,Belgrano,13,Los materiales deben estar lim,Papel / Cartón / Plástico / Metal / Vidrio
Point (101839.65764699999999721 108561.42298699999810196),Husares 2235,Belgrano,13,Los materiales deben estar lim,Papel / Cartón / Plástico / Metal / Vidrio
Point (101659.59911399999691639 108817.86762800000724383),Husares 2477,Belgrano,13,Los materiales deben estar lim,Papel / Cartón / Plástico / Metal / Vidrio
Point (101462.58418299999902956 108081.32000000000698492),Juramento 1459,Belgrano,13,Los materiales deben estar lim,Papel / Cartón / Plástico / Metal / Vidrio
Point (101329.93303800000285264 107983.46776100000715815),Juramento 1597,Belgrano,13,Los materiales deben estar lim,Papel / Cartón / Plástico / Metal / Vidrio
Point (100148.0338880000053905 107135.755090000006021),Juramento 2937,Belgrano,13,Los materiales deben estar lim,Papel / Cartón / Plástico / Metal / Vidrio
Point (100560.60774199999286793 107430.82856500000343658),Juramento Av. 2433,Belgrano,13,Los materiales deben estar lim,Papel / Cartón / Plástico / Metal / Vidrio
Point (100304.13661099999444559 107247.76090500000282191),Juramento Av. 2769,Belgrano,13,Los materiales deben estar lim,Papel / Cartón / Plástico / Metal / Vidrio
Point (99967.69912180000392254 107006.3741370000061579),Juramento Av. 3123,Belgrano,13,Los materiales deben estar lim,Papel / Cartón / Plástico / Metal / Vidrio
Point (101875.15932500000053551 107884.31987000000663102),La Pampa 1290,Belgrano,13,Los materiales deben estar lim,Papel / Cartón / Plástico / Metal / Vidrio
Point (101488.62760000000707805 107614.69779200000630226),La Pampa 1635,Belgrano,13,Los materiales deben estar lim,Papel / Cartón / Plástico / Metal / Vidrio
Point (100942.8748020000057295 107217.63163600000552833),La Pampa 2274,Belgrano,13,Los materiales deben estar lim,Papel / Cartón / Plástico / Metal / Vidrio
Point (100045.17600000000675209 106586.39321700000436977),La Pampa 3278,Belgrano,13,Los materiales deben estar lim,Papel / Cartón / Plástico / Metal / Vidrio
Point (99746.98039899999275804 106373.98110699999961071),La Pampa 3602,Belgrano,13,Los materiales deben estar lim,Papel / Cartón / Plástico / Metal / Vidrio
Point (99700.24297150000347756 106341.09404999999969732),La Pampa 3654,Belgrano,13,Los materiales deben estar lim,Papel / Cartón / Plástico / Metal / Vidrio
Point (102355.11269799999718089 108230.38981500000227243),La Pampa 816,Belgrano,13,Los materiales deben estar lim,Papel / Cartón / Plástico / Metal / Vidrio
Point (101759.44752000000153203 107345.07922299999336246),"Loreto, Virrey 1627",Belgrano,13,Los materiales deben estar lim,Papel / Cartón / Plástico / Metal / Vidrio
Point (101337.09410899999784306 107044.07752000000618864),"Loreto, Virrey 2171",Belgrano,13,Los materiales deben estar lim,Papel / Cartón / Plástico / Metal / Vidrio
Point (101246.83273100000224076 106908.98878699999477249),"Loreto, Virrey 2375",Belgrano,13,Los materiales deben estar lim,Papel / Cartón / Plástico / Metal / Vidrio
Point (99572.92278019999503158 106581.65239800000563264),"Martinez, Enrique, Gral. 2010",Belgrano,13,Los materiales deben estar lim,Papel / Cartón / Plástico / Metal / Vidrio
Point (99340.18411580000247341 106941.51884800000698306),"Martinez, Enrique, Gral. 2339",Belgrano,13,Los materiales deben estar lim,Papel / Cartón / Plástico / Metal / Vidrio
Point (99723.87343310000142083 106598.95747300000221003),Melian Av. 1961,Belgrano,13,Los materiales deben estar lim,Papel / Cartón / Plástico / Metal / Vidrio
Point (99541.38040470000123605 106793.65404799999669194),Melian Av. 2167,Belgrano,13,Los materiales deben estar lim,Papel / Cartón / Plástico / Metal / Vidrio
Point (99284.69938350000302307 107055.02526500000385568),Melian Av. 2457,Belgrano,13,Los materiales deben estar lim,Papel / Cartón / Plástico / Metal / Vidrio
Point (101856.29222499999741558 107650.07553699999698438),Migueletes 1660,Belgrano,13,Los materiales deben estar lim,Papel / Cartón / Plástico / Metal / Vidrio
Point (101617.4106480000045849 108002.35337700000673067),Migueletes 1987,Belgrano,13,Los materiales deben estar lim,Papel / Cartón / Plástico / Metal / Vidrio
Point (101422.44835700000112411 108276.22551200000452809),Migueletes 2251,Belgrano,13,Los materiales deben estar lim,Papel / Cartón / Plástico / Metal / Vidrio
Point (100604.25203899999905843 106917.14028300000063609),Moldes 1760,Belgrano,13,Los materiales deben estar lim,Papel / Cartón / Plástico / Metal / Vidrio
Point (100464.11140999999770429 107113.57165899999381509),Moldes 1946,Belgrano,13,Los materiales deben estar lim,Papel / Cartón / Plástico / Metal / Vidrio
Point (100287.2374710000003688 107361.38550200000463519),Moldes 2176,Belgrano,13,Los materiales deben estar lim,Papel / Cartón / Plástico / Metal / Vidrio
Point (101411.39085199999681208 108671.41592699999455363),Monroe 1205,Belgrano,13,Los materiales deben estar lim,Papel / Cartón / Plástico / Metal / Vidrio
Point (100815.21416299999691546 108236.84704799999599345),Monroe 1815,Belgrano,13,Los materiales deben estar lim,Papel / Cartón / Plástico / Metal / Vidrio
Point (100037.59349499999370892 107685.87182800000300631),Monroe 2705,Belgrano,13,Los materiales deben estar lim,Papel / Cartón / Plástico / Metal / Vidrio
Point (101725.97915299999294803 108896.12285699999483768),Monroe 915,Belgrano,13,Los materiales deben estar lim,Papel / Cartón / Plástico / Metal / Vidrio
Point (101312.58052000000316184 108600.52502000000094995),Monroe Av. 1307,Belgrano,13,Los materiales deben estar lim,Papel / Cartón / Plástico / Metal / Vidrio
Point (100194.61034299999300856 107798.55625100000179373),Monroe Av. 2517,Belgrano,13,Los materiales deben estar lim,Papel / Cartón / Plástico / Metal / Vidrio
Point (99868.63815699999395292 107564.9412060000031488),Monroe Av. 2909,Belgrano,13,Los materiales deben estar lim,Papel / Cartón / Plástico / Metal / Vidrio
Point (99371.71272779999708291 106510.65567900000314694),"Naon, Romulo 2068",Belgrano,13,Los materiales deben estar lim,Papel / Cartón / Plástico / Metal / Vidrio
Point (99259.29680909999297 106671.23765900000580586),"Naon, Romulo 2212",Belgrano,13,Los materiales deben estar lim,Papel / Cartón / Plástico / Metal / Vidrio
Point (99151.27211580000584945 106850.03329599999415223),"Naon, Romulo 2385",Belgrano,13,Los materiales deben estar lim,Papel / Cartón / Plástico / Metal / Vidrio
Point (101331.20719899999676272 107157.26922000000195112),O'higgins 1592,Belgrano,13,Los materiales deben estar lim,Papel / Cartón / Plástico / Metal / Vidrio
Point (101296.11339199999929406 107206.52610800000547897),O'higgins 1632,Belgrano,13,Los materiales deben estar lim,Papel / Cartón / Plástico / Metal / Vidrio
Point (101139.15672699999413453 107428.08821600000374019),O'higgins 1824,Belgrano,13,Los materiales deben estar lim,Papel / Cartón / Plástico / Metal / Vidrio
Point (100991.89243599999463186 107634.21632300000055693),O'higgins 2022,Belgrano,13,Los materiales deben estar lim,Papel / Cartón / Plástico / Metal / Vidrio
Point (100774.17379699999582954 107940.13202400000591297),O'higgins 2340,Belgrano,13,Los materiales deben estar lim,Papel / Cartón / Plástico / Metal / Vidrio
Point (100659.8904119999933755 108099.4819019999995362),O'higgins 2490,Belgrano,13,Los materiales deben estar lim,Papel / Cartón / Plástico / Metal / Vidrio
Point (101364.84900099999504164 108321.59744500000670087),Olazabal 1419,Belgrano,13,Los materiales deben estar lim,Papel / Cartón / Plástico / Metal / Vidrio
Point (101266.93929799999750685 108246.44495699999970384),Olazabal 1517,Belgrano,13,Los materiales deben estar lim,Papel / Cartón / Plástico / Metal / Vidrio
Point (101081.12247400000342168 108118.29504500000621192),Olazabal 1683,Belgrano,13,Los materiales deben estar lim,Papel / Cartón / Plástico / Metal / Vidrio
Point (100315.53790300000400748 107568.92434899999352638),Olazabal 2571,Belgrano,13,Los materiales deben estar lim,Papel / Cartón / Plástico / Metal / Vidrio
Point (100063.63060000000405125 107388.15115700000023935),Olazabal 2877,Belgrano,13,Los materiales deben estar lim,Papel / Cartón / Plástico / Metal / Vidrio
Point (99821.15270370000507683 106259.55777699999453034),"Pino, Virrey Del 3543",Belgrano,13,Los materiales deben estar lim,Papel / Cartón / Plástico / Metal / Vidrio
Point (101376.41164999999455176 108984.72689299999910872),"Plaza, Victorino De La, Dr. 1030",Belgrano,13,Los materiales deben estar lim,Papel / Cartón / Plástico / Metal / Vidrio
Point (101356.21665699999721255 108874.90376600000308827),"Plaza, Victorino De La, Dr. 1110",Belgrano,13,Los materiales deben estar lim,Papel / Cartón / Plástico / Metal / Vidrio
Point (101054.75901599999633618 108836.19511299999430776),"Plaza, Victorino De La, Dr. 1602",Belgrano,13,Los materiales deben estar lim,Papel / Cartón / Plástico / Metal / Vidrio
Point (101095.42951200000243261 109059.47897300000477117),"Plaza, Victorino De La, Dr. 1798",Belgrano,13,Los materiales deben estar lim,Papel / Cartón / Plástico / Metal / Vidrio
Point (101191.71596299999509938 108726.26712200000474695),Quinteros Lidoro 1228,Belgrano,13,Los materiales deben estar lim,Papel / Cartón / Plástico / Metal / Vidrio
Point (101220.08103000000119209 108989.34336400000029244),"Quinteros, Lidoro J. Av. 1049",Belgrano,13,Los materiales deben estar lim,Papel / Cartón / Plástico / Metal / Vidrio
Point (102289.4662910000042757 108369.20415600000706036),Ramsay 1905,Belgrano,13,Los materiales deben estar lim,Papel / Cartón / Plástico / Metal / Vidrio
Point (101374.60459099999570753 108891.22555099999590311),"Riccheri, Pablo, Tte. Gral. 2751",Belgrano,13,Los materiales deben estar lim,Papel / Cartón / Plástico / Metal / Vidrio
Point (100988.99878999999782536 108965.84447999999974854),"Riccheri, Pablo, Tte. Gral. 3087",Belgrano,13,Los materiales deben estar lim,Papel / Cartón / Plástico / Metal / Vidrio
Point (99896.76817159999336582 107837.73336499999277294),"Rivera, Pedro I., Dr. 2749",Belgrano,13,Los materiales deben estar lim,Papel / Cartón / Plástico / Metal / Vidrio
Point (99799.17887709999922663 107771.36780399999406654),"Rivera, Pedro I., Dr. 2867",Belgrano,13,Los materiales deben estar lim,Papel / Cartón / Plástico / Metal / Vidrio
Point (99654.61486679999507032 107673.58275699999649078),"Rivera, Pedro I., Dr. 3013",Belgrano,13,Los materiales deben estar lim,Papel / Cartón / Plástico / Metal / Vidrio
Point (100900.81484900000214111 108438.87108899999293499),Roosevelt Franklin D. 1656,Belgrano,13,Los materiales deben estar lim,Papel / Cartón / Plástico / Metal / Vidrio
Point (100779.47878400000627153 108350.18381400000362191),Roosevelt Franklin D. 1790,Belgrano,13,Los materiales deben estar lim,Papel / Cartón / Plástico / Metal / Vidrio
Point (100243.10143700000480749 107939.99220100000093225),Roosevelt Franklin D. 2402,Belgrano,13,Los materiales deben estar lim,Papel / Cartón / Plástico / Metal / Vidrio
Point (100024.49860900000203401 107787.64971300000615884),Roosevelt Franklin D. 2660,Belgrano,13,Los materiales deben estar lim,Papel / Cartón / Plástico / Metal / Vidrio
Point (99887.74509599999873899 107692.48748300000443123),Roosevelt Franklin D. 2846,Belgrano,13,Los materiales deben estar lim,Papel / Cartón / Plástico / Metal / Vidrio
Point (99767.25420399999711663 107608.6018060000060359),Roosevelt Franklin D. 2982,Belgrano,13,Los materiales deben estar lim,Papel / Cartón / Plástico / Metal / Vidrio
Point (101168.86897399999725167 109038.88356200000271201),"Solier, Daniel De, Alte. 1010",Belgrano,13,Los materiales deben estar lim,Papel / Cartón / Plástico / Metal / Vidrio
Point (101289.07639800000470132 108663.54167900000174996),"Sourigues, Carlos, Cnel. 2592",Belgrano,13,Los materiales deben estar lim,Papel / Cartón / Plástico / Metal / Vidrio
Point (101800.25390100000367966 108000.55109900000388734),"Sucre, Antonio Jose De, Mcal. 1285",Belgrano,13,Los materiales deben estar lim,Papel / Cartón / Plástico / Metal / Vidrio
Point (100789.90982099999382626 107278.39950800000224262),"Sucre, Antonio Jose De, Mcal. 2365",Belgrano,13,Los materiales deben estar lim,Papel / Cartón / Plástico / Metal / Vidrio
Point (100447.14450399999623187 107033.30118799999763723),"Sucre, Antonio Jose De, Mcal. 2765",Belgrano,13,Los materiales deben estar lim,Papel / Cartón / Plástico / Metal / Vidrio
Point (102344.37596600000688341 108395.00768399999651592),"Sucre, Antonio Jose De, Mcal. 765",Belgrano,13,Los materiales deben estar lim,Papel / Cartón / Plástico / Metal / Vidrio
Point (100036.07941500000015367 106354.14142099999298807),Superi 1679,Belgrano,13,Los materiales deben estar lim,Papel / Cartón / Plástico / Metal / Vidrio
Point (99838.17849609999393579 106630.21355899999616668),Superi 1925,Belgrano,13,Los materiales deben estar lim,Papel / Cartón / Plástico / Metal / Vidrio
Point (99771.32468940000399016 106723.55249800000456162),Superi 2007,Belgrano,13,Los materiales deben estar lim,Papel / Cartón / Plástico / Metal / Vidrio
Point (99680.84027139999670908 106850.07580399999278598),Superi 2137,Belgrano,13,Los materiales deben estar lim,Papel / Cartón / Plástico / Metal / Vidrio
Point (100982.1327809999929741 109115.67859700000553858),"Udaondo, Guillermo Av. 1294",Belgrano,13,Los materiales deben estar lim,Papel / Cartón / Plástico / Metal / Vidrio
Point (100832.05393799999728799 108534.79812099999981001),"Ugarte, Manuel 1655",Belgrano,13,Los materiales deben estar lim,Papel / Cartón / Plástico / Metal / Vidrio
Point (100669.09030999999959022 108426.62789299999712966),"Ugarte, Manuel 1809",Belgrano,13,Los materiales deben estar lim,Papel / Cartón / Plástico / Metal / Vidrio
Point (100371.83499000000301749 108231.99572299999999814),"Ugarte, Manuel 2175",Belgrano,13,Los materiales deben estar lim,Papel / Cartón / Plástico / Metal / Vidrio
Point (100023.76351400000567082 108031.65181999999913387),"Ugarte, Manuel 2524",Belgrano,13,Los materiales deben estar lim,Papel / Cartón / Plástico / Metal / Vidrio
Point (99922.54109100000641774 107965.77676900000369642),"Ugarte, Manuel 2672",Belgrano,13,Los materiales deben estar lim,Papel / Cartón / Plástico / Metal / Vidrio
Point (100285.06149799999548122 107205.77696000000287313),Vidal 2095,Belgrano,13,Los materiales deben estar lim,Papel / Cartón / Plástico / Metal / Vidrio
Point (100188.45751399999426212 107341.57176999999501277),Vidal 2209,Belgrano,13,Los materiales deben estar lim,Papel / Cartón / Plástico / Metal / Vidrio
Point (99759.34911739999370184 107943.05865300000004936),Vidal 2865,Belgrano,13,Los materiales deben estar lim,Papel / Cartón / Plástico / Metal / Vidrio
Point (100946.35733300000720192 107180.56414400000358),Vuelta De Obligado 1771,Belgrano,13,Los materiales deben estar lim,Papel / Cartón / Plástico / Metal / Vidrio
Point (100823.88054399999964517 107355.66725699999369681),Vuelta De Obligado 1931,Belgrano,13,Los materiales deben estar lim,Papel / Cartón / Plástico / Metal / Vidrio
Point (100473.543004999999539 107839.44224800000665709),Vuelta De Obligado 2405,Belgrano,13,Los materiales deben estar lim,Papel / Cartón / Plástico / Metal / Vidrio
Point (100289.30208399999537505 108105.32444599999871571),Vuelta De Obligado 2661,Belgrano,13,Los materiales deben estar lim,Papel / Cartón / Plástico / Metal / Vidrio
Point (99553.07751800000551157 106456.98330100000021048),Washington 1945,Belgrano,13,Los materiales deben estar lim,Papel / Cartón / Plástico / Metal / Vidrio
Point (99391.98689830000512302 106685.1013950000051409),Washington 2161,Belgrano,13,Los materiales deben estar lim,Papel / Cartón / Plástico / Metal / Vidrio
Point (99238.99286579999898095 106886.77255100000184029),Washington 2360,Belgrano,13,Los materiales deben estar lim,Papel / Cartón / Plástico / Metal / Vidrio
Point (100224.68211900000460446 106692.87612099999387283),Zapiola 1796,Belgrano,13,Los materiales deben estar lim,Papel / Cartón / Plástico / Metal / Vidrio
Point (100087.5083909999957541 106897.56741800000600051),Zapiola 1981,Belgrano,13,Los materiales deben estar lim,Papel / Cartón / Plástico / Metal / Vidrio
Point (99947.40763590000278782 107093.96415800000249874),Zapiola 2163,Belgrano,13,Los materiales deben estar lim,Papel / Cartón / Plástico / Metal / Vidrio
Point (99809.01120219999575056 107271.01680100000521634),Zapiola 2338,Belgrano,13,Los materiales deben estar lim,Papel / Cartón / Plástico / Metal / Vidrio
Point (99576.27055250000557862 107638.11626900000555906),Zapiola 2704,Belgrano,13,Los materiales deben estar lim,Papel / Cartón / Plástico / Metal / Vidrio
Point (109547.35795299999881536 99306.2643205000058515),Suarez 432,La Boca,4,Los materiales deben estar lim,Papel / Cartón / Plástico / Metal / Vidrio
Point (109154.15356999999494292 99114.73770959999819752),Suarez 722,La Boca,4,Los materiales deben estar lim,Papel / Cartón / Plástico / Metal / Vidrio
Point (108920.17496999999275431 99036.93582210000022314),Suarez 980,La Boca,4,Los materiales deben estar lim,Papel / Cartón / Plástico / Metal / Vidrio
Point (108751.15961499999684747 100485.89862399999401532),Paseo Colon Av.|1458|pr1742|,La Boca,4,Los materiales deben estar lim,Papel / Cartón / Plástico / Metal / Vidrio
Point (108531.81522800000675488 100001.61017099999298807),"Garcia, Martin Av.|378|pr3712",La Boca,4,Los materiales deben estar lim,Papel / Cartón / Plástico / Metal / Vidrio
Point (109210.74994199999491684 99606.17449479999777395),"Villafa?e, Wenceslao 541",La Boca,4,Los materiales deben estar lim,Papel / Cartón / Plástico / Metal / Vidrio
Point (109672.88289100000110921 99834.44328500000119675),"Villafa?e, Wenceslao 181",La Boca,4,Los materiales deben estar lim,Papel / Cartón / Plástico / Metal / Vidrio
Point (109100.93760799999290612 98275.80856340000173077),Alvar Nu?ez 335,La Boca,4,Los materiales deben estar lim,Papel / Cartón / Plástico / Metal / Vidrio
Point (109024.10116099999868311 98479.4622590999933891),Alvar Nu?ez 150,La Boca,4,Los materiales deben estar lim,Papel / Cartón / Plástico / Metal / Vidrio
Point (109299.24370900000212714 100028.4623390000051586),20 De Setiembre 230,La Boca,4,Los materiales deben estar lim,Papel / Cartón / Plástico / Metal / Vidrio
Point (109484.31439299999328796 100092.43593900000269059),"Blanes, Juan Manuel 131",La Boca,4,Los materiales deben estar lim,Papel / Cartón / Plástico / Metal / Vidrio
Point (108846.22263200000452343 99140.13071110000601038),Brandsen 1003,La Boca,4,Los materiales deben estar lim,Papel / Cartón / Plástico / Metal / Vidrio
Point (109557.06079699999827426 99434.23395320000417996),Brandsen 395,La Boca,4,Los materiales deben estar lim,Papel / Cartón / Plástico / Metal / Vidrio
Point (109177.94541899999603629 99247.46232510000118054),Brandsen 651,La Boca,4,Los materiales deben estar lim,Papel / Cartón / Plástico / Metal / Vidrio
Point (109899.22544999999809079 99286.86166660000162665),"Brin, Ministro 1383",La Boca,4,Los materiales deben estar lim,Papel / Cartón / Plástico / Metal / Vidrio
Point (109708.20356500000343658 99694.44954729999881238),"Brin, Ministro 921",La Boca,4,Los materiales deben estar lim,Papel / Cartón / Plástico / Metal / Vidrio
Point (109625.21501800000260118 99198.32265800000459421),"Brown, Alte. Av. 1335",La Boca,4,Los materiales deben estar lim,Papel / Cartón / Plástico / Metal / Vidrio
Point (109069.86579199999687262 99927.91015100000367966),"Brown, Alte. Av. 489",La Boca,4,Los materiales deben estar lim,Papel / Cartón / Plástico / Metal / Vidrio
Point (109297.33093199999711942 99746.47870130000228528),"Brown, Alte. Av. 739",La Boca,4,Los materiales deben estar lim,Papel / Cartón / Plástico / Metal / Vidrio
Point (109451.33228099999541882 99556.71751810000569094),"Brown, Alte. Av. 941",La Boca,4,Los materiales deben estar lim,Papel / Cartón / Plástico / Metal / Vidrio
Point (109312.62865199999941979 100261.7540889999945648),Caboto 250,La Boca,4,Los materiales deben estar lim,Papel / Cartón / Plástico / Metal / Vidrio
Point (109278.07665699999779463 98290.62389580000308342),California 890,La Boca,4,Los materiales deben estar lim,Papel / Cartón / Plástico / Metal / Vidrio
Point (108806.94639899999310728 98582.27301770000485703),Hernandarias 1434,La Boca,4,Los materiales deben estar lim,Papel / Cartón / Plástico / Metal / Vidrio
Point (108857.76850299999932759 98139.46680280000146013),Hernandarias 1862,La Boca,4,Los materiales deben estar lim,Papel / Cartón / Plástico / Metal / Vidrio
Point (108633.15878899999370333 99774.93314920000557322),Hernandarias 246,La Boca,4,Los materiales deben estar lim,Papel / Cartón / Plástico / Metal / Vidrio
Point (108669.52114700000674929 99617.43396979999670293),Hernandarias 408,La Boca,4,Los materiales deben estar lim,Papel / Cartón / Plástico / Metal / Vidrio
Point (108709.56749200000194833 99352.72007769999618176),Hernandarias 674,La Boca,4,Los materiales deben estar lim,Papel / Cartón / Plástico / Metal / Vidrio
Point (108683.46600400000170339 99893.08889889999409206),Irala 159,La Boca,4,Los materiales deben estar lim,Papel / Cartón / Plástico / Metal / Vidrio
Point (109020.10983600000326987 98795.32950360000540968),"Melo, Carlos F. 193",La Boca,4,Los materiales deben estar lim,Papel / Cartón / Plástico / Metal / Vidrio
Point (109084.54720899999665562 98653.41823359999398235),"Melo, Carlos F. 325",La Boca,4,Los materiales deben estar lim,Papel / Cartón / Plástico / Metal / Vidrio
Point (108941.21871800000371877 100226.25104600000486244),Necochea 190,La Boca,4,Los materiales deben estar lim,Papel / Cartón / Plástico / Metal / Vidrio
Point (109423.11884700000518933 99840.4364932000025874),Necochea 756,La Boca,4,Los materiales deben estar lim,Papel / Cartón / Plástico / Metal / Vidrio
Point (109542.89557599999534432 99719.91945960000157356),Necochea 862,La Boca,4,Los materiales deben estar lim,Papel / Cartón / Plástico / Metal / Vidrio
Point (108806.44870399999490473 98921.8021664999978384),Olavarria 1062,La Boca,4,Los materiales deben estar lim,Papel / Cartón / Plástico / Metal / Vidrio
Point (108803.76277400000253692 98400.23966089999885298),"Palacios, Alfredo L. 1219",La Boca,4,Los materiales deben estar lim,Papel / Cartón / Plástico / Metal / Vidrio
Point (109204.76485199999297038 99408.31123849999858066),Palos 362,La Boca,4,Los materiales deben estar lim,Papel / Cartón / Plástico / Metal / Vidrio
Point (109294.74436399999831337 99231.11729680000280496),Palos 560,La Boca,4,Los materiales deben estar lim,Papel / Cartón / Plástico / Metal / Vidrio
Point (109347.61489700000674929 99123.70559919999504928),Palos 690,La Boca,4,Los materiales deben estar lim,Papel / Cartón / Plástico / Metal / Vidrio
Point (108690.56765599999926053 98479.92968299999483861),"Quinquela Martin, Benito 1290",La Boca,4,Los materiales deben estar lim,Papel / Cartón / Plástico / Metal / Vidrio
Point (108502.83699399999750312 99767.43173909999313764),Regimiento De Patricios Av. 153,La Boca,4,Los materiales deben estar lim,Papel / Cartón / Plástico / Metal / Vidrio
Point (108557.89345400000456721 99250.16873999999370426),Regimiento De Patricios Av. 643,La Boca,4,Los materiales deben estar lim,Papel / Cartón / Plástico / Metal / Vidrio
Point (108579.38961399999971036 99081.36928109999280423),Regimiento De Patricios Av. 807,La Boca,4,Los materiales deben estar lim,Papel / Cartón / Plástico / Metal / Vidrio
Point (109514.20621000000392087 99094.33627080000587739),"Rodriguez, Martin 1081",La Boca,4,Los materiales deben estar lim,Papel / Cartón / Plástico / Metal / Vidrio
Point (109353.68300400000589434 99414.69904789999418426),"Rodriguez, Martin 725",La Boca,4,Los materiales deben estar lim,Papel / Cartón / Plástico / Metal / Vidrio
Point (108639.35678499999630731 98275.95169760000135284),"Salvadores, Cnel. 1325",La Boca,4,Los materiales deben estar lim,Papel / Cartón / Plástico / Metal / Vidrio
Point (109274.66476100000727456 98435.92661439999938011),"Salvadores, Cnel. 851",La Boca,4,Los materiales deben estar lim,Papel / Cartón / Plástico / Metal / Vidrio
Point (109201.64228800000273623 99074.69563499999640044),"Valle Iberlucea Del, Dr. 1061",La Boca,4,Los materiales deben estar lim,Papel / Cartón / Plástico / Metal / Vidrio
Point (109198.02367599999706727 99474.59786890000395942),"Valle, Aristobulo Del 590",La Boca,4,Los materiales deben estar lim,Papel / Cartón / Plástico / Metal / Vidrio
Point (109140.9366370000061579 99446.35404979999293573),"Valle, Aristobulo Del 626",La Boca,4,Los materiales deben estar lim,Papel / Cartón / Plástico / Metal / Vidrio
Point (103933.80916000000433996 100456.73824299999978393),Castro 1032,Boedo,5,Los materiales deben estar lim,Papel / Cartón / Plástico / Metal / Vidrio
Point (103985.18309000000590459 100178.42361800000071526),Castro 1212,Boedo,5,Los materiales deben estar lim,Papel / Cartón / Plástico / Metal / Vidrio
Point (104018.56820700000389479 100013.26594500000646804),Castro 1396,Boedo,5,Los materiales deben estar lim,Papel / Cartón / Plástico / Metal / Vidrio
Point (104052.86389300000155345 99807.04948800000420306),Castro 1534,Boedo,5,Los materiales deben estar lim,Papel / Cartón / Plástico / Metal / Vidrio
Point (104037.13308600000164006 99339.63461310000275262),Castro 1860,Boedo,5,Los materiales deben estar lim,Papel / Cartón / Plástico / Metal / Vidrio
Point (104065.61789199999475386 99070.38268850000167731),Castro 2126,Boedo,5,Los materiales deben estar lim,Papel / Cartón / Plástico / Metal / Vidrio
Point (103695.16937800000596326 99134.01050619999296032),Mu?iz 1906,Boedo,5,Los materiales deben estar lim,Papel / Cartón / Plástico / Metal / Vidrio
Point (103733.10657600000558887 98955.5657952000037767),Mu?iz 2088,Boedo,5,Los materiales deben estar lim,Papel / Cartón / Plástico / Metal / Vidrio
Point (103545.82236999999440741 99845.17342099999950733),Mu?iz 1458,Boedo,5,Los materiales deben estar lim,Papel / Cartón / Plástico / Metal / Vidrio
Point (103380.605517999996664 100716.57704099999682512),Mu?iz 758,Boedo,5,Los materiales deben estar lim,Papel / Cartón / Plástico / Metal / Vidrio
Point (104575.24624999999650754 100570.53376299999945331),Humberto 1? 3379,Boedo,5,Los materiales deben estar lim,Papel / Cartón / Plástico / Metal / Vidrio
Point (104438.05014999999548309 99283.14142600000195671),Alzaga 2044,Boedo,5,Los materiales deben estar lim,Papel / Cartón / Plástico / Metal / Vidrio
Point (104337.27402100000472274 100122.17661799999768846),Avda Boedo 1217,Boedo,5,Los materiales deben estar lim,Papel / Cartón / Plástico / Metal / Vidrio
Point (103971.30992699999478646 100517.23265099999844097),Avda Carlos Calvo 3881,Boedo,5,Los materiales deben estar lim,Papel / Cartón / Plástico / Metal / Vidrio
Point (103720.64187399999354966 100497.93846600000688341),Avda Carlos Calvo 4063,Boedo,5,Los materiales deben estar lim,Papel / Cartón / Plástico / Metal / Vidrio
Point (103497.92405800000415184 100480.322241000001668),Avda Carlos Calvo 4243,Boedo,5,Los materiales deben estar lim,Papel / Cartón / Plástico / Metal / Vidrio
Point (104701.30045199999585748 99382.88184349999937695),Avda Chiclana 3369,Boedo,5,Los materiales deben estar lim,Papel / Cartón / Plástico / Metal / Vidrio
Point (104431.60983000000123866 99181.7634808000002522),Avda Chiclana 3629,Boedo,5,Los materiales deben estar lim,Papel / Cartón / Plástico / Metal / Vidrio
Point (104593.52266800000506919 100959.43162899999879301),Avda Independencia 3345,Boedo,5,Los materiales deben estar lim,Papel / Cartón / Plástico / Metal / Vidrio
Point (104356.55291100000613369 100934.8322900000057416),Avda Independencia 3545,Boedo,5,Los materiales deben estar lim,Papel / Cartón / Plástico / Metal / Vidrio
Point (104115.33451400000194553 100913.06414600000425708),Avda Independencia 3719,Boedo,5,Los materiales deben estar lim,Papel / Cartón / Plástico / Metal / Vidrio
Point (103816.4091679999983171 100887.29698499999358319),Avda Independencia 3969,Boedo,5,Los materiales deben estar lim,Papel / Cartón / Plástico / Metal / Vidrio
Point (103568.57636999999522232 100862.19627299999410752),Avda Independencia 4141,Boedo,5,Los materiales deben estar lim,Papel / Cartón / Plástico / Metal / Vidrio
Point (103325.75001000000338536 100819.95690299999841955),Avda Independencia 4329,Boedo,5,Los materiales deben estar lim,Papel / Cartón / Plástico / Metal / Vidrio
Point (103419.48876100000052247 99932.95489920000545681),Avda La Plata 1248,Boedo,5,Los materiales deben estar lim,Papel / Cartón / Plástico / Metal / Vidrio
Point (103642.63443999999435619 98865.24464249999437016),Avda La Plata 2134,Boedo,5,Los materiales deben estar lim,Papel / Cartón / Plástico / Metal / Vidrio
Point (103250.78350400000636 100766.46924799999396782),Avda La Plata 611,Boedo,5,Los materiales deben estar lim,Papel / Cartón / Plástico / Metal / Vidrio
Point (103288.05920699999842327 100542.11944700000458397),Avda La Plata 751,Boedo,5,Los materiales deben estar lim,Papel / Cartón / Plástico / Metal / Vidrio
Point (104258.18953800000599585 99877.02836009999737144),Avda Pavon 3720,Boedo,5,Los materiales deben estar lim,Papel / Cartón / Plástico / Metal / Vidrio
Point (104114.28302899999835063 99876.23548869999649469),Avda Pavon 3861,Boedo,5,Los materiales deben estar lim,Papel / Cartón / Plástico / Metal / Vidrio
Point (103857.25249600000097416 99819.79621479999332223),Avda Pavon 4060,Boedo,5,Los materiales deben estar lim,Papel / Cartón / Plástico / Metal / Vidrio
Point (103591.46533000000636093 99788.73132010000699665),Avda Pavon 4271,Boedo,5,Los materiales deben estar lim,Papel / Cartón / Plástico / Metal / Vidrio
Point (104515.89529099999344908 100441.86697899999853689),Avda San Juan 3444,Boedo,5,Los materiales deben estar lim,Papel / Cartón / Plástico / Metal / Vidrio
Point (104214.44797300000209361 100395.60625100000470411),Avda San Juan 3684,Boedo,5,Los materiales deben estar lim,Papel / Cartón / Plástico / Metal / Vidrio
Point (104035.070638000004692 100363.60664100000576582),Avda San Juan 3826,Boedo,5,Los materiales deben estar lim,Papel / Cartón / Plástico / Metal / Vidrio
Point (103730.08380399999441579 100309.25922199999331497),Avda San Juan 4092,Boedo,5,Los materiales deben estar lim,Papel / Cartón / Plástico / Metal / Vidrio
Point (103524.44668599999567959 100272.54775599999993574),Avda San Juan 4256,Boedo,5,Los materiales deben estar lim,Papel / Cartón / Plástico / Metal / Vidrio
Point (103852.21808599999349099 100261.02082700000028126),"Bocayuva, Quintino 1148",Boedo,5,Los materiales deben estar lim,Papel / Cartón / Plástico / Metal / Vidrio
Point (103911.25323400000343099 99956.31334560000686906),"Bocayuva, Quintino 1410",Boedo,5,Los materiales deben estar lim,Papel / Cartón / Plástico / Metal / Vidrio
Point (103922.54190700000617653 99445.69463949999772012),"Bocayuva, Quintino 1778",Boedo,5,Los materiales deben estar lim,Papel / Cartón / Plástico / Metal / Vidrio
Point (103782.19436700000369456 100758.45425100000284147),"Bocayuva, Quintino 870",Boedo,5,Los materiales deben estar lim,Papel / Cartón / Plástico / Metal / Vidrio
Point (104336.25657800000044517 99855.03118910000193864),Boedo Av. 1421,Boedo,5,Los materiales deben estar lim,Papel / Cartón / Plástico / Metal / Vidrio
Point (104314.3599160000012489 99390.60451170000305865),Boedo Av. 1753,Boedo,5,Los materiales deben estar lim,Papel / Cartón / Plástico / Metal / Vidrio
Point (104322.88345599999593105 99023.47984099999302998),Boedo Av. 2029,Boedo,5,Los materiales deben estar lim,Papel / Cartón / Plástico / Metal / Vidrio
Point (104292.44694500000332482 100807.33297200000379235),Boedo Av. 777,Boedo,5,Los materiales deben estar lim,Papel / Cartón / Plástico / Metal / Vidrio
Point (104312.24417000000539701 100533.94386699999449775),Boedo Av. 919,Boedo,5,Los materiales deben estar lim,Papel / Cartón / Plástico / Metal / Vidrio
Point (104092.67364799999631941 100277.515824000001885),Castro Barros 1171,Boedo,5,Los materiales deben estar lim,Papel / Cartón / Plástico / Metal / Vidrio
Point (104150.49978300000657327 99976.83388679999916349),Castro Barros 1423,Boedo,5,Los materiales deben estar lim,Papel / Cartón / Plástico / Metal / Vidrio
Point (104170.99894299999868963 99460.54558000000542961),Castro Barros 1796,Boedo,5,Los materiales deben estar lim,Papel / Cartón / Plástico / Metal / Vidrio
Point (104160.96797500000684522 99206.07012570000370033),Castro Barros 2013,Boedo,5,Los materiales deben estar lim,Papel / Cartón / Plástico / Metal / Vidrio
Point (104044.9959110000054352 100560.94180400000186637),Castro Barros 981,Boedo,5,Los materiales deben estar lim,Papel / Cartón / Plástico / Metal / Vidrio
Point (104497.13180600000487175 100283.23772699999972247),Cochabamba 3475,Boedo,5,Los materiales deben estar lim,Papel / Cartón / Plástico / Metal / Vidrio
Point (104305.37501299999712501 100257.32864500000141561),Cochabamba 3619,Boedo,5,Los materiales deben estar lim,Papel / Cartón / Plástico / Metal / Vidrio
Point (103420.37420400000701193 100118.53625400000601076),Cochabamba 4383,Boedo,5,Los materiales deben estar lim,Papel / Cartón / Plástico / Metal / Vidrio
Point (104266.50129000000015367 100011.50709499999356922),Colombres 1310,Boedo,5,Los materiales deben estar lim,Papel / Cartón / Plástico / Metal / Vidrio
Point (104287.29573600000003353 99704.70076659999904223),Colombres 1540,Boedo,5,Los materiales deben estar lim,Papel / Cartón / Plástico / Metal / Vidrio
Point (104150.49360400000296067 100810.76214399999298621),Colombres 753,Boedo,5,Los materiales deben estar lim,Papel / Cartón / Plástico / Metal / Vidrio
Point (104417.71440399999846704 100154.32517399999778718),Constitucion 3542,Boedo,5,Los materiales deben estar lim,Papel / Cartón / Plástico / Metal / Vidrio
Point (103907.29366700000537094 100706.41522700000496116),Estados Unidos 3908,Boedo,5,Los materiales deben estar lim,Papel / Cartón / Plástico / Metal / Vidrio
Point (103390.67005800000333693 99858.9547450999962166),Estrada 16,Boedo,5,Los materiales deben estar lim,Papel / Cartón / Plástico / Metal / Vidrio
Point (104501.69335400000272784 99822.65941989999555517),"Garay, Juan De Av. 3479",Boedo,5,Los materiales deben estar lim,Papel / Cartón / Plástico / Metal / Vidrio
Point (104259.57925799999793526 99761.30859020000207238),"Garay, Juan De Av. 3719",Boedo,5,Los materiales deben estar lim,Papel / Cartón / Plástico / Metal / Vidrio
Point (103940.06549500000255648 99720.59437209999305196),"Garay, Juan De Av. 3997",Boedo,5,Los materiales deben estar lim,Papel / Cartón / Plástico / Metal / Vidrio
Point (103521.90088000000105239 99671.96180419999291189),"Garay, Juan De Av. 4353",Boedo,5,Los materiales deben estar lim,Papel / Cartón / Plástico / Metal / Vidrio
Point (104022.90706199999840464 99565.96063240000512451),Inclan 3904,Boedo,5,Los materiales deben estar lim,Papel / Cartón / Plástico / Metal / Vidrio
Point (103688.6138070000015432 99749.31200669999816455),Jose Marmol 1441,Boedo,5,Los materiales deben estar lim,Papel / Cartón / Plástico / Metal / Vidrio
Point (104141.64101599999412429 99076.45430870000564028),Juan Bautista Jantin 2126,Boedo,5,Los materiales deben estar lim,Papel / Cartón / Plástico / Metal / Vidrio
Point (104464.85899900000367779 99374.61399369999708142),Las Casas 3528,Boedo,5,Los materiales deben estar lim,Papel / Cartón / Plástico / Metal / Vidrio
Point (104255.14893500000471249 99321.77813099999912083),Las Casas 3651,Boedo,5,Los materiales deben estar lim,Papel / Cartón / Plástico / Metal / Vidrio
Point (104584.84133300000394229 100185.09921000000031199),Liniers Virrey 1400,Boedo,5,Los materiales deben estar lim,Papel / Cartón / Plástico / Metal / Vidrio
Point (104619.29003600000578444 99740.00777349999407306),Liniers Virrey 1774,Boedo,5,Los materiales deben estar lim,Papel / Cartón / Plástico / Metal / Vidrio
Point (104641.29075200000079349 99444.03015419999428559),Liniers Virrey 2004,Boedo,5,Los materiales deben estar lim,Papel / Cartón / Plástico / Metal / Vidrio
Point (103640.80039000000397209 100002.26101499999640509),"Marmol, Jose 1215",Boedo,5,Los materiales deben estar lim,Papel / Cartón / Plástico / Metal / Vidrio
Point (103717.71274400000402238 99608.55755209999915678),"Marmol, Jose 1551",Boedo,5,Los materiales deben estar lim,Papel / Cartón / Plástico / Metal / Vidrio
Point (103840.60023999999975786 99023.84574129999964498),"Marmol, Jose 2029",Boedo,5,Los materiales deben estar lim,Papel / Cartón / Plástico / Metal / Vidrio
Point (103574.71278899999742862 100349.31070699999690987),"Marmol, Jose 975",Boedo,5,Los materiales deben estar lim,Papel / Cartón / Plástico / Metal / Vidrio
Point (104456.33987599999818485 100561.41722099999606144),Maza 1056,Boedo,5,Los materiales deben estar lim,Papel / Cartón / Plástico / Metal / Vidrio
Point (104466.59345899999607354 100370.05719300000055227),Maza 1248,Boedo,5,Los materiales deben estar lim,Papel / Cartón / Plástico / Metal / Vidrio
Point (104475.83125899999868125 100028.05949100000725593),Maza 1510,Boedo,5,Los materiales deben estar lim,Papel / Cartón / Plástico / Metal / Vidrio
Point (104481.43317600000591483 99563.79034649999812245),Maza 1870,Boedo,5,Los materiales deben estar lim,Papel / Cartón / Plástico / Metal / Vidrio
Point (104564.75587599999562372 99144.33235890000651125),Maza 2196,Boedo,5,Los materiales deben estar lim,Papel / Cartón / Plástico / Metal / Vidrio
Point (104436.22055699999327771 100813.06286700000055134),Maza 876,Boedo,5,Los materiales deben estar lim,Papel / Cartón / Plástico / Metal / Vidrio
Point (104263.01846000000659842 99126.76163609999639448),Rondeau 3629,Boedo,5,Los materiales deben estar lim,Papel / Cartón / Plástico / Metal / Vidrio
Point (104667.12637100000574719 99570.12705710000591353),Salcedo 3355,Boedo,5,Los materiales deben estar lim,Papel / Cartón / Plástico / Metal / Vidrio
Point (103817.66971800000465009 99407.75657729999511503),Salcedo 4143,Boedo,5,Los materiales deben estar lim,Papel / Cartón / Plástico / Metal / Vidrio
Point (104225.21850800000538584 100651.5019109999993816),San Ignacio 3655,Boedo,5,Los materiales deben estar lim,Papel / Cartón / Plástico / Metal / Vidrio
Point (103655.78192300000227988 100295.75296800000069197),San Juan Av. 4144,Boedo,5,Los materiales deben estar lim,Papel / Cartón / Plástico / Metal / Vidrio
Point (103557.45119199999317061 99158.93836359999841079),Saraza 402,Boedo,5,Los materiales deben estar lim,Papel / Cartón / Plástico / Metal / Vidrio
Point (103737.77407499999389984 99939.81785049999598414),Tarija 4136,Boedo,5,Los materiales deben estar lim,Papel / Cartón / Plástico / Metal / Vidrio
Point (103743.13476299999456387 100117.40851500000280794),Treinta y Tres Orientales 1141,Boedo,5,Los materiales deben estar lim,Papel / Cartón / Plástico / Metal / Vidrio
Point (103813.44012100000691134 99719.92903090000618249),Treinta y Tres Orientales 1489,Boedo,5,Los materiales deben estar lim,Papel / Cartón / Plástico / Metal / Vidrio
Point (103892.95568199999979697 99243.75263689999701455),Treinta y Tres Orientales 1911,Boedo,5,Los materiales deben estar lim,Papel / Cartón / Plástico / Metal / Vidrio
Point (103954.61048200000368524 99030.07430540000495967),Treinta y Tres Orientales 2157,Boedo,5,Los materiales deben estar lim,Papel / Cartón / Plástico / Metal / Vidrio
Point (103659.66891300000133924 100579.89745600000605918),Treinta y Tres Orientales 853,Boedo,5,Los materiales deben estar lim,Papel / Cartón / Plástico / Metal / Vidrio
Point (103424.28281099999730941 99656.33528840000508353),Vernet Av. 21,Boedo,5,Los materiales deben estar lim,Papel / Cartón / Plástico / Metal / Vidrio
Point (104687.07134900000528432 99275.01992750000499655),Virrey Liniers 2162,Boedo,5,Los materiales deben estar lim,Papel / Cartón / Plástico / Metal / Vidrio
Point (104554.46274600000469945 100758.49348699999973178),Virrey Liniers 924,Boedo,5,Los materiales deben estar lim,Papel / Cartón / Plástico / Metal / Vidrio
Point (103613.17665199999464676 98893.33694199999445118),Zelarrayan 502,Boedo,5,Los materiales deben estar lim,Papel / Cartón / Plástico / Metal / Vidrio
Point (101053.67418800000450574 101992.29170200000226032),Espinosa 1045,Caballito,6,Los materiales deben estar lim,Papel / Cartón / Plástico / Metal / Vidrio
Point (100806.29478599999856669 102400.45727100000658538),Espinosa 1405,Caballito,6,Los materiales deben estar lim,Papel / Cartón / Plástico / Metal / Vidrio
Point (100374.50125800000387244 101601.24903000000631437),Franklin 1712,Caballito,6,Los materiales deben estar lim,Papel / Cartón / Plástico / Metal / Vidrio
Point (101918.43750400000135414 100450.22507600000244565),Valle 1048,Caballito,6,Los materiales deben estar lim,Papel / Cartón / Plástico / Metal / Vidrio
Point (103125.5548350000026403 100599.19247900000482332),Valle 114,Caballito,6,Los materiales deben estar lim,Papel / Cartón / Plástico / Metal / Vidrio
Point (101424.17686000000685453 100304.05077899999741931),Valle 1418,Caballito,6,Los materiales deben estar lim,Papel / Cartón / Plástico / Metal / Vidrio
Point (102876.18977199999790173 100558.64408100000582635),Valle 304,Caballito,6,Los materiales deben estar lim,Papel / Cartón / Plástico / Metal / Vidrio
Point (102370.07981399999698624 100503.71689599999808706),Valle 688,Caballito,6,Los materiales deben estar lim,Papel / Cartón / Plástico / Metal / Vidrio
Point (102165.6993229999934556 100479.21153299999423325),Valle 822,Caballito,6,Los materiales deben estar lim,Papel / Cartón / Plástico / Metal / Vidrio
Point (100861.98800500000652391 101624.01370500000484753),Nicasio Oro?o 848,Caballito,6,Los materiales deben estar lim,Papel / Cartón / Plástico / Metal / Vidrio
Point (100609.63556100000278093 101973.9493019999936223),Nicasio Oro?o 1190,Caballito,6,Los materiales deben estar lim,Papel / Cartón / Plástico / Metal / Vidrio
Point (100222.59560800000326708 102660.75532999999995809),"Oro?o, Nicasio 1840",Caballito,6,Los materiales deben estar lim,Papel / Cartón / Plástico / Metal / Vidrio
Point (102447.78373100000317208 102848.89523900000494905),"Frias ,eustaquio, Tte General 132",Caballito,6,Los materiales deben estar lim,Papel / Cartón / Plástico / Metal / Vidrio
Point (101826.15711899999587331 102568.37774999999965075),Olaya 1151,Caballito,6,Los materiales deben estar lim,Papel / Cartón / Plástico / Metal / Vidrio
Point (101498.11035400000400841 102412.53390399999625515),San Martin Av. 1220,Caballito,6,Los materiales deben estar lim,Papel / Cartón / Plástico / Metal / Vidrio
Point (101738.11965399999462534 102507.11634700000286102),"Virasoro, Valentin 1121",Caballito,6,Los materiales deben estar lim,Papel / Cartón / Plástico / Metal / Vidrio
Point (102131.70706600000266917 102402.07802499999525025),Acoyte 909,Caballito,6,Los materiales deben estar lim,Papel / Cartón / Plástico / Metal / Vidrio
Point (102341.50423000000591855 101576.9242859999940265),Acoyte Av. 264,Caballito,6,Los materiales deben estar lim,Papel / Cartón / Plástico / Metal / Vidrio
Point (102307.79329600000346545 101782.96736700000474229),Acoyte Av. 465,Caballito,6,Los materiales deben estar lim,Papel / Cartón / Plástico / Metal / Vidrio
Point (102253.80246799999440555 101926.19341199999325909),Acoyte Av. 587,Caballito,6,Los materiales deben estar lim,Papel / Cartón / Plástico / Metal / Vidrio
Point (102164.4455279999965569 102179.76604499999666587),Acoyte Av. 755,Caballito,6,Los materiales deben estar lim,Papel / Cartón / Plástico / Metal / Vidrio
Point (102403.4750110000022687 101329.95395100000314415),Acoyte Av. 90,Caballito,6,Los materiales deben estar lim,Papel / Cartón / Plástico / Metal / Vidrio
Point (101835.77388500000233762 100713.15123099999618717),"Alberdi, Juan Bautista Av. 1073",Caballito,6,Los materiales deben estar lim,Papel / Cartón / Plástico / Metal / Vidrio
Point (101723.20862200000556186 100645.53076100000180304),"Alberdi, Juan Bautista Av. 1175",Caballito,6,Los materiales deben estar lim,Papel / Cartón / Plástico / Metal / Vidrio
Point (101591.83327000000281259 100553.73805600000196137),"Alberdi, Juan Bautista Av. 1275",Caballito,6,Los materiales deben estar lim,Papel / Cartón / Plástico / Metal / Vidrio
Point (101487.2526720000023488 100484.53893399999651592),"Alberdi, Juan Bautista Av. 1367",Caballito,6,Los materiales deben estar lim,Papel / Cartón / Plástico / Metal / Vidrio
Point (101370.6463110000040615 100414.26179299999785144),"Alberdi, Juan Bautista Av. 1449",Caballito,6,Los materiales deben estar lim,Papel / Cartón / Plástico / Metal / Vidrio
Point (103063.28170300000056159 100770.09735700000601355),"Alberdi, Juan Bautista Av. 149",Caballito,6,Los materiales deben estar lim,Papel / Cartón / Plástico / Metal / Vidrio
Point (101244.01777200000651646 100338.6590719999949215),"Alberdi, Juan Bautista Av. 1537",Caballito,6,Los materiales deben estar lim,Papel / Cartón / Plástico / Metal / Vidrio
Point (101056.84949900000356138 100223.46117399999639019),"Alberdi, Juan Bautista Av. 1643",Caballito,6,Los materiales deben estar lim,Papel / Cartón / Plástico / Metal / Vidrio
Point (102947.05497100000502542 100748.1256089999951655),"Alberdi, Juan Bautista Av. 217",Caballito,6,Los materiales deben estar lim,Papel / Cartón / Plástico / Metal / Vidrio
Point (102699.66315300000132993 100708.95274100000096951),"Alberdi, Juan Bautista Av. 431",Caballito,6,Los materiales deben estar lim,Papel / Cartón / Plástico / Metal / Vidrio
Point (102578.56606399999873247 100693.10050800000317395),"Alberdi, Juan Bautista Av. 529",Caballito,6,Los materiales deben estar lim,Papel / Cartón / Plástico / Metal / Vidrio
Point (102421.31177299999399111 100677.59125100000528619),"Alberdi, Juan Bautista Av. 647",Caballito,6,Los materiales deben estar lim,Papel / Cartón / Plástico / Metal / Vidrio
Point (102304.77665200000046752 100687.00406799999473151),"Alberdi, Juan Bautista Av. 727",Caballito,6,Los materiales deben estar lim,Papel / Cartón / Plástico / Metal / Vidrio
Point (102134.13821900000039022 100706.81011500000022352),"Alberdi, Juan Bautista Av. 857",Caballito,6,Los materiales deben estar lim,Papel / Cartón / Plástico / Metal / Vidrio
Point (101966.70397699999739416 100721.89450100000249222),"Alberdi, Juan Bautista Av. 989",Caballito,6,Los materiales deben estar lim,Papel / Cartón / Plástico / Metal / Vidrio
Point (100588.37122000000090338 101108.5604929999972228),"Alvarez, Donato, Tte. Gral. 559",Caballito,6,Los materiales deben estar lim,Papel / Cartón / Plástico / Metal / Vidrio
Point (101323.27506099999300204 101350.90888000000268221),"Aranguren, Juan F., Dr. 1125",Caballito,6,Los materiales deben estar lim,Papel / Cartón / Plástico / Metal / Vidrio
Point (101082.5150839999987511 101239.18965499999467283),"Aranguren, Juan F., Dr. 1361",Caballito,6,Los materiales deben estar lim,Papel / Cartón / Plástico / Metal / Vidrio
Point (100834.6017299999948591 101124.14853799999400508),"Aranguren, Juan F., Dr. 1579",Caballito,6,Los materiales deben estar lim,Papel / Cartón / Plástico / Metal / Vidrio
Point (102675.65309399999387097 102033.26470600000175182),"Aranguren, Juan F., Dr. 219",Caballito,6,Los materiales deben estar lim,Papel / Cartón / Plástico / Metal / Vidrio
Point (102394.20931799999380019 101893.30927699999301694),"Aranguren, Juan F., Dr. 443",Caballito,6,Los materiales deben estar lim,Papel / Cartón / Plástico / Metal / Vidrio
Point (102928.77236899999843445 102159.09901700000045821),"Aranguren, Juan F., Dr. 45",Caballito,6,Los materiales deben estar lim,Papel / Cartón / Plástico / Metal / Vidrio
Point (102193.05950699999812059 101781.5866470000037225),"Aranguren, Juan F., Dr. 555",Caballito,6,Los materiales deben estar lim,Papel / Cartón / Plástico / Metal / Vidrio
Point (101845.55247999999846797 101609.79798200000368524),"Aranguren, Juan F., Dr. 761",Caballito,6,Los materiales deben estar lim,Papel / Cartón / Plástico / Metal / Vidrio
Point (102511.01188599999295548 101533.84584300000278745),"Araoz Alfaro, Gregorio, Dr 360",Caballito,6,Los materiales deben estar lim,Papel / Cartón / Plástico / Metal / Vidrio
Point (101326.5092140000051586 101778.00144799999543466),Arengreen 1190,Caballito,6,Los materiales deben estar lim,Papel / Cartón / Plástico / Metal / Vidrio
Point (101161.39036999999370892 101696.33639500000572298),Arengreen 1338,Caballito,6,Los materiales deben estar lim,Papel / Cartón / Plástico / Metal / Vidrio
Point (101674.28208800000720657 101954.41596600000048056),Arengreen 889,Caballito,6,Los materiales deben estar lim,Papel / Cartón / Plástico / Metal / Vidrio
Point (102534.8954680000024382 101052.92042399999627378),Avda Jose Maria Moreno 136,Caballito,6,Los materiales deben estar lim,Papel / Cartón / Plástico / Metal / Vidrio
Point (102613.0261259999970207 100786.07877900000312366),Avda Jose Maria Moreno 362,Caballito,6,Los materiales deben estar lim,Papel / Cartón / Plástico / Metal / Vidrio
Point (102627.34201999999640975 100620.69512400000530761),Avda Jose Maria Moreno 437,Caballito,6,Los materiales deben estar lim,Papel / Cartón / Plástico / Metal / Vidrio
Point (102643.64071799999510404 100603.28534499999659602),Avda Jose Maria Moreno 464,Caballito,6,Los materiales deben estar lim,Papel / Cartón / Plástico / Metal / Vidrio
Point (102477.1178479999944102 101157.90140899999823887),Avda Jose Maria Moreno 57,Caballito,6,Los materiales deben estar lim,Papel / Cartón / Plástico / Metal / Vidrio
Point (102678.93842299999960233 100305.04303699999582022),Avda Jose Maria Moreno 674,Caballito,6,Los materiales deben estar lim,Papel / Cartón / Plástico / Metal / Vidrio
Point (102674.15966000000480562 100251.99569100000371691),Avda Jose Maria Moreno 717,Caballito,6,Los materiales deben estar lim,Papel / Cartón / Plástico / Metal / Vidrio
Point (101564.96659700000600424 101309.16383700000005774),Avellaneda 1082,Caballito,6,Los materiales deben estar lim,Papel / Cartón / Plástico / Metal / Vidrio
Point (102544.45034199999645352 101783.27024100000562612),Avellaneda 372,Caballito,6,Los materiales deben estar lim,Papel / Cartón / Plástico / Metal / Vidrio
Point (102960.61936799999966752 101995.55695899999409448),Avellaneda 60,Caballito,6,Los materiales deben estar lim,Papel / Cartón / Plástico / Metal / Vidrio
Point (101366.42781599999580067 101233.55124699999578297),Avellaneda Av. 1220,Caballito,6,Los materiales deben estar lim,Papel / Cartón / Plástico / Metal / Vidrio
Point (100951.10269200000038836 101012.28902799999923445),Avellaneda Av. 1520,Caballito,6,Los materiales deben estar lim,Papel / Cartón / Plástico / Metal / Vidrio
Point (100797.88324300000385847 100942.93411600000399631),Avellaneda Av. 1666,Caballito,6,Los materiales deben estar lim,Papel / Cartón / Plástico / Metal / Vidrio
Point (102218.90727700000570621 101388.4757569999928819),Bacacay 625,Caballito,6,Los materiales deben estar lim,Papel / Cartón / Plástico / Metal / Vidrio
Point (102829.68126199999824166 100242.51870299999427516),Beauchef 834,Caballito,6,Los materiales deben estar lim,Papel / Cartón / Plástico / Metal / Vidrio
Point (100641.03493100000196137 102631.23274199999286793),"Belaustegui, Luis, Dr. 1104",Caballito,6,Los materiales deben estar lim,Papel / Cartón / Plástico / Metal / Vidrio
Point (100372.9909990000014659 102478.98841700000048149),"Belaustegui, Luis, Dr. 1368",Caballito,6,Los materiales deben estar lim,Papel / Cartón / Plástico / Metal / Vidrio
Point (100198.82652499999676365 102377.66627299999527168),"Belaustegui, Luis, Dr. 1516",Caballito,6,Los materiales deben estar lim,Papel / Cartón / Plástico / Metal / Vidrio
Point (100749.91399899999669287 101687.76318900000478607),"Biedma, Jose Juan 935",Caballito,6,Los materiales deben estar lim,Papel / Cartón / Plástico / Metal / Vidrio
Point (102437.05406700000457931 101671.8914610000065295),Bogota 347,Caballito,6,Los materiales deben estar lim,Papel / Cartón / Plástico / Metal / Vidrio
Point (101828.34784400000353344 101293.75585400000272784),Bogota 840,Caballito,6,Los materiales deben estar lim,Papel / Cartón / Plástico / Metal / Vidrio
Point (102036.31081599999743048 100170.36878900000010617),"Bonifacio, Jose 995",Caballito,6,Los materiales deben estar lim,Papel / Cartón / Plástico / Metal / Vidrio
Point (102673.91916099999798462 101708.22792600000684615),Campichuelo 263,Caballito,6,Los materiales deben estar lim,Papel / Cartón / Plástico / Metal / Vidrio
Point (102937.42968899999686982 102566.62707299999601673),Cangallo 33,Caballito,6,Los materiales deben estar lim,Papel / Cartón / Plástico / Metal / Vidrio
Point (102939.3909060000005411 101298.27452099999936763),Chaco 178,Caballito,6,Los materiales deben estar lim,Papel / Cartón / Plástico / Metal / Vidrio
Point (101405.58507299999473616 100541.60617699999420438),Coronel Ramon l Falcon 1376,Caballito,6,Los materiales deben estar lim,Papel / Cartón / Plástico / Metal / Vidrio
Point (101059.99509700000635348 100353.43253799999365583),Coronel Ramon l Falcon 1618,Caballito,6,Los materiales deben estar lim,Papel / Cartón / Plástico / Metal / Vidrio
Point (101018.99534599999606144 102503.86852200000430457),Cucha Cucha 1380,Caballito,6,Los materiales deben estar lim,Papel / Cartón / Plástico / Metal / Vidrio
Point (102083.99226499999349471 100363.05177900000126101),Del Barco Centenera 573,Caballito,6,Los materiales deben estar lim,Papel / Cartón / Plástico / Metal / Vidrio
Point (102068.47951000000466593 100246.42666399999870919),Del Barco Centenera 649,Caballito,6,Los materiales deben estar lim,Papel / Cartón / Plástico / Metal / Vidrio
Point (102851.01268099999288097 102267.65685600000142585),Diaz Velez Av. 4646,Caballito,6,Los materiales deben estar lim,Papel / Cartón / Plástico / Metal / Vidrio
Point (102591.26416299999982584 102267.49651100000482984),Diaz Velez Av. 4830,Caballito,6,Los materiales deben estar lim,Papel / Cartón / Plástico / Metal / Vidrio
Point (102348.20240500000363681 102262.26899199999752454),Diaz Velez Av. 5020,Caballito,6,Los materiales deben estar lim,Papel / Cartón / Plástico / Metal / Vidrio
Point (102078.52676700000301935 102261.5334419999999227),Diaz Velez Av. 5242,Caballito,6,Los materiales deben estar lim,Papel / Cartón / Plástico / Metal / Vidrio
Point (101971.30896500000380911 102311.68519299999752548),Diaz Velez Av. 5312,Caballito,6,Los materiales deben estar lim,Papel / Cartón / Plástico / Metal / Vidrio
Point (101837.98972800000046846 102338.68981700000585988),Diaz Velez Av. 5484,Caballito,6,Los materiales deben estar lim,Papel / Cartón / Plástico / Metal / Vidrio
Point (101699.39650800000526942 102363.43593300000065938),Diaz Velez Av. 5570,Caballito,6,Los materiales deben estar lim,Papel / Cartón / Plástico / Metal / Vidrio
Point (102958.14569999999366701 101806.67894699999305885),Eduardo Acevedo 253,Caballito,6,Los materiales deben estar lim,Papel / Cartón / Plástico / Metal / Vidrio
Point (101841.81855100000393577 100335.37617899999895599),Emilio Mitre 366,Caballito,6,Los materiales deben estar lim,Papel / Cartón / Plástico / Metal / Vidrio
Point (102829.86934600000677165 102025.46962200000416487),Escribano 123,Caballito,6,Los materiales deben estar lim,Papel / Cartón / Plástico / Metal / Vidrio
Point (101156.53123900000355206 101785.42549199999484699),Espinosa 853,Caballito,6,Los materiales deben estar lim,Papel / Cartón / Plástico / Metal / Vidrio
Point (102859.67614500000490807 102399.65065399999730289),Estivao 133,Caballito,6,Los materiales deben estar lim,Papel / Cartón / Plástico / Metal / Vidrio
Point (102134.41617399999813642 102027.17004199999792036),Felipe Vallese 437,Caballito,6,Los materiales deben estar lim,Papel / Cartón / Plástico / Metal / Vidrio
Point (101757.31097000000590924 101851.5692680000065593),Felipe Vallese 761,Caballito,6,Los materiales deben estar lim,Papel / Cartón / Plástico / Metal / Vidrio
Point (100956.8447020000021439 102208.46330200000375044),"Figueroa, D. Apolinario, Coronel 1084",Caballito,6,Los materiales deben estar lim,Papel / Cartón / Plástico / Metal / Vidrio
Point (100770.89759300000150688 102082.4761830000061309),"Figueroa, D. Apolinario, Coronel 1242",Caballito,6,Los materiales deben estar lim,Papel / Cartón / Plástico / Metal / Vidrio
Point (101178.66655999999784399 102391.09346699999878183),"Figueroa, D. Apolinario, Coronel 856",Caballito,6,Los materiales deben estar lim,Papel / Cartón / Plástico / Metal / Vidrio
Point (102805.35115600000426639 101646.34825999999884516),"Flores, Venancio, Gral. 126",Caballito,6,Los materiales deben estar lim,Papel / Cartón / Plástico / Metal / Vidrio
Point (102893.57613400000263937 100913.13842299999669194),Formosa 238,Caballito,6,Los materiales deben estar lim,Papel / Cartón / Plástico / Metal / Vidrio
Point (102404.99079199999687262 100796.03772100000060163),Formosa 629,Caballito,6,Los materiales deben estar lim,Papel / Cartón / Plástico / Metal / Vidrio
Point (100533.09600000000500586 102360.97010299999965355),Fragata Pres. Sarmiento 1471,Caballito,6,Los materiales deben estar lim,Papel / Cartón / Plástico / Metal / Vidrio
Point (100379.80387899999914225 102624.21771300000546034),Fragata Pres. Sarmiento 1681,Caballito,6,Los materiales deben estar lim,Papel / Cartón / Plástico / Metal / Vidrio
Point (101381.81886699999449775 100684.66965100000379607),Fragata Pres. Sarmiento 20,Caballito,6,Los materiales deben estar lim,Papel / Cartón / Plástico / Metal / Vidrio
Point (101000.71181300000171177 101567.73267399999895133),Fragata Pres. Sarmiento 771,Caballito,6,Los materiales deben estar lim,Papel / Cartón / Plástico / Metal / Vidrio
Point (101353.14477300000726245 102069.58259299999917857),Franklin 1024,Caballito,6,Los materiales deben estar lim,Papel / Cartón / Plástico / Metal / Vidrio
Point (101163.37640799999644514 101979.21745500000542961),Franklin 1130,Caballito,6,Los materiales deben estar lim,Papel / Cartón / Plástico / Metal / Vidrio
Point (100934.02453799999784678 101867.01224500000535045),Franklin 1310,Caballito,6,Los materiales deben estar lim,Papel / Cartón / Plástico / Metal / Vidrio
Point (100825.69410500000230968 101812.70363699999870732),Franklin 1408,Caballito,6,Los materiales deben estar lim,Papel / Cartón / Plástico / Metal / Vidrio
Point (101632.80911499999638181 102199.80429800000274554),Franklin 856,Caballito,6,Los materiales deben estar lim,Papel / Cartón / Plástico / Metal / Vidrio
Point (101530.03383800000301562 102212.96476899999834131),"Gainza, Martin De, Gral. 1040",Caballito,6,Los materiales deben estar lim,Papel / Cartón / Plástico / Metal / Vidrio
Point (101523.85771300000487827 101550.6892809999990277),"Gainza, Martin De, Gral. 588",Caballito,6,Los materiales deben estar lim,Papel / Cartón / Plástico / Metal / Vidrio
Point (101534.74664199999824632 101787.85758300000452437),"Gainza, Martin De, Gral. 716",Caballito,6,Los materiales deben estar lim,Papel / Cartón / Plástico / Metal / Vidrio
Point (101526.75191900000208989 102078.94693099999858532),"Gainza, Martin De, Gral. 934",Caballito,6,Los materiales deben estar lim,Papel / Cartón / Plástico / Metal / Vidrio
Point (100881.84481700000469573 102433.52554000000236556),Galicia 1026,Caballito,6,Los materiales deben estar lim,Papel / Cartón / Plástico / Metal / Vidrio
Point (100689.39588399999774992 102307.63581999999587424),Galicia 1202,Caballito,6,Los materiales deben estar lim,Papel / Cartón / Plástico / Metal / Vidrio
Point (100517.93255599999974947 102211.08774400000402238),Galicia 1370,Caballito,6,Los materiales deben estar lim,Papel / Cartón / Plástico / Metal / Vidrio
Point (100341.87002400000346825 102116.26383900000655558),Galicia 1550,Caballito,6,Los materiales deben estar lim,Papel / Cartón / Plástico / Metal / Vidrio
Point (101364.03631300000415649 102305.02808099999674596),Gaona Av. 1345,Caballito,6,Los materiales deben estar lim,Papel / Cartón / Plástico / Metal / Vidrio
Point (101172.62180700000317302 102179.55225700000301003),Gaona Av. 1547,Caballito,6,Los materiales deben estar lim,Papel / Cartón / Plástico / Metal / Vidrio
Point (100948.84662399999797344 102033.5106789999990724),Gaona Av. 1747,Caballito,6,Los materiales deben estar lim,Papel / Cartón / Plástico / Metal / Vidrio
Point (100724.66831700000329874 101899.73411000000487547),Gaona Av. 1951,Caballito,6,Los materiales deben estar lim,Papel / Cartón / Plástico / Metal / Vidrio
Point (100606.51634400000330061 101840.42869400000199676),Gaona Av. 2067,Caballito,6,Los materiales deben estar lim,Papel / Cartón / Plástico / Metal / Vidrio
Point (101652.72161500000220258 101186.49569100000371691),"Garcia Lorca, Federico 287",Caballito,6,Los materiales deben estar lim,Papel / Cartón / Plástico / Metal / Vidrio
Point (101968.03057800000533462 100287.18775399999867659),"Goyena, Pedro Av. 1024",Caballito,6,Los materiales deben estar lim,Papel / Cartón / Plástico / Metal / Vidrio
Point (101801.36419900000328198 100260.3221579999953974),"Goyena, Pedro Av. 1120",Caballito,6,Los materiales deben estar lim,Papel / Cartón / Plástico / Metal / Vidrio
Point (103132.13243800000054762 100445.09552299999631941),"Goyena, Pedro Av. 135",Caballito,6,Los materiales deben estar lim,Papel / Cartón / Plástico / Metal / Vidrio
Point (101548.73029300000052899 100222.30853999999817461),"Goyena, Pedro Av. 1353",Caballito,6,Los materiales deben estar lim,Papel / Cartón / Plástico / Metal / Vidrio
Point (101427.05732000000716653 100173.15510099999664817),"Goyena, Pedro Av. 1460",Caballito,6,Los materiales deben estar lim,Papel / Cartón / Plástico / Metal / Vidrio
Point (101303.08104799999273382 100160.55046300000685733),"Goyena, Pedro Av. 1533",Caballito,6,Los materiales deben estar lim,Papel / Cartón / Plástico / Metal / Vidrio
Point (101211.63133099999686237 100122.0017809999990277),"Goyena, Pedro Av. 1590",Caballito,6,Los materiales deben estar lim,Papel / Cartón / Plástico / Metal / Vidrio
Point (101103.55424500000663102 100097.73288799999863841),"Goyena, Pedro Av. 1642",Caballito,6,Los materiales deben estar lim,Papel / Cartón / Plástico / Metal / Vidrio
Point (103006.04642699999385513 100411.29826599999796599),"Goyena, Pedro Av. 234",Caballito,6,Los materiales deben estar lim,Papel / Cartón / Plástico / Metal / Vidrio
Point (103249.35997999999381136 100459.41457100000116043),"Goyena, Pedro Av. 33",Caballito,6,Los materiales deben estar lim,Papel / Cartón / Plástico / Metal / Vidrio
Point (102849.60878300000331365 100409.21453500000643544),"Goyena, Pedro Av. 369",Caballito,6,Los materiales deben estar lim,Papel / Cartón / Plástico / Metal / Vidrio
Point (102775.91600300000573043 100381.97948900000483263),"Goyena, Pedro Av. 410",Caballito,6,Los materiales deben estar lim,Papel / Cartón / Plástico / Metal / Vidrio
Point (102554.74219699999957811 100359.79950199999439064),"Goyena, Pedro Av. 560",Caballito,6,Los materiales deben estar lim,Papel / Cartón / Plástico / Metal / Vidrio
Point (102409.79479499999433756 100366.99741399999766145),"Goyena, Pedro Av. 659",Caballito,6,Los materiales deben estar lim,Papel / Cartón / Plástico / Metal / Vidrio
Point (102304.83787400000437628 100337.67207600000256207),"Goyena, Pedro Av. 728",Caballito,6,Los materiales deben estar lim,Papel / Cartón / Plástico / Metal / Vidrio
Point (102158.54612699999415781 100333.82391300000017509),"Goyena, Pedro Av. 841",Caballito,6,Los materiales deben estar lim,Papel / Cartón / Plástico / Metal / Vidrio
Point (102811.27179300000716466 101033.0019319999992149),Guayaquil 291,Caballito,6,Los materiales deben estar lim,Papel / Cartón / Plástico / Metal / Vidrio
Point (102373.17029799999727402 100885.08676599999307655),Guayaquil 630,Caballito,6,Los materiales deben estar lim,Papel / Cartón / Plástico / Metal / Vidrio
Point (103106.53851100000611041 101079.78141199999663513),Guayaquil 77,Caballito,6,Los materiales deben estar lim,Papel / Cartón / Plástico / Metal / Vidrio
Point (102113.2028299999947194 100816.8438940000050934),Guayaquil 864,Caballito,6,Los materiales deben estar lim,Papel / Cartón / Plástico / Metal / Vidrio
Point (102197.98142799999914132 101535.26388399999996182),Hidalgo 334,Caballito,6,Los materiales deben estar lim,Papel / Cartón / Plástico / Metal / Vidrio
Point (102025.5268660000001546 102135.70575999999709893),Hidalgo 806,Caballito,6,Los materiales deben estar lim,Papel / Cartón / Plástico / Metal / Vidrio
Point (101569.47233800000685733 100395.77644499999587424),Hortiguera 287,Caballito,6,Los materiales deben estar lim,Papel / Cartón / Plástico / Metal / Vidrio
Point (101488.61362600000575185 100628.6716489999962505),Hortiguera 51,Caballito,6,Los materiales deben estar lim,Papel / Cartón / Plástico / Metal / Vidrio
Point (101755.23545999999623746 100581.0563490000058664),Hualfin 1149,Caballito,6,Los materiales deben estar lim,Papel / Cartón / Plástico / Metal / Vidrio
Point (102045.42760700000508223 100605.62981800000125077),Hualfin 909,Caballito,6,Los materiales deben estar lim,Papel / Cartón / Plástico / Metal / Vidrio
Point (102489.90393499999481719 102077.75167699999292381),"Jauretche, Arturo 222",Caballito,6,Los materiales deben estar lim,Papel / Cartón / Plástico / Metal / Vidrio
Point (102732.57391399999323767 102200.30752699999720789),"Jauretche, Arturo 26",Caballito,6,Los materiales deben estar lim,Papel / Cartón / Plástico / Metal / Vidrio
Point (101727.83264900000358466 100115.12151199999789242),Jose Bonifacio 1239,Caballito,6,Los materiales deben estar lim,Papel / Cartón / Plástico / Metal / Vidrio
Point (101292.85848100000293925 100033.00323800000478514),Jose Bonifacio 1555,Caballito,6,Los materiales deben estar lim,Papel / Cartón / Plástico / Metal / Vidrio
Point (102967.41685799999686424 100334.69065200000477489),Jose Bonifacio 275,Caballito,6,Los materiales deben estar lim,Papel / Cartón / Plástico / Metal / Vidrio
Point (102604.11151600000448525 100269.05199000000720844),Jose Bonifacio 547,Caballito,6,Los materiales deben estar lim,Papel / Cartón / Plástico / Metal / Vidrio
Point (102257.11657499999273568 100207.47856800000590738),Jose Bonifacio 795,Caballito,6,Los materiales deben estar lim,Papel / Cartón / Plástico / Metal / Vidrio
Point (100852.2929980000044452 101350.89727699999639299),Jose Juan Biedma 631,Caballito,6,Los materiales deben estar lim,Papel / Cartón / Plástico / Metal / Vidrio
Point (102604.53639700000348967 102792.31943499999761116),Juana De Ibarbourou 1040,Caballito,6,Los materiales deben estar lim,Papel / Cartón / Plástico / Metal / Vidrio
Point (101873.97369699999399018 100205.06345600000349805),La Nave 1085,Caballito,6,Los materiales deben estar lim,Papel / Cartón / Plástico / Metal / Vidrio
Point (100612.77510100000654347 102163.71371700000599958),Luis Viale 1311,Caballito,6,Los materiales deben estar lim,Papel / Cartón / Plástico / Metal / Vidrio
Point (102064.77243199999793433 102520.71312899999611545),"Machado, Antonio 642",Caballito,6,Los materiales deben estar lim,Papel / Cartón / Plástico / Metal / Vidrio
Point (102761.4580699999933131 102770.90300099999876693),"Machado, Antonio 97",Caballito,6,Los materiales deben estar lim,Papel / Cartón / Plástico / Metal / Vidrio
Point (102305.22178999999596272 102447.20334300000104122),"Marechal, Leopoldo 944",Caballito,6,Los materiales deben estar lim,Papel / Cartón / Plástico / Metal / Vidrio
Point (101034.54327999999804888 101361.37145099999906961),Mendez De Andes 1240,Caballito,6,Los materiales deben estar lim,Papel / Cartón / Plástico / Metal / Vidrio
Point (100794.64768900000490248 101273.92675100000633392),Mendez De Andes 1466,Caballito,6,Los materiales deben estar lim,Papel / Cartón / Plástico / Metal / Vidrio
Point (101883.84929300000658259 101744.74576499999966472),Mendez De Andes 634,Caballito,6,Los materiales deben estar lim,Papel / Cartón / Plástico / Metal / Vidrio
Point (101363.67774299999291543 101506.74930999999924097),Mendez De Andes 924,Caballito,6,Los materiales deben estar lim,Papel / Cartón / Plástico / Metal / Vidrio
Point (101245.97558399999979883 100515.00757400000293273),Miro 45,Caballito,6,Los materiales deben estar lim,Papel / Cartón / Plástico / Metal / Vidrio
Point (101829.93568999999843072 100537.06254899999476038),"Mitre, Emilio 228",Caballito,6,Los materiales deben estar lim,Papel / Cartón / Plástico / Metal / Vidrio
Point (100791.51048399999854155 100835.14104299999598879),Morelos 324,Caballito,6,Los materiales deben estar lim,Papel / Cartón / Plástico / Metal / Vidrio
Point (100682.10580799999297597 101130.49322400000528432),Morelos 542,Caballito,6,Los materiales deben estar lim,Papel / Cartón / Plástico / Metal / Vidrio
Point (102576.49094200000399724 100920.55409200000576675),"Moreno, Jose Maria Av. 274",Caballito,6,Los materiales deben estar lim,Papel / Cartón / Plástico / Metal / Vidrio
Point (101491.14264799999364186 101481.23970000000554137),Neuquen 1009,Caballito,6,Los materiales deben estar lim,Papel / Cartón / Plástico / Metal / Vidrio
Point (101170.99513399999705143 101491.88322600000537932),Neuquen 1214,Caballito,6,Los materiales deben estar lim,Papel / Cartón / Plástico / Metal / Vidrio
Point (100893.17162500000267755 101502.00861699999950361),Neuquen 1420,Caballito,6,Los materiales deben estar lim,Papel / Cartón / Plástico / Metal / Vidrio
Point (100646.46473599999444559 101492.61005099999601953),Neuquen 1608,Caballito,6,Los materiales deben estar lim,Papel / Cartón / Plástico / Metal / Vidrio
Point (101987.74464099999750033 101471.54664000000047963),Neuquen 744,Caballito,6,Los materiales deben estar lim,Papel / Cartón / Plástico / Metal / Vidrio
Point (101711.2395470000046771 101481.54706899999291636),Neuquen 875,Caballito,6,Los materiales deben estar lim,Papel / Cartón / Plástico / Metal / Vidrio
Point (101879.42564600000332575 102437.68193999999493826),Olaya 1056,Caballito,6,Los materiales deben estar lim,Papel / Cartón / Plástico / Metal / Vidrio
Point (102773.78399500000523403 101859.66424100000585895),Otamendi 366,Caballito,6,Los materiales deben estar lim,Papel / Cartón / Plástico / Metal / Vidrio
Point (102881.89957900000445079 101504.44876299999305047),Otamendi 48,Caballito,6,Los materiales deben estar lim,Papel / Cartón / Plástico / Metal / Vidrio
Point (101041.1938640000007581 101704.52166499999293592),Paysandu 840,Caballito,6,Los materiales deben estar lim,Papel / Cartón / Plástico / Metal / Vidrio
Point (101298.96967999999469612 101918.20385700000042561),Planes 1119,Caballito,6,Los materiales deben estar lim,Papel / Cartón / Plástico / Metal / Vidrio
Point (100970.14220400000340305 101756.65370199999597389),Planes 1327,Caballito,6,Los materiales deben estar lim,Papel / Cartón / Plástico / Metal / Vidrio
Point (101710.41537299999617971 102107.44546899999841116),Planes 845,Caballito,6,Los materiales deben estar lim,Papel / Cartón / Plástico / Metal / Vidrio
Point (101563.81636599999910686 100004.16037300000607502),Puan 560,Caballito,6,Los materiales deben estar lim,Papel / Cartón / Plástico / Metal / Vidrio
Point (101680.53695999999763444 102294.66177399999287445),"Pueyrredon, Honorio, Dr. Av. 1046",Caballito,6,Los materiales deben estar lim,Papel / Cartón / Plástico / Metal / Vidrio
Point (102053.55561100000340957 101621.16560300000128336),"Pueyrredon, Honorio, Dr. Av. 414",Caballito,6,Los materiales deben estar lim,Papel / Cartón / Plástico / Metal / Vidrio
Point (102052.23668200000247452 101740.32589500000176486),"Pueyrredon, Honorio, Dr. Av. 527",Caballito,6,Los materiales deben estar lim,Papel / Cartón / Plástico / Metal / Vidrio
Point (101968.87577199999941513 101831.24964900000486523),"Pueyrredon, Honorio, Dr. Av. 620",Caballito,6,Los materiales deben estar lim,Papel / Cartón / Plástico / Metal / Vidrio
Point (101918.160489999994752 101991.11678199999732897),"Pueyrredon, Honorio, Dr. Av. 741",Caballito,6,Los materiales deben estar lim,Papel / Cartón / Plástico / Metal / Vidrio
Point (101823.6048060000030091 102068.46585999999660999),"Pueyrredon, Honorio, Dr. Av. 832",Caballito,6,Los materiales deben estar lim,Papel / Cartón / Plástico / Metal / Vidrio
Point (101769.43888099999458063 102226.24769899999955669),"Pueyrredon, Honorio, Dr. Av. 977",Caballito,6,Los materiales deben estar lim,Papel / Cartón / Plástico / Metal / Vidrio
Point (100997.03841399999510031 102365.88651500000560191),Pujol 1275,Caballito,6,Los materiales deben estar lim,Papel / Cartón / Plástico / Metal / Vidrio
Point (100796.33129099999496248 102599.16312599999946542),Pujol 1502,Caballito,6,Los materiales deben estar lim,Papel / Cartón / Plástico / Metal / Vidrio
Point (101585.69368500000564381 101730.73712099999829661),"Repetto, Nicolas, Dr. 687",Caballito,6,Los materiales deben estar lim,Papel / Cartón / Plástico / Metal / Vidrio
Point (101848.59841200000664685 100999.55063699999300297),"Repetto, Nicolas, Dr. 75",Caballito,6,Los materiales deben estar lim,Papel / Cartón / Plástico / Metal / Vidrio
Point (101500.11112499999580905 101891.93721499999810476),"Repetto, Nicolas, Dr. 817",Caballito,6,Los materiales deben estar lim,Papel / Cartón / Plástico / Metal / Vidrio
Point (102388.04708999999274965 101005.88343000000168104),Riglos 135,Caballito,6,Los materiales deben estar lim,Papel / Cartón / Plástico / Metal / Vidrio
Point (103014.44212700000207406 101523.24269400000048336),Rivadavia Av. 4623,Caballito,6,Los materiales deben estar lim,Papel / Cartón / Plástico / Metal / Vidrio
Point (102819.92563699999300297 101419.40113100000598934),Rivadavia Av. 4785,Caballito,6,Los materiales deben estar lim,Papel / Cartón / Plástico / Metal / Vidrio
Point (102313.07255899999290705 101146.93210700000054203),Rivadavia Av. 5129,Caballito,6,Los materiales deben estar lim,Papel / Cartón / Plástico / Metal / Vidrio
Point (102073.24241299999994226 101017.92924300000595395),Rivadavia Av. 5337,Caballito,6,Los materiales deben estar lim,Papel / Cartón / Plástico / Metal / Vidrio
Point (101715.90633600000001024 100831.88269100000616163),Rivadavia Av. 5611,Caballito,6,Los materiales deben estar lim,Papel / Cartón / Plástico / Metal / Vidrio
Point (101517.61638700000185054 100733.16585299999860581),Rivadavia Av. 5779,Caballito,6,Los materiales deben estar lim,Papel / Cartón / Plástico / Metal / Vidrio
Point (101055.62287999999534804 100510.87630899999930989),Rivadavia Av. 6095,Caballito,6,Los materiales deben estar lim,Papel / Cartón / Plástico / Metal / Vidrio
Point (101735.35651300000608899 101722.50680000000284053),Rojas 628,Caballito,6,Los materiales deben estar lim,Papel / Cartón / Plástico / Metal / Vidrio
Point (101590.21905699999479111 102105.87211399999796413),Rojas 936,Caballito,6,Los materiales deben estar lim,Papel / Cartón / Plástico / Metal / Vidrio
Point (102295.26968199999828357 100875.65714500000467524),San Jose De Calasanz 196,Caballito,6,Los materiales deben estar lim,Papel / Cartón / Plástico / Metal / Vidrio
Point (102389.79562699999951292 100147.95433900000352878),San Jose De Calasanz 760,Caballito,6,Los materiales deben estar lim,Papel / Cartón / Plástico / Metal / Vidrio
Point (100439.90371199999935925 102038.21154499999829568),"Segui, F. J., Alte. 1295",Caballito,6,Los materiales deben estar lim,Papel / Cartón / Plástico / Metal / Vidrio
Point (100320.69406799999705981 102240.34613900000113063),"Segui, F. J., Alte. 1465",Caballito,6,Los materiales deben estar lim,Papel / Cartón / Plástico / Metal / Vidrio
Point (100195.27589800000714604 102465.70616400000290014),"Segui, F. J., Alte. 1659",Caballito,6,Los materiales deben estar lim,Papel / Cartón / Plástico / Metal / Vidrio
Point (103057.95163599999796133 101161.83251999999629334),Senillosa 211,Caballito,6,Los materiales deben estar lim,Papel / Cartón / Plástico / Metal / Vidrio
Point (103102.74935699999332428 100891.51241700000537094),Senillosa 425,Caballito,6,Los materiales deben estar lim,Papel / Cartón / Plástico / Metal / Vidrio
Point (103201.66528699999616947 100313.7399779999977909),Senillosa 843,Caballito,6,Los materiales deben estar lim,Papel / Cartón / Plástico / Metal / Vidrio
Point (103079.38788300000305753 101357.2229079999960959),Senillosa 93,Caballito,6,Los materiales deben estar lim,Papel / Cartón / Plástico / Metal / Vidrio
Point (100631.89788000000407919 102483.48163599999679718),Tres Arroyos 1187,Caballito,6,Los materiales deben estar lim,Papel / Cartón / Plástico / Metal / Vidrio
Point (100355.26446299999952316 102317.38179899999522604),Tres Arroyos 1442,Caballito,6,Los materiales deben estar lim,Papel / Cartón / Plástico / Metal / Vidrio
Point (100165.07223000000522006 102204.25988899999356363),Tres Arroyos 1689,Caballito,6,Los materiales deben estar lim,Papel / Cartón / Plástico / Metal / Vidrio
Point (101919.76913800000329502 102162.62124399999447633),Valentin Virasoro 887,Caballito,6,Los materiales deben estar lim,Papel / Cartón / Plástico / Metal / Vidrio
Point (100631.59464700000535231 101359.88938900000357535),"Vallese, Felipe 1589",Caballito,6,Los materiales deben estar lim,Papel / Cartón / Plástico / Metal / Vidrio
Point (101378.29310399999667425 101674.47517900000093505),"Vallese, Felipe 989",Caballito,6,Los materiales deben estar lim,Papel / Cartón / Plástico / Metal / Vidrio
Point (100775.13235800000256859 102248.46260199999960605),"Viale, Luis 1181",Caballito,6,Los materiales deben estar lim,Papel / Cartón / Plástico / Metal / Vidrio
Point (101724.24798699999519158 100400.04139499999291729),Victor Martinez 314,Caballito,6,Los materiales deben estar lim,Papel / Cartón / Plástico / Metal / Vidrio
Point (102750.3613820000027772 101104.67744200000015553),Viel 221,Caballito,6,Los materiales deben estar lim,Papel / Cartón / Plástico / Metal / Vidrio
Point (101492.00391600000148173 100873.14750300000014249),Yerbal 1185,Caballito,6,Los materiales deben estar lim,Papel / Cartón / Plástico / Metal / Vidrio
Point (101160.04600299999583513 100702.69536300000618212),Yerbal 1451,Caballito,6,Los materiales deben estar lim,Papel / Cartón / Plástico / Metal / Vidrio
Point (100939.41751199999998789 100603.4904229999956442),Yerbal 1621,Caballito,6,Los materiales deben estar lim,Papel / Cartón / Plástico / Metal / Vidrio
Point (102263.12485999999626074 101279.84038799999689218),Yerbal 525,Caballito,6,Los materiales deben estar lim,Papel / Cartón / Plástico / Metal / Vidrio
Point (102129.24413900000217836 101205.90672499999345746),Yerbal 653,Caballito,6,Los materiales deben estar lim,Papel / Cartón / Plástico / Metal / Vidrio
Point (101722.73064500000327826 100990.2988409999961732),Yerbal 985,Caballito,6,Los materiales deben estar lim,Papel / Cartón / Plástico / Metal / Vidrio
Point (101803.18936999999277759 104429.65554999999585561),Aguirre 1447,Chacarita,15,Los materiales deben estar lim,Papel / Cartón / Plástico / Metal / Vidrio
Point (102089.92146699999284465 104480.627424999998766),Castillo 1302,Chacarita,15,Los materiales deben estar lim,Papel / Cartón / Plástico / Metal / Vidrio
Point (101937.4432539999979781 104608.65173300000606105),Castillo 1488,Chacarita,15,Los materiales deben estar lim,Papel / Cartón / Plástico / Metal / Vidrio
Point (101707.7809209999977611 104802.4105859999981476),Castillo 1748,Chacarita,15,Los materiales deben estar lim,Papel / Cartón / Plástico / Metal / Vidrio
Point (100437.5550059999950463 105116.6987269999954151),Fraga 1080,Chacarita,15,Los materiales deben estar lim,Papel / Cartón / Plástico / Metal / Vidrio
Point (101207.08366699999896809 104827.48455100000137463),Fraga 411,Chacarita,15,Los materiales deben estar lim,Papel / Cartón / Plástico / Metal / Vidrio
Point (100947.68142900000384543 104965.92491400000290014),Fraga 671,Chacarita,15,Los materiales deben estar lim,Papel / Cartón / Plástico / Metal / Vidrio
Point (100683.98125300000538118 105025.85052700000233017),Fraga 879,Chacarita,15,Los materiales deben estar lim,Papel / Cartón / Plástico / Metal / Vidrio
Point (100587.20530899999721441 105057.40265099999669474),Fraga 982,Chacarita,15,Los materiales deben estar lim,Papel / Cartón / Plástico / Metal / Vidrio
Point (101550.94668300000193994 104526.28553999999712687),Guevara 29,Chacarita,15,Los materiales deben estar lim,Papel / Cartón / Plástico / Metal / Vidrio
Point (101236.27376399999775458 104683.22115599999960978),Guevara 365,Chacarita,15,Los materiales deben estar lim,Papel / Cartón / Plástico / Metal / Vidrio
Point (101297.64343399999779649 104109.34836600000562612),Guzman 50,Chacarita,15,Los materiales deben estar lim,Papel / Cartón / Plástico / Metal / Vidrio
Point (101685.69535500000347383 104552.26460599999700207),Aguirre 1595,Chacarita,15,Los materiales deben estar lim,Papel / Cartón / Plástico / Metal / Vidrio
Point (101578.70678199999383651 105100.60477299999911338),"Arenal, Concepcion 3456",Chacarita,15,Los materiales deben estar lim,Papel / Cartón / Plástico / Metal / Vidrio
Point (101027.22697200000402518 104048.54777499999909196),"Arenal, Concepcion 4373",Chacarita,15,Los materiales deben estar lim,Papel / Cartón / Plástico / Metal / Vidrio
Point (100941.90090399999462534 103956.39543499999854248),"Arenal, Concepcion 4465",Chacarita,15,Los materiales deben estar lim,Papel / Cartón / Plástico / Metal / Vidrio
Point (100782.31443399999989197 103781.67535000000498258),"Arenal, Concepcion 4653",Chacarita,15,Los materiales deben estar lim,Papel / Cartón / Plástico / Metal / Vidrio
Point (101700.49484899999515619 104418.0696520000055898),Bonpland 921,Chacarita,15,Los materiales deben estar lim,Papel / Cartón / Plástico / Metal / Vidrio
Point (99892.82366779999574646 104645.04743999999482185),Caldas 1335,Chacarita,15,Los materiales deben estar lim,Papel / Cartón / Plástico / Metal / Vidrio
Point (101877.36037500000384171 104761.67473199999949429),"Carranza, Angel Justiniano 1264",Chacarita,15,Los materiales deben estar lim,Papel / Cartón / Plástico / Metal / Vidrio
Point (100505.84025500000279862 105035.39246299999649636),Cespedes 3950,Chacarita,15,Los materiales deben estar lim,Papel / Cartón / Plástico / Metal / Vidrio
Point (100210.13581999999587424 105378.03926299999875482),Charlone 1322,Chacarita,15,Los materiales deben estar lim,Papel / Cartón / Plástico / Metal / Vidrio
Point (101333.62719100000686012 105013.00017100000695791),Charlone 266,Chacarita,15,Los materiales deben estar lim,Papel / Cartón / Plástico / Metal / Vidrio
Point (101538.98700399999506772 104905.88018300000112504),Charlone 74,Chacarita,15,Los materiales deben estar lim,Papel / Cartón / Plástico / Metal / Vidrio
Point (100835.5656790000066394 105261.36675699999614153),Charlone 759,Chacarita,15,Los materiales deben estar lim,Papel / Cartón / Plástico / Metal / Vidrio
Point (100633.18145600000570994 105324.77756800000497606),Charlone 912,Chacarita,15,Los materiales deben estar lim,Papel / Cartón / Plástico / Metal / Vidrio
Point (101392.99500199999602046 105134.69238599999516737),Cordoba Av. 6245,Chacarita,15,Los materiales deben estar lim,Papel / Cartón / Plástico / Metal / Vidrio
Point (101203.63154400000348687 105220.07228300000133459),Cordoba Av. 6437,Chacarita,15,Los materiales deben estar lim,Papel / Cartón / Plástico / Metal / Vidrio
Point (101041.61598400000366382 104566.66285500000230968),Corrientes Av. 6647,Chacarita,15,Los materiales deben estar lim,Papel / Cartón / Plástico / Metal / Vidrio
Point (101620.65046499999880325 104643.11688299999514129),Dorrego Av. 1224,Chacarita,15,Los materiales deben estar lim,Papel / Cartón / Plástico / Metal / Vidrio
Point (100817.39572400000179186 103965.12652700000035111),"Dumont, Santos 4522",Chacarita,15,Los materiales deben estar lim,Papel / Cartón / Plástico / Metal / Vidrio
Point (100261.22273999999742955 105567.63205400000151712),Elcano Av. 3654,Chacarita,15,Los materiales deben estar lim,Papel / Cartón / Plástico / Metal / Vidrio
Point (100253.58569000000716187 104977.60365000000456348),Elcano Av. 4140,Chacarita,15,Los materiales deben estar lim,Papel / Cartón / Plástico / Metal / Vidrio
Point (102076.59320800000568852 104591.58697000000393018),Fitz Roy 1262,Chacarita,15,Los materiales deben estar lim,Papel / Cartón / Plástico / Metal / Vidrio
Point (100419.97419999999692664 105458.30642599999555387),Forest 1094,Chacarita,15,Los materiales deben estar lim,Papel / Cartón / Plástico / Metal / Vidrio
Point (101382.50690100000065286 104738.9536660000012489),Fraga 235,Chacarita,15,Los materiales deben estar lim,Papel / Cartón / Plástico / Metal / Vidrio
Point (100828.68097800000396091 105082.52443200000561774),"Garcia, Teodoro 3850",Chacarita,15,Los materiales deben estar lim,Papel / Cartón / Plástico / Metal / Vidrio
Point (100766.35200199999962933 104975.87614399999438319),"Garcia, Teodoro 3921",Chacarita,15,Los materiales deben estar lim,Papel / Cartón / Plástico / Metal / Vidrio
Point (100576.60896100000536535 105471.52118700000573881),Giribone 1043,Chacarita,15,Los materiales deben estar lim,Papel / Cartón / Plástico / Metal / Vidrio
Point (100970.46234199999889825 105319.34199400000215974),Giribone 689,Chacarita,15,Los materiales deben estar lim,Papel / Cartón / Plástico / Metal / Vidrio
Point (101388.33849399999598972 104355.46854699999676086),Leiva 4059,Chacarita,15,Los materiales deben estar lim,Papel / Cartón / Plástico / Metal / Vidrio
Point (101042.0329619999974966 103892.58011500000429805),Leiva 4450,Chacarita,15,Los materiales deben estar lim,Papel / Cartón / Plástico / Metal / Vidrio
Point (101303.93233900000632275 104507.27263900000252761),"Lemos, Juan Gregorio, Gral. 236",Chacarita,15,Los materiales deben estar lim,Papel / Cartón / Plástico / Metal / Vidrio
Point (100414.33010599999397527 105524.14251700000022538),"Loreto, Virrey 3684",Chacarita,15,Los materiales deben estar lim,Papel / Cartón / Plástico / Metal / Vidrio
Point (101880.6192659999942407 104500.82829700000002049),Loyola 1490,Chacarita,15,Los materiales deben estar lim,Papel / Cartón / Plástico / Metal / Vidrio
Point (101718.89008700000704266 104648.78020599999581464),Loyola 1620,Chacarita,15,Los materiales deben estar lim,Papel / Cartón / Plástico / Metal / Vidrio
Point (101062.78773900000669528 104797.49830500000098255),Maure 3971,Chacarita,15,Los materiales deben estar lim,Papel / Cartón / Plástico / Metal / Vidrio
Point (100710.4459050000004936 103612.11925600000540726),Montenegro 139,Chacarita,15,Los materiales deben estar lim,Papel / Cartón / Plástico / Metal / Vidrio
Point (100897.89370099999359809 104210.58088599999609869),"Newbery, Jorge Av. 4328",Chacarita,15,Los materiales deben estar lim,Papel / Cartón / Plástico / Metal / Vidrio
Point (100739.37555700000666548 104026.89947699999902397),"Newbery, Jorge Av. 4528",Chacarita,15,Los materiales deben estar lim,Papel / Cartón / Plástico / Metal / Vidrio
Point (100551.0914420000044629 103812.75773199999821372),"Newbery, Jorge Av. 4762",Chacarita,15,Los materiales deben estar lim,Papel / Cartón / Plástico / Metal / Vidrio
Point (101214.41700499999569729 105355.94876299999305047),Olleros 3510,Chacarita,15,Los materiales deben estar lim,Papel / Cartón / Plástico / Metal / Vidrio
Point (100920.93831199999840464 104746.36796699999831617),Olleros 4116,Chacarita,15,Los materiales deben estar lim,Papel / Cartón / Plástico / Metal / Vidrio
Point (100833.48477900000580121 105394.83466500000213273),Palpa 3595,Chacarita,15,Los materiales deben estar lim,Papel / Cartón / Plástico / Metal / Vidrio
Point (101203.09879800000635441 103988.58967200000188313),Rodney 42,Chacarita,15,Los materiales deben estar lim,Papel / Cartón / Plástico / Metal / Vidrio
Point (100401.24644600000465289 105262.73732000000018161),Roseti 1145,Chacarita,15,Los materiales deben estar lim,Papel / Cartón / Plástico / Metal / Vidrio
Point (101426.71731599999475293 104833.03648799999791663),Roseti 216,Chacarita,15,Los materiales deben estar lim,Papel / Cartón / Plástico / Metal / Vidrio
Point (101118.40020499999809545 104999.92598099999304395),Roseti 524,Chacarita,15,Los materiales deben estar lim,Papel / Cartón / Plástico / Metal / Vidrio
Point (100695.79054000000178348 105198.91317099999287166),Roseti 925,Chacarita,15,Los materiales deben estar lim,Papel / Cartón / Plástico / Metal / Vidrio
Point (100335.45244300000194926 104899.04107700000167824),Triunvirato Av. 2650,Chacarita,15,Los materiales deben estar lim,Papel / Cartón / Plástico / Metal / Vidrio
Point (100175.86579599999822676 104882.05766099999891594),Triunvirato Av. 2750,Chacarita,15,Los materiales deben estar lim,Papel / Cartón / Plástico / Metal / Vidrio
Point (101537.92157599999336526 104226.01283599999442231),Villarroel 1485,Chacarita,15,Los materiales deben estar lim,Papel / Cartón / Plástico / Metal / Vidrio
Point (100656.28444299999682698 105602.69764800000120886),Alvarez Thomas Av. 1029,Chacarita,15,Los materiales deben estar lim,Papel / Cartón / Plástico / Metal / Vidrio
Point (101550.57491500000469387 105199.04540200000337791),Alvarez Thomas Av. 140,Chacarita,15,Los materiales deben estar lim,Papel / Cartón / Plástico / Metal / Vidrio
Point (101349.8927490000060061 105321.59722399999736808),Alvarez Thomas Av. 311,Chacarita,15,Los materiales deben estar lim,Papel / Cartón / Plástico / Metal / Vidrio
Point (101057.9202099999965867 105427.76789800000551622),Alvarez Thomas Av. 664,Chacarita,15,Los materiales deben estar lim,Papel / Cartón / Plástico / Metal / Vidrio
Point (100742.41656100000545848 105550.10596200000145473),Alvarez Thomas Av. 920,Chacarita,15,Los materiales deben estar lim,Papel / Cartón / Plástico / Metal / Vidrio
Point (100458.32340300000214484 104991.60164999999688007),Guevara 1015,Chacarita,15,Los materiales deben estar lim,Papel / Cartón / Plástico / Metal / Vidrio
Point (98458.21607029999722727 108003.32122899999376386),Nu?ez 3831,Coghlan,12,Los materiales deben estar lim,Papel / Cartón / Plástico / Metal / Vidrio
Point (98202.02524990000529215 107830.1175329999969108),Nu?ez 4147,Coghlan,12,Los materiales deben estar lim,Papel / Cartón / Plástico / Metal / Vidrio
Point (98692.91761809999297839 108149.38189200000488199),Nu?ez 3554,Coghlan,12,Los materiales deben estar lim,Papel / Cartón / Plástico / Metal / Vidrio
Point (98948.45145009999396279 108322.95157900000049267),Nu?ez 3260,Coghlan,12,Los materiales deben estar lim,Papel / Cartón / Plástico / Metal / Vidrio
Point (98985.98500470000726636 108236.005671999999322),Azurduy Juana 3275,Coghlan,12,Los materiales deben estar lim,Papel / Cartón / Plástico / Metal / Vidrio
Point (98864.86566680000396445 108157.05313800000294577),Azurduy Juana 3411,Coghlan,12,Los materiales deben estar lim,Papel / Cartón / Plástico / Metal / Vidrio
Point (98834.58236859999306034 107896.24328399999649264),Balbin Ricardo Dr. Av. 3227,Coghlan,12,Los materiales deben estar lim,Papel / Cartón / Plástico / Metal / Vidrio
Point (99355.56199089999427088 107486.19376300000294577),Conde 2702,Coghlan,12,Los materiales deben estar lim,Papel / Cartón / Plástico / Metal / Vidrio
Point (98807.10341310000512749 108269.49065199999313336),Conde 3522,Coghlan,12,Los materiales deben estar lim,Papel / Cartón / Plástico / Metal / Vidrio
Point (99306.47863709999364801 107698.56558700000459794),Congreso Av. 3270,Coghlan,12,Los materiales deben estar lim,Papel / Cartón / Plástico / Metal / Vidrio
Point (99521.6009526999987429 107479.45188900000357535),"Freire, Ramon, Cap. Gral. 2627",Coghlan,12,Los materiales deben estar lim,Papel / Cartón / Plástico / Metal / Vidrio
Point (99230.43403499999840278 107971.5660269999934826),Ibera 3193,Coghlan,12,Los materiales deben estar lim,Papel / Cartón / Plástico / Metal / Vidrio
Point (98489.21412330000021029 107482.76667399999860208),Ibera 3995,Coghlan,12,Los materiales deben estar lim,Papel / Cartón / Plástico / Metal / Vidrio
Point (98990.80219010000291746 107437.99987800000235438),Melian Av. 2843,Coghlan,12,Los materiales deben estar lim,Papel / Cartón / Plástico / Metal / Vidrio
Point (98833.45939940000243951 107675.27340400000684895),Melian Av. 3079,Coghlan,12,Los materiales deben estar lim,Papel / Cartón / Plástico / Metal / Vidrio
Point (98802.043839999998454 107316.7273049999930663),"Naon, Romulo 2852",Coghlan,12,Los materiales deben estar lim,Papel / Cartón / Plástico / Metal / Vidrio
Point (98967.98266449999937322 108108.32921100000385195),"Pedraza, Manuela 3372",Coghlan,12,Los materiales deben estar lim,Papel / Cartón / Plástico / Metal / Vidrio
Point (98542.7931994999962626 107834.51313900000241119),"Pedraza, Manuela 3864",Coghlan,12,Los materiales deben estar lim,Papel / Cartón / Plástico / Metal / Vidrio
Point (98364.64944110000215005 107727.86478400000487454),"Pedraza, Manuela 4073",Coghlan,12,Los materiales deben estar lim,Papel / Cartón / Plástico / Metal / Vidrio
Point (99138.82360479999624658 107397.97605399999883957),"Perez, Roque 2750",Coghlan,12,Los materiales deben estar lim,Papel / Cartón / Plástico / Metal / Vidrio
Point (98995.23942899999383371 107591.06998600000224542),"Perez, Roque 2948",Coghlan,12,Los materiales deben estar lim,Papel / Cartón / Plástico / Metal / Vidrio
Point (98848.23168820000137202 107824.3577110000042012),"Perez, Roque 3182",Coghlan,12,Los materiales deben estar lim,Papel / Cartón / Plástico / Metal / Vidrio
Point (99123.79589259999920614 108155.65421199999400415),Pinto 3271,Coghlan,12,Los materiales deben estar lim,Papel / Cartón / Plástico / Metal / Vidrio
Point (99248.42204859999765176 107822.05302799999481067),Quesada 3248,Coghlan,12,Los materiales deben estar lim,Papel / Cartón / Plástico / Metal / Vidrio
Point (98557.45194299999275245 107378.55950400000438094),Quesada 3980,Coghlan,12,Los materiales deben estar lim,Papel / Cartón / Plástico / Metal / Vidrio
Point (98790.19721640000352636 107062.5135770000051707),"Rivera, Pedro I., Dr. 3944",Coghlan,12,Los materiales deben estar lim,Papel / Cartón / Plástico / Metal / Vidrio
Point (99324.05211289999715518 107347.62504699999408331),Superi 2617,Coghlan,12,Los materiales deben estar lim,Papel / Cartón / Plástico / Metal / Vidrio
Point (99158.90560800000093877 107577.1140060000034282),Superi 2895,Coghlan,12,Los materiales deben estar lim,Papel / Cartón / Plástico / Metal / Vidrio
Point (99032.24930769999627955 107752.62615700000606012),Superi 3055,Coghlan,12,Los materiales deben estar lim,Papel / Cartón / Plástico / Metal / Vidrio
Point (98890.97161480000067968 107965.415991000001668),Superi 3253,Coghlan,12,Los materiales deben estar lim,Papel / Cartón / Plástico / Metal / Vidrio
Point (99085.52999060000001919 108015.82270299999800045),"Tamborini, Jose Pascual 3249",Coghlan,12,Los materiales deben estar lim,Papel / Cartón / Plástico / Metal / Vidrio
Point (98710.86116260000562761 107776.13782899999932852),"Tamborini, Jose Pascual 3635",Coghlan,12,Los materiales deben estar lim,Papel / Cartón / Plástico / Metal / Vidrio
Point (98541.03186540000024252 107670.76589700000477023),"Tamborini, Jose Pascual 3885",Coghlan,12,Los materiales deben estar lim,Papel / Cartón / Plástico / Metal / Vidrio
Point (98356.50794110000424553 107550.4213750000053551),"Tamborini, Jose Pascual 4051",Coghlan,12,Los materiales deben estar lim,Papel / Cartón / Plástico / Metal / Vidrio
Point (99500.57319530000677332 107692.04580199999327306),"Ugarte, Manuel 3126",Coghlan,12,Los materiales deben estar lim,Papel / Cartón / Plástico / Metal / Vidrio
Point (98978.19017790000361856 107265.95426600000064354),Washington 2735,Coghlan,12,Los materiales deben estar lim,Papel / Cartón / Plástico / Metal / Vidrio
Point (98818.70528809999814257 107495.50803799999994226),Washington 2971,Coghlan,12,Los materiales deben estar lim,Papel / Cartón / Plástico / Metal / Vidrio
Point (101156.75544999999692664 106567.21694800000113901),Zabala 2606,Colegiales,13,Los materiales deben estar lim,Papel / Cartón / Plástico / Metal / Vidrio
Point (101309.95949700000346638 106484.42126899999857415),Amenabar 1005,Colegiales,13,Los materiales deben estar lim,Papel / Cartón / Plástico / Metal / Vidrio
Point (101775.23484099999768659 106138.29848399999900721),Amenabar 477,Colegiales,13,Los materiales deben estar lim,Papel / Cartón / Plástico / Metal / Vidrio
Point (100394.58808299999509472 105757.95537599999806844),Arredondo Virrey 3525,Colegiales,13,Los materiales deben estar lim,Papel / Cartón / Plástico / Metal / Vidrio
Point (101079.17147400000249036 106799.74683400000503752),"Arredondo, Virrey 2480",Colegiales,13,Los materiales deben estar lim,Papel / Cartón / Plástico / Metal / Vidrio
Point (100847.42657599999802187 106458.47819500000332482),"Arredondo, Virrey 2821",Colegiales,13,Los materiales deben estar lim,Papel / Cartón / Plástico / Metal / Vidrio
Point (100630.09260000000358559 106525.1515849999996135),"Aviles, Virrey 2913",Colegiales,13,Los materiales deben estar lim,Papel / Cartón / Plástico / Metal / Vidrio
Point (100522.33689099999901373 106355.049910000001546),"Aviles, Virrey 3055",Colegiales,13,Los materiales deben estar lim,Papel / Cartón / Plástico / Metal / Vidrio
Point (101478.38043499999912456 106720.79872200000681914),Cabildo Av. 1115,Colegiales,13,Los materiales deben estar lim,Papel / Cartón / Plástico / Metal / Vidrio
Point (101332.82629799999995157 106811.4953689999965718),Cabildo Av. 1295,Colegiales,13,Los materiales deben estar lim,Papel / Cartón / Plástico / Metal / Vidrio
Point (101240.91668100000242703 106841.90179299999726936),Cabildo Av. 1382,Colegiales,13,Los materiales deben estar lim,Papel / Cartón / Plástico / Metal / Vidrio
Point (101811.15566200000466779 106493.58316399999603163),Cabildo Av. 666,Colegiales,13,Los materiales deben estar lim,Papel / Cartón / Plástico / Metal / Vidrio
Point (101663.85018599999602884 106609.69042199999967124),Cabildo Av. 853,Colegiales,13,Los materiales deben estar lim,Papel / Cartón / Plástico / Metal / Vidrio
Point (101567.65184099999896716 106638.49161599999933969),Cabildo Av. 936,Colegiales,13,Los materiales deben estar lim,Papel / Cartón / Plástico / Metal / Vidrio
Point (101200.16766999999526888 106477.23439800000051036),Cespedes 2685,Colegiales,13,Los materiales deben estar lim,Papel / Cartón / Plástico / Metal / Vidrio
Point (101057.06635500000265893 106134.68496899999445304),Cespedes 2986,Colegiales,13,Los materiales deben estar lim,Papel / Cartón / Plástico / Metal / Vidrio
Point (101039.76380499999504536 106101.01060999999754131),Cespedes 3004,Colegiales,13,Los materiales deben estar lim,Papel / Cartón / Plástico / Metal / Vidrio
Point (101776.40656899999885354 106255.50050900000496767),Ciudad De La Paz 526,Colegiales,13,Los materiales deben estar lim,Papel / Cartón / Plástico / Metal / Vidrio
Point (100801.35780899999372195 105948.19974500000535045),Conde 1078,Colegiales,13,Los materiales deben estar lim,Papel / Cartón / Plástico / Metal / Vidrio
Point (100650.59513800000422634 106034.70040000000153668),Conde 1222,Colegiales,13,Los materiales deben estar lim,Papel / Cartón / Plástico / Metal / Vidrio
Point (100494.82143100000394043 106124.7843189999985043),Conde 1408,Colegiales,13,Los materiales deben estar lim,Papel / Cartón / Plástico / Metal / Vidrio
Point (100284.50385900000401307 106244.72781700000632554),Conde 1562,Colegiales,13,Los materiales deben estar lim,Papel / Cartón / Plástico / Metal / Vidrio
Point (101467.44448900000134017 105566.73711400000320282),Conde 426,Colegiales,13,Los materiales deben estar lim,Papel / Cartón / Plástico / Metal / Vidrio
Point (101321.96346600000106264 105654.65308400000503752),Conde 628,Colegiales,13,Los materiales deben estar lim,Papel / Cartón / Plástico / Metal / Vidrio
Point (101136.85355200000049081 105763.32358799999929033),Conde 830,Colegiales,13,Los materiales deben estar lim,Papel / Cartón / Plástico / Metal / Vidrio
Point (100971.02115800000319723 106314.13969799999904353),Conesa 1115,Colegiales,13,Los materiales deben estar lim,Papel / Cartón / Plástico / Metal / Vidrio
Point (100751.55513700000301469 106442.6978019999951357),Conesa 1389,Colegiales,13,Los materiales deben estar lim,Papel / Cartón / Plástico / Metal / Vidrio
Point (101721.30322299999534152 105887.68305300000065472),Conesa 397,Colegiales,13,Los materiales deben estar lim,Papel / Cartón / Plástico / Metal / Vidrio
Point (101544.34343599999556318 105984.41447899999911897),Conesa 591,Colegiales,13,Los materiales deben estar lim,Papel / Cartón / Plástico / Metal / Vidrio
Point (101192.67149399999470916 106184.07756000000517815),Conesa 937,Colegiales,13,Los materiales deben estar lim,Papel / Cartón / Plástico / Metal / Vidrio
Point (101180.4342670000041835 106326.89937600000121165),Cramer 1012,Colegiales,13,Los materiales deben estar lim,Papel / Cartón / Plástico / Metal / Vidrio
Point (101601.16714499999943655 106107.19732000000658445),Cramer 590,Colegiales,13,Los materiales deben estar lim,Papel / Cartón / Plástico / Metal / Vidrio
Point (101361.69900900000357069 106233.96123200000147335),Cramer 814,Colegiales,13,Los materiales deben estar lim,Papel / Cartón / Plástico / Metal / Vidrio
Point (100136.11517299999832176 105916.80111000000033528),Delgado 1486,Colegiales,13,Los materiales deben estar lim,Papel / Cartón / Plástico / Metal / Vidrio
Point (101194.70711099999607541 105459.15933399999630637),Delgado 580,Colegiales,13,Los materiales deben estar lim,Papel / Cartón / Plástico / Metal / Vidrio
Point (100682.37383100000442937 105744.51801099999283906),Delgado 966,Colegiales,13,Los materiales deben estar lim,Papel / Cartón / Plástico / Metal / Vidrio
Point (101575.19205500000680331 105453.46049599999969359),"Dumont, Santos 3249",Colegiales,13,Los materiales deben estar lim,Papel / Cartón / Plástico / Metal / Vidrio
Point (100493.89073600000119768 106536.98128500000166241),Elcano Av. 2956,Colegiales,13,Los materiales deben estar lim,Papel / Cartón / Plástico / Metal / Vidrio
Point (100380.66969799999787938 106269.80543900000338908),Elcano Av. 3156,Colegiales,13,Los materiales deben estar lim,Papel / Cartón / Plástico / Metal / Vidrio
Point (100186.22176099999342114 105763.57758700000704266),Forest Av. 1274,Colegiales,13,Los materiales deben estar lim,Papel / Cartón / Plástico / Metal / Vidrio
Point (100893.47144999999727588 106046.26223999999638181),"Freire, Ramon, Cap. Gral. 1055",Colegiales,13,Los materiales deben estar lim,Papel / Cartón / Plástico / Metal / Vidrio
Point (100651.40348900000390131 106202.61974999999802094),"Freire, Ramon, Cap. Gral. 1321",Colegiales,13,Los materiales deben estar lim,Papel / Cartón / Plástico / Metal / Vidrio
Point (100307.11075199999322649 106437.11956700000155251),"Freire, Ramon, Cap. Gral. 1621",Colegiales,13,Los materiales deben estar lim,Papel / Cartón / Plástico / Metal / Vidrio
Point (101612.26859300000069197 105636.57404700000188313),"Freire, Ramon, Cap. Gral. 321",Colegiales,13,Los materiales deben estar lim,Papel / Cartón / Plástico / Metal / Vidrio
Point (101425.9990129999932833 105748.96032100000593346),"Freire, Ramon, Cap. Gral. 589",Colegiales,13,Los materiales deben estar lim,Papel / Cartón / Plástico / Metal / Vidrio
Point (101546.07407800000510179 106506.57363400000031106),"Garcia, Teodoro 2477",Colegiales,13,Los materiales deben estar lim,Papel / Cartón / Plástico / Metal / Vidrio
Point (101285.28953999999794178 106033.68373099999735132),"Garcia, Teodoro 2951",Colegiales,13,Los materiales deben estar lim,Papel / Cartón / Plástico / Metal / Vidrio
Point (101631.68949800000700634 106433.75578599999425933),"Lacroze, Federico Av. 2474",Colegiales,13,Los materiales deben estar lim,Papel / Cartón / Plástico / Metal / Vidrio
Point (101568.34130000000004657 106348.64803900000697467),"Lacroze, Federico Av. 2557",Colegiales,13,Los materiales deben estar lim,Papel / Cartón / Plástico / Metal / Vidrio
Point (101112.0799540000007255 106697.74489099999482278),"Loreto, Virrey 2523",Colegiales,13,Los materiales deben estar lim,Papel / Cartón / Plástico / Metal / Vidrio
Point (100636.35656400000152644 105945.27874199999496341),"Loreto, Virrey 3318",Colegiales,13,Los materiales deben estar lim,Papel / Cartón / Plástico / Metal / Vidrio
Point (100510.29319100000429899 105749.92759700000169687),"Loreto, Virrey 3524",Colegiales,13,Los materiales deben estar lim,Papel / Cartón / Plástico / Metal / Vidrio
Point (100494.53613700000278186 105924.74344299999938812),"Martinez, Enrique, Gral. 1211",Colegiales,13,Los materiales deben estar lim,Papel / Cartón / Plástico / Metal / Vidrio
Point (100342.17135099999723025 105935.17831699999806006),"Martinez, Enrique, Gral. 1355",Colegiales,13,Los materiales deben estar lim,Papel / Cartón / Plástico / Metal / Vidrio
Point (100155.52115499999490567 106058.37587800000619609),"Martinez, Enrique, Gral. 1463",Colegiales,13,Los materiales deben estar lim,Papel / Cartón / Plástico / Metal / Vidrio
Point (101396.54830199999560136 105488.07949000000371598),"Martinez, Enrique, Gral. 365",Colegiales,13,Los materiales deben estar lim,Papel / Cartón / Plástico / Metal / Vidrio
Point (101336.03815700000268407 105523.71748700000171084),"Martinez, Enrique, Gral. 445",Colegiales,13,Los materiales deben estar lim,Papel / Cartón / Plástico / Metal / Vidrio
Point (101167.57881099999940488 105622.5963530000008177),"Martinez, Enrique, Gral. 647",Colegiales,13,Los materiales deben estar lim,Papel / Cartón / Plástico / Metal / Vidrio
Point (100953.86039699999673758 105747.63379799999529496),"Martinez, Enrique, Gral. 853",Colegiales,13,Los materiales deben estar lim,Papel / Cartón / Plástico / Metal / Vidrio
Point (101651.75363000000652391 106027.19614499999443069),Maure 2823,Colegiales,13,Los materiales deben estar lim,Papel / Cartón / Plástico / Metal / Vidrio
Point (100986.65033499999844935 106590.08729799999855459),Moldes 1256,Colegiales,13,Los materiales deben estar lim,Papel / Cartón / Plástico / Metal / Vidrio
Point (100891.71079199999803677 106649.65600899999844842),Moldes 1390,Colegiales,13,Los materiales deben estar lim,Papel / Cartón / Plástico / Metal / Vidrio
Point (100806.64474800000607502 106708.74959000000671949),Moldes 1466,Colegiales,13,Los materiales deben estar lim,Papel / Cartón / Plástico / Metal / Vidrio
Point (101382.462056999997003 106346.07770999999775086),Moldes 773,Colegiales,13,Los materiales deben estar lim,Papel / Cartón / Plástico / Metal / Vidrio
Point (101259.04727900000580121 106409.66702900000382215),Moldes 920,Colegiales,13,Los materiales deben estar lim,Papel / Cartón / Plástico / Metal / Vidrio
Point (100957.15075200000137556 106820.45737699999881443),"Olaguer y Feliu, Virrey 2521",Colegiales,13,Los materiales deben estar lim,Papel / Cartón / Plástico / Metal / Vidrio
Point (100554.47286999999778345 106168.22578100000100676),"Olaguer y Feliu, Virrey 3166",Colegiales,13,Los materiales deben estar lim,Papel / Cartón / Plástico / Metal / Vidrio
Point (100338.86580800000228919 105827.45159799999964889),"Olaguer y Feliu, Virrey 3490",Colegiales,13,Los materiales deben estar lim,Papel / Cartón / Plástico / Metal / Vidrio
Point (101667.12870000000111759 106301.25368399999570101),Olleros 2631,Colegiales,13,Los materiales deben estar lim,Papel / Cartón / Plástico / Metal / Vidrio
Point (101430.25721700000576675 106485.23707899999863002),Palpa 2516,Colegiales,13,Los materiales deben estar lim,Papel / Cartón / Plástico / Metal / Vidrio
Point (101140.81739599999855272 105916.97073699999600649),Palpa 3098,Colegiales,13,Los materiales deben estar lim,Papel / Cartón / Plástico / Metal / Vidrio
Point (101018.76762400000006892 105645.15015699999639764),Palpa 3332,Colegiales,13,Los materiales deben estar lim,Papel / Cartón / Plástico / Metal / Vidrio
Point (100735.94157999999879394 105750.31339300000399817),"Perez, Gregoria 3395",Colegiales,13,Los materiales deben estar lim,Papel / Cartón / Plástico / Metal / Vidrio
Point (100678.98974499999894761 105615.49029899999732152),"Perez, Gregoria 3495",Colegiales,13,Los materiales deben estar lim,Papel / Cartón / Plástico / Metal / Vidrio
Point (100899.33381300000473857 106924.87725900000077672),"Pino, Virrey Del 2484",Colegiales,13,Los materiales deben estar lim,Papel / Cartón / Plástico / Metal / Vidrio
Point (100754.96559199999319389 106823.52187700000649784),"Pino, Virrey Del 2640",Colegiales,13,Los materiales deben estar lim,Papel / Cartón / Plástico / Metal / Vidrio
Point (100601.31528300000354648 106714.87186800000199582),"Pino, Virrey Del 2832",Colegiales,13,Los materiales deben estar lim,Papel / Cartón / Plástico / Metal / Vidrio
Point (100539.63981599999533501 106012.53672499999811407),Superi 1215,Colegiales,13,Los materiales deben estar lim,Papel / Cartón / Plástico / Metal / Vidrio
Point (100182.87525500000629108 106180.71854699999676086),Superi 1485,Colegiales,13,Los materiales deben estar lim,Papel / Cartón / Plástico / Metal / Vidrio
Point (101261.77847499999916181 106730.66688000000431202),Zabala 2452,Colegiales,13,Los materiales deben estar lim,Papel / Cartón / Plástico / Metal / Vidrio
Point (100719.4628320000047097 105895.18313400000624824),Zabala 3275,Colegiales,13,Los materiales deben estar lim,Papel / Cartón / Plástico / Metal / Vidrio
Point (101857.87765999999828637 106339.70040299999527633),Zapata 521,Colegiales,13,Los materiales deben estar lim,Papel / Cartón / Plástico / Metal / Vidrio
Point (101702.28730799999902956 106455.02807499999471474),Zapata 631,Colegiales,13,Los materiales deben estar lim,Papel / Cartón / Plástico / Metal / Vidrio
Point (101001.22417899999709334 106133.84665099999983795),Zapiola 1036,Colegiales,13,Los materiales deben estar lim,Papel / Cartón / Plástico / Metal / Vidrio
Point (100788.8439349999971455 106263.45996399999421556),Zapiola 1228,Colegiales,13,Los materiales deben estar lim,Papel / Cartón / Plástico / Metal / Vidrio
Point (100594.42104299999482464 106394.29176100000040606),Zapiola 1480,Colegiales,13,Los materiales deben estar lim,Papel / Cartón / Plástico / Metal / Vidrio
Point (101587.4369109999970533 105787.49751800000376534),Zapiola 420,Colegiales,13,Los materiales deben estar lim,Papel / Cartón / Plástico / Metal / Vidrio
Point (101472.99331000000529457 105845.6997819999960484),Zapiola 582,Colegiales,13,Los materiales deben estar lim,Papel / Cartón / Plástico / Metal / Vidrio
Point (101201.16294799999741372 105996.6332200000033481),Zapiola 872,Colegiales,13,Los materiales deben estar lim,Papel / Cartón / Plástico / Metal / Vidrio
Point (106630.22693099999742117 100321.75606400000106078),Pavon|1792|pr3155,Constitucion,1,Los materiales deben estar lim,Papel / Cartón / Plástico / Metal / Vidrio
Point (107034.01156899999477901 100339.97182200000679586),Pavon|1466|pr3154,Constitucion,1,Los materiales deben estar lim,Papel / Cartón / Plástico / Metal / Vidrio
Point (107145.18602700000337791 100754.07929500000318512),San Juan Av.|1370|pr2519|,Constitucion,1,Los materiales deben estar lim,Papel / Cartón / Plástico / Metal / Vidrio
Point (106643.54696300000068732 100717.67409899999620393),San Juan Av.|1768|pr4199,Constitucion,1,Los materiales deben estar lim,Papel / Cartón / Plástico / Metal / Vidrio
Point (106907.11735099999350496 100737.08538400000543334),San Juan Av.|1554|pr3214,Constitucion,1,Los materiales deben estar lim,Papel / Cartón / Plástico / Metal / Vidrio
Point (106971.41037599999981467 100922.47719700000016019),"Saenz Pe?a, Luis, Pres.|1079|pr3210",Constitucion,1,Los materiales deben estar lim,Papel / Cartón / Plástico / Metal / Vidrio
Point (107370.53422499999578577 101110.29592600000614766),Salta|954|pr3134,Constitucion,1,Los materiales deben estar lim,Papel / Cartón / Plástico / Metal / Vidrio
Point (107336.21071600000141189 100354.80710200000612531),Pavon|1246|pr3221|,Constitucion,1,Los materiales deben estar lim,Papel / Cartón / Plástico / Metal / Vidrio
Point (106690.65905699999711942 101182.8060750000004191),Solis|855|pr3206,Constitucion,1,Los materiales deben estar lim,Papel / Cartón / Plástico / Metal / Vidrio
Point (107794.35415800000191666 100173.30290399999648798),"Irigoyen, Bernardo De|1618|pr1334|",Constitucion,1,Los materiales deben estar lim,Papel / Cartón / Plástico / Metal / Vidrio
Point (107656.79747400000633206 101268.02008000000205357),"Irigoyen, Bernardo De|826|pr1077|",Constitucion,1,Los materiales deben estar lim,Papel / Cartón / Plástico / Metal / Vidrio
Point (107692.37907199999608565 100508.52788500000315253),"Irigoyen, Bernardo De|1368|pr3222",Constitucion,1,Los materiales deben estar lim,Papel / Cartón / Plástico / Metal / Vidrio
Point (106999.0239819999987958 101250.16452999999455642),Independencia Av.|1470|pr3626,Constitucion,1,Los materiales deben estar lim,Papel / Cartón / Plástico / Metal / Vidrio
Point (107207.98556099999404978 101278.53428799999528565),Independencia Av.|1327|pr3199,Constitucion,1,Los materiales deben estar lim,Papel / Cartón / Plástico / Metal / Vidrio
Point (107392.63664399999834131 101286.77493499999400228),Independencia Av.|1181|pr3128,Constitucion,1,Los materiales deben estar lim,Papel / Cartón / Plástico / Metal / Vidrio
Point (107142.87792699999408796 100905.38338400000066031),Humberto 1?|1379|pr3157,Constitucion,1,Los materiales deben estar lim,Papel / Cartón / Plástico / Metal / Vidrio
Point (107412.34136799999396317 100920.47965900000417605),Humberto 1?|1171|pr3138,Constitucion,1,Los materiales deben estar lim,Papel / Cartón / Plástico / Metal / Vidrio
Point (106538.76687099999981001 100855.57733899999584537),Humberto 1? 1823,Constitucion,1,Los materiales deben estar lim,Papel / Cartón / Plástico / Metal / Vidrio
Point (106825.50024399999529123 100219.83441900000616442),"Garay, Juan De Av.|1648|pr3227",Constitucion,1,Los materiales deben estar lim,Papel / Cartón / Plástico / Metal / Vidrio
Point (107231.76775100000668317 100247.65650599999935366),"Garay, Juan De Av.|1307|pr3156",Constitucion,1,Los materiales deben estar lim,Papel / Cartón / Plástico / Metal / Vidrio
Point (107795.79988500000035856 101184.33703999999852385),Estados Unidos|868|pr2999,Constitucion,1,Los materiales deben estar lim,Papel / Cartón / Plástico / Metal / Vidrio
Point (107317.97616299999936018 101176.94471199999679811),Estados Unidos|1232|pr3753|,Constitucion,1,Los materiales deben estar lim,Papel / Cartón / Plástico / Metal / Vidrio
Point (106732.02451299999665935 101138.07083199999760836),Estados Unidos|1678|pr4195,Constitucion,1,Los materiales deben estar lim,Papel / Cartón / Plástico / Metal / Vidrio
Point (106675.99439199999324046 99686.15416970000660513),Entre Rios Av.|2052|pr4215|,Constitucion,1,Los materiales deben estar lim,Papel / Cartón / Plástico / Metal / Vidrio
Point (106631.22325199999613687 100144.21335099999851082),Entre Rios Av.|1686|pr1465|,Constitucion,1,Los materiales deben estar lim,Papel / Cartón / Plástico / Metal / Vidrio
Point (106735.47632600000360981 99874.30173829999694135),"Echague, Pedro|1728|pr3228",Constitucion,1,Los materiales deben estar lim,Papel / Cartón / Plástico / Metal / Vidrio
Point (106929.7657409999956144 99900.32009249999828171),"Echague, Pedro|1578|pr3160",Constitucion,1,Los materiales deben estar lim,Papel / Cartón / Plástico / Metal / Vidrio
Point (107235.06776299999910407 99928.17362499999580905),"Echague, Pedro|1308|pr3275",Constitucion,1,Los materiales deben estar lim,Papel / Cartón / Plástico / Metal / Vidrio
Point (106652.98916100000496954 100457.21915600000647828),Constitucion|1771|pr3153,Constitucion,1,Los materiales deben estar lim,Papel / Cartón / Plástico / Metal / Vidrio
Point (106805.74799699999857694 100586.04161299999395851),Cochabamba|1652|pr3150|,Constitucion,1,Los materiales deben estar lim,Papel / Cartón / Plástico / Metal / Vidrio
Point (106835.98549999999522697 100479.61162300000432879),Constitucion|1615|pr3152,Constitucion,1,Los materiales deben estar lim,Papel / Cartón / Plástico / Metal / Vidrio
Point (107050.19033899999340065 100579.15317099999811035),Cochabamba|1456|pr3234,Constitucion,1,Los materiales deben estar lim,Papel / Cartón / Plástico / Metal / Vidrio
Point (107319.58020799999940209 100583.71829000000434462),Cochabamba|1236|pr3147,Constitucion,1,Los materiales deben estar lim,Papel / Cartón / Plástico / Metal / Vidrio
Point (106865.87322500000300352 100463.37852300000668038),"Cevallos, Virrey|1407|pr1501|",Constitucion,1,Los materiales deben estar lim,Papel / Cartón / Plástico / Metal / Vidrio
Point (107694.7965600000025006 101056.82035999999789055),"Calvo, Carlos|953|pr3133",Constitucion,1,Los materiales deben estar lim,Papel / Cartón / Plástico / Metal / Vidrio
Point (107063.43686699999670964 101041.80788799999572802),"Calvo, Carlos|1427|pr3135",Constitucion,1,Los materiales deben estar lim,Papel / Cartón / Plástico / Metal / Vidrio
Point (107296.96208599999954458 100127.93515000000479631),Brasil|1246|pr3226,Constitucion,1,Los materiales deben estar lim,Papel / Cartón / Plástico / Metal / Vidrio
Point (107813.1784029999980703 100213.12608400000317488),Brasil Av.|964|pr3697,Constitucion,1,Los materiales deben estar lim,Papel / Cartón / Plástico / Metal / Vidrio
Point (107309.81471000000601634 99815.7868159000063315),15 De Noviembre De 1889|1251|pr3229,Constitucion,1,Los materiales deben estar lim,Papel / Cartón / Plástico / Metal / Vidrio
Point (106844.44924499999615364 99766.18838310000137426),15 De Noviembre De 1889|1669|pr3162,Constitucion,1,Los materiales deben estar lim,Papel / Cartón / Plástico / Metal / Vidrio
Point (107069.87842300000193063 99781.39688190000015311),15 De Noviembre De 1889|1448|pr3161,Constitucion,1,Los materiales deben estar lim,Papel / Cartón / Plástico / Metal / Vidrio
Point (100137.3363039999967441 101505.34856399999989662),Franklin 1926,Flores,7,Los materiales deben estar lim,Papel / Cartón / Plástico / Metal / Vidrio
Point (99881.22407490000477992 101394.59690000000409782),Franklin 2140,Flores,7,Los materiales deben estar lim,Papel / Cartón / Plástico / Metal / Vidrio
Point (99686.07833590000518598 101295.51112900000589434),Franklin 2330,Flores,7,Los materiales deben estar lim,Papel / Cartón / Plástico / Metal / Vidrio
Point (99901.49320300000545103 99123.54694280000694562),Remedios 2737,Flores,7,Los materiales deben estar lim,Papel / Cartón / Plástico / Metal / Vidrio
Point (99626.01138999999966472 99036.40854610000678804),Remedios 2953,Flores,7,Los materiales deben estar lim,Papel / Cartón / Plástico / Metal / Vidrio
Point (99375.5021755000052508 98956.8416886000049999),Remedios 3177,Flores,7,Los materiales deben estar lim,Papel / Cartón / Plástico / Metal / Vidrio
Point (101447.21036199999798555 98357.87141870000050403),Saraza 2332,Flores,7,Los materiales deben estar lim,Papel / Cartón / Plástico / Metal / Vidrio
Point (101959.01343000000633765 97941.53547879999678116),"Bonorino, Esteban, Cnel. Av. 2100 r",Flores,7,Los materiales deben estar lim,Papel / Cartón / Plástico / Metal / Vidrio
Point (100684.58597800000279676 99989.06182079999416601),"Alberdi, Juan Bautista Av. 1925",Flores,7,Los materiales deben estar lim,Papel / Cartón / Plástico / Metal / Vidrio
Point (100471.87457600000197999 99907.53828579999390058),"Alberdi, Juan Bautista Av. 2145",Flores,7,Los materiales deben estar lim,Papel / Cartón / Plástico / Metal / Vidrio
Point (100226.00139200000558048 99814.96702599999844097),"Alberdi, Juan Bautista Av. 2345",Flores,7,Los materiales deben estar lim,Papel / Cartón / Plástico / Metal / Vidrio
Point (99947.93966600000567269 99713.09679739999410231),"Alberdi, Juan Bautista Av. 2555",Flores,7,Los materiales deben estar lim,Papel / Cartón / Plástico / Metal / Vidrio
Point (99660.03206050000153482 99606.29902180000499357),"Alberdi, Juan Bautista Av. 2787",Flores,7,Los materiales deben estar lim,Papel / Cartón / Plástico / Metal / Vidrio
Point (99432.26225210000120569 99530.5774634999979753),"Alberdi, Juan Bautista Av. 2959",Flores,7,Los materiales deben estar lim,Papel / Cartón / Plástico / Metal / Vidrio
Point (99219.14789819999714382 99450.13873760000569746),"Alberdi, Juan Bautista Av. 3141",Flores,7,Los materiales deben estar lim,Papel / Cartón / Plástico / Metal / Vidrio
Point (100704.99439999999594875 98346.49258330000157002),"Alvarez, Crisostomo 2711",Flores,7,Los materiales deben estar lim,Papel / Cartón / Plástico / Metal / Vidrio
Point (100598.68570099999487866 98251.38895890000276268),"Alvarez, Crisostomo 2811",Flores,7,Los materiales deben estar lim,Papel / Cartón / Plástico / Metal / Vidrio
Point (100455.05234399999608286 98123.06609239999670535),"Alvarez, Crisostomo 2985",Flores,7,Los materiales deben estar lim,Papel / Cartón / Plástico / Metal / Vidrio
Point (100261.94934099999954924 97954.51631039999483619),"Alvarez, Crisostomo 3173",Flores,7,Los materiales deben estar lim,Papel / Cartón / Plástico / Metal / Vidrio
Point (100114.1804930000071181 97804.78150620000087656),"Alvarez, Crisostomo 3347",Flores,7,Los materiales deben estar lim,Papel / Cartón / Plástico / Metal / Vidrio
Point (100055.62719699999433942 101487.75992399999813642),Andres Lamas 1001,Flores,7,Los materiales deben estar lim,Papel / Cartón / Plástico / Metal / Vidrio
Point (100409.95241699999314733 100948.43147999999928288),"Aranguren, Juan F., Dr. 1915",Flores,7,Los materiales deben estar lim,Papel / Cartón / Plástico / Metal / Vidrio
Point (100231.215291000000434 100873.13438800000585616),"Aranguren, Juan F., Dr. 2015",Flores,7,Los materiales deben estar lim,Papel / Cartón / Plástico / Metal / Vidrio
Point (100025.15631099999882281 100777.63588899999740534),"Aranguren, Juan F., Dr. 2211",Flores,7,Los materiales deben estar lim,Papel / Cartón / Plástico / Metal / Vidrio
Point (99622.84105269999417942 100621.61088300000119489),"Aranguren, Juan F., Dr. 2551",Flores,7,Los materiales deben estar lim,Papel / Cartón / Plástico / Metal / Vidrio
Point (99266.02907740000227932 100487.07945900000049733),"Aranguren, Juan F., Dr. 2833",Flores,7,Los materiales deben estar lim,Papel / Cartón / Plástico / Metal / Vidrio
Point (98974.67056179999781307 100390.5770020000054501),"Aranguren, Juan F., Dr. 3053",Flores,7,Los materiales deben estar lim,Papel / Cartón / Plástico / Metal / Vidrio
Point (99110.38938720000442117 100217.60672100000374485),Argerich 464,Flores,7,Los materiales deben estar lim,Papel / Cartón / Plástico / Metal / Vidrio
Point (101246.25249600000097416 98906.38262360000226181),Asamblea Av. 1814,Flores,7,Los materiales deben estar lim,Papel / Cartón / Plástico / Metal / Vidrio
Point (100975.49984999999287538 98539.83825119999528397),Asamblea Av. 2144,Flores,7,Los materiales deben estar lim,Papel / Cartón / Plástico / Metal / Vidrio
Point (100438.08925299999827985 100788.38271799999347422),Avellaneda Av. 1944,Flores,7,Los materiales deben estar lim,Papel / Cartón / Plástico / Metal / Vidrio
Point (100154.90300999999453779 100669.26909600000362843),Avellaneda Av. 2146,Flores,7,Los materiales deben estar lim,Papel / Cartón / Plástico / Metal / Vidrio
Point (99952.96338889999606181 100583.87213699999847449),Avellaneda Av. 2340,Flores,7,Los materiales deben estar lim,Papel / Cartón / Plástico / Metal / Vidrio
Point (99675.71507439999550115 100476.10869500000262633),Avellaneda Av. 2558,Flores,7,Los materiales deben estar lim,Papel / Cartón / Plástico / Metal / Vidrio
Point (99431.02529970000614412 100383.57049600000027567),Avellaneda Av. 2748,Flores,7,Los materiales deben estar lim,Papel / Cartón / Plástico / Metal / Vidrio
Point (100553.22547499999927823 100558.64350099999865051),Bacacay 1827,Flores,7,Los materiales deben estar lim,Papel / Cartón / Plástico / Metal / Vidrio
Point (100267.85094699999899603 100438.51577899999392685),Bacacay 2145,Flores,7,Los materiales deben estar lim,Papel / Cartón / Plástico / Metal / Vidrio
Point (100064.38090899999951944 100354.50181800000427756),Bacacay 2319,Flores,7,Los materiales deben estar lim,Papel / Cartón / Plástico / Metal / Vidrio
Point (99807.94700309999461751 100268.25669599999673665),Bacacay 2511,Flores,7,Los materiales deben estar lim,Papel / Cartón / Plástico / Metal / Vidrio
Point (99463.49302999999781605 100142.40502799999376293),Bacacay 2787,Flores,7,Los materiales deben estar lim,Papel / Cartón / Plástico / Metal / Vidrio
Point (101444.59524500000406988 98540.87986469999304973),Balbastro 2237,Flores,7,Los materiales deben estar lim,Papel / Cartón / Plástico / Metal / Vidrio
Point (100975.67532900000514928 98105.0291058000002522),Balbastro 2691,Flores,7,Los materiales deben estar lim,Papel / Cartón / Plástico / Metal / Vidrio
Point (100824.77746300000580959 98114.50350170000456274),Balbastro 2791,Flores,7,Los materiales deben estar lim,Papel / Cartón / Plástico / Metal / Vidrio
Point (100709.20881700000609271 98040.73669119999976829),Balbastro 2855,Flores,7,Los materiales deben estar lim,Papel / Cartón / Plástico / Metal / Vidrio
Point (100652.61222599999746308 97966.76906530000269413),Balbastro 2933,Flores,7,Los materiales deben estar lim,Papel / Cartón / Plástico / Metal / Vidrio
Point (100575.23043199999665376 99532.00909419999516103),"Bilbao, Francisco 2187",Flores,7,Los materiales deben estar lim,Papel / Cartón / Plástico / Metal / Vidrio
Point (100332.27106899999489542 99412.46012099999643397),"Bilbao, Francisco 2381",Flores,7,Los materiales deben estar lim,Papel / Cartón / Plástico / Metal / Vidrio
Point (100145.01587800000561401 99205.25431619999289978),"Bilbao, Francisco 2595",Flores,7,Los materiales deben estar lim,Papel / Cartón / Plástico / Metal / Vidrio
Point (99773.25941270000475924 98923.20768579999275971),"Bilbao, Francisco Av. 3095",Flores,7,Los materiales deben estar lim,Papel / Cartón / Plástico / Metal / Vidrio
Point (99652.63300970000273082 98828.14778450000449084),"Bilbao, Francisco Av. 3185",Flores,7,Los materiales deben estar lim,Papel / Cartón / Plástico / Metal / Vidrio
Point (100679.58950000000186265 100751.5788650000031339),Bogota 1812,Flores,7,Los materiales deben estar lim,Papel / Cartón / Plástico / Metal / Vidrio
Point (100137.64823599999363068 100522.15393600000243168),Bogota 2216,Flores,7,Los materiales deben estar lim,Papel / Cartón / Plástico / Metal / Vidrio
Point (99821.53252690000226721 100405.0609379999950761),Bogota 2472,Flores,7,Los materiales deben estar lim,Papel / Cartón / Plástico / Metal / Vidrio
Point (99586.60686040000291541 100315.77866799999901559),Bogota 2656,Flores,7,Los materiales deben estar lim,Papel / Cartón / Plástico / Metal / Vidrio
Point (99356.28022559999953955 100227.53947499999776483),Bogota 2850,Flores,7,Los materiales deben estar lim,Papel / Cartón / Plástico / Metal / Vidrio
Point (99004.13354439999966417 100104.21358500000496861),Bogota 3110,Flores,7,Los materiales deben estar lim,Papel / Cartón / Plástico / Metal / Vidrio
Point (99404.96999800000048708 101048.81089399999473244),Bolivia 1001,Flores,7,Los materiales deben estar lim,Papel / Cartón / Plástico / Metal / Vidrio
Point (100807.63212199999543373 99892.56309379999584053),"Bonifacio, Jose 1871",Flores,7,Los materiales deben estar lim,Papel / Cartón / Plástico / Metal / Vidrio
Point (100612.10667100000136998 99816.17817460000514984),"Bonifacio, Jose 2075",Flores,7,Los materiales deben estar lim,Papel / Cartón / Plástico / Metal / Vidrio
Point (100367.79420800000661984 99722.07073399999353569),"Bonifacio, Jose 2291",Flores,7,Los materiales deben estar lim,Papel / Cartón / Plástico / Metal / Vidrio
Point (99877.29381489999650512 99542.60545449999335688),"Bonifacio, Jose 2649",Flores,7,Los materiales deben estar lim,Papel / Cartón / Plástico / Metal / Vidrio
Point (99586.04595480000716634 99434.9362494999950286),"Bonifacio, Jose 2895",Flores,7,Los materiales deben estar lim,Papel / Cartón / Plástico / Metal / Vidrio
Point (99339.98240409999561962 99341.44552059999841731),"Bonifacio, Jose 3095",Flores,7,Los materiales deben estar lim,Papel / Cartón / Plástico / Metal / Vidrio
Point (101163.74738400000205729 98700.91475939999509137),"Bonorino, Esteban, Cnel. Av 1250",Flores,7,Los materiales deben estar lim,Papel / Cartón / Plástico / Metal / Vidrio
Point (100595.36907200000132434 100674.81948999999440275),Calcena 270,Flores,7,Los materiales deben estar lim,Papel / Cartón / Plástico / Metal / Vidrio
Point (100594.98408100000233389 99749.04520039999624714),Camacua 340,Flores,7,Los materiales deben estar lim,Papel / Cartón / Plástico / Metal / Vidrio
Point (99466.29738940000243019 100466.40384100000665057),Condarco 536,Flores,7,Los materiales deben estar lim,Papel / Cartón / Plástico / Metal / Vidrio
Point (99370.13239879999309778 100732.7352309999987483),Condarco 780,Flores,7,Los materiales deben estar lim,Papel / Cartón / Plástico / Metal / Vidrio
Point (101438.13557399999990594 98700.19283159999758936),"Diaz, Avelino 2144",Flores,7,Los materiales deben estar lim,Papel / Cartón / Plástico / Metal / Vidrio
Point (101222.38636699999915436 98471.18495379999512807),"Diaz, Avelino 2348",Flores,7,Los materiales deben estar lim,Papel / Cartón / Plástico / Metal / Vidrio
Point (101040.95965999999316409 98283.11245620000408962),"Diaz, Avelino 2552",Flores,7,Los materiales deben estar lim,Papel / Cartón / Plástico / Metal / Vidrio
Point (100307.36159499999484979 99548.50102480000350624),Directorio Av. 2356,Flores,7,Los materiales deben estar lim,Papel / Cartón / Plástico / Metal / Vidrio
Point (100044.46308600000338629 99451.88700729999982286),Directorio Av. 2560,Flores,7,Los materiales deben estar lim,Papel / Cartón / Plástico / Metal / Vidrio
Point (99802.78143730000010692 99364.52087110000138637),Directorio Av. 2748,Flores,7,Los materiales deben estar lim,Papel / Cartón / Plástico / Metal / Vidrio
Point (99553.47068810000200756 99274.28973669999686535),Directorio Av. 2950,Flores,7,Los materiales deben estar lim,Papel / Cartón / Plástico / Metal / Vidrio
Point (99338.30171980000159238 99196.48056070000166073),Directorio Av. 3122,Flores,7,Los materiales deben estar lim,Papel / Cartón / Plástico / Metal / Vidrio
Point (100505.72392999999283347 98541.41228629999386612),Echeandia 2730,Flores,7,Los materiales deben estar lim,Papel / Cartón / Plástico / Metal / Vidrio
Point (100265.43642300000647083 98325.64018780000333209),Echeandia 2988,Flores,7,Los materiales deben estar lim,Papel / Cartón / Plástico / Metal / Vidrio
Point (100732.72830400000384543 100147.63683499999751803),"Falcon, Ramon., Cnel. 1856",Flores,7,Los materiales deben estar lim,Papel / Cartón / Plástico / Metal / Vidrio
Point (100554.74693300000217278 100077.7849220000061905),"Falcon, Ramon., Cnel. 2008",Flores,7,Los materiales deben estar lim,Papel / Cartón / Plástico / Metal / Vidrio
Point (100255.3573469999973895 99972.76418399999965914),"Falcon, Ramon., Cnel. 2287",Flores,7,Los materiales deben estar lim,Papel / Cartón / Plástico / Metal / Vidrio
Point (99807.11814799999410752 99797.63329080000403337),"Falcon, Ramon., Cnel. 2626",Flores,7,Los materiales deben estar lim,Papel / Cartón / Plástico / Metal / Vidrio
Point (99570.19459739999729209 99709.18800470000132918),"Falcon, Ramon., Cnel. 2834",Flores,7,Los materiales deben estar lim,Papel / Cartón / Plástico / Metal / Vidrio
Point (99278.804472200004966 99609.68031490000430495),"Falcon, Ramon., Cnel. 3056",Flores,7,Los materiales deben estar lim,Papel / Cartón / Plástico / Metal / Vidrio
Point (100828.24970400000165682 99375.75520460000552703),"Fernandez Moreno, Baldomero 2107",Flores,7,Los materiales deben estar lim,Papel / Cartón / Plástico / Metal / Vidrio
Point (100597.12123200000496581 99255.70097999999416061),"Fernandez Moreno, Baldomero 2337",Flores,7,Los materiales deben estar lim,Papel / Cartón / Plástico / Metal / Vidrio
Point (100495.4423149999929592 99142.10766500000318047),"Fernandez Moreno, Baldomero 2391",Flores,7,Los materiales deben estar lim,Papel / Cartón / Plástico / Metal / Vidrio
Point (100385.0990719999972498 99014.10074160000658594),"Fernandez Moreno, Baldomero 2525",Flores,7,Los materiales deben estar lim,Papel / Cartón / Plástico / Metal / Vidrio
Point (100264.9113740000029793 98900.06608439999399707),"Fernandez Moreno, Baldomero 2705",Flores,7,Los materiales deben estar lim,Papel / Cartón / Plástico / Metal / Vidrio
Point (100024.11033700000552926 98694.97005309999804012),"Fernandez Moreno, Baldomero 3095",Flores,7,Los materiales deben estar lim,Papel / Cartón / Plástico / Metal / Vidrio
Point (99823.38904920000641141 98538.63288000000466127),"Fernandez Moreno, Baldomero 3249",Flores,7,Los materiales deben estar lim,Papel / Cartón / Plástico / Metal / Vidrio
Point (99530.28545680000388529 101233.25667600000451785),Fray Cayetano Rodriguez 1101,Flores,7,Los materiales deben estar lim,Papel / Cartón / Plástico / Metal / Vidrio
Point (99812.95843020000029355 101377.13182799999776762),Gavilan 1101,Flores,7,Los materiales deben estar lim,Papel / Cartón / Plástico / Metal / Vidrio
Point (100929.89057400000456255 100057.80362999999488238),"Goyena, Pedro Av. 1750",Flores,7,Los materiales deben estar lim,Papel / Cartón / Plástico / Metal / Vidrio
Point (100657.73116300000401679 99427.71630660000664648),"Laferrere, Gregorio 2242",Flores,7,Los materiales deben estar lim,Papel / Cartón / Plástico / Metal / Vidrio
Point (100479.31857000000309199 99286.44099000000278465),"Laferrere, Gregorio 2370",Flores,7,Los materiales deben estar lim,Papel / Cartón / Plástico / Metal / Vidrio
Point (100377.41494099999545142 99177.70628830000350717),"Laferrere, Gregorio 2430",Flores,7,Los materiales deben estar lim,Papel / Cartón / Plástico / Metal / Vidrio
Point (100212.32167200000549201 99049.59801169999991544),"Laferrere, Gregorio 2640",Flores,7,Los materiales deben estar lim,Papel / Cartón / Plástico / Metal / Vidrio
Point (100064.49799200000416022 98925.15211929999350104),"Laferrere, Gregorio 2896",Flores,7,Los materiales deben estar lim,Papel / Cartón / Plástico / Metal / Vidrio
Point (99817.91582660000131 98724.9838160999934189),"Laferrere, Gregorio 3262",Flores,7,Los materiales deben estar lim,Papel / Cartón / Plástico / Metal / Vidrio
Point (99605.92727580000064336 98563.89559879999433178),"Laferrere, Gregorio 3460",Flores,7,Los materiales deben estar lim,Papel / Cartón / Plástico / Metal / Vidrio
Point (100583.80391400000371505 97921.73476730000402313),Lafuente Av. 1560,Flores,7,Los materiales deben estar lim,Papel / Cartón / Plástico / Metal / Vidrio
Point (100472.8679649999976391 97928.79595899999549147),Manco Capac 1505,Flores,7,Los materiales deben estar lim,Papel / Cartón / Plástico / Metal / Vidrio
Point (100172.92003100000147242 98129.67749360000016168),"Marti, Jose 1454",Flores,7,Los materiales deben estar lim,Papel / Cartón / Plástico / Metal / Vidrio
Point (99520.6687960999988718 98792.41777319999528117),"Marti, Jose 750",Flores,7,Los materiales deben estar lim,Papel / Cartón / Plástico / Metal / Vidrio
Point (100461.71865700000489596 99421.85907180000504013),Membrillar 538,Flores,7,Los materiales deben estar lim,Papel / Cartón / Plástico / Metal / Vidrio
Point (100565.53727899999648798 99178.36914189999515656),Membrillar 716,Flores,7,Los materiales deben estar lim,Papel / Cartón / Plástico / Metal / Vidrio
Point (100360.55980499999714084 101059.08295199999702163),Mendez De Andes 1870,Flores,7,Los materiales deben estar lim,Papel / Cartón / Plástico / Metal / Vidrio
Point (99823.1467395000072429 100820.84375499999441672),Moron 2370,Flores,7,Los materiales deben estar lim,Papel / Cartón / Plástico / Metal / Vidrio
Point (99045.0745487999956822 100526.54151599999750033),Moron 2968,Flores,7,Los materiales deben estar lim,Papel / Cartón / Plástico / Metal / Vidrio
Point (98871.98438639999949373 100475.07758599999942817),Moron 3122,Flores,7,Los materiales deben estar lim,Papel / Cartón / Plástico / Metal / Vidrio
Point (100227.85226600000169128 101401.15181500000471715),Neuquen 1996,Flores,7,Los materiales deben estar lim,Papel / Cartón / Plástico / Metal / Vidrio
Point (100023.25491499999770895 101325.08655799999542069),Neuquen 2148,Flores,7,Los materiales deben estar lim,Papel / Cartón / Plástico / Metal / Vidrio
Point (99877.87030300000333227 101250.96170400000119116),Neuquen 2246,Flores,7,Los materiales deben estar lim,Papel / Cartón / Plástico / Metal / Vidrio
Point (99635.37970700000005309 101127.26183299999684095),Neuquen 2408,Flores,7,Los materiales deben estar lim,Papel / Cartón / Plástico / Metal / Vidrio
Point (99485.99233330000424758 101063.99597499999799766),Neuquen 2540,Flores,7,Los materiales deben estar lim,Papel / Cartón / Plástico / Metal / Vidrio
Point (99212.55795430000580382 100961.51748900000529829),Neuquen 2756,Flores,7,Los materiales deben estar lim,Papel / Cartón / Plástico / Metal / Vidrio
Point (98985.11563319999550004 100875.98047900000528898),Neuquen 2920,Flores,7,Los materiales deben estar lim,Papel / Cartón / Plástico / Metal / Vidrio
Point (98939.56148279999615625 100867.87884699999995064),Neuquen 2951,Flores,7,Los materiales deben estar lim,Papel / Cartón / Plástico / Metal / Vidrio
Point (100378.15038399999320973 101367.82439599999634083),Paez 1785,Flores,7,Los materiales deben estar lim,Papel / Cartón / Plástico / Metal / Vidrio
Point (100189.64143099999637343 101259.01064399999449961),Paez 1959,Flores,7,Los materiales deben estar lim,Papel / Cartón / Plástico / Metal / Vidrio
Point (99915.9364419000048656 101148.09470699999656063),Paez 2195,Flores,7,Los materiales deben estar lim,Papel / Cartón / Plástico / Metal / Vidrio
Point (99714.32545230000687297 101045.81648799999675248),Paez 2395,Flores,7,Los materiales deben estar lim,Papel / Cartón / Plástico / Metal / Vidrio
Point (99488.50726729999587405 100947.97939100000075996),Paez 2567,Flores,7,Los materiales deben estar lim,Papel / Cartón / Plástico / Metal / Vidrio
Point (99430.06715180000173859 100926.04811200000403915),Paez 2607,Flores,7,Los materiales deben estar lim,Papel / Cartón / Plástico / Metal / Vidrio
Point (99152.88036300000385381 100813.22655099999974482),Paez 2836,Flores,7,Los materiales deben estar lim,Papel / Cartón / Plástico / Metal / Vidrio
Point (98870.20100770000135526 100719.0536019999999553),Paez 3040,Flores,7,Los materiales deben estar lim,Papel / Cartón / Plástico / Metal / Vidrio
Point (99991.87150090000068303 99821.26150520000373945),Pedernera 134,Flores,7,Los materiales deben estar lim,Papel / Cartón / Plástico / Metal / Vidrio
Point (100282.68699000000196975 97702.5330143000028329),Pergamino 1889,Flores,7,Los materiales deben estar lim,Papel / Cartón / Plástico / Metal / Vidrio
Point (101024.14058000000659376 99055.890049599998747),"Peron, Eva Av. 2159",Flores,7,Los materiales deben estar lim,Papel / Cartón / Plástico / Metal / Vidrio
Point (100866.34945500000321772 98943.08859569999913219),"Peron, Eva Av. 2311",Flores,7,Los materiales deben estar lim,Papel / Cartón / Plástico / Metal / Vidrio
Point (100712.89261700000497513 98760.82054869999410585),"Peron, Eva Av. 2494",Flores,7,Los materiales deben estar lim,Papel / Cartón / Plástico / Metal / Vidrio
Point (100663.19997200000216253 98740.64696119999280199),"Peron, Eva Av. 2515",Flores,7,Los materiales deben estar lim,Papel / Cartón / Plástico / Metal / Vidrio
Point (100296.49391600000672042 98531.40977050000219606),"Peron, Eva Av. 3051",Flores,7,Los materiales deben estar lim,Papel / Cartón / Plástico / Metal / Vidrio
Point (100921.32727399999566842 99277.11168519999773707),Primera Junta 2050,Flores,7,Los materiales deben estar lim,Papel / Cartón / Plástico / Metal / Vidrio
Point (100735.68105299999297131 99205.37075260000710841),Primera Junta 2282,Flores,7,Los materiales deben estar lim,Papel / Cartón / Plástico / Metal / Vidrio
Point (100690.62001100000634324 99167.64819100000022445),Primera Junta 2322,Flores,7,Los materiales deben estar lim,Papel / Cartón / Plástico / Metal / Vidrio
Point (100580.97862700000405312 99050.74227800000517163),Primera Junta 2393,Flores,7,Los materiales deben estar lim,Papel / Cartón / Plástico / Metal / Vidrio
Point (100544.57715700000699144 98990.91241429999354295),Primera Junta 2442,Flores,7,Los materiales deben estar lim,Papel / Cartón / Plástico / Metal / Vidrio
Point (100395.57678299999679439 98820.2780518000072334),Primera Junta 2670,Flores,7,Los materiales deben estar lim,Papel / Cartón / Plástico / Metal / Vidrio
Point (100239.03445500000088941 98686.44452990000718273),Primera Junta 2980,Flores,7,Los materiales deben estar lim,Papel / Cartón / Plástico / Metal / Vidrio
Point (100041.57737699999415781 98521.53149069999926724),Primera Junta 3230,Flores,7,Los materiales deben estar lim,Papel / Cartón / Plástico / Metal / Vidrio
Point (99812.65651790000265464 98344.58106860000407323),Primera Junta 3492,Flores,7,Los materiales deben estar lim,Papel / Cartón / Plástico / Metal / Vidrio
Point (102175.20686200000636745 97887.54918450000695884),Riestra 2201,Flores,7,Los materiales deben estar lim,Papel / Cartón / Plástico / Metal / Vidrio
Point (102224.89044099999591708 97914.36647989999619313),Riestra Av. 2151,Flores,7,Los materiales deben estar lim,Papel / Cartón / Plástico / Metal / Vidrio
Point (100509.6125049999973271 100251.42482600000221282),Rivadavia Av. 6491,Flores,7,Los materiales deben estar lim,Papel / Cartón / Plástico / Metal / Vidrio
Point (100326.24803600000450388 100160.55158299999311566),Rivadavia Av. 6689,Flores,7,Los materiales deben estar lim,Papel / Cartón / Plástico / Metal / Vidrio
Point (100175.7813179999939166 100098.21231200000329409),Rivadavia Av. 6805,Flores,7,Los materiales deben estar lim,Papel / Cartón / Plástico / Metal / Vidrio
Point (99805.82950180000625551 99973.70265589999326039),Rivadavia Av. 7093,Flores,7,Los materiales deben estar lim,Papel / Cartón / Plástico / Metal / Vidrio
Point (99578.36846579999837559 99903.55579980000038631),Rivadavia Av. 7257,Flores,7,Los materiales deben estar lim,Papel / Cartón / Plástico / Metal / Vidrio
Point (99194.11675129999639466 99778.4182961000042269),Rivadavia Av. 7569,Flores,7,Los materiales deben estar lim,Papel / Cartón / Plástico / Metal / Vidrio
Point (99098.18866169999819249 99746.30396869999822229),Rivadavia Av. 7661,Flores,7,Los materiales deben estar lim,Papel / Cartón / Plástico / Metal / Vidrio
Point (100153.47206400000141002 99738.27059580000059213),Rivera Indarte Av. 229,Flores,7,Los materiales deben estar lim,Papel / Cartón / Plástico / Metal / Vidrio
Point (100993.62405699999362696 98620.58512920000066515),Robertson 1194,Flores,7,Los materiales deben estar lim,Papel / Cartón / Plástico / Metal / Vidrio
Point (100628.03550199999881443 98048.09170760000415612),San Pedrito 1555,Flores,7,Los materiales deben estar lim,Papel / Cartón / Plástico / Metal / Vidrio
Point (101084.83373699999356177 98516.63373909999791067),Santander 2385,Flores,7,Los materiales deben estar lim,Papel / Cartón / Plástico / Metal / Vidrio
Point (101019.85960999999952037 98449.5234375),Santander 2495,Flores,7,Los materiales deben estar lim,Papel / Cartón / Plástico / Metal / Vidrio
Point (100364.86446199999772944 97863.54245789999549743),Santander 3167,Flores,7,Los materiales deben estar lim,Papel / Cartón / Plástico / Metal / Vidrio
Point (101594.70751100000052247 98512.19637269999657292),Saraza 2170,Flores,7,Los materiales deben estar lim,Papel / Cartón / Plástico / Metal / Vidrio
Point (101236.45566799999505747 98124.23225000000093132),Saraza 2570,Flores,7,Los materiales deben estar lim,Papel / Cartón / Plástico / Metal / Vidrio
Point (99965.25152920000255108 99283.89972580000176094),Tandil 2650,Flores,7,Los materiales deben estar lim,Papel / Cartón / Plástico / Metal / Vidrio
Point (99729.10076260000641923 99199.29325899999821559),Tandil 2840,Flores,7,Los materiales deben estar lim,Papel / Cartón / Plástico / Metal / Vidrio
Point (99466.64435030000458937 99105.22343660000478849),Tandil 3048,Flores,7,Los materiales deben estar lim,Papel / Cartón / Plástico / Metal / Vidrio
Point (99152.17755360000592191 100956.1761770000011893),Terrada 1001,Flores,7,Los materiales deben estar lim,Papel / Cartón / Plástico / Metal / Vidrio
Point (100275.57215000000724103 101576.88161199999740347),"Trelles, Manuel R. 1001",Flores,7,Los materiales deben estar lim,Papel / Cartón / Plástico / Metal / Vidrio
Point (100622.41132400000060443 98885.45660140000109095),Tte Cnel Casimiro Recuero 2469,Flores,7,Los materiales deben estar lim,Papel / Cartón / Plástico / Metal / Vidrio
Point (100369.77658400000655092 101234.69198600000527222),"Vallese, Felipe 1827",Flores,7,Los materiales deben estar lim,Papel / Cartón / Plástico / Metal / Vidrio
Point (100088.24954000000434462 101065.87701100000413135),"Vallese, Felipe 2055",Flores,7,Los materiales deben estar lim,Papel / Cartón / Plástico / Metal / Vidrio
Point (99924.62798829999519512 100998.52343600000313018),"Vallese, Felipe 2221",Flores,7,Los materiales deben estar lim,Papel / Cartón / Plástico / Metal / Vidrio
Point (99810.28568060000543483 100950.23353399999905378),"Vallese, Felipe 2335",Flores,7,Los materiales deben estar lim,Papel / Cartón / Plástico / Metal / Vidrio
Point (99582.02277270000195131 100853.27172699999937322),"Vallese, Felipe 2525",Flores,7,Los materiales deben estar lim,Papel / Cartón / Plástico / Metal / Vidrio
Point (99336.54236750000563916 100764.73458099999697879),"Vallese, Felipe 2713",Flores,7,Los materiales deben estar lim,Papel / Cartón / Plástico / Metal / Vidrio
Point (100477.5950040000025183 97769.1199860000051558),Velazquez 3168,Flores,7,Los materiales deben estar lim,Papel / Cartón / Plástico / Metal / Vidrio
Point (100697.33164899999974295 100481.99430500000016764),Yerbal 1773,Flores,7,Los materiales deben estar lim,Papel / Cartón / Plástico / Metal / Vidrio
Point (100409.32521999999880791 100350.74898800000664778),Yerbal 2045,Flores,7,Los materiales deben estar lim,Papel / Cartón / Plástico / Metal / Vidrio
Point (100197.4947249999968335 100255.48832400000537746),Yerbal 2285,Flores,7,Los materiales deben estar lim,Papel / Cartón / Plástico / Metal / Vidrio
Point (99548.3348139000008814 100041.78646200000366662),Yerbal 2755,Flores,7,Los materiales deben estar lim,Papel / Cartón / Plástico / Metal / Vidrio
Point (99401.20312689999991562 99996.64596809999784455),Yerbal 2873,Flores,7,Los materiales deben estar lim,Papel / Cartón / Plástico / Metal / Vidrio
Point (99066.92834980000043288 99892.53744070000539068),Yerbal 3149,Flores,7,Los materiales deben estar lim,Papel / Cartón / Plástico / Metal / Vidrio
Point (101053.93477799999527633 98871.85616890000528656),Zuviria 2252,Flores,7,Los materiales deben estar lim,Papel / Cartón / Plástico / Metal / Vidrio
Point (100911.35318400000687689 98724.13902930000040215),Zuviria 2372,Flores,7,Los materiales deben estar lim,Papel / Cartón / Plástico / Metal / Vidrio
Point (100869.40132999999332242 98679.28366529999766499),Zuviria 2402,Flores,7,Los materiales deben estar lim,Papel / Cartón / Plástico / Metal / Vidrio
Point (100766.50022800000442658 98569.9050301999959629),Zuviria 2568,Flores,7,Los materiales deben estar lim,Papel / Cartón / Plástico / Metal / Vidrio
Point (100671.6407550000003539 98476.98004710000532214),Zuviria 2680,Flores,7,Los materiales deben estar lim,Papel / Cartón / Plástico / Metal / Vidrio
Point (100488.84483800000452902 98313.56307220000599045),Zuviria 2840,Flores,7,Los materiales deben estar lim,Papel / Cartón / Plástico / Metal / Vidrio
Point (100295.00761899999633897 98140.97200270000030287),Zuviria 3042,Flores,7,Los materiales deben estar lim,Papel / Cartón / Plástico / Metal / Vidrio
Point (100096.87349399999948218 97959.07715739999548532),Zuviria 3254,Flores,7,Los materiales deben estar lim,Papel / Cartón / Plástico / Metal / Vidrio
Point (98490.27710469999874476 100716.03846399999747518),Concordia 927,Floresta,10,Los materiales deben estar lim,Papel / Cartón / Plástico / Metal / Vidrio
Point (98232.89106350000656676 100533.35070500000438187),Gaona Av. 4169,Floresta,10,Los materiales deben estar lim,Papel / Cartón / Plástico / Metal / Vidrio
Point (97293.51502099999925122 100795.27803099999437109),"Magari?os Cervantes, A. 4167",Floresta,10,Los materiales deben estar lim,Papel / Cartón / Plástico / Metal / Vidrio
Point (97210.62464460000046529 100712.58659599999373313),"Magari?os Cervantes, A. 4267",Floresta,10,Los materiales deben estar lim,Papel / Cartón / Plástico / Metal / Vidrio
Point (98423.30876739999803249 99321.7753177999984473),"Acosta, Mariano Av. 140",Floresta,10,Los materiales deben estar lim,Papel / Cartón / Plástico / Metal / Vidrio
Point (98527.04828390000329819 99221.00625249999575317),"Acosta, Mariano Av. 254",Floresta,10,Los materiales deben estar lim,Papel / Cartón / Plástico / Metal / Vidrio
Point (98345.26219550000678282 99397.526324399994337),"Acosta, Mariano Av. 60",Floresta,10,Los materiales deben estar lim,Papel / Cartón / Plástico / Metal / Vidrio
Point (99027.72921180000412278 99346.82904199999757111),"Alberdi, Juan Bautista Av. 3354",Floresta,10,Los materiales deben estar lim,Papel / Cartón / Plástico / Metal / Vidrio
Point (98832.25514629999815952 99272.0221153000020422),"Alberdi, Juan Bautista Av. 3559",Floresta,10,Los materiales deben estar lim,Papel / Cartón / Plástico / Metal / Vidrio
Point (98665.89026739999826532 99186.45225659999414347),"Alberdi, Juan Bautista Av. 3743",Floresta,10,Los materiales deben estar lim,Papel / Cartón / Plástico / Metal / Vidrio
Point (98448.67021779999777209 100222.53911100000550505),"Aranguren, Juan F., Dr. 3597",Floresta,10,Los materiales deben estar lim,Papel / Cartón / Plástico / Metal / Vidrio
Point (97751.41420820000348613 100013.7188869999954477),"Aranguren, Juan F., Dr. 4197",Floresta,10,Los materiales deben estar lim,Papel / Cartón / Plástico / Metal / Vidrio
Point (98540.18387860000075307 100088.45881799999915529),Avellaneda Av. 3552,Floresta,10,Los materiales deben estar lim,Papel / Cartón / Plástico / Metal / Vidrio
Point (98308.08750540000619367 100018.62684199999785051),Avellaneda Av. 3770,Floresta,10,Los materiales deben estar lim,Papel / Cartón / Plástico / Metal / Vidrio
Point (98592.90459730000293348 99866.11305470000661444),Bacacay 3575,Floresta,10,Los materiales deben estar lim,Papel / Cartón / Plástico / Metal / Vidrio
Point (98362.73932429999695159 99794.84248930000467226),Bacacay 3785,Floresta,10,Los materiales deben estar lim,Papel / Cartón / Plástico / Metal / Vidrio
Point (98161.59060149999277201 99732.95255380000162404),Bacacay 3949,Floresta,10,Los materiales deben estar lim,Papel / Cartón / Plástico / Metal / Vidrio
Point (97759.91989679999824148 100780.9006809999991674),Bahia Blanca 1253,Floresta,10,Los materiales deben estar lim,Papel / Cartón / Plástico / Metal / Vidrio
Point (97585.33525489999738056 100948.56553199999325443),Bahia Blanca 1425,Floresta,10,Los materiales deben estar lim,Papel / Cartón / Plástico / Metal / Vidrio
Point (97381.07768449999275617 101145.06899600000178907),Bahia Blanca 1625,Floresta,10,Los materiales deben estar lim,Papel / Cartón / Plástico / Metal / Vidrio
Point (98319.07499870000174269 99860.28486810000322293),Bahia Blanca 277,Floresta,10,Los materiales deben estar lim,Papel / Cartón / Plástico / Metal / Vidrio
Point (98136.95129450000240467 100340.05797700000402983),Bahia Blanca 683,Floresta,10,Los materiales deben estar lim,Papel / Cartón / Plástico / Metal / Vidrio
Point (97782.20761509999283589 100691.05921199999283999),"Belaustegui, Luis, Dr. 3830",Floresta,10,Los materiales deben estar lim,Papel / Cartón / Plástico / Metal / Vidrio
Point (97620.64682890000403859 100529.44447200000286102),"Belaustegui, Luis, Dr. 4024",Floresta,10,Los materiales deben estar lim,Papel / Cartón / Plástico / Metal / Vidrio
Point (97512.0582457999989856 100421.09952299999713432),"Belaustegui, Luis, Dr. 4168",Floresta,10,Los materiales deben estar lim,Papel / Cartón / Plástico / Metal / Vidrio
Point (98811.67803789999743458 100045.49102400000265334),Bogota 3310,Floresta,10,Los materiales deben estar lim,Papel / Cartón / Plástico / Metal / Vidrio
Point (98457.21251129999291152 99937.310903599995072),Bogota 3688,Floresta,10,Los materiales deben estar lim,Papel / Cartón / Plástico / Metal / Vidrio
Point (98118.48638760000176262 99835.21774029999505728),Bogota 3948,Floresta,10,Los materiales deben estar lim,Papel / Cartón / Plástico / Metal / Vidrio
Point (98916.28788859999622218 99164.57157559999905061),"Bonifacio, Jose 3509",Floresta,10,Los materiales deben estar lim,Papel / Cartón / Plástico / Metal / Vidrio
Point (97491.95228990000032354 101179.53315299999667332),Camarones 3814,Floresta,10,Los materiales deben estar lim,Papel / Cartón / Plástico / Metal / Vidrio
Point (97231.44812849999289028 100920.89777999999932945),Camarones 4120,Floresta,10,Los materiales deben estar lim,Papel / Cartón / Plástico / Metal / Vidrio
Point (97181.6903052999987267 100865.20493900000292342),Camarones 4192,Floresta,10,Los materiales deben estar lim,Papel / Cartón / Plástico / Metal / Vidrio
Point (97143.67784859999665059 100826.99222299999382813),Camarones 4234,Floresta,10,Los materiales deben estar lim,Papel / Cartón / Plástico / Metal / Vidrio
Point (97042.80443730000115465 100725.69386499999382067),Camarones 4354,Floresta,10,Los materiales deben estar lim,Papel / Cartón / Plástico / Metal / Vidrio
Point (97485.91145100000721868 100871.68666999999550171),Chivilcoy 1350,Floresta,10,Los materiales deben estar lim,Papel / Cartón / Plástico / Metal / Vidrio
Point (98615.99510990000271704 100335.44909700000425801),Concordia 555,Floresta,10,Los materiales deben estar lim,Papel / Cartón / Plástico / Metal / Vidrio
Point (97407.71784359999583103 100701.91970499999297317),"Diaz, Cesar, Gral. 4158",Floresta,10,Los materiales deben estar lim,Papel / Cartón / Plástico / Metal / Vidrio
Point (97329.43370429999777116 100623.64508000000205357),"Diaz, Cesar, Gral. 4248",Floresta,10,Los materiales deben estar lim,Papel / Cartón / Plástico / Metal / Vidrio
Point (97235.6718271999998251 100530.36578300000110175),"Diaz, Cesar, Gral. 4364",Floresta,10,Los materiales deben estar lim,Papel / Cartón / Plástico / Metal / Vidrio
Point (97586.68658229999709874 100703.46482999999716412),"Escalada De San Martin, R. 3949",Floresta,10,Los materiales deben estar lim,Papel / Cartón / Plástico / Metal / Vidrio
Point (97410.88936070000636391 100527.53165099999750964),"Escalada De San Martin, R. 4167",Floresta,10,Los materiales deben estar lim,Papel / Cartón / Plástico / Metal / Vidrio
Point (99057.7128456000064034 99546.78539319999981672),"Falcon, Ramon L.,cnel. 3284",Floresta,10,Los materiales deben estar lim,Papel / Cartón / Plástico / Metal / Vidrio
Point (98845.60636829999566544 99485.57154089999676216),"Falcon, Ramon L.,cnel. 3486",Floresta,10,Los materiales deben estar lim,Papel / Cartón / Plástico / Metal / Vidrio
Point (98537.46810339999501593 99398.60976859999937005),"Falcon, Ramon L.,cnel. 3766",Floresta,10,Los materiales deben estar lim,Papel / Cartón / Plástico / Metal / Vidrio
Point (98131.80280109999876004 100482.6353159999998752),Gaona Av. 4261,Floresta,10,Los materiales deben estar lim,Papel / Cartón / Plástico / Metal / Vidrio
Point (97927.45409630000358447 100381.25953700000536628),Gaona Av. 4431,Floresta,10,Los materiales deben estar lim,Papel / Cartón / Plástico / Metal / Vidrio
Point (97724.24152530000719707 100279.97970399999758229),Gaona Av. 4621,Floresta,10,Los materiales deben estar lim,Papel / Cartón / Plástico / Metal / Vidrio
Point (97184.56220800000301097 101254.48218200000701472),"Garcia, Juan Agustin 4038",Floresta,10,Los materiales deben estar lim,Papel / Cartón / Plástico / Metal / Vidrio
Point (96991.34147369999845978 101059.7734070000005886),"Garcia, Juan Agustin 4292",Floresta,10,Los materiales deben estar lim,Papel / Cartón / Plástico / Metal / Vidrio
Point (96841.01421880000270903 100909.8377349999936996),"Garcia, Juan Agustin 4464",Floresta,10,Los materiales deben estar lim,Papel / Cartón / Plástico / Metal / Vidrio
Point (97301.99730990000534803 100725.63384100000257604),Gualeguaychu 1364,Floresta,10,Los materiales deben estar lim,Papel / Cartón / Plástico / Metal / Vidrio
Point (97862.77869629999622703 100416.71107999999367166),"Justo, Juan B. Av. 6764",Floresta,10,Los materiales deben estar lim,Papel / Cartón / Plástico / Metal / Vidrio
Point (97611.2284049000008963 100322.52592600000207312),"Justo, Juan B. Av. 6967",Floresta,10,Los materiales deben estar lim,Papel / Cartón / Plástico / Metal / Vidrio
Point (97013.34648290000041015 101170.66473099999711849),Mercedes 1745,Floresta,10,Los materiales deben estar lim,Papel / Cartón / Plástico / Metal / Vidrio
Point (98005.99074470000050496 99977.15026549999311101),Mercedes 431,Floresta,10,Los materiales deben estar lim,Papel / Cartón / Plástico / Metal / Vidrio
Point (97901.21450060000643134 100250.04634099999384489),Mercedes 663,Floresta,10,Los materiales deben estar lim,Papel / Cartón / Plástico / Metal / Vidrio
Point (98325.20532959999400191 100298.27450400000088848),Moron 3680,Floresta,10,Los materiales deben estar lim,Papel / Cartón / Plástico / Metal / Vidrio
Point (98018.18695040000602603 100207.06824399999459274),Moron 3910,Floresta,10,Los materiales deben estar lim,Papel / Cartón / Plástico / Metal / Vidrio
Point (97768.60624280000047293 100133.72893399999884423),Moron 4116,Floresta,10,Los materiales deben estar lim,Papel / Cartón / Plástico / Metal / Vidrio
Point (98823.47730490000685677 99357.00581269999383949),Rafaela 3534,Floresta,10,Los materiales deben estar lim,Papel / Cartón / Plástico / Metal / Vidrio
Point (98574.91856609999376815 99297.73333469999488443),Rafaela 3771,Floresta,10,Los materiales deben estar lim,Papel / Cartón / Plástico / Metal / Vidrio
Point (99021.04018399999768008 99721.09454160000314005),Rivadavia Av. 7731,Floresta,10,Los materiales deben estar lim,Papel / Cartón / Plástico / Metal / Vidrio
Point (98797.24714289999974426 99627.30074530000274535),Rivadavia Av. 7982,Floresta,10,Los materiales deben estar lim,Papel / Cartón / Plástico / Metal / Vidrio
Point (98625.29553719999967143 99604.59636359999421984),Rivadavia Av. 8143,Floresta,10,Los materiales deben estar lim,Papel / Cartón / Plástico / Metal / Vidrio
Point (98349.3963073000049917 99522.86846100000548176),Rivadavia Av. 8351,Floresta,10,Los materiales deben estar lim,Papel / Cartón / Plástico / Metal / Vidrio
Point (97161.13800170000467915 101049.75354600000719074),San Blas 4095,Floresta,10,Los materiales deben estar lim,Papel / Cartón / Plástico / Metal / Vidrio
Point (97051.55504340000334196 100940.31187700000009499),San Blas 4217,Floresta,10,Los materiales deben estar lim,Papel / Cartón / Plástico / Metal / Vidrio
Point (96944.93190959999628831 100833.26065300000482239),San Blas 4345,Floresta,10,Los materiales deben estar lim,Papel / Cartón / Plástico / Metal / Vidrio
Point (98381.18139559999690391 100367.44500199999311008),San Nicolas 633,Floresta,10,Los materiales deben estar lim,Papel / Cartón / Plástico / Metal / Vidrio
Point (97936.83843519999936689 100667.9707979999948293),Tres Arroyos 3765,Floresta,10,Los materiales deben estar lim,Papel / Cartón / Plástico / Metal / Vidrio
Point (98800.35837760000140406 99793.63111089999438263),Yerbal 3415,Floresta,10,Los materiales deben estar lim,Papel / Cartón / Plástico / Metal / Vidrio
Point (94421.79890910000540316 99292.52509969999664463),Gallardo 304,Liniers,9,Los materiales deben estar lim,Papel / Cartón / Plástico / Metal / Vidrio
Point (94317.26355629999306984 99034.71026100000017323),Madero 118,Liniers,9,Los materiales deben estar lim,Papel / Cartón / Plástico / Metal / Vidrio
Point (96338.55844639999850187 98243.04644560000451747),Albari?o 709,Liniers,9,Los materiales deben estar lim,Papel / Cartón / Plástico / Metal / Vidrio
Point (95402.44630110000434797 97900.47742680000374094),Acassuso 6365,Liniers,9,Los materiales deben estar lim,Papel / Cartón / Plástico / Metal / Vidrio
Point (95146.52038529999845196 97623.00281330000143498),Acassuso 6731,Liniers,9,Los materiales deben estar lim,Papel / Cartón / Plástico / Metal / Vidrio
Point (95008.60266299999784678 97472.2159819999942556),Acassuso 6997,Liniers,9,Los materiales deben estar lim,Papel / Cartón / Plástico / Metal / Vidrio
Point (95853.94816260000516195 99293.10669620000408031),Bacacay Av. 5755,Liniers,9,Los materiales deben estar lim,Papel / Cartón / Plástico / Metal / Vidrio
Point (94245.80480610000086017 98061.57861729999422096),Boqueron 7106,Liniers,9,Los materiales deben estar lim,Papel / Cartón / Plástico / Metal / Vidrio
Point (94924.26557610000600107 98530.40965430000505876),"Bosch, Ventura 6534",Liniers,9,Los materiales deben estar lim,Papel / Cartón / Plástico / Metal / Vidrio
Point (94559.94348180000088178 98512.09273540000140201),"Bosch, Ventura 6845",Liniers,9,Los materiales deben estar lim,Papel / Cartón / Plástico / Metal / Vidrio
Point (95276.51876399999309797 98413.78016710000520106),Caaguazu 6149,Liniers,9,Los materiales deben estar lim,Papel / Cartón / Plástico / Metal / Vidrio
Point (95147.95351069999742322 98265.56096489999617916),Caaguazu 6276,Liniers,9,Los materiales deben estar lim,Papel / Cartón / Plástico / Metal / Vidrio
Point (95000.74991969999973662 98112.28798269999970216),Caaguazu 6448,Liniers,9,Los materiales deben estar lim,Papel / Cartón / Plástico / Metal / Vidrio
Point (94886.95074650000606198 97993.65735150000546128),Caaguazu 6638,Liniers,9,Los materiales deben estar lim,Papel / Cartón / Plástico / Metal / Vidrio
Point (94765.42200200000661425 97871.40731609999784268),Caaguazu 6835,Liniers,9,Los materiales deben estar lim,Papel / Cartón / Plástico / Metal / Vidrio
Point (94644.01587960000324529 97721.43635170000197832),Caaguazu 7036,Liniers,9,Los materiales deben estar lim,Papel / Cartón / Plástico / Metal / Vidrio
Point (94522.91214830000535585 97584.06665300000167917),Caaguazu 7204,Liniers,9,Los materiales deben estar lim,Papel / Cartón / Plástico / Metal / Vidrio
Point (94451.83105510000314098 97506.26920929999323562),Caaguazu 7308,Liniers,9,Los materiales deben estar lim,Papel / Cartón / Plástico / Metal / Vidrio
Point (94181.0743672999960836 97210.60745270000188611),Caaguazu 7680,Liniers,9,Los materiales deben estar lim,Papel / Cartón / Plástico / Metal / Vidrio
Point (95315.42680050000490155 97762.49900379999598954),Cafayate 1011,Liniers,9,Los materiales deben estar lim,Papel / Cartón / Plástico / Metal / Vidrio
Point (94694.72643819999939296 97455.71874660000321455),Carhue 1250,Liniers,9,Los materiales deben estar lim,Papel / Cartón / Plástico / Metal / Vidrio
Point (94374.50255570000445005 98304.94810799999686424),Carhue 495,Liniers,9,Los materiales deben estar lim,Papel / Cartón / Plástico / Metal / Vidrio
Point (94405.1485501999995904 97888.65444149999530055),Carhue 875,Liniers,9,Los materiales deben estar lim,Papel / Cartón / Plástico / Metal / Vidrio
Point (94355.21823539999604691 97700.31346829999529291),"Chavez, Jorge 7059",Liniers,9,Los materiales deben estar lim,Papel / Cartón / Plástico / Metal / Vidrio
Point (94224.28354239999316633 97685.74984879999828991),"Chavez, Jorge 7180",Liniers,9,Los materiales deben estar lim,Papel / Cartón / Plástico / Metal / Vidrio
Point (94495.16579119999369141 98580.35431700000481214),Cosquin 242,Liniers,9,Los materiales deben estar lim,Papel / Cartón / Plástico / Metal / Vidrio
Point (94520.38456039999437053 98311.13789749999705236),Cosquin 496,Liniers,9,Los materiales deben estar lim,Papel / Cartón / Plástico / Metal / Vidrio
Point (94544.90162449999479577 98063.88374089999706484),Cosquin 712,Liniers,9,Los materiales deben estar lim,Papel / Cartón / Plástico / Metal / Vidrio
Point (94553.89286659999925178 97967.69832549999409821),Cosquin 804,Liniers,9,Los materiales deben estar lim,Papel / Cartón / Plástico / Metal / Vidrio
Point (94692.32607369999459479 98756.89052099999389611),"De La Torre, Lisandro 121",Liniers,9,Los materiales deben estar lim,Papel / Cartón / Plástico / Metal / Vidrio
Point (94752.22544049999851268 98266.26039670000318438),"De La Torre, Lisandro 533",Liniers,9,Los materiales deben estar lim,Papel / Cartón / Plástico / Metal / Vidrio
Point (94783.23690299999725539 98009.92583750000630971),"De La Torre, Lisandro 777",Liniers,9,Los materiales deben estar lim,Papel / Cartón / Plástico / Metal / Vidrio
Point (94450.84323769999900833 98419.12499949999619275),El Rastreador 396,Liniers,9,Los materiales deben estar lim,Papel / Cartón / Plástico / Metal / Vidrio
Point (95868.15211660000204574 98175.82960189999721479),Ercilla 5960,Liniers,9,Los materiales deben estar lim,Papel / Cartón / Plástico / Metal / Vidrio
Point (95681.32175970000389498 97972.24624199999379925),Ercilla 6190,Liniers,9,Los materiales deben estar lim,Papel / Cartón / Plástico / Metal / Vidrio
Point (95570.17555840000568423 97852.1708197999978438),Ercilla 6288,Liniers,9,Los materiales deben estar lim,Papel / Cartón / Plástico / Metal / Vidrio
Point (95448.02061910000338685 97720.69102870000642724),Ercilla 6452,Liniers,9,Los materiales deben estar lim,Papel / Cartón / Plástico / Metal / Vidrio
Point (94036.12875099999655504 97826.71998369999346323),Estero Bellaco 7292,Liniers,9,Los materiales deben estar lim,Papel / Cartón / Plástico / Metal / Vidrio
Point (95425.57028600000194274 98761.68293599999742582),"Falcon, Ramon L.,cnel. 6143",Liniers,9,Los materiales deben estar lim,Papel / Cartón / Plástico / Metal / Vidrio
Point (95128.74445450000348501 98751.74434419999306556),"Falcon, Ramon L.,cnel. 6370",Liniers,9,Los materiales deben estar lim,Papel / Cartón / Plástico / Metal / Vidrio
Point (95507.39755910000531003 98554.06939259999489877),Fonrouge 350,Liniers,9,Los materiales deben estar lim,Papel / Cartón / Plástico / Metal / Vidrio
Point (95209.91137760000128765 98840.12711980000312906),Fonrouge 36,Liniers,9,Los materiales deben estar lim,Papel / Cartón / Plástico / Metal / Vidrio
Point (96040.44822520000161603 98104.05075939999369439),Fonrouge 828,Liniers,9,Los materiales deben estar lim,Papel / Cartón / Plástico / Metal / Vidrio
Point (94512.29120720000355504 99283.61218890000600368),Fragueiro 304,Liniers,9,Los materiales deben estar lim,Papel / Cartón / Plástico / Metal / Vidrio
Point (94182.77141099999425933 99169.55619699999806471),Gana 252,Liniers,9,Los materiales deben estar lim,Papel / Cartón / Plástico / Metal / Vidrio
Point (95474.18295879999641329 98411.80508710000140127),Garcia De Cossio 6027,Liniers,9,Los materiales deben estar lim,Papel / Cartón / Plástico / Metal / Vidrio
Point (95322.51150480000069365 98250.70415130000037607),Garcia De Cossio 6205,Liniers,9,Los materiales deben estar lim,Papel / Cartón / Plástico / Metal / Vidrio
Point (95064.09817979999934323 97969.59256229999300558),Garcia De Cossio 6509,Liniers,9,Los materiales deben estar lim,Papel / Cartón / Plástico / Metal / Vidrio
Point (94925.17228030000114813 97816.34124049999809358),Garcia De Cossio 6727,Liniers,9,Los materiales deben estar lim,Papel / Cartón / Plástico / Metal / Vidrio
Point (94750.60363959999813233 97626.51376649999292567),Garcia De Cossio 7035,Liniers,9,Los materiales deben estar lim,Papel / Cartón / Plástico / Metal / Vidrio
Point (94579.98455799999646842 97440.70167399999627378),Garcia De Cossio 7287,Liniers,9,Los materiales deben estar lim,Papel / Cartón / Plástico / Metal / Vidrio
Point (94574.65480829999432899 98902.0498381000070367),"Gordillo, Timoteo 24",Liniers,9,Los materiales deben estar lim,Papel / Cartón / Plástico / Metal / Vidrio
Point (94636.42939900000055786 98362.51727749999554362),"Gordillo, Timoteo 446",Liniers,9,Los materiales deben estar lim,Papel / Cartón / Plástico / Metal / Vidrio
Point (94652.94415450000087731 98214.96414050000021234),"Gordillo, Timoteo 576",Liniers,9,Los materiales deben estar lim,Papel / Cartón / Plástico / Metal / Vidrio
Point (94668.06958989999839105 98080.16694579999602865),"Gordillo, Timoteo 720",Liniers,9,Los materiales deben estar lim,Papel / Cartón / Plástico / Metal / Vidrio
Point (94300.23903349999454804 98165.66618580000067595),Humaita 7071,Liniers,9,Los materiales deben estar lim,Papel / Cartón / Plástico / Metal / Vidrio
Point (94152.43201590000535361 98149.89419399999314919),Humaita 7191,Liniers,9,Los materiales deben estar lim,Papel / Cartón / Plástico / Metal / Vidrio
Point (94017.06797980000555981 98150.2399643999960972),Humaita 7299,Liniers,9,Los materiales deben estar lim,Papel / Cartón / Plástico / Metal / Vidrio
Point (94824.94209789999877103 98652.52693700000236277),Ibarrola 6615,Liniers,9,Los materiales deben estar lim,Papel / Cartón / Plástico / Metal / Vidrio
Point (94422.8285667000018293 98642.88677959999768063),Ibarrola 6947,Liniers,9,Los materiales deben estar lim,Papel / Cartón / Plástico / Metal / Vidrio
Point (94265.04049650000524707 99241.02151439999579452),"Jacques, Amadeo 6813",Liniers,9,Los materiales deben estar lim,Papel / Cartón / Plástico / Metal / Vidrio
Point (95280.2287685000046622 99572.16001740000501741),"Justo, Juan B. Av. 8991",Liniers,9,Los materiales deben estar lim,Papel / Cartón / Plástico / Metal / Vidrio
Point (94561.8590152999968268 99453.73994450000463985),"Justo, Juan B. Av. 9342",Liniers,9,Los materiales deben estar lim,Papel / Cartón / Plástico / Metal / Vidrio
Point (94341.24175450000620913 99426.37604360000113957),"Justo, Juan B. Av. 9559",Liniers,9,Los materiales deben estar lim,Papel / Cartón / Plástico / Metal / Vidrio
Point (94147.33365470000717323 99401.2607614000007743),"Justo, Juan B. Av. 9710",Liniers,9,Los materiales deben estar lim,Papel / Cartón / Plástico / Metal / Vidrio
Point (95288.97258359999977984 98640.95489520000410266),Larrazabal 198,Liniers,9,Los materiales deben estar lim,Papel / Cartón / Plástico / Metal / Vidrio
Point (95386.06218029999581631 98557.96396340000501368),Larrazabal 290,Liniers,9,Los materiales deben estar lim,Papel / Cartón / Plástico / Metal / Vidrio
Point (95775.15573480000603013 98212.74475749999692198),Larrazabal Av. 638,Liniers,9,Los materiales deben estar lim,Papel / Cartón / Plástico / Metal / Vidrio
Point (95190.41140209999866784 98018.61017169999831822),"Leguizamon, Martiniano 846",Liniers,9,Los materiales deben estar lim,Papel / Cartón / Plástico / Metal / Vidrio
Point (94046.8447195000044303 97620.20871700000134297),Martinez De Hoz 7285,Liniers,9,Los materiales deben estar lim,Papel / Cartón / Plástico / Metal / Vidrio
Point (95664.09452870000677649 98732.3200040999945486),Miralla 142,Liniers,9,Los materiales deben estar lim,Papel / Cartón / Plástico / Metal / Vidrio
Point (96006.48800870000559371 98418.36894190000020899),Miralla 458,Liniers,9,Los materiales deben estar lim,Papel / Cartón / Plástico / Metal / Vidrio
Point (96103.61845559999346733 98329.25805380000383593),Miralla 562,Liniers,9,Los materiales deben estar lim,Papel / Cartón / Plástico / Metal / Vidrio
Point (96232.76125569999567233 98207.27700810000533238),Miralla 666,Liniers,9,Los materiales deben estar lim,Papel / Cartón / Plástico / Metal / Vidrio
Point (94384.37424429999373388 97370.61118469999928493),Molina 1235,Liniers,9,Los materiales deben estar lim,Papel / Cartón / Plástico / Metal / Vidrio
Point (94435.16634749999502674 97413.19753309999941848),Montiel 1230,Liniers,9,Los materiales deben estar lim,Papel / Cartón / Plástico / Metal / Vidrio
Point (94238.04548309999518096 98507.81093130000226665),Montiel 292,Liniers,9,Los materiales deben estar lim,Papel / Cartón / Plástico / Metal / Vidrio
Point (94246.81493680000130553 98344.81150640000123531),Montiel 444,Liniers,9,Los materiales deben estar lim,Papel / Cartón / Plástico / Metal / Vidrio
Point (94270.34999899999820627 97916.26107110000157263),Montiel 834,Liniers,9,Los materiales deben estar lim,Papel / Cartón / Plástico / Metal / Vidrio
Point (94222.45999339999980293 98795.42783800000324845),Montiel 96,Liniers,9,Los materiales deben estar lim,Papel / Cartón / Plástico / Metal / Vidrio
Point (94929.11725599999772385 98683.5659795999963535),Murguiondo 171,Liniers,9,Los materiales deben estar lim,Papel / Cartón / Plástico / Metal / Vidrio
Point (94985.32198300000163727 98352.72423809999600053),Murguiondo 485,Liniers,9,Los materiales deben estar lim,Papel / Cartón / Plástico / Metal / Vidrio
Point (95178.66679099999601021 98171.78715940000256523),Murguiondo 666,Liniers,9,Los materiales deben estar lim,Papel / Cartón / Plástico / Metal / Vidrio
Point (95090.07821619999594986 98677.79105729999719188),Oliden 172,Liniers,9,Los materiales deben estar lim,Papel / Cartón / Plástico / Metal / Vidrio
Point (95051.2566921999969054 98865.43494229999487288),Oliden 18,Liniers,9,Los materiales deben estar lim,Papel / Cartón / Plástico / Metal / Vidrio
Point (95118.86565199999313336 98538.7089784999989206),Oliden 310,Liniers,9,Los materiales deben estar lim,Papel / Cartón / Plástico / Metal / Vidrio
Point (95516.34973260000697337 98100.42641179999918677),Oliden 764,Liniers,9,Los materiales deben estar lim,Papel / Cartón / Plástico / Metal / Vidrio
Point (95008.19073069999285508 98425.08785359999455977),Palmar 6472,Liniers,9,Los materiales deben estar lim,Papel / Cartón / Plástico / Metal / Vidrio
Point (94887.73070179999922402 98423.83400540000002366),Palmar 6600,Liniers,9,Los materiales deben estar lim,Papel / Cartón / Plástico / Metal / Vidrio
Point (95849.38474880000285339 98588.81122489999688696),Patron 5680,Liniers,9,Los materiales deben estar lim,Papel / Cartón / Plástico / Metal / Vidrio
Point (95638.02752240000700112 98357.4053286999987904),Patron 5990,Liniers,9,Los materiales deben estar lim,Papel / Cartón / Plástico / Metal / Vidrio
Point (95392.69427160000486765 98093.72779170000285376),Patron 6218,Liniers,9,Los materiales deben estar lim,Papel / Cartón / Plástico / Metal / Vidrio
Point (95199.52880749999894761 97884.93585029999667313),Patron 6550,Liniers,9,Los materiales deben estar lim,Papel / Cartón / Plástico / Metal / Vidrio
Point (94974.77274869999382645 97640.99276369999279268),Patron 6896,Liniers,9,Los materiales deben estar lim,Papel / Cartón / Plástico / Metal / Vidrio
Point (94832.52370039999368601 97486.06396480000694282),Patron 7090,Liniers,9,Los materiales deben estar lim,Papel / Cartón / Plástico / Metal / Vidrio
Point (94667.50853989999450278 97305.54378999999607913),Patron 7310,Liniers,9,Los materiales deben estar lim,Papel / Cartón / Plástico / Metal / Vidrio
Point (94564.86674480000510812 97193.02256529999431223),Patron 7442,Liniers,9,Los materiales deben estar lim,Papel / Cartón / Plástico / Metal / Vidrio
Point (94217.80396160000236705 97558.59865050000371411),"Paula y Rodriguez Alves, Jose  1093",Liniers,9,Los materiales deben estar lim,Papel / Cartón / Plástico / Metal / Vidrio
Point (95515.96671710000373423 98263.53109649999532849),Pieres 487,Liniers,9,Los materiales deben estar lim,Papel / Cartón / Plástico / Metal / Vidrio
Point (95684.94453530000464525 98106.37467340000148397),Pieres 643,Liniers,9,Los materiales deben estar lim,Papel / Cartón / Plástico / Metal / Vidrio
Point (95823.82418650000181515 98434.81825199999730103),Pola 459,Liniers,9,Los materiales deben estar lim,Papel / Cartón / Plástico / Metal / Vidrio
Point (96002.88359189999755472 98270.6022919999959413),Pola 621,Liniers,9,Los materiales deben estar lim,Papel / Cartón / Plástico / Metal / Vidrio
Point (95494.43213640000612941 98873.554835600007209),Rivadavia Av. 10566,Liniers,9,Los materiales deben estar lim,Papel / Cartón / Plástico / Metal / Vidrio
Point (94788.70725779999338556 98908.9205188000050839),Rivadavia Av. 11062,Liniers,9,Los materiales deben estar lim,Papel / Cartón / Plástico / Metal / Vidrio
Point (94517.97986110000056215 98920.79917790000035893),Rivadavia Av. 11258,Liniers,9,Los materiales deben estar lim,Papel / Cartón / Plástico / Metal / Vidrio
Point (94309.91742519999388605 97170.32071759999962524),Saladillo 1190,Liniers,9,Los materiales deben estar lim,Papel / Cartón / Plástico / Metal / Vidrio
Point (94380.31173699999635573 97094.28503990000172053),Saladillo 1265,Liniers,9,Los materiales deben estar lim,Papel / Cartón / Plástico / Metal / Vidrio
Point (95843.16759599999932107 97944.00568129999737721),"Schmidl, Ulrico 6107",Liniers,9,Los materiales deben estar lim,Papel / Cartón / Plástico / Metal / Vidrio
Point (94165.6757011000008788 97604.27537770000344608),"Suarez, Jose Leon 1075",Liniers,9,Los materiales deben estar lim,Papel / Cartón / Plástico / Metal / Vidrio
Point (94191.73376370000187308 97407.8083825999929104),"Suarez, Jose Leon 1201",Liniers,9,Los materiales deben estar lim,Papel / Cartón / Plástico / Metal / Vidrio
Point (94378.61892979999538511 97236.12281319999601692),"Suarez, Jose Leon 1399",Liniers,9,Los materiales deben estar lim,Papel / Cartón / Plástico / Metal / Vidrio
Point (94387.35296610000659712 97239.22092419999535196),"Suarez, Jose Leon 1400",Liniers,9,Los materiales deben estar lim,Papel / Cartón / Plástico / Metal / Vidrio
Point (94148.06573560000106227 97923.82760330000019167),"Suarez, Jose Leon 825",Liniers,9,Los materiales deben estar lim,Papel / Cartón / Plástico / Metal / Vidrio
Point (94829.34830100000544917 98150.99794030000339262),Tonelero 6544,Liniers,9,Los materiales deben estar lim,Papel / Cartón / Plástico / Metal / Vidrio
Point (94637.09182549999968614 97949.20320040000660811),Tonelero 6865,Liniers,9,Los materiales deben estar lim,Papel / Cartón / Plástico / Metal / Vidrio
Point (94519.81959749999805354 97815.68880530000024009),Tonelero 7027,Liniers,9,Los materiales deben estar lim,Papel / Cartón / Plástico / Metal / Vidrio
Point (94320.77776779999840073 97589.21002369999769144),Tonelero 7347,Liniers,9,Los materiales deben estar lim,Papel / Cartón / Plástico / Metal / Vidrio
Point (94802.72818590000679251 98309.3714378000004217),Tuyuti 6668,Liniers,9,Los materiales deben estar lim,Papel / Cartón / Plástico / Metal / Vidrio
Point (94178.97733239999797661 98272.61999310000101104),Tuyuti 7162,Liniers,9,Los materiales deben estar lim,Papel / Cartón / Plástico / Metal / Vidrio
Point (94069.90884940000250936 97425.34168569999746978),Urien 7281,Liniers,9,Los materiales deben estar lim,Papel / Cartón / Plástico / Metal / Vidrio
Point (95329.57679859999916516 98984.83707239999785088),Yerbal 6291,Liniers,9,Los materiales deben estar lim,Papel / Cartón / Plástico / Metal / Vidrio
Point (96679.85622489999514073 95951.61424439999973401),Ca?ada De Gomez 2737,Mataderos,9,Los materiales deben estar lim,Papel / Cartón / Plástico / Metal / Vidrio
Point (96504.47073950000049081 96128.05311290000099689),Ca?ada De Gomez 2523,Mataderos,9,Los materiales deben estar lim,Papel / Cartón / Plástico / Metal / Vidrio
Point (95541.44669199999771081 97084.71344500000122935),Ca?ada De Gomez 1645,Mataderos,9,Los materiales deben estar lim,Papel / Cartón / Plástico / Metal / Vidrio
Point (96582.08000109999557026 98002.44181960000423715),Albari?o 977,Mataderos,9,Los materiales deben estar lim,Papel / Cartón / Plástico / Metal / Vidrio
Point (97988.36239140000543557 96679.66708410000137519),Albari?o 2305,Mataderos,9,Los materiales deben estar lim,Papel / Cartón / Plástico / Metal / Vidrio
Point (97693.60547540000698064 96957.47579559999576304),Albari?o 2051,Mataderos,9,Los materiales deben estar lim,Papel / Cartón / Plástico / Metal / Vidrio
Point (97567.35008530000050087 97082.15721550000307616),Albari?o 1931,Mataderos,9,Los materiales deben estar lim,Papel / Cartón / Plástico / Metal / Vidrio
Point (97355.23186099999293219 97277.10109539999393746),Albari?o 1713,Mataderos,9,Los materiales deben estar lim,Papel / Cartón / Plástico / Metal / Vidrio
Point (96736.61414790000708308 97903.89609460000065155),"Alberdi, Juan Bautista Av. 5391",Mataderos,9,Los materiales deben estar lim,Papel / Cartón / Plástico / Metal / Vidrio
Point (96564.90707359999942128 97712.09579979999398347),"Alberdi, Juan Bautista Av. 5629",Mataderos,9,Los materiales deben estar lim,Papel / Cartón / Plástico / Metal / Vidrio
Point (96156.8874154999939492 97256.81678090000059456),"Alberdi, Juan Bautista Av. 6143",Mataderos,9,Los materiales deben estar lim,Papel / Cartón / Plástico / Metal / Vidrio
Point (95991.75770889999694191 97109.62116150000656489),"Alberdi, Juan Bautista Av. 6375",Mataderos,9,Los materiales deben estar lim,Papel / Cartón / Plástico / Metal / Vidrio
Point (95857.40800549999403302 96991.00802740000654012),"Alberdi, Juan Bautista Av. 6539",Mataderos,9,Los materiales deben estar lim,Papel / Cartón / Plástico / Metal / Vidrio
Point (95650.54215829999884591 96817.8520898999995552),"Alberdi, Juan Bautista Av. 6805",Mataderos,9,Los materiales deben estar lim,Papel / Cartón / Plástico / Metal / Vidrio
Point (95470.7081806000060169 96659.12564450000354555),"Alberdi, Juan Bautista Av. 7054",Mataderos,9,Los materiales deben estar lim,Papel / Cartón / Plástico / Metal / Vidrio
Point (95276.12435169999662321 96546.82993789999454748),"Alberdi, Juan Bautista Av. 7247",Mataderos,9,Los materiales deben estar lim,Papel / Cartón / Plástico / Metal / Vidrio
Point (95186.96902119999867864 97126.02024959999835119),Andalgala 1527,Mataderos,9,Los materiales deben estar lim,Papel / Cartón / Plástico / Metal / Vidrio
Point (95314.5645477999933064 97004.16583509999327362),Andalgala 1653,Mataderos,9,Los materiales deben estar lim,Papel / Cartón / Plástico / Metal / Vidrio
Point (96037.99962109999614768 96300.83540890000585932),Andalgala 2287,Mataderos,9,Los materiales deben estar lim,Papel / Cartón / Plástico / Metal / Vidrio
Point (96303.28173960000276566 96032.92518619999464136),Andalgala 2489,Mataderos,9,Los materiales deben estar lim,Papel / Cartón / Plástico / Metal / Vidrio
Point (96407.36790599999949336 95936.71110790000238921),Andalgala 2591,Mataderos,9,Los materiales deben estar lim,Papel / Cartón / Plástico / Metal / Vidrio
Point (96924.55266570000094362 97962.93473490000178572),Araujo 1063,Mataderos,9,Los materiales deben estar lim,Papel / Cartón / Plástico / Metal / Vidrio
Point (97059.74228869999933522 97837.60050869999395218),Araujo 1179,Mataderos,9,Los materiales deben estar lim,Papel / Cartón / Plástico / Metal / Vidrio
Point (97220.11968639999395236 97689.05108720000134781),Araujo 1323,Mataderos,9,Los materiales deben estar lim,Papel / Cartón / Plástico / Metal / Vidrio
Point (97511.9305263999995077 97413.88649580000492278),Araujo 1651,Mataderos,9,Los materiales deben estar lim,Papel / Cartón / Plástico / Metal / Vidrio
Point (97690.96536139999807347 97243.84553839999716729),Araujo 1807,Mataderos,9,Los materiales deben estar lim,Papel / Cartón / Plástico / Metal / Vidrio
Point (97840.3866719999932684 97102.99667710000358056),Araujo 1949,Mataderos,9,Los materiales deben estar lim,Papel / Cartón / Plástico / Metal / Vidrio
Point (98207.3000367000058759 96757.5836466000037035),Araujo 2295,Mataderos,9,Los materiales deben estar lim,Papel / Cartón / Plástico / Metal / Vidrio
Point (96712.28417709999484941 98081.61283009999897331),Artigas Manuel De 5466,Mataderos,9,Los materiales deben estar lim,Papel / Cartón / Plástico / Metal / Vidrio
Point (96495.89941129999351688 97839.73402059999352787),Artigas Manuel De 5788,Mataderos,9,Los materiales deben estar lim,Papel / Cartón / Plástico / Metal / Vidrio
Point (96195.86015500000212342 97501.9915091000002576),Artigas Manuel De 6140,Mataderos,9,Los materiales deben estar lim,Papel / Cartón / Plástico / Metal / Vidrio
Point (96037.83964970000670291 97330.44113439999637194),Artigas Manuel De 6368,Mataderos,9,Los materiales deben estar lim,Papel / Cartón / Plástico / Metal / Vidrio
Point (95935.60002009999880102 97210.88993560000380967),Artigas Manuel De 6506,Mataderos,9,Los materiales deben estar lim,Papel / Cartón / Plástico / Metal / Vidrio
Point (95714.41153230000054464 96950.11697170000115875),Artigas Manuel De 6890,Mataderos,9,Los materiales deben estar lim,Papel / Cartón / Plástico / Metal / Vidrio
Point (97113.98761320000630803 97939.7238803999935044),Basualdo 1054,Mataderos,9,Los materiales deben estar lim,Papel / Cartón / Plástico / Metal / Vidrio
Point (97309.46432250000361819 97757.40252459999464918),Basualdo 1224,Mataderos,9,Los materiales deben estar lim,Papel / Cartón / Plástico / Metal / Vidrio
Point (97422.05096809999668039 97652.00602200000139419),Basualdo 1360,Mataderos,9,Los materiales deben estar lim,Papel / Cartón / Plástico / Metal / Vidrio
Point (97822.51556590000109281 97273.97054219999699853),Basualdo 1762,Mataderos,9,Los materiales deben estar lim,Papel / Cartón / Plástico / Metal / Vidrio
Point (98012.86450019999756478 97094.37048789999971632),Basualdo 1930,Mataderos,9,Los materiales deben estar lim,Papel / Cartón / Plástico / Metal / Vidrio
Point (96886.01935069999308325 98154.41900270000041928),Basualdo 860,Mataderos,9,Los materiales deben estar lim,Papel / Cartón / Plástico / Metal / Vidrio
Point (95212.81696250000095461 96219.62278930000320543),"Bianchi, Andres 7497",Mataderos,9,Los materiales deben estar lim,Papel / Cartón / Plástico / Metal / Vidrio
Point (97631.63415939999686088 96801.32260149999638088),"Bilbao, Francisco 5563",Mataderos,9,Los materiales deben estar lim,Papel / Cartón / Plástico / Metal / Vidrio
Point (97464.58539989999553654 96634.13203350000549108),"Bilbao, Francisco 5795",Mataderos,9,Los materiales deben estar lim,Papel / Cartón / Plástico / Metal / Vidrio
Point (96631.27947140000469517 97567.80481269999290816),Bragado 5690,Mataderos,9,Los materiales deben estar lim,Papel / Cartón / Plástico / Metal / Vidrio
Point (96501.81921830000646878 97435.02884109999286011),Bragado 5810,Mataderos,9,Los materiales deben estar lim,Papel / Cartón / Plástico / Metal / Vidrio
Point (96309.52534649999870453 97242.25507369999832008),Bragado 6054,Mataderos,9,Los materiales deben estar lim,Papel / Cartón / Plástico / Metal / Vidrio
Point (96153.68121749999409076 97084.25381160000688396),Bragado 6264,Mataderos,9,Los materiales deben estar lim,Papel / Cartón / Plástico / Metal / Vidrio
Point (95965.20565499999793246 96893.78705800000170711),Bragado 6540,Mataderos,9,Los materiales deben estar lim,Papel / Cartón / Plástico / Metal / Vidrio
Point (95739.37983920000260696 96664.95483360000071116),Bragado 6866,Mataderos,9,Los materiales deben estar lim,Papel / Cartón / Plástico / Metal / Vidrio
Point (95415.83973959999275394 96339.30694160000712145),Bragado 7292,Mataderos,9,Los materiales deben estar lim,Papel / Cartón / Plástico / Metal / Vidrio
Point (96461.38809589999436866 95767.34043759999622125),"Cardenas, Cnel. Av. 2707",Mataderos,9,Los materiales deben estar lim,Papel / Cartón / Plástico / Metal / Vidrio
Point (94960.46743000000424217 97213.98384990000340622),Carhue 1494,Mataderos,9,Los materiales deben estar lim,Papel / Cartón / Plástico / Metal / Vidrio
Point (95717.61378349999722559 96489.41958010000234935),Carhue 2180,Mataderos,9,Los materiales deben estar lim,Papel / Cartón / Plástico / Metal / Vidrio
Point (96283.69106329999340232 95920.73731490000500344),Carhue 2604,Mataderos,9,Los materiales deben estar lim,Papel / Cartón / Plástico / Metal / Vidrio
Point (96780.62958470000012312 98372.69257480000669602),"Castro, Emilio Av. 5203",Mataderos,9,Los materiales deben estar lim,Papel / Cartón / Plástico / Metal / Vidrio
Point (96539.96036490000551566 98235.6928881000058027),"Castro, Emilio Av. 5485",Mataderos,9,Los materiales deben estar lim,Papel / Cartón / Plástico / Metal / Vidrio
Point (95027.82947229999990668 97363.80321230000117794),"Castro, Emilio Av. 7046",Mataderos,9,Los materiales deben estar lim,Papel / Cartón / Plástico / Metal / Vidrio
Point (94754.42253539999364875 97226.19538869999814779),"Castro, Emilio Av. 7303",Mataderos,9,Los materiales deben estar lim,Papel / Cartón / Plástico / Metal / Vidrio
Point (97200.26391059999878053 97526.91778309999790508),Chascomus 5247,Mataderos,9,Los materiales deben estar lim,Papel / Cartón / Plástico / Metal / Vidrio
Point (96947.13048009999329224 97273.55285819999699015),Chascomus 5585,Mataderos,9,Los materiales deben estar lim,Papel / Cartón / Plástico / Metal / Vidrio
Point (96672.6395494000025792 96995.50046009999641683),Chascomus 5979,Mataderos,9,Los materiales deben estar lim,Papel / Cartón / Plástico / Metal / Vidrio
Point (96892.34210480000183452 97863.96760160000121687),Corvalan 1096,Mataderos,9,Los materiales deben estar lim,Papel / Cartón / Plástico / Metal / Vidrio
Point (97078.48979579999286216 97690.71652200000244193),Corvalan 1248,Mataderos,9,Los materiales deben estar lim,Papel / Cartón / Plástico / Metal / Vidrio
Point (97303.91515820000495296 97479.5672816000005696),Corvalan 1494,Mataderos,9,Los materiales deben estar lim,Papel / Cartón / Plástico / Metal / Vidrio
Point (97479.44244899999466725 97313.2242578000004869),Corvalan 1680,Mataderos,9,Los materiales deben estar lim,Papel / Cartón / Plástico / Metal / Vidrio
Point (97892.96271510000224225 96923.12010820000432432),Corvalan 2060,Mataderos,9,Los materiales deben estar lim,Papel / Cartón / Plástico / Metal / Vidrio
Point (98073.53102670000225771 96741.09175649999815505),Corvalan 2228,Mataderos,9,Los materiales deben estar lim,Papel / Cartón / Plástico / Metal / Vidrio
Point (96541.40072869999858085 98198.72809679999772925),Corvalan 762,Mataderos,9,Los materiales deben estar lim,Papel / Cartón / Plástico / Metal / Vidrio
Point (95908.36299930000677705 96594.53440319999936037),Cosquin 2106,Mataderos,9,Los materiales deben estar lim,Papel / Cartón / Plástico / Metal / Vidrio
Point (96074.46783500000310596 96427.36841880000429228),Cosquin 2256,Mataderos,9,Los materiales deben estar lim,Papel / Cartón / Plástico / Metal / Vidrio
Point (96594.13380169999436475 95902.33493519999319687),Cosquin 2706,Mataderos,9,Los materiales deben estar lim,Papel / Cartón / Plástico / Metal / Vidrio
Point (97074.35859459999483079 95854.70541140000568703),"De La Torre, Lisandro Av. 2885",Mataderos,9,Los materiales deben estar lim,Papel / Cartón / Plástico / Metal / Vidrio
Point (96114.54218040000705514 95820.35450460000720341),De Los Corrales Av. 7187,Mataderos,9,Los materiales deben estar lim,Papel / Cartón / Plástico / Metal / Vidrio
Point (97125.76895810000132769 97278.73460680000425782),Directorio Av. 5461,Mataderos,9,Los materiales deben estar lim,Papel / Cartón / Plástico / Metal / Vidrio
Point (97036.76404189999448135 97189.1699434000038309),Directorio Av. 5591,Mataderos,9,Los materiales deben estar lim,Papel / Cartón / Plástico / Metal / Vidrio
Point (96871.79119309999805409 97022.34966130000248086),Directorio Av. 5807,Mataderos,9,Los materiales deben estar lim,Papel / Cartón / Plástico / Metal / Vidrio
Point (96260.13461219999589957 96491.61395630000333767),Directorio Av. 6621,Mataderos,9,Los materiales deben estar lim,Papel / Cartón / Plástico / Metal / Vidrio
Point (95739.4577240999933565 95966.74486659999820404),Directorio Av. 7321,Mataderos,9,Los materiales deben estar lim,Papel / Cartón / Plástico / Metal / Vidrio
Point (95332.60592440000618808 97595.96868900000117719),Ercilla 6644,Mataderos,9,Los materiales deben estar lim,Papel / Cartón / Plástico / Metal / Vidrio
Point (94750.35397029999876395 96868.29517100000521168),Ercilla 7550,Mataderos,9,Los materiales deben estar lim,Papel / Cartón / Plástico / Metal / Vidrio
Point (98264.96508330000506248 97123.12291160000313539),Escalada Av. 1949,Mataderos,9,Los materiales deben estar lim,Papel / Cartón / Plástico / Metal / Vidrio
Point (98448.58351169999514241 96946.71692340000299737),Escalada Av. 2105,Mataderos,9,Los materiales deben estar lim,Papel / Cartón / Plástico / Metal / Vidrio
Point (96799.68614479999814648 97387.6947336000012001),Fonrouge 1560,Mataderos,9,Los materiales deben estar lim,Papel / Cartón / Plástico / Metal / Vidrio
Point (97385.6188825999997789 96832.87261710000166204),Fonrouge 2148,Mataderos,9,Los materiales deben estar lim,Papel / Cartón / Plástico / Metal / Vidrio
Point (97700.25411229999735951 96530.9393460999999661),Fonrouge 2450,Mataderos,9,Los materiales deben estar lim,Papel / Cartón / Plástico / Metal / Vidrio
Point (94890.71942409999610391 96851.65170610000495799),Fragata Cefiro 1702,Mataderos,9,Los materiales deben estar lim,Papel / Cartón / Plástico / Metal / Vidrio
Point (94729.95902409999689553 96997.75565279999864288),Fragata Hercules 1590,Mataderos,9,Los materiales deben estar lim,Papel / Cartón / Plástico / Metal / Vidrio
Point (95070.46605719999934081 96552.19023370000650175),Fragata Trinidad 2040,Mataderos,9,Los materiales deben estar lim,Papel / Cartón / Plástico / Metal / Vidrio
Point (96478.47877210000297055 98055.98029409999435302),"Garcia Grande De Zequeira, Sev 5635",Mataderos,9,Los materiales deben estar lim,Papel / Cartón / Plástico / Metal / Vidrio
Point (96263.19673250000050757 97806.88100599999597762),"Garcia Grande De Zequeira, Sev 5951",Mataderos,9,Los materiales deben estar lim,Papel / Cartón / Plástico / Metal / Vidrio
Point (96122.42186339999898337 97642.19626440000138246),"Garcia Grande De Zequeira, Sev 6121",Mataderos,9,Los materiales deben estar lim,Papel / Cartón / Plástico / Metal / Vidrio
Point (95912.3421498999960022 97402.94643290000385605),"Garcia Grande De Zequeira, Sev 6385",Mataderos,9,Los materiales deben estar lim,Papel / Cartón / Plástico / Metal / Vidrio
Point (95805.13049110000429209 97278.97855519999575336),"Garcia Grande De Zequeira, Sev 6539",Mataderos,9,Los materiales deben estar lim,Papel / Cartón / Plástico / Metal / Vidrio
Point (95681.10682400000223424 97131.44870940000691917),"Garcia Grande De Zequeira, Sev 6785",Mataderos,9,Los materiales deben estar lim,Papel / Cartón / Plástico / Metal / Vidrio
Point (95474.10417780000716448 96889.14205559999390971),"Garcia Grande De Zequeira, Sev 7093",Mataderos,9,Los materiales deben estar lim,Papel / Cartón / Plástico / Metal / Vidrio
Point (95291.2818598000012571 96662.2301385000027949),"Garcia Grande De Zequeira, Sev 7364",Mataderos,9,Los materiales deben estar lim,Papel / Cartón / Plástico / Metal / Vidrio
Point (95084.65922269999282435 96486.46807430000626482),"Garcia Grande De Zequeira, Sev 7580",Mataderos,9,Los materiales deben estar lim,Papel / Cartón / Plástico / Metal / Vidrio
Point (95015.28661340000689961 96444.42094500000530388),"Garcia Grande De Zequeira, Sev 7659",Mataderos,9,Los materiales deben estar lim,Papel / Cartón / Plástico / Metal / Vidrio
Point (96007.42810609999287408 95511.07733339999685995),Garzon Eugenio General 7487,Mataderos,9,Los materiales deben estar lim,Papel / Cartón / Plástico / Metal / Vidrio
Point (97373.91692350000084843 96942.20072579999396112),"Garzon, Eugenio, Gral. Av. 5628",Mataderos,9,Los materiales deben estar lim,Papel / Cartón / Plástico / Metal / Vidrio
Point (97238.91832630000135396 96802.93777360000240151),"Garzon, Eugenio, Gral. Av. 5810",Mataderos,9,Los materiales deben estar lim,Papel / Cartón / Plástico / Metal / Vidrio
Point (95275.04691499999898952 97444.07160569999541622),"Gordillo, Timoteo 1330",Mataderos,9,Los materiales deben estar lim,Papel / Cartón / Plástico / Metal / Vidrio
Point (96165.87719559999823105 96627.96102610000525601),"Gordillo, Timoteo 2210",Mataderos,9,Los materiales deben estar lim,Papel / Cartón / Plástico / Metal / Vidrio
Point (94904.01983989999280311 97118.32527620000473689),Guamini 1505,Mataderos,9,Los materiales deben estar lim,Papel / Cartón / Plástico / Metal / Vidrio
Point (96021.35724139999365434 96026.22114690000307746),Guamini 2487,Mataderos,9,Los materiales deben estar lim,Papel / Cartón / Plástico / Metal / Vidrio
Point (96308.50343090000387747 95738.01497930000186898),Guamini 2741,Mataderos,9,Los materiales deben estar lim,Papel / Cartón / Plástico / Metal / Vidrio
Point (96450.6145154999976512 95594.77045080000243615),Guamini 2905,Mataderos,9,Los materiales deben estar lim,Papel / Cartón / Plástico / Metal / Vidrio
Point (97266.00613829999929294 97927.11752909999631811),Guardia Nacional 1119,Mataderos,9,Los materiales deben estar lim,Papel / Cartón / Plástico / Metal / Vidrio
Point (97426.18534650000219699 97777.35597990000678692),Guardia Nacional 1293,Mataderos,9,Los materiales deben estar lim,Papel / Cartón / Plástico / Metal / Vidrio
Point (97645.1753513000003295 97572.52502129999629688),Guardia Nacional 1521,Mataderos,9,Los materiales deben estar lim,Papel / Cartón / Plástico / Metal / Vidrio
Point (97907.62278970000625122 97324.27842360000067856),Guardia Nacional 1791,Mataderos,9,Los materiales deben estar lim,Papel / Cartón / Plástico / Metal / Vidrio
Point (98001.52844189999450464 97247.6888831999967806),Guardia Nacional 1860,Mataderos,9,Los materiales deben estar lim,Papel / Cartón / Plástico / Metal / Vidrio
Point (98290.71080309999524616 96961.87753040000097826),Guardia Nacional 2119,Mataderos,9,Los materiales deben estar lim,Papel / Cartón / Plástico / Metal / Vidrio
Point (96821.41360499999427702 98351.44967380000161938),Guardia Nacional 739,Mataderos,9,Los materiales deben estar lim,Papel / Cartón / Plástico / Metal / Vidrio
Point (97058.77988669999467675 98120.83549880000646226),Guardia Nacional 951,Mataderos,9,Los materiales deben estar lim,Papel / Cartón / Plástico / Metal / Vidrio
Point (98106.9842140999971889 97041.63336760000674985),"Laferrere, Gregorio De 5088",Mataderos,9,Los materiales deben estar lim,Papel / Cartón / Plástico / Metal / Vidrio
Point (97851.93707339999673422 96786.49404400000639725),"Laferrere, Gregorio De 5416",Mataderos,9,Los materiales deben estar lim,Papel / Cartón / Plástico / Metal / Vidrio
Point (96876.43870450000395067 97173.3417879000044195),Larraya 1710,Mataderos,9,Los materiales deben estar lim,Papel / Cartón / Plástico / Metal / Vidrio
Point (97079.80779170000459999 96968.63570919999619946),Larraya 1949,Mataderos,9,Los materiales deben estar lim,Papel / Cartón / Plástico / Metal / Vidrio
Point (97740.19849450000037905 96345.36917459999676794),Larraya 2555,Mataderos,9,Los materiales deben estar lim,Papel / Cartón / Plástico / Metal / Vidrio
Point (96353.57984799999394454 97641.84905560000333935),Larrazabal Av. 1218,Mataderos,9,Los materiales deben estar lim,Papel / Cartón / Plástico / Metal / Vidrio
Point (96052.71373920000041835 97919.33665820000169333),Larrazabal Av. 911,Mataderos,9,Los materiales deben estar lim,Papel / Cartón / Plástico / Metal / Vidrio
Point (95550.76439070000196807 97693.45263860000704881),"Leguizamon, Martiniano 1140",Mataderos,9,Los materiales deben estar lim,Papel / Cartón / Plástico / Metal / Vidrio
Point (96774.02294840000104159 97693.67051949999586213),Miralla 1204,Mataderos,9,Los materiales deben estar lim,Papel / Cartón / Plástico / Metal / Vidrio
Point (97893.15067669999552891 96639.1393679000029806),Miralla 2296,Mataderos,9,Los materiales deben estar lim,Papel / Cartón / Plástico / Metal / Vidrio
Point (96288.37301539999316446 98153.36150430000270717),Miralla 740,Mataderos,9,Los materiales deben estar lim,Papel / Cartón / Plástico / Metal / Vidrio
Point (96373.85724899999331683 98070.78969920000236016),Miralla 822,Mataderos,9,Los materiales deben estar lim,Papel / Cartón / Plástico / Metal / Vidrio
Point (96986.03001960000256076 95712.10486269999819342),Monte 6664,Mataderos,9,Los materiales deben estar lim,Papel / Cartón / Plástico / Metal / Vidrio
Point (96834.62227490000077523 95546.17895879999559838),Monte 6874,Mataderos,9,Los materiales deben estar lim,Papel / Cartón / Plástico / Metal / Vidrio
Point (94842.21077469999727327 97038.76805369999783579),Montiel 1606,Mataderos,9,Los materiales deben estar lim,Papel / Cartón / Plástico / Metal / Vidrio
Point (95435.08298249999643303 96481.78720510000130162),Montiel 2160,Mataderos,9,Los materiales deben estar lim,Papel / Cartón / Plástico / Metal / Vidrio
Point (95656.61975810000149067 96259.32222109999565873),Montiel 2350,Mataderos,9,Los materiales deben estar lim,Papel / Cartón / Plástico / Metal / Vidrio
Point (96385.6832293000043137 95525.96753559999342542),Montiel 3006,Mataderos,9,Los materiales deben estar lim,Papel / Cartón / Plástico / Metal / Vidrio
Point (95733.97174639999866486 97663.48944269999628887),Murguiondo 1171,Mataderos,9,Los materiales deben estar lim,Papel / Cartón / Plástico / Metal / Vidrio
Point (96658.96296429999347311 96790.00641309999627993),Murguiondo 2105,Mataderos,9,Los materiales deben estar lim,Papel / Cartón / Plástico / Metal / Vidrio
Point (95846.55443479999667034 97790.33635850000428036),Oliden 1080,Mataderos,9,Los materiales deben estar lim,Papel / Cartón / Plástico / Metal / Vidrio
Point (96287.01309170000604354 97345.07065619999775663),Oliden 1506,Mataderos,9,Los materiales deben estar lim,Papel / Cartón / Plástico / Metal / Vidrio
Point (96608.37044220000097994 97191.4636093000008259),Pieres 1557,Mataderos,9,Los materiales deben estar lim,Papel / Cartón / Plástico / Metal / Vidrio
Point (96985.59186790000239853 96819.64845550000609364),Pieres 1995,Mataderos,9,Los materiales deben estar lim,Papel / Cartón / Plástico / Metal / Vidrio
Point (96003.0698872999928426 97802.39171840000199154),Pieres 953,Mataderos,9,Los materiales deben estar lim,Papel / Cartón / Plástico / Metal / Vidrio
Point (95734.26367000000027474 97593.78510429999732878),Pizarro 6360,Mataderos,9,Los materiales deben estar lim,Papel / Cartón / Plástico / Metal / Vidrio
Point (95571.69865370000479743 97404.43367169999692123),Pizarro 6604,Mataderos,9,Los materiales deben estar lim,Papel / Cartón / Plástico / Metal / Vidrio
Point (95490.00481359999685083 97309.19990690000122413),Pizarro 6752,Mataderos,9,Los materiales deben estar lim,Papel / Cartón / Plástico / Metal / Vidrio
Point (95362.87470820000453386 97160.27146190000348724),Pizarro 6954,Mataderos,9,Los materiales deben estar lim,Papel / Cartón / Plástico / Metal / Vidrio
Point (95221.10362789999635424 96994.94377189999795519),Pizarro 7190,Mataderos,9,Los materiales deben estar lim,Papel / Cartón / Plástico / Metal / Vidrio
Point (95124.99046050000470132 96892.22900039999512956),Pizarro 7315,Mataderos,9,Los materiales deben estar lim,Papel / Cartón / Plástico / Metal / Vidrio
Point (95006.67500509999808855 96763.8625536000035936),Pizarro 7467,Mataderos,9,Los materiales deben estar lim,Papel / Cartón / Plástico / Metal / Vidrio
Point (94849.54878420000022743 96578.83232719999796245),Pizarro 7680,Mataderos,9,Los materiales deben estar lim,Papel / Cartón / Plástico / Metal / Vidrio
Point (96382.18084210000233725 97908.62705939999432303),Pola 1009,Mataderos,9,Los materiales deben estar lim,Papel / Cartón / Plástico / Metal / Vidrio
Point (97760.71680320000450592 96610.19181730000127573),Pola 2345,Mataderos,9,Los materiales deben estar lim,Papel / Cartón / Plástico / Metal / Vidrio
Point (98286.55160209999303333 96810.69226569999591447),Primera Junta 5126,Mataderos,9,Los materiales deben estar lim,Papel / Cartón / Plástico / Metal / Vidrio
Point (97961.44918239999969956 96463.36035980000451673),Primera Junta 5579,Mataderos,9,Los materiales deben estar lim,Papel / Cartón / Plástico / Metal / Vidrio
Point (97357.76615130000573117 97166.09169119999569375),Remedios 5397,Mataderos,9,Los materiales deben estar lim,Papel / Cartón / Plástico / Metal / Vidrio
Point (97227.20086949999677017 97005.9669240999937756),Remedios 5596,Mataderos,9,Los materiales deben estar lim,Papel / Cartón / Plástico / Metal / Vidrio
Point (96979.07180879999941681 97469.10555110000132117),"Rodo, Jose E. 5406",Mataderos,9,Los materiales deben estar lim,Papel / Cartón / Plástico / Metal / Vidrio
Point (96718.08209189999615774 97206.59882030000153463),"Rodo, Jose E. 5814",Mataderos,9,Los materiales deben estar lim,Papel / Cartón / Plástico / Metal / Vidrio
Point (96497.73198169999523088 96984.51022280000324827),"Rodo, Jose E. 6084",Mataderos,9,Los materiales deben estar lim,Papel / Cartón / Plástico / Metal / Vidrio
Point (96103.16485190000094008 96587.39073630000348203),"Rodo, Jose E. 6660",Mataderos,9,Los materiales deben estar lim,Papel / Cartón / Plástico / Metal / Vidrio
Point (95978.12555579999752808 96461.30356220000248868),"Rodo, Jose E. 6836",Mataderos,9,Los materiales deben estar lim,Papel / Cartón / Plástico / Metal / Vidrio
Point (95796.9828440999990562 96277.97112279999419115),"Rodo, Jose E. 7096",Mataderos,9,Los materiales deben estar lim,Papel / Cartón / Plástico / Metal / Vidrio
Point (95649.94627390000096057 96128.31696480000391603),"Rodo, Jose E. 7294",Mataderos,9,Los materiales deben estar lim,Papel / Cartón / Plástico / Metal / Vidrio
Point (95496.6106084000057308 95972.45531669999763835),"Rodo, Jose E. 7486",Mataderos,9,Los materiales deben estar lim,Papel / Cartón / Plástico / Metal / Vidrio
Point (94588.30278230000112671 96908.69744380000338424),Saladillo 1411,Mataderos,9,Los materiales deben estar lim,Papel / Cartón / Plástico / Metal / Vidrio
Point (95208.78894090000540018 96346.30945499999506865),Saladillo 2080,Mataderos,9,Los materiales deben estar lim,Papel / Cartón / Plástico / Metal / Vidrio
Point (95405.20280820000334643 96168.87374219999765046),Saladillo 2270,Mataderos,9,Los materiales deben estar lim,Papel / Cartón / Plástico / Metal / Vidrio
Point (95943.16901690000668168 95675.86226779999560677),Saladillo 2686,Mataderos,9,Los materiales deben estar lim,Papel / Cartón / Plástico / Metal / Vidrio
Point (96110.50159679999342188 95522.51358579999941867),Saladillo 2846,Mataderos,9,Los materiales deben estar lim,Papel / Cartón / Plástico / Metal / Vidrio
Point (96370.44492569999420084 95285.16867329999513458),Saladillo 3106,Mataderos,9,Los materiales deben estar lim,Papel / Cartón / Plástico / Metal / Vidrio
Point (97653.96651499999279622 97018.33720619999803603),San Pedro 5396,Mataderos,9,Los materiales deben estar lim,Papel / Cartón / Plástico / Metal / Vidrio
Point (95519.74628930000471883 97565.06756739999400452),"Schmidl, Ulrico 6503",Mataderos,9,Los materiales deben estar lim,Papel / Cartón / Plástico / Metal / Vidrio
Point (95426.27626810000219848 97455.45740759999898728),"Schmidl, Ulrico 6691",Mataderos,9,Los materiales deben estar lim,Papel / Cartón / Plástico / Metal / Vidrio
Point (95239.22440649999771267 97238.24048720000428148),"Schmidl, Ulrico 6991",Mataderos,9,Los materiales deben estar lim,Papel / Cartón / Plástico / Metal / Vidrio
Point (94991.14433690000441857 96982.10396160000527743),"Schmidl, Ulrico 7345",Mataderos,9,Los materiales deben estar lim,Papel / Cartón / Plástico / Metal / Vidrio
Point (94782.42070040000544395 96769.04140319999714848),"Schmidl, Ulrico 7565",Mataderos,9,Los materiales deben estar lim,Papel / Cartón / Plástico / Metal / Vidrio
Point (95922.19062979999580421 95848.3710789000033401),"Suarez, Jose Leon 2609",Mataderos,9,Los materiales deben estar lim,Papel / Cartón / Plástico / Metal / Vidrio
Point (96078.59293879999313504 95674.63117720000445843),"Suarez, Jose Leon 2735",Mataderos,9,Los materiales deben estar lim,Papel / Cartón / Plástico / Metal / Vidrio
Point (96639.1847185999940848 95807.98308599999290891),"Suarez, Justo Antonio 6819",Mataderos,9,Los materiales deben estar lim,Papel / Cartón / Plástico / Metal / Vidrio
Point (97197.88745419999759179 97168.49615099999937229),Tandil 5491,Mataderos,9,Los materiales deben estar lim,Papel / Cartón / Plástico / Metal / Vidrio
Point (96363.10259680000308435 96313.91217029999825172),Tandil 6690,Mataderos,9,Los materiales deben estar lim,Papel / Cartón / Plástico / Metal / Vidrio
Point (96177.73395530000561848 96128.82477200000721496),Tandil 6920,Mataderos,9,Los materiales deben estar lim,Papel / Cartón / Plástico / Metal / Vidrio
Point (95837.61669579999579582 95788.9226174999930663),Tandil 7396,Mataderos,9,Los materiales deben estar lim,Papel / Cartón / Plástico / Metal / Vidrio
Point (96957.5568148000020301 97686.10621509999327827),Tapalque 5391,Mataderos,9,Los materiales deben estar lim,Papel / Cartón / Plástico / Metal / Vidrio
Point (96836.45751029999519233 97564.49543690000427887),Tapalque 5553,Mataderos,9,Los materiales deben estar lim,Papel / Cartón / Plástico / Metal / Vidrio
Point (96244.60145289999491069 96965.7755819000012707),Tapalque 6293,Mataderos,9,Los materiales deben estar lim,Papel / Cartón / Plástico / Metal / Vidrio
Point (96151.96224150000489317 96872.43100939999567345),Tapalque 6419,Mataderos,9,Los materiales deben estar lim,Papel / Cartón / Plástico / Metal / Vidrio
Point (96043.36411829999997281 96762.61148429999593645),Tapalque 6595,Mataderos,9,Los materiales deben estar lim,Papel / Cartón / Plástico / Metal / Vidrio
Point (96255.28061839999281801 97982.73638299999583978),Zelada 5845,Mataderos,9,Los materiales deben estar lim,Papel / Cartón / Plástico / Metal / Vidrio
Point (95948.1011962000047788 97642.83087309999973513),Zelada 6215,Mataderos,9,Los materiales deben estar lim,Papel / Cartón / Plástico / Metal / Vidrio
Point (95747.64970280000125058 97414.6719944999931613),Zelada 6493,Mataderos,9,Los materiales deben estar lim,Papel / Cartón / Plástico / Metal / Vidrio
Point (95569.69536889999289997 97210.84611319999385159),Zelada 6791,Mataderos,9,Los materiales deben estar lim,Papel / Cartón / Plástico / Metal / Vidrio
Point (95239.37787830000161193 96823.93505509999522474),Zelada 7295,Mataderos,9,Los materiales deben estar lim,Papel / Cartón / Plástico / Metal / Vidrio
Point (95082.24202530000184197 96641.46498999999312218),Zelada 7481,Mataderos,9,Los materiales deben estar lim,Papel / Cartón / Plástico / Metal / Vidrio
Point (107837.27057300000160467 101692.33111499999358784),Republica Bolivariana De Venezuela|825|pr3695,Monserrat,1,Los materiales deben estar lim,Papel / Cartón / Plástico / Metal / Vidrio
Point (108036.93311899999389425 101707.34513899999728892),Republica Bolivariana De Venezuela|681|pr3330,Monserrat,1,Los materiales deben estar lim,Papel / Cartón / Plástico / Metal / Vidrio
Point (107308.70565800000622403 101647.47269599999708589),Republica Bolivariana De Venezuela|1229|pr3192,Monserrat,1,Los materiales deben estar lim,Papel / Cartón / Plástico / Metal / Vidrio
Point (108466.51302399999985937 101739.56797000000369735),Republica Bolivariana De Venezuela |321|pr926|,Monserrat,1,Los materiales deben estar lim,Papel / Cartón / Plástico / Metal / Vidrio
Point (107269.99286499999288935 102153.23697699999320321),"Yrigoyen, Hipolito |1242|pr3270",Monserrat,1,Los materiales deben estar lim,Papel / Cartón / Plástico / Metal / Vidrio
Point (106968.7514660000015283 101621.44630900000629481),Republica Bolivariana De Venezuela|1491|pr3265,Monserrat,1,Los materiales deben estar lim,Papel / Cartón / Plástico / Metal / Vidrio
Point (107744.23594499999308027 101387.46851200000673998),Tacuari|723|pr3320,Monserrat,1,Los materiales deben estar lim,Papel / Cartón / Plástico / Metal / Vidrio
Point (107728.34130800000275485 101727.21734099999594036),Tacuari|459|pr3319,Monserrat,1,Los materiales deben estar lim,Papel / Cartón / Plástico / Metal / Vidrio
Point (106758.00955200000316836 101612.04502000000502449),Republica Bolivariana De Venezuela|1651|pr3120,Monserrat,1,Los materiales deben estar lim,Papel / Cartón / Plástico / Metal / Vidrio
Point (107689.23685699999623466 102185.09346699999878183),"Yrigoyen, Hipolito|914|pr3304",Monserrat,1,Los materiales deben estar lim,Papel / Cartón / Plástico / Metal / Vidrio
Point (106967.38603799999691546 101875.29522899999574292),Moreno|1491|pr3117,Monserrat,1,Los materiales deben estar lim,Papel / Cartón / Plástico / Metal / Vidrio
Point (107923.51543600000150036 101959.13615200000640471),Moreno|753|pr3297,Monserrat,1,Los materiales deben estar lim,Papel / Cartón / Plástico / Metal / Vidrio
Point (106773.62435300000652205 101862.88171499999589287),Moreno|1627|pr3189,Monserrat,1,Los materiales deben estar lim,Papel / Cartón / Plástico / Metal / Vidrio
Point (108396.96092800000042189 101994.58199700000113808),Moreno |391|pr4197|,Monserrat,1,Los materiales deben estar lim,Papel / Cartón / Plástico / Metal / Vidrio
Point (107937.87832000000344124 101572.28856299999461044),Mexico|746|pr3048,Monserrat,1,Los materiales deben estar lim,Papel / Cartón / Plástico / Metal / Vidrio
Point (108577.17996999999741092 101600.15734499999962281),Mexico|212|pr3311,Monserrat,1,Los materiales deben estar lim,Papel / Cartón / Plástico / Metal / Vidrio
Point (106872.14618399999744724 101514.99857599999813829),Mexico|1558|pr3194,Monserrat,1,Los materiales deben estar lim,Papel / Cartón / Plástico / Metal / Vidrio
Point (107216.20951499999500811 101527.17478499999560881),Mexico|1310|pr3121,Monserrat,1,Los materiales deben estar lim,Papel / Cartón / Plástico / Metal / Vidrio
Point (107590.88998900000296999 102027.18407699999806937),"Irigoyen, Bernardo De|220|pr3696",Monserrat,1,Los materiales deben estar lim,Papel / Cartón / Plástico / Metal / Vidrio
Point (107586.68809300000430085 102125.25112000000081025),"Irigoyen, Bernardo De|148|pr4178|",Monserrat,1,Los materiales deben estar lim,Papel / Cartón / Plástico / Metal / Vidrio
Point (107788.31942099999287166 101428.14836399999330752),Chile|870|pr3327,Monserrat,1,Los materiales deben estar lim,Papel / Cartón / Plástico / Metal / Vidrio
Point (107995.75099800000316463 101666.79162000000360422),Chacabuco|511|pr3539,Monserrat,1,Los materiales deben estar lim,Papel / Cartón / Plástico / Metal / Vidrio
Point (106860.10362300000269897 101726.15082300000358373),Belgrano Av.|1572|pr3191,Monserrat,1,Los materiales deben estar lim,Papel / Cartón / Plástico / Metal / Vidrio
Point (107107.15544600000430364 101746.95955299999332055),Belgrano Av.|1384|pr3190,Monserrat,1,Los materiales deben estar lim,Papel / Cartón / Plástico / Metal / Vidrio
Point (107325.58042800000112038 101765.35186300000350457),Belgrano Av.|1206|pr3246,Monserrat,1,Los materiales deben estar lim,Papel / Cartón / Plástico / Metal / Vidrio
Point (106923.66245000000344589 101997.51867099999799393),"Alsina, Adolfo|1542|pr3187",Monserrat,1,Los materiales deben estar lim,Papel / Cartón / Plástico / Metal / Vidrio
Point (108577.91707900000619702 102130.87154700000246521),"Alsina, Adolfo|208|pr3659|",Monserrat,1,Los materiales deben estar lim,Papel / Cartón / Plástico / Metal / Vidrio
Point (108412.34319699999468867 102117.546675999998115),"Alsina, Adolfo|360|pr3305",Monserrat,1,Los materiales deben estar lim,Papel / Cartón / Plástico / Metal / Vidrio
Point (107939.30498200000147335 102077.24197699999785982),"Alsina, Adolfo|664|pr3332",Monserrat,1,Los materiales deben estar lim,Papel / Cartón / Plástico / Metal / Vidrio
Point (108193.44886699999915436 102102.88572400000703055),"Alsina, Adolfo|540|pr3306",Monserrat,1,Los materiales deben estar lim,Papel / Cartón / Plástico / Metal / Vidrio
Point (95276.93474799999967217 101295.9167509999970207),Cervantes 2452,Monte Castro,10,Los materiales deben estar lim,Papel / Cartón / Plástico / Metal / Vidrio
Point (96282.81915609999850858 101999.12585399999807123),Baigorria 4249,Monte Castro,10,Los materiales deben estar lim,Papel / Cartón / Plástico / Metal / Vidrio
Point (95702.98770490000606515 101587.25996199999644887),Baigorria 4741,Monte Castro,10,Los materiales deben estar lim,Papel / Cartón / Plástico / Metal / Vidrio
Point (95415.10035350000543986 101371.56399900000542402),Baigorria 5011,Monte Castro,10,Los materiales deben estar lim,Papel / Cartón / Plástico / Metal / Vidrio
Point (95214.63125019999279175 101154.94135300000198185),Baigorria 5189,Monte Castro,10,Los materiales deben estar lim,Papel / Cartón / Plástico / Metal / Vidrio
Point (96114.27703660000406671 101879.59476300000096671),Baigorria 4405,Monte Castro,10,Los materiales deben estar lim,Papel / Cartón / Plástico / Metal / Vidrio
Point (96114.14837409999745432 100768.35625700000673532),Bermudez 1697,Monte Castro,10,Los materiales deben estar lim,Papel / Cartón / Plástico / Metal / Vidrio
Point (95959.03884039999684319 100662.58818700000119861),Cervantes 1736,Monte Castro,10,Los materiales deben estar lim,Papel / Cartón / Plástico / Metal / Vidrio
Point (96290.63543389999540523 101031.20188599999528378),Alcaraz 4757,Monte Castro,10,Los materiales deben estar lim,Papel / Cartón / Plástico / Metal / Vidrio
Point (96107.17407769999408629 100927.59731700000702403),Alcaraz 4911,Monte Castro,10,Los materiales deben estar lim,Papel / Cartón / Plástico / Metal / Vidrio
Point (95748.45780720000038855 100561.82039700000314042),Alcaraz 5231,Monte Castro,10,Los materiales deben estar lim,Papel / Cartón / Plástico / Metal / Vidrio
Point (95660.70940859999973327 101506.599833000000217),Allende 2680,Monte Castro,10,Los materiales deben estar lim,Papel / Cartón / Plástico / Metal / Vidrio
Point (97016.88900389999616891 101641.43560799999977462),Alvarez Jonte Av. 3915,Monte Castro,10,Los materiales deben estar lim,Papel / Cartón / Plástico / Metal / Vidrio
Point (96749.98683360000723042 101470.01865399999951478),Alvarez Jonte Av. 4179,Monte Castro,10,Los materiales deben estar lim,Papel / Cartón / Plástico / Metal / Vidrio
Point (96552.06943249999312684 101343.48934000000008382),Alvarez Jonte Av. 4381,Monte Castro,10,Los materiales deben estar lim,Papel / Cartón / Plástico / Metal / Vidrio
Point (96494.22226540000701789 101306.10984000000462402),Alvarez Jonte Av. 4413,Monte Castro,10,Los materiales deben estar lim,Papel / Cartón / Plástico / Metal / Vidrio
Point (96290.22142770000209566 101175.67657999999937601),Alvarez Jonte Av. 4609,Monte Castro,10,Los materiales deben estar lim,Papel / Cartón / Plástico / Metal / Vidrio
Point (96049.33773640000435989 101024.42623399999865796),Alvarez Jonte Av. 4837,Monte Castro,10,Los materiales deben estar lim,Papel / Cartón / Plástico / Metal / Vidrio
Point (95786.58849749999353662 100793.34056199999758974),Alvarez Jonte Av. 5111,Monte Castro,10,Los materiales deben estar lim,Papel / Cartón / Plástico / Metal / Vidrio
Point (95638.52544409999973141 100635.81562399999529589),Alvarez Jonte Av. 5237,Monte Castro,10,Los materiales deben estar lim,Papel / Cartón / Plástico / Metal / Vidrio
Point (96574.90666999999666587 101704.69141100000706501),Arregui 4191,Monte Castro,10,Los materiales deben estar lim,Papel / Cartón / Plástico / Metal / Vidrio
Point (96443.82399639999493957 101613.58717899999464862),Arregui 4305,Monte Castro,10,Los materiales deben estar lim,Papel / Cartón / Plástico / Metal / Vidrio
Point (96184.40912110000499524 101434.17525899999600369),Arregui 4553,Monte Castro,10,Los materiales deben estar lim,Papel / Cartón / Plástico / Metal / Vidrio
Point (95801.71283760000369512 101122.80035200000565965),Arregui 4951,Monte Castro,10,Los materiales deben estar lim,Papel / Cartón / Plástico / Metal / Vidrio
Point (95453.41539290000218898 100843.15112700000463519),Arregui 5217,Monte Castro,10,Los materiales deben estar lim,Papel / Cartón / Plástico / Metal / Vidrio
Point (95050.41113520000362769 100392.39201199999661185),Arregui 5681,Monte Castro,10,Los materiales deben estar lim,Papel / Cartón / Plástico / Metal / Vidrio
Point (94862.46396789999562316 100773.53020500000275206),Baigorria 5543,Monte Castro,10,Los materiales deben estar lim,Papel / Cartón / Plástico / Metal / Vidrio
Point (95959.52145169999857899 100447.34809600000153296),"Calderon De La Barca, Pedro 1525",Monte Castro,10,Los materiales deben estar lim,Papel / Cartón / Plástico / Metal / Vidrio
Point (97132.12022759999672417 101410.15824499999871477),"Gonzalez, Elpidio 3987",Monte Castro,10,Los materiales deben estar lim,Papel / Cartón / Plástico / Metal / Vidrio
Point (96974.29021809999539983 101244.57865399999718647),"Gonzalez, Elpidio 4175",Monte Castro,10,Los materiales deben estar lim,Papel / Cartón / Plástico / Metal / Vidrio
Point (96878.70138610000140034 101148.33067500000470318),"Gonzalez, Elpidio 4293",Monte Castro,10,Los materiales deben estar lim,Papel / Cartón / Plástico / Metal / Vidrio
Point (96663.44740269999601878 100950.42520300000614952),"Gonzalez, Elpidio 4529",Monte Castro,10,Los materiales deben estar lim,Papel / Cartón / Plástico / Metal / Vidrio
Point (96389.4333827999944333 100771.50084799999604002),"Gonzalez, Elpidio 4745",Monte Castro,10,Los materiales deben estar lim,Papel / Cartón / Plástico / Metal / Vidrio
Point (96140.773472100001527 100579.08295799999905284),"Gonzalez, Elpidio 4977",Monte Castro,10,Los materiales deben estar lim,Papel / Cartón / Plástico / Metal / Vidrio
Point (96692.8435851999965962 101311.56757899999502115),Gualeguaychu 1966,Monte Castro,10,Los materiales deben estar lim,Papel / Cartón / Plástico / Metal / Vidrio
Point (96597.27108320000115782 101415.32131299999309704),Gualeguaychu 2030,Monte Castro,10,Los materiales deben estar lim,Papel / Cartón / Plástico / Metal / Vidrio
Point (95172.12575849999848288 100377.36129899999650661),"Hugo, Victor 1525",Monte Castro,10,Los materiales deben estar lim,Papel / Cartón / Plástico / Metal / Vidrio
Point (94874.64818540000123903 100656.270304000005126),"Hugo, Victor 1831",Monte Castro,10,Los materiales deben estar lim,Papel / Cartón / Plástico / Metal / Vidrio
Point (94626.64863399999740068 100567.85393199999816716),Irigoyen 1815,Monte Castro,10,Los materiales deben estar lim,Papel / Cartón / Plástico / Metal / Vidrio
Point (96783.86399319999327417 101653.36729500000365078),Lascano 4044,Monte Castro,10,Los materiales deben estar lim,Papel / Cartón / Plástico / Metal / Vidrio
Point (96378.99232910000137053 101374.33565199999429751),Lascano 4466,Monte Castro,10,Los materiales deben estar lim,Papel / Cartón / Plástico / Metal / Vidrio
Point (96062.98228389999712817 101177.84987299999920651),Lascano 4738,Monte Castro,10,Los materiales deben estar lim,Papel / Cartón / Plástico / Metal / Vidrio
Point (95652.30297619999328163 100838.96268199999758508),Lascano 5136,Monte Castro,10,Los materiales deben estar lim,Papel / Cartón / Plástico / Metal / Vidrio
Point (95363.6299944000056712 100524.06018499999481719),Lascano 5416,Monte Castro,10,Los materiales deben estar lim,Papel / Cartón / Plástico / Metal / Vidrio
Point (95258.24404479999793693 100406.45064999999885913),Lascano 5548,Monte Castro,10,Los materiales deben estar lim,Papel / Cartón / Plástico / Metal / Vidrio
Point (95096.58292929999879561 100234.0481149999977788),Lascano 5736,Monte Castro,10,Los materiales deben estar lim,Papel / Cartón / Plástico / Metal / Vidrio
Point (95727.62301110000407789 100410.15702499999315478),Lope De Vega Av. 1531,Monte Castro,10,Los materiales deben estar lim,Papel / Cartón / Plástico / Metal / Vidrio
Point (95622.03141120000509545 100511.14125099999364465),Lope De Vega Av. 1651,Monte Castro,10,Los materiales deben estar lim,Papel / Cartón / Plástico / Metal / Vidrio
Point (95496.38248739999835379 100625.95441400000709109),Lope De Vega Av. 1783,Monte Castro,10,Los materiales deben estar lim,Papel / Cartón / Plástico / Metal / Vidrio
Point (95426.08775390000664629 100674.45409299999300856),Lope De Vega Av. 1838,Monte Castro,10,Los materiales deben estar lim,Papel / Cartón / Plástico / Metal / Vidrio
Point (95283.35918980000133161 100806.94311199999356177),Lope De Vega Av. 1992,Monte Castro,10,Los materiales deben estar lim,Papel / Cartón / Plástico / Metal / Vidrio
Point (95133.6723037000047043 100962.24257299999590032),Lope De Vega Av. 2145,Monte Castro,10,Los materiales deben estar lim,Papel / Cartón / Plástico / Metal / Vidrio
Point (96970.52316860000428278 101429.37457699999504257),Miranda 4074,Monte Castro,10,Los materiales deben estar lim,Papel / Cartón / Plástico / Metal / Vidrio
Point (96813.70059189999301452 101271.95550599999842234),Miranda 4258,Monte Castro,10,Los materiales deben estar lim,Papel / Cartón / Plástico / Metal / Vidrio
Point (96378.48886019999918062 100924.12116799999785144),Miranda 4718,Monte Castro,10,Los materiales deben estar lim,Papel / Cartón / Plástico / Metal / Vidrio
Point (95934.95614389999536797 100524.04670599999371916),Miranda 5180,Monte Castro,10,Los materiales deben estar lim,Papel / Cartón / Plástico / Metal / Vidrio
Point (95896.10996139999770094 101665.48079200000211131),"Paz, Marcos 2674",Monte Castro,10,Los materiales deben estar lim,Papel / Cartón / Plástico / Metal / Vidrio
Point (96694.76619870000286028 101933.37744199999724515),Santo Tome 3997,Monte Castro,10,Los materiales deben estar lim,Papel / Cartón / Plástico / Metal / Vidrio
Point (96474.74694959999760613 101779.24531199999910314),Santo Tome 4215,Monte Castro,10,Los materiales deben estar lim,Papel / Cartón / Plástico / Metal / Vidrio
Point (96227.57687730000179727 101607.47189000000071246),Santo Tome 4451,Monte Castro,10,Los materiales deben estar lim,Papel / Cartón / Plástico / Metal / Vidrio
Point (95984.01870329999655951 101442.60486700000183191),Santo Tome 4655,Monte Castro,10,Los materiales deben estar lim,Papel / Cartón / Plástico / Metal / Vidrio
Point (95759.07261099999595899 101293.17481100000441074),Santo Tome 4873,Monte Castro,10,Los materiales deben estar lim,Papel / Cartón / Plástico / Metal / Vidrio
Point (95568.84904430000460707 101138.82649599999422207),Santo Tome 5053,Monte Castro,10,Los materiales deben estar lim,Papel / Cartón / Plástico / Metal / Vidrio
Point (95499.03589210000063758 101064.59055500000249594),Santo Tome 5115,Monte Castro,10,Los materiales deben estar lim,Papel / Cartón / Plástico / Metal / Vidrio
Point (95334.85562469999422319 100891.0307699999975739),Santo Tome 5243,Monte Castro,10,Los materiales deben estar lim,Papel / Cartón / Plástico / Metal / Vidrio
Point (94902.12589189999562223 100416.03857900000002701),Santo Tome 5736,Monte Castro,10,Los materiales deben estar lim,Papel / Cartón / Plástico / Metal / Vidrio
Point (96558.68241490000218619 102024.40476699999999255),"Sastre, Marcos 4044",Monte Castro,10,Los materiales deben estar lim,Papel / Cartón / Plástico / Metal / Vidrio
Point (96419.55898919999890495 101924.13467600000149105),"Sastre, Marcos 4200",Monte Castro,10,Los materiales deben estar lim,Papel / Cartón / Plástico / Metal / Vidrio
Point (95604.32662609999533743 101329.22819900000467896),"Sastre, Marcos 4952",Monte Castro,10,Los materiales deben estar lim,Papel / Cartón / Plástico / Metal / Vidrio
Point (95025.07813160000659991 100751.53195800000685267),"Sastre, Marcos 5468",Monte Castro,10,Los materiales deben estar lim,Papel / Cartón / Plástico / Metal / Vidrio
Point (94820.50909259999752976 100531.63408699999854434),"Sastre, Marcos 5710",Monte Castro,10,Los materiales deben estar lim,Papel / Cartón / Plástico / Metal / Vidrio
Point (96640.94297129999904428 101018.57303699999465607),Segurola Av. 1756,Monte Castro,10,Los materiales deben estar lim,Papel / Cartón / Plástico / Metal / Vidrio
Point (96485.78983759999391623 101169.45051100000273436),Segurola Av. 1950,Monte Castro,10,Los materiales deben estar lim,Papel / Cartón / Plástico / Metal / Vidrio
Point (96354.15418019999924581 101313.3708139999944251),Segurola Av. 2066,Monte Castro,10,Los materiales deben estar lim,Papel / Cartón / Plástico / Metal / Vidrio
Point (96201.07042970000475179 101506.54574800000409596),Segurola Av. 2248,Monte Castro,10,Los materiales deben estar lim,Papel / Cartón / Plástico / Metal / Vidrio
Point (96015.90595960000064224 101740.50112600000284147),Segurola Av. 2460,Monte Castro,10,Los materiales deben estar lim,Papel / Cartón / Plástico / Metal / Vidrio
Point (95074.72209559999464545 100831.12137500000244472),Virgilio 1911,Monte Castro,10,Los materiales deben estar lim,Papel / Cartón / Plástico / Metal / Vidrio
Point (103513.90117199999804143 98378.02164029999403283),Gual 2381,Nueva Pompeya,4,Los materiales deben estar lim,Papel / Cartón / Plástico / Metal / Vidrio
Point (103829.51449899999715853 98063.02384409999649506),Gual 2679,Nueva Pompeya,4,Los materiales deben estar lim,Papel / Cartón / Plástico / Metal / Vidrio
Point (104322.66547100000025239 97810.24408319999929518),Saenz Av. 790,Nueva Pompeya,4,Los materiales deben estar lim,Papel / Cartón / Plástico / Metal / Vidrio
Point (103251.01135000000067521 98340.64344810000329744),Del Ba?ado 2353,Nueva Pompeya,4,Los materiales deben estar lim,Papel / Cartón / Plástico / Metal / Vidrio
Point (103219.0591370000038296 98494.8551378999982262),Del Ba?ado 2247,Nueva Pompeya,4,Los materiales deben estar lim,Papel / Cartón / Plástico / Metal / Vidrio
Point (104510.44346799999766517 98526.46741810000094119),Achala 3561,Nueva Pompeya,4,Los materiales deben estar lim,Papel / Cartón / Plástico / Metal / Vidrio
Point (104396.63310099999944214 98557.35113060000003316),Achala 3675,Nueva Pompeya,4,Los materiales deben estar lim,Papel / Cartón / Plástico / Metal / Vidrio
Point (103961.35638399999879766 98256.43110719999822322),Alagon 444,Nueva Pompeya,4,Los materiales deben estar lim,Papel / Cartón / Plástico / Metal / Vidrio
Point (104520.83662400000321213 97110.94182269999873824),"Alcorta, Amancio Av. 3881",Nueva Pompeya,4,Los materiales deben estar lim,Papel / Cartón / Plástico / Metal / Vidrio
Point (104460.01361900000483729 98132.20693509999546222),Almafuerte Av. 726,Nueva Pompeya,4,Los materiales deben estar lim,Papel / Cartón / Plástico / Metal / Vidrio
Point (103627.22785300000396091 98176.61785049999889452),"Arbeletche, Anibal P. 1052",Nueva Pompeya,4,Los materiales deben estar lim,Papel / Cartón / Plástico / Metal / Vidrio
Point (103734.5132140000059735 97479.5468780999945011),Barco Centenera Del 3132,Nueva Pompeya,4,Los materiales deben estar lim,Papel / Cartón / Plástico / Metal / Vidrio
Point (104043.83323899999959394 97209.35001320000446867),Barco Centenera Del 3436,Nueva Pompeya,4,Los materiales deben estar lim,Papel / Cartón / Plástico / Metal / Vidrio
Point (104255.5023910000018077 96959.5092919000016991),Barco Centenera Del 3599,Nueva Pompeya,4,Los materiales deben estar lim,Papel / Cartón / Plástico / Metal / Vidrio
Point (102852.69668799999635667 98033.73730100000102539),"Barros Pazos, Jose 1809",Nueva Pompeya,4,Los materiales deben estar lim,Papel / Cartón / Plástico / Metal / Vidrio
Point (105311.8802410000062082 97365.21628469999996014),"Bonavena, Oscar Natalio 1330",Nueva Pompeya,4,Los materiales deben estar lim,Papel / Cartón / Plástico / Metal / Vidrio
Point (104430.85381400000187568 96890.83171680000668857),"Cabred, Domingo, Dr. 4744",Nueva Pompeya,4,Los materiales deben estar lim,Papel / Cartón / Plástico / Metal / Vidrio
Point (104744.15978200000245124 97627.35863060000701807),Cachi 697,Nueva Pompeya,4,Los materiales deben estar lim,Papel / Cartón / Plástico / Metal / Vidrio
Point (103289.93562800000654534 96919.84180549999291543),Charrua 3293,Nueva Pompeya,4,Los materiales deben estar lim,Papel / Cartón / Plástico / Metal / Vidrio
Point (103843.12508300000627059 98608.67968489999475423),Chiclana Av. 4156,Nueva Pompeya,4,Los materiales deben estar lim,Papel / Cartón / Plástico / Metal / Vidrio
Point (103548.83977200000663288 98570.68596360000083223),"Chilavert, Martiniano, Coronel 1155",Nueva Pompeya,4,Los materiales deben estar lim,Papel / Cartón / Plástico / Metal / Vidrio
Point (103138.4536800000059884 98111.84818279999308288),"Chilavert, Martiniano, Coronel 1642",Nueva Pompeya,4,Los materiales deben estar lim,Papel / Cartón / Plástico / Metal / Vidrio
Point (102936.60743099999672268 97906.29315890000725631),"Chilavert, Martiniano, Coronel 1840",Nueva Pompeya,4,Los materiales deben estar lim,Papel / Cartón / Plástico / Metal / Vidrio
Point (104393.73042700000223704 97103.0931886000034865),"Colmo, Alfredo 3950",Nueva Pompeya,4,Los materiales deben estar lim,Papel / Cartón / Plástico / Metal / Vidrio
Point (103253.87536000000545755 97000.36978029999590944),Condor 1978,Nueva Pompeya,4,Los materiales deben estar lim,Papel / Cartón / Plástico / Metal / Vidrio
Point (103355.6099640000029467 97475.08580760000040755),Corrales 1664,Nueva Pompeya,4,Los materiales deben estar lim,Papel / Cartón / Plástico / Metal / Vidrio
Point (103131.65660899999784306 97216.04401209999923594),Corrales 1972,Nueva Pompeya,4,Los materiales deben estar lim,Papel / Cartón / Plástico / Metal / Vidrio
Point (103222.05992699999478646 97357.34672459999273997),Crespo 2991,Nueva Pompeya,4,Los materiales deben estar lim,Papel / Cartón / Plástico / Metal / Vidrio
Point (103554.58050500000535976 97070.07256450000568293),Crespo 3395,Nueva Pompeya,4,Los materiales deben estar lim,Papel / Cartón / Plástico / Metal / Vidrio
Point (102967.21236299999873154 98478.27315160000580363),Daract Av. 2107,Nueva Pompeya,4,Los materiales deben estar lim,Papel / Cartón / Plástico / Metal / Vidrio
Point (102998.60707600000023376 98297.5700663000025088),Daract Av. 2271,Nueva Pompeya,4,Los materiales deben estar lim,Papel / Cartón / Plástico / Metal / Vidrio
Point (104177.55528299999423325 98218.69336049999401439),Del Tigre 4050,Nueva Pompeya,4,Los materiales deben estar lim,Papel / Cartón / Plástico / Metal / Vidrio
Point (103550.67912800000340212 98673.94486649999453221),Drumond 2251,Nueva Pompeya,4,Los materiales deben estar lim,Papel / Cartón / Plástico / Metal / Vidrio
Point (104922.30540199999813922 96892.09131980000529438),"Einstein, Alberto 1068",Nueva Pompeya,4,Los materiales deben estar lim,Papel / Cartón / Plástico / Metal / Vidrio
Point (104811.65692599999601953 97149.95177420000254642),"Einstein, Alberto 856",Nueva Pompeya,4,Los materiales deben estar lim,Papel / Cartón / Plástico / Metal / Vidrio
Point (103216.40102000000479165 97239.47253030000138097),Erezcano 3040,Nueva Pompeya,4,Los materiales deben estar lim,Papel / Cartón / Plástico / Metal / Vidrio
Point (103446.27140599999984261 97041.38888509999378584),Erezcano 3334,Nueva Pompeya,4,Los materiales deben estar lim,Papel / Cartón / Plástico / Metal / Vidrio
Point (103559.81634799999301322 96943.74384340000688098),Erezcano 3462,Nueva Pompeya,4,Los materiales deben estar lim,Papel / Cartón / Plástico / Metal / Vidrio
Point (103341.38123899999482092 98073.05985059999511577),"Fernandez De La Cruz, F., Gral. Av. 1310",Nueva Pompeya,4,Los materiales deben estar lim,Papel / Cartón / Plástico / Metal / Vidrio
Point (103039.95757899999443907 97506.12058620000607334),Itaqui 1802,Nueva Pompeya,4,Los materiales deben estar lim,Papel / Cartón / Plástico / Metal / Vidrio
Point (102818.93296299999929033 97279.827056399997673),Itaqui 2160,Nueva Pompeya,4,Los materiales deben estar lim,Papel / Cartón / Plástico / Metal / Vidrio
Point (103804.08895000000484288 98367.36123100000259001),La Plata Av. 2506,Nueva Pompeya,4,Los materiales deben estar lim,Papel / Cartón / Plástico / Metal / Vidrio
Point (103955.06963399999949615 98156.3304167000023881),La Plata Av. 2678,Nueva Pompeya,4,Los materiales deben estar lim,Papel / Cartón / Plástico / Metal / Vidrio
Point (104249.29147100000409409 97915.70432580000488088),La Plata Av. 2948,Nueva Pompeya,4,Los materiales deben estar lim,Papel / Cartón / Plástico / Metal / Vidrio
Point (103074.16046600000117905 98615.91626699999324046),Lanza 2132,Nueva Pompeya,4,Los materiales deben estar lim,Papel / Cartón / Plástico / Metal / Vidrio
Point (103109.3490449999953853 98443.07751180000195745),Lanza 2284,Nueva Pompeya,4,Los materiales deben estar lim,Papel / Cartón / Plástico / Metal / Vidrio
Point (103148.92657700000563636 98266.64798239999799989),Lanza 2398,Nueva Pompeya,4,Los materiales deben estar lim,Papel / Cartón / Plástico / Metal / Vidrio
Point (104085.13992400000279304 97596.06165069999406114),"Luppi, Abraham J. 1038",Nueva Pompeya,4,Los materiales deben estar lim,Papel / Cartón / Plástico / Metal / Vidrio
Point (104474.96486399999412242 97365.10067770000023302),Lynch 3840,Nueva Pompeya,4,Los materiales deben estar lim,Papel / Cartón / Plástico / Metal / Vidrio
Point (105204.40233700000680983 97496.20146120000572409),"Magnaud, Juez 1222",Nueva Pompeya,4,Los materiales deben estar lim,Papel / Cartón / Plástico / Metal / Vidrio
Point (102925.79281199999968521 97358.6640317999990657),Matanza 2810,Nueva Pompeya,4,Los materiales deben estar lim,Papel / Cartón / Plástico / Metal / Vidrio
Point (102846.46197200000460725 98069.48374650000187103),Mom 2383,Nueva Pompeya,4,Los materiales deben estar lim,Papel / Cartón / Plástico / Metal / Vidrio
Point (103081.53416900000593159 97846.63819559999683406),Mom 2597,Nueva Pompeya,4,Los materiales deben estar lim,Papel / Cartón / Plástico / Metal / Vidrio
Point (103678.87589799999841489 97327.35402939999767113),Mom 3203,Nueva Pompeya,4,Los materiales deben estar lim,Papel / Cartón / Plástico / Metal / Vidrio
Point (103911.31578800000716001 97123.66641269999672659),Mom 3503,Nueva Pompeya,4,Los materiales deben estar lim,Papel / Cartón / Plástico / Metal / Vidrio
Point (105008.43501699999615084 97770.69397379999281839),"Moreno, Perito Av. 197",Nueva Pompeya,4,Los materiales deben estar lim,Papel / Cartón / Plástico / Metal / Vidrio
Point (104164.61888399999588728 97725.42247720000159461),"Moreno, Perito Av. 815",Nueva Pompeya,4,Los materiales deben estar lim,Papel / Cartón / Plástico / Metal / Vidrio
Point (104556.52760299999499694 97280.09446069999830797),"Ochoa, Enrique 675",Nueva Pompeya,4,Los materiales deben estar lim,Papel / Cartón / Plástico / Metal / Vidrio
Point (104122.4794090000068536 98452.09791989999939688),"Pagola, Cnel. 3968",Nueva Pompeya,4,Los materiales deben estar lim,Papel / Cartón / Plástico / Metal / Vidrio
Point (105238.88918899999407586 97072.85907570000563283),Pepiri 1511,Nueva Pompeya,4,Los materiales deben estar lim,Papel / Cartón / Plástico / Metal / Vidrio
Point (103995.910900999995647 98273.58453019999433309),Pirovano 409,Nueva Pompeya,4,Los materiales deben estar lim,Papel / Cartón / Plástico / Metal / Vidrio
Point (104487.85196499999437947 98805.37839460000395775),"Pomar, Gregorio Tte. Cnel. 3605",Nueva Pompeya,4,Los materiales deben estar lim,Papel / Cartón / Plástico / Metal / Vidrio
Point (104024.8238089999940712 98703.47948999999789521),"Pomar, Gregorio Tte. Cnel. 4095",Nueva Pompeya,4,Los materiales deben estar lim,Papel / Cartón / Plástico / Metal / Vidrio
Point (104212.50334999999904539 98066.52557230000093114),Quilmes 640,Nueva Pompeya,4,Los materiales deben estar lim,Papel / Cartón / Plástico / Metal / Vidrio
Point (104271.32344700000248849 98727.59191059999284334),Raulet 113,Nueva Pompeya,4,Los materiales deben estar lim,Papel / Cartón / Plástico / Metal / Vidrio
Point (104804.40887499999371357 97003.13659379999444354),Rio Cuarto 4445,Nueva Pompeya,4,Los materiales deben estar lim,Papel / Cartón / Plástico / Metal / Vidrio
Point (103272.14142600000195671 97581.85476669999479782),"Rivera, Fructuoso, General 1653",Nueva Pompeya,4,Los materiales deben estar lim,Papel / Cartón / Plástico / Metal / Vidrio
Point (104587.15345600000000559 96913.34135459999379236),Romero 986,Nueva Pompeya,4,Los materiales deben estar lim,Papel / Cartón / Plástico / Metal / Vidrio
Point (104334.48117299999285024 98906.7025327000010293),Saenz Av. 20,Nueva Pompeya,4,Los materiales deben estar lim,Papel / Cartón / Plástico / Metal / Vidrio
Point (104312.56260099999781232 98313.10750650000409223),Saenz Av. 423,Nueva Pompeya,4,Los materiales deben estar lim,Papel / Cartón / Plástico / Metal / Vidrio
Point (103860.50059100000362378 97394.05884440000227187),Santa Catalina 1394,Nueva Pompeya,4,Los materiales deben estar lim,Papel / Cartón / Plástico / Metal / Vidrio
Point (103540.98561800000607036 97501.63865039999654982),Tabare 1471,Nueva Pompeya,4,Los materiales deben estar lim,Papel / Cartón / Plástico / Metal / Vidrio
Point (104942.02211099999840371 97573.43964890000643209),"Taborda, Diogenes 1032",Nueva Pompeya,4,Los materiales deben estar lim,Papel / Cartón / Plástico / Metal / Vidrio
Point (104871.63291400000161957 97817.86843489999591839),"Taborda, Diogenes 928",Nueva Pompeya,4,Los materiales deben estar lim,Papel / Cartón / Plástico / Metal / Vidrio
Point (103334.18237100000260398 98483.79385400000319351),Tilcara 2271,Nueva Pompeya,4,Los materiales deben estar lim,Papel / Cartón / Plástico / Metal / Vidrio
Point (103352.01507999999739695 98398.87025429999630433),Tilcara 2331,Nueva Pompeya,4,Los materiales deben estar lim,Papel / Cartón / Plástico / Metal / Vidrio
Point (103471.18254399999568705 98116.09665779999340884),Tilcara 2565,Nueva Pompeya,4,Los materiales deben estar lim,Papel / Cartón / Plástico / Metal / Vidrio
Point (104067.84399999999732245 97492.97452639999391977),Tilcara 3109,Nueva Pompeya,4,Los materiales deben estar lim,Papel / Cartón / Plástico / Metal / Vidrio
Point (103771.55644499999471009 97807.20533359999535605),Tilcara Av. 2869,Nueva Pompeya,4,Los materiales deben estar lim,Papel / Cartón / Plástico / Metal / Vidrio
Point (103925.81806600000709295 97646.49570189999940339),Tilcara Av. 3001,Nueva Pompeya,4,Los materiales deben estar lim,Papel / Cartón / Plástico / Metal / Vidrio
Point (105118.17017300000588875 97678.85735819999536034),Traful 3369,Nueva Pompeya,4,Los materiales deben estar lim,Papel / Cartón / Plástico / Metal / Vidrio
Point (104467.85719300000346266 97486.47498400000040419),Traful 3820,Nueva Pompeya,4,Los materiales deben estar lim,Papel / Cartón / Plástico / Metal / Vidrio
Point (104420.04219700000248849 98648.9234602999931667),Uspallata 3680,Nueva Pompeya,4,Los materiales deben estar lim,Papel / Cartón / Plástico / Metal / Vidrio
Point (104019.70392299999366514 98559.8065513000037754),Uspallata 4014,Nueva Pompeya,4,Los materiales deben estar lim,Papel / Cartón / Plástico / Metal / Vidrio
Point (103694.12019899999722838 97749.96526250000169966),"Valle, J.j., Gral. Div. 2850",Nueva Pompeya,4,Los materiales deben estar lim,Papel / Cartón / Plástico / Metal / Vidrio
Point (103468.87055799999507144 97286.39278209999611136),"Vedia, Agustin De 3190",Nueva Pompeya,4,Los materiales deben estar lim,Papel / Cartón / Plástico / Metal / Vidrio
Point (103645.28590699999767821 97132.05000770000333432),"Vedia, Agustin De 3404",Nueva Pompeya,4,Los materiales deben estar lim,Papel / Cartón / Plástico / Metal / Vidrio
Point (103718.48722900000575464 97068.4376948999997694),"Vedia, Agustin De 3502",Nueva Pompeya,4,Los materiales deben estar lim,Papel / Cartón / Plástico / Metal / Vidrio
Point (104594.0550820000062231 97657.99430599999323022),Ventana 3706,Nueva Pompeya,4,Los materiales deben estar lim,Papel / Cartón / Plástico / Metal / Vidrio
Point (104222.41706199999316595 98948.82719559999532066),Castro Barros 2233,Nueva Pompeya,4,Los materiales deben estar lim,Papel / Cartón / Plástico / Metal / Vidrio
Point (102843.4565359999978682 98335.96845939999911934),Salvigny 1502,Nueva Pompeya,4,Los materiales deben estar lim,Papel / Cartón / Plástico / Metal / Vidrio
Point (99867.37223979999544099 109887.88835900000412948),Correa 1620,Nuñez,13,Los materiales deben estar lim,Papel / Cartón / Plástico / Metal / Vidrio
Point (99797.69330070000432897 109845.17417100000602659),Correa 1712,Nuñez,13,Los materiales deben estar lim,Papel / Cartón / Plástico / Metal / Vidrio
Point (99984.538205899996683 108615.858793000006699),Cuba 3122,Nuñez,13,Los materiales deben estar lim,Papel / Cartón / Plástico / Metal / Vidrio
Point (99852.03573089999554213 108833.71792199999617878),Cuba 3390,Nuñez,13,Los materiales deben estar lim,Papel / Cartón / Plástico / Metal / Vidrio
Point (99692.27410019999661017 109099.01838399999542162),Cuba 3686,Nuñez,13,Los materiales deben estar lim,Papel / Cartón / Plástico / Metal / Vidrio
Point (99596.40301090000139084 109255.03593500000715721),Cuba 3880,Nuñez,13,Los materiales deben estar lim,Papel / Cartón / Plástico / Metal / Vidrio
Point (99425.66307029999734368 109535.3276309999928344),Cuba 4212,Nuñez,13,Los materiales deben estar lim,Papel / Cartón / Plástico / Metal / Vidrio
Point (99364.85085659999458585 109635.0523280000052182),Cuba 4338,Nuñez,13,Los materiales deben estar lim,Papel / Cartón / Plástico / Metal / Vidrio
Point (99288.41038200000184588 110118.61884599999757484),Vedia 2004,Nuñez,13,Los materiales deben estar lim,Papel / Cartón / Plástico / Metal / Vidrio
Point (98994.07742960000177845 109937.46801199999754317),Vedia 2340,Nuñez,13,Los materiales deben estar lim,Papel / Cartón / Plástico / Metal / Vidrio
Point (99076.52971859999524895 108409.09205399999336805),Nu?ez 3084,Nuñez,13,Los materiales deben estar lim,Papel / Cartón / Plástico / Metal / Vidrio
Point (100156.27686300000641495 109150.8892749999940861),Nu?ez 1792,Nuñez,13,Los materiales deben estar lim,Papel / Cartón / Plástico / Metal / Vidrio
Point (100274.89741499999945518 109222.26320099999429658),Nu?ez 1650,Nuñez,13,Los materiales deben estar lim,Papel / Cartón / Plástico / Metal / Vidrio
Point (99834.16650789999403059 108954.38549499999498948),Nu?ez 2174,Nuñez,13,Los materiales deben estar lim,Papel / Cartón / Plástico / Metal / Vidrio
Point (99616.06540490000043064 108772.57199900000705384),Nu?ez 2410,Nuñez,13,Los materiales deben estar lim,Papel / Cartón / Plástico / Metal / Vidrio
Point (100421.56447500000649597 109066.27842200000304729),Arribe?os 3289,Nuñez,13,Los materiales deben estar lim,Papel / Cartón / Plástico / Metal / Vidrio
Point (100167.29799900000216439 109495.32981300000392366),Arribe?os 3767,Nuñez,13,Los materiales deben estar lim,Papel / Cartón / Plástico / Metal / Vidrio
Point (100376.45237199999974109 109151.17438399999809917),Arribe?os 3395,Nuñez,13,Los materiales deben estar lim,Papel / Cartón / Plástico / Metal / Vidrio
Point (100302.90620500000659376 109272.75696899999456946),Arribe?os 3513,Nuñez,13,Los materiales deben estar lim,Papel / Cartón / Plástico / Metal / Vidrio
Point (100393.3024920000025304 108733.71217600000090897),3 De Febrero 3005,Nuñez,13,Los materiales deben estar lim,Papel / Cartón / Plástico / Metal / Vidrio
Point (100297.79857600000104867 108875.16542400000616908),3 De Febrero 3182,Nuñez,13,Los materiales deben estar lim,Papel / Cartón / Plástico / Metal / Vidrio
Point (100283.15353199999663047 108914.78419299999950454),3 De Febrero 3225,Nuñez,13,Los materiales deben estar lim,Papel / Cartón / Plástico / Metal / Vidrio
Point (99976.22591490000195336 109420.08173599999281578),3 De Febrero 3803,Nuñez,13,Los materiales deben estar lim,Papel / Cartón / Plástico / Metal / Vidrio
Point (99875.23816730000544339 109585.65944200000376441),3 De Febrero 4013,Nuñez,13,Los materiales deben estar lim,Papel / Cartón / Plástico / Metal / Vidrio
Point (99778.58533210000314284 109743.50466900000174064),3 De Febrero 4207,Nuñez,13,Los materiales deben estar lim,Papel / Cartón / Plástico / Metal / Vidrio
Point (99770.55653570000140462 108250.73009300000558142),Amenabar 3059,Nuñez,13,Los materiales deben estar lim,Papel / Cartón / Plástico / Metal / Vidrio
Point (99573.24201010000251699 108474.47537499999452848),Amenabar 3285,Nuñez,13,Los materiales deben estar lim,Papel / Cartón / Plástico / Metal / Vidrio
Point (99495.52411230000143405 108597.41674899999634363),Amenabar 3425,Nuñez,13,Los materiales deben estar lim,Papel / Cartón / Plástico / Metal / Vidrio
Point (100115.05209100000502076 108611.47374699999636505),Arcos 3053,Nuñez,13,Los materiales deben estar lim,Papel / Cartón / Plástico / Metal / Vidrio
Point (99646.82791910000378266 109382.83809999999357387),Arcos 3973,Nuñez,13,Los materiales deben estar lim,Papel / Cartón / Plástico / Metal / Vidrio
Point (99410.6792596000013873 109768.67918500000087079),Arcos 4427,Nuñez,13,Los materiales deben estar lim,Papel / Cartón / Plástico / Metal / Vidrio
Point (99586.13684200000716373 109955.65545000000565778),Arias 1853,Nuñez,13,Los materiales deben estar lim,Papel / Cartón / Plástico / Metal / Vidrio
Point (99227.83956249999755528 109737.83709699999599252),Arias 2283,Nuñez,13,Los materiales deben estar lim,Papel / Cartón / Plástico / Metal / Vidrio
Point (99643.5412170000054175 109534.30604799999855459),Besares 2015,Nuñez,13,Los materiales deben estar lim,Papel / Cartón / Plástico / Metal / Vidrio
Point (100032.97576000000117347 108256.05511299999488983),Cabildo Av. 2957,Nuñez,13,Los materiales deben estar lim,Papel / Cartón / Plástico / Metal / Vidrio
Point (99857.39773640000203159 108477.71949099999619648),Cabildo Av. 3189,Nuñez,13,Los materiales deben estar lim,Papel / Cartón / Plástico / Metal / Vidrio
Point (99830.14665080000122543 108463.04610399999364745),Cabildo Av. 3198,Nuñez,13,Los materiales deben estar lim,Papel / Cartón / Plástico / Metal / Vidrio
Point (99688.53718369999842253 108678.12669499999901745),Cabildo Av. 3490,Nuñez,13,Los materiales deben estar lim,Papel / Cartón / Plástico / Metal / Vidrio
Point (99076.97449370000686031 109693.95556600000418257),Cabildo Av. 4635,Nuñez,13,Los materiales deben estar lim,Papel / Cartón / Plástico / Metal / Vidrio
Point (100536.7246960000047693 109038.02658400000655092),Campos Salles 1595,Nuñez,13,Los materiales deben estar lim,Papel / Cartón / Plástico / Metal / Vidrio
Point (100434.88478500000201166 108975.86836799999582581),Campos Salles 1725,Nuñez,13,Los materiales deben estar lim,Papel / Cartón / Plástico / Metal / Vidrio
Point (100278.24784700000600424 108881.02788500000315253),Campos Salles 1905,Nuñez,13,Los materiales deben estar lim,Papel / Cartón / Plástico / Metal / Vidrio
Point (100181.73778100000345148 108822.33292400000209454),Campos Salles 1995,Nuñez,13,Los materiales deben estar lim,Papel / Cartón / Plástico / Metal / Vidrio
Point (99913.78979130000516307 108176.81284499999310356),Ciudad De La Paz 2956,Nuñez,13,Los materiales deben estar lim,Papel / Cartón / Plástico / Metal / Vidrio
Point (99590.10198510000191163 108609.81613500000094064),Ciudad De La Paz 3390,Nuñez,13,Los materiales deben estar lim,Papel / Cartón / Plástico / Metal / Vidrio
Point (99184.11558070000319276 108383.94607799999357667),Conesa 3407,Nuñez,13,Los materiales deben estar lim,Papel / Cartón / Plástico / Metal / Vidrio
Point (99588.96468879999883939 107984.68529599999601487),Cramer Av. 2962,Nuñez,13,Los materiales deben estar lim,Papel / Cartón / Plástico / Metal / Vidrio
Point (99362.17274019999604207 108303.93683399999281392),Cramer Av. 3275,Nuñez,13,Los materiales deben estar lim,Papel / Cartón / Plástico / Metal / Vidrio
Point (99205.53279199999815319 108529.35256299999309704),Cramer Av. 3505,Nuñez,13,Los materiales deben estar lim,Papel / Cartón / Plástico / Metal / Vidrio
Point (99544.0488855000003241 110048.19923800000105985),Deheza 1825,Nuñez,13,Los materiales deben estar lim,Papel / Cartón / Plástico / Metal / Vidrio
Point (99387.80387849999533501 109943.06892700000025798),Deheza 2014,Nuñez,13,Los materiales deben estar lim,Papel / Cartón / Plástico / Metal / Vidrio
Point (99262.46338820000528358 109866.18217400000139605),Deheza 2194,Nuñez,13,Los materiales deben estar lim,Papel / Cartón / Plástico / Metal / Vidrio
Point (99163.94289780000690371 109805.67974799999501556),Deheza 2290,Nuñez,13,Los materiales deben estar lim,Papel / Cartón / Plástico / Metal / Vidrio
Point (100491.86137300000700634 109195.67973499999789055),Del Libertador Av. 7270,Nuñez,13,Los materiales deben estar lim,Papel / Cartón / Plástico / Metal / Vidrio
Point (100366.5233860000007553 109317.80026200000429526),Del Libertador Av. 7420,Nuñez,13,Los materiales deben estar lim,Papel / Cartón / Plástico / Metal / Vidrio
Point (100137.11577699999907054 108868.42814299999736249),Grecia 3273,Nuñez,13,Los materiales deben estar lim,Papel / Cartón / Plástico / Metal / Vidrio
Point (100074.35811200000171084 109068.3475109999999404),Grecia 3481,Nuñez,13,Los materiales deben estar lim,Papel / Cartón / Plástico / Metal / Vidrio
Point (99983.05871110000589397 109229.86271400000259746),Grecia 3637,Nuñez,13,Los materiales deben estar lim,Papel / Cartón / Plástico / Metal / Vidrio
Point (99774.26866129999689292 109593.44039899999916088),Grecia 4085,Nuñez,13,Los materiales deben estar lim,Papel / Cartón / Plástico / Metal / Vidrio
Point (99689.68373489999794401 109695.2357250000059139),Grecia 4217,Nuñez,13,Los materiales deben estar lim,Papel / Cartón / Plástico / Metal / Vidrio
Point (99641.3158086000039475 109774.85343200000352226),Grecia 4307,Nuñez,13,Los materiales deben estar lim,Papel / Cartón / Plástico / Metal / Vidrio
Point (100531.15337299999373499 108911.5046029999939492),Guayra 1685,Nuñez,13,Los materiales deben estar lim,Papel / Cartón / Plástico / Metal / Vidrio
Point (100721.48161600000457838 108926.18499399999564048),Ibera 1537,Nuñez,13,Los materiales deben estar lim,Papel / Cartón / Plástico / Metal / Vidrio
Point (100610.68750499999441672 108856.90422399999806657),Ibera 1627,Nuñez,13,Los materiales deben estar lim,Papel / Cartón / Plástico / Metal / Vidrio
Point (100552.06044299999484792 108820.67425300000468269),Ibera 1709,Nuñez,13,Los materiales deben estar lim,Papel / Cartón / Plástico / Metal / Vidrio
Point (99693.01908310000726487 108282.65511399999377318),Ibera 2605,Nuñez,13,Los materiales deben estar lim,Papel / Cartón / Plástico / Metal / Vidrio
Point (99574.61446539999451488 108201.91946200000529643),Ibera 2797,Nuñez,13,Los materiales deben estar lim,Papel / Cartón / Plástico / Metal / Vidrio
Point (99460.24812000000383705 108123.98576900000625756),Ibera 2917,Nuñez,13,Los materiales deben estar lim,Papel / Cartón / Plástico / Metal / Vidrio
Point (100128.06410699999833014 109386.6028610000066692),Jaramillo 1694,Nuñez,13,Los materiales deben estar lim,Papel / Cartón / Plástico / Metal / Vidrio
Point (100097.68781400000443682 109368.00775299999804702),Jaramillo 1724,Nuñez,13,Los materiales deben estar lim,Papel / Cartón / Plástico / Metal / Vidrio
Point (99744.84408419999817852 109162.91681700000481214),Jaramillo 2123,Nuñez,13,Los materiales deben estar lim,Papel / Cartón / Plástico / Metal / Vidrio
Point (100205.56773599999723956 109311.84933799999998882),"Larralde, Crisologo Av. 1663",Nuñez,13,Los materiales deben estar lim,Papel / Cartón / Plástico / Metal / Vidrio
Point (100143.37583999999333173 109274.44532800000160933),"Larralde, Crisologo Av. 1723",Nuñez,13,Los materiales deben estar lim,Papel / Cartón / Plástico / Metal / Vidrio
Point (100030.72310699999798089 109206.73362600000109524),"Larralde, Crisologo Av. 1865",Nuñez,13,Los materiales deben estar lim,Papel / Cartón / Plástico / Metal / Vidrio
Point (99798.40213750000111759 109067.47132399999827612),"Larralde, Crisologo Av. 2119",Nuñez,13,Los materiales deben estar lim,Papel / Cartón / Plástico / Metal / Vidrio
Point (99713.78475269999762531 109015.46727799999644049),"Larralde, Crisologo Av. 2221",Nuñez,13,Los materiales deben estar lim,Papel / Cartón / Plástico / Metal / Vidrio
Point (99379.19860970000445377 108799.92788699999800883),"Larralde, Crisologo Av. 2595",Nuñez,13,Los materiales deben estar lim,Papel / Cartón / Plástico / Metal / Vidrio
Point (99092.22222310000506695 108608.13621399999829009),"Larralde, Crisologo Av. 2947",Nuñez,13,Los materiales deben estar lim,Papel / Cartón / Plástico / Metal / Vidrio
Point (100144.58972299999732058 109514.43612499999289867),Manzanares 1607,Nuñez,13,Los materiales deben estar lim,Papel / Cartón / Plástico / Metal / Vidrio
Point (99798.18632930000603665 109293.70356500000343658),Manzanares 2004,Nuñez,13,Los materiales deben estar lim,Papel / Cartón / Plástico / Metal / Vidrio
Point (99392.3649983999930555 108570.16673399999854155),Moldes 3458,Nuñez,13,Los materiales deben estar lim,Papel / Cartón / Plástico / Metal / Vidrio
Point (99309.98278720000234898 108699.52432399999815971),Moldes 3576,Nuñez,13,Los materiales deben estar lim,Papel / Cartón / Plástico / Metal / Vidrio
Point (100309.52508700000180397 108586.70508099999278784),O'higgins 2961,Nuñez,13,Los materiales deben estar lim,Papel / Cartón / Plástico / Metal / Vidrio
Point (100158.34977400000207126 108758.49122700000589248),O'higgins 3166,Nuñez,13,Los materiales deben estar lim,Papel / Cartón / Plástico / Metal / Vidrio
Point (99929.50705149999703281 109064.57996299999649636),O'higgins 3535,Nuñez,13,Los materiales deben estar lim,Papel / Cartón / Plástico / Metal / Vidrio
Point (99840.65976549999322742 109260.94344499999715481),O'higgins 3713,Nuñez,13,Los materiales deben estar lim,Papel / Cartón / Plástico / Metal / Vidrio
Point (100083.05259799999475945 109576.824254999999539),Paroissien 1622,Nuñez,13,Los materiales deben estar lim,Papel / Cartón / Plástico / Metal / Vidrio
Point (99422.85401929999352433 110256.17446999999810942),"Paz, Gral. Av. 526",Nuñez,13,Los materiales deben estar lim,Papel / Cartón / Plástico / Metal / Vidrio
Point (99055.44103709999762941 110058.45191400000476278),"Paz, Gral. Av. 902",Nuñez,13,Los materiales deben estar lim,Papel / Cartón / Plástico / Metal / Vidrio
Point (100493.07923800000571646 109116.74892100000579376),"Pedraza, Manuela 1540",Nuñez,13,Los materiales deben estar lim,Papel / Cartón / Plástico / Metal / Vidrio
Point (100346.36258400000224356 109027.5561500000039814),"Pedraza, Manuela 1698",Nuñez,13,Los materiales deben estar lim,Papel / Cartón / Plástico / Metal / Vidrio
Point (99927.81557679999968968 108774.2626239999954123),"Pedraza, Manuela 2184",Nuñez,13,Los materiales deben estar lim,Papel / Cartón / Plástico / Metal / Vidrio
Point (99829.1916339000017615 108714.47842800000216812),"Pedraza, Manuela 2288",Nuñez,13,Los materiales deben estar lim,Papel / Cartón / Plástico / Metal / Vidrio
Point (99490.5064286999986507 108444.32439599999634083),"Pedraza, Manuela 2650",Nuñez,13,Los materiales deben estar lim,Papel / Cartón / Plástico / Metal / Vidrio
Point (99415.04409539999323897 108400.85689500000444241),"Pedraza, Manuela 2782",Nuñez,13,Los materiales deben estar lim,Papel / Cartón / Plástico / Metal / Vidrio
Point (99263.65975099999923259 108298.43053300000610761),"Pedraza, Manuela 2980",Nuñez,13,Los materiales deben estar lim,Papel / Cartón / Plástico / Metal / Vidrio
Point (99678.35807139999815263 110235.82146999999531545),Pico 1612,Nuñez,13,Los materiales deben estar lim,Papel / Cartón / Plástico / Metal / Vidrio
Point (99397.11156229999323841 110075.12299600000551436),Pico 1951,Nuñez,13,Los materiales deben estar lim,Papel / Cartón / Plástico / Metal / Vidrio
Point (100619.36357899999711663 108696.12820999999530613),Quesada 1710,Nuñez,13,Los materiales deben estar lim,Papel / Cartón / Plástico / Metal / Vidrio
Point (100259.2385809999977937 108468.65532400000665803),Quesada 2108,Nuñez,13,Los materiales deben estar lim,Papel / Cartón / Plástico / Metal / Vidrio
Point (100042.76758299999346491 108343.99972000000707339),Quesada 2349,Nuñez,13,Los materiales deben estar lim,Papel / Cartón / Plástico / Metal / Vidrio
Point (99912.38824050000403076 108248.75348800000210758),Quesada 2464,Nuñez,13,Los materiales deben estar lim,Papel / Cartón / Plástico / Metal / Vidrio
Point (99764.28953090000140946 108153.72545399999944493),Quesada 2678,Nuñez,13,Los materiales deben estar lim,Papel / Cartón / Plástico / Metal / Vidrio
Point (99698.64418540000042412 108111.16647300000477117),Quesada 2746,Nuñez,13,Los materiales deben estar lim,Papel / Cartón / Plástico / Metal / Vidrio
Point (99483.44188969999959227 107973.38414300000295043),Quesada 2998,Nuñez,13,Los materiales deben estar lim,Papel / Cartón / Plástico / Metal / Vidrio
Point (99575.86705679999431595 109839.55031900000176392),Ramallo 1915,Nuñez,13,Los materiales deben estar lim,Papel / Cartón / Plástico / Metal / Vidrio
Point (99220.90929369999503251 109610.58997000000090338),Ramallo 2328,Nuñez,13,Los materiales deben estar lim,Papel / Cartón / Plástico / Metal / Vidrio
Point (99929.0926945999963209 109649.33359100000234321),"Rivadavia Martin, Comodoro 1703",Nuñez,13,Los materiales deben estar lim,Papel / Cartón / Plástico / Metal / Vidrio
Point (99892.35037489999376703 109528.20561400000588037),"Rivadavia Martin, Comodoro 1801",Nuñez,13,Los materiales deben estar lim,Papel / Cartón / Plástico / Metal / Vidrio
Point (99639.1791568000044208 109629.83788300000014715),Ruiz Huidobro 1990,Nuñez,13,Los materiales deben estar lim,Papel / Cartón / Plástico / Metal / Vidrio
Point (99510.84741139999823645 109551.22082899999804795),Ruiz Huidobro 2104,Nuñez,13,Los materiales deben estar lim,Papel / Cartón / Plástico / Metal / Vidrio
Point (99611.29744029999710619 108349.71387399999366608),"Tamborini, Jose Pascual 2617",Nuñez,13,Los materiales deben estar lim,Papel / Cartón / Plástico / Metal / Vidrio
Point (99471.67290540000249166 108261.54751000000396743),"Tamborini, Jose Pascual 2813",Nuñez,13,Los materiales deben estar lim,Papel / Cartón / Plástico / Metal / Vidrio
Point (99290.29998569999588653 108145.45979999999690335),"Tamborini, Jose Pascual 3033",Nuñez,13,Los materiales deben estar lim,Papel / Cartón / Plástico / Metal / Vidrio
Point (99678.55869980000716168 108057.74128299999574665),Vidal 2977,Nuñez,13,Los materiales deben estar lim,Papel / Cartón / Plástico / Metal / Vidrio
Point (99335.4882623000012245 108499.486812999995891),Vidal 3415,Nuñez,13,Los materiales deben estar lim,Papel / Cartón / Plástico / Metal / Vidrio
Point (99380.36757729999953881 109246.18066199999884702),Vilela 2380,Nuñez,13,Los materiales deben estar lim,Papel / Cartón / Plástico / Metal / Vidrio
Point (100114.2701249999954598 108337.62615599999844562),Vuelta De Obligado 2880,Nuñez,13,Los materiales deben estar lim,Papel / Cartón / Plástico / Metal / Vidrio
Point (99911.99816139999893494 108557.14401899999938905),Vuelta De Obligado 3111,Nuñez,13,Los materiales deben estar lim,Papel / Cartón / Plástico / Metal / Vidrio
Point (99809.79880669999693055 108725.12097200000425801),Vuelta De Obligado 3305,Nuñez,13,Los materiales deben estar lim,Papel / Cartón / Plástico / Metal / Vidrio
Point (99747.68273359999875538 108827.87816100000054576),Vuelta De Obligado 3437,Nuñez,13,Los materiales deben estar lim,Papel / Cartón / Plástico / Metal / Vidrio
Point (99512.52723530000366736 109216.81636700000672136),Vuelta De Obligado 3895,Nuñez,13,Los materiales deben estar lim,Papel / Cartón / Plástico / Metal / Vidrio
Point (99446.49027080000087153 109325.17383299999346491),Vuelta De Obligado 4015,Nuñez,13,Los materiales deben estar lim,Papel / Cartón / Plástico / Metal / Vidrio
Point (99369.78620129999762867 109451.06683700000576209),Vuelta De Obligado 4193,Nuñez,13,Los materiales deben estar lim,Papel / Cartón / Plástico / Metal / Vidrio
Point (99348.1144034000026295 109486.61415500000293832),Vuelta De Obligado 4217,Nuñez,13,Los materiales deben estar lim,Papel / Cartón / Plástico / Metal / Vidrio
Point (99115.57943810000142548 109865.07395700000051875),Vuelta De Obligado 4687,Nuñez,13,Los materiales deben estar lim,Papel / Cartón / Plástico / Metal / Vidrio
Point (103369.23895400000037625 104002.86600700000417419),Araoz 1361,Palermo,14,Los materiales deben estar lim,Papel / Cartón / Plástico / Metal / Vidrio
Point (103885.253247000000556 104418.80737999999837484),Araoz 1937,Palermo,14,Los materiales deben estar lim,Papel / Cartón / Plástico / Metal / Vidrio
Point (103610.11152500000025611 105702.11832199999480508),Beruti 4567,Palermo,14,Los materiales deben estar lim,Papel / Cartón / Plástico / Metal / Vidrio
Point (104036.15905699999711942 106069.61554300000716466),Segu? Juan Francisco 4434,Palermo,14,Los materiales deben estar lim,Papel / Cartón / Plástico / Metal / Vidrio
Point (104719.97919199999887496 105556.00983199999609496),Cervi?o Av. 3751,Palermo,14,Los materiales deben estar lim,Papel / Cartón / Plástico / Metal / Vidrio
Point (104564.79100599999947008 105598.46189000000595115),Cervi?o Av. 3906,Palermo,14,Los materiales deben estar lim,Papel / Cartón / Plástico / Metal / Vidrio
Point (101830.01343799999449402 106821.80248100000608247),11 De Septiembre De 1888 1126,Palermo,14,Los materiales deben estar lim,Papel / Cartón / Plástico / Metal / Vidrio
Point (101719.99311399999714922 106798.06754699999873992),3 De Febrero 1201,Palermo,14,Los materiales deben estar lim,Papel / Cartón / Plástico / Metal / Vidrio
Point (101613.23759400000562891 106950.15331100000184961),3 De Febrero 1331,Palermo,14,Los materiales deben estar lim,Papel / Cartón / Plástico / Metal / Vidrio
Point (102008.01953900000080466 106567.82377299999643583),3 De Febrero 835,Palermo,14,Los materiales deben estar lim,Papel / Cartón / Plástico / Metal / Vidrio
Point (103636.49955799999588635 104092.45311000000219792),"Alvarez, Julian 1578",Palermo,14,Los materiales deben estar lim,Papel / Cartón / Plástico / Metal / Vidrio
Point (103800.38553699999465607 104230.42716500000096858),"Alvarez, Julian 1736",Palermo,14,Los materiales deben estar lim,Papel / Cartón / Plástico / Metal / Vidrio
Point (104493.45337600000493694 104744.24868400000559632),"Alvarez, Julian 2498",Palermo,14,Los materiales deben estar lim,Papel / Cartón / Plástico / Metal / Vidrio
Point (104322.6716829999932088 104736.06421900000714231),Araoz 2415,Palermo,14,Los materiales deben estar lim,Papel / Cartón / Plástico / Metal / Vidrio
Point (104810.09165099999518134 105141.5000140000047395),Araoz 2949,Palermo,14,Los materiales deben estar lim,Papel / Cartón / Plástico / Metal / Vidrio
Point (102979.9433640000061132 106474.93473999999696389),Arce 323,Palermo,14,Los materiales deben estar lim,Papel / Cartón / Plástico / Metal / Vidrio
Point (102382.70815700000093784 106086.24258999999437947),"Arenal, Concepcion 2410",Palermo,14,Los materiales deben estar lim,Papel / Cartón / Plástico / Metal / Vidrio
Point (102094.53024999999615829 105754.98616800000309013),"Arenal, Concepcion 2760",Palermo,14,Los materiales deben estar lim,Papel / Cartón / Plástico / Metal / Vidrio
Point (104663.88648299999476876 104768.58291700000700075),Arenales 3502,Palermo,14,Los materiales deben estar lim,Papel / Cartón / Plástico / Metal / Vidrio
Point (104477.83008800000243355 104917.93388599999889266),Arenales 3746,Palermo,14,Los materiales deben estar lim,Papel / Cartón / Plástico / Metal / Vidrio
Point (102238.35041899999487214 105497.81716099999903236),Arevalo 1885,Palermo,14,Los materiales deben estar lim,Papel / Cartón / Plástico / Metal / Vidrio
Point (102481.4536859999934677 105754.68898399999307003),Arevalo 2165,Palermo,14,Los materiales deben estar lim,Papel / Cartón / Plástico / Metal / Vidrio
Point (102938.90956400000141002 104121.01980799999728333),Armenia 1315,Palermo,14,Los materiales deben estar lim,Papel / Cartón / Plástico / Metal / Vidrio
Point (103184.0585609999980079 104315.83705099999497179),Armenia 1561,Palermo,14,Los materiales deben estar lim,Papel / Cartón / Plástico / Metal / Vidrio
Point (103375.01585500000510365 104468.70528199999534991),Armenia 1773,Palermo,14,Los materiales deben estar lim,Papel / Cartón / Plástico / Metal / Vidrio
Point (102788.67219800000020768 106455.51764999999431893),Baez 476,Palermo,14,Los materiales deben estar lim,Papel / Cartón / Plástico / Metal / Vidrio
Point (102599.88944299999275245 106589.01502099999925122),Baez 650,Palermo,14,Los materiales deben estar lim,Papel / Cartón / Plástico / Metal / Vidrio
Point (102549.86903699999675155 106629.27885699999751523),Baez 726,Palermo,14,Los materiales deben estar lim,Papel / Cartón / Plástico / Metal / Vidrio
Point (103106.59159900000668131 106235.86577899999974761),Baez 90,Palermo,14,Los materiales deben estar lim,Papel / Cartón / Plástico / Metal / Vidrio
Point (104792.90002000000094995 104781.41885800000454765),Beruti 3455,Palermo,14,Los materiales deben estar lim,Papel / Cartón / Plástico / Metal / Vidrio
Point (104567.257104000003892 104963.05114900000626221),Beruti 3711,Palermo,14,Los materiales deben estar lim,Papel / Cartón / Plástico / Metal / Vidrio
Point (104484.08172299999569077 105030.55148700000427198),Beruti 3807,Palermo,14,Los materiales deben estar lim,Papel / Cartón / Plástico / Metal / Vidrio
Point (102088.27819399999862071 104779.67954300000565127),Bonpland 1393,Palermo,14,Los materiales deben estar lim,Papel / Cartón / Plástico / Metal / Vidrio
Point (104277.61927300000388641 103807.77675699999963399),Bulnes 1444,Palermo,14,Los materiales deben estar lim,Papel / Cartón / Plástico / Metal / Vidrio
Point (105210.33095699999830686 105256.19083999999566004),Bulnes 2605,Palermo,14,Los materiales deben estar lim,Papel / Cartón / Plástico / Metal / Vidrio
Point (105073.80769000000145752 105282.71549000000231899),Cabello 3322,Palermo,14,Los materiales deben estar lim,Papel / Cartón / Plástico / Metal / Vidrio
Point (104931.38383500000054482 105343.54803099999844562),Cabello 3510,Palermo,14,Los materiales deben estar lim,Papel / Cartón / Plástico / Metal / Vidrio
Point (104562.64216499999747612 105475.8787259999953676),Cabello 3854,Palermo,14,Los materiales deben estar lim,Papel / Cartón / Plástico / Metal / Vidrio
Point (102528.71824200000264682 106065.29841200000373647),Cabildo Av. 17,Palermo,14,Los materiales deben estar lim,Papel / Cartón / Plástico / Metal / Vidrio
Point (102268.13677300000563264 106223.19503000000258908),Cabildo Av. 215,Palermo,14,Los materiales deben estar lim,Papel / Cartón / Plástico / Metal / Vidrio
Point (102085.62099500000476837 106315.83729300000413787),Cabildo Av. 370,Palermo,14,Los materiales deben estar lim,Papel / Cartón / Plástico / Metal / Vidrio
Point (101981.22282300000370014 106414.43758600000001024),Cabildo Av. 491,Palermo,14,Los materiales deben estar lim,Papel / Cartón / Plástico / Metal / Vidrio
Point (103747.05754999999771826 103641.76391100000182632),"Cabrera, Jose A. 3940",Palermo,14,Los materiales deben estar lim,Papel / Cartón / Plástico / Metal / Vidrio
Point (103631.49255900000571273 103653.50307799999427516),"Cabrera, Jose A. 4040",Palermo,14,Los materiales deben estar lim,Papel / Cartón / Plástico / Metal / Vidrio
Point (103441.58342199999606237 103843.13259799999650568),"Cabrera, Jose A. 4340",Palermo,14,Los materiales deben estar lim,Papel / Cartón / Plástico / Metal / Vidrio
Point (103107.20993300000554882 104142.75729199999477714),"Cabrera, Jose A. 4723",Palermo,14,Los materiales deben estar lim,Papel / Cartón / Plástico / Metal / Vidrio
Point (102818.45880100000067614 104393.78247900000133086),"Cabrera, Jose A. 5053",Palermo,14,Los materiales deben estar lim,Papel / Cartón / Plástico / Metal / Vidrio
Point (102539.88104599999496713 104636.05671299999812618),"Cabrera, Jose A. 5399",Palermo,14,Los materiales deben estar lim,Papel / Cartón / Plástico / Metal / Vidrio
Point (102276.66454899999371264 104867.88977900000463706),"Cabrera, Jose A. 5643",Palermo,14,Los materiales deben estar lim,Papel / Cartón / Plástico / Metal / Vidrio
Point (101899.50333000000682659 105204.81254899999476038),"Cabrera, Jose A. 6027",Palermo,14,Los materiales deben estar lim,Papel / Cartón / Plástico / Metal / Vidrio
Point (102154.57249900000169873 107052.06528900000557769),"Campos, Luis M. Av. 1157",Palermo,14,Los materiales deben estar lim,Papel / Cartón / Plástico / Metal / Vidrio
Point (101979.66298900000401773 107220.66893099999288097),"Campos, Luis M. Av. 1337",Palermo,14,Los materiales deben estar lim,Papel / Cartón / Plástico / Metal / Vidrio
Point (102883.0801659999997355 106103.8645329999999376),"Campos, Luis M. Av. 231",Palermo,14,Los materiales deben estar lim,Papel / Cartón / Plástico / Metal / Vidrio
Point (102736.60337199999776203 106296.85453700000653043),"Campos, Luis M. Av. 405",Palermo,14,Los materiales deben estar lim,Papel / Cartón / Plástico / Metal / Vidrio
Point (102640.09684300000662915 106419.17203299999528099),"Campos, Luis M. Av. 561",Palermo,14,Los materiales deben estar lim,Papel / Cartón / Plástico / Metal / Vidrio
Point (102516.20442100000218488 106578.81244999999762513),"Campos, Luis M. Av. 711",Palermo,14,Los materiales deben estar lim,Papel / Cartón / Plástico / Metal / Vidrio
Point (102432.12803199999325443 106690.48460199999681208),"Campos, Luis M. Av. 835",Palermo,14,Los materiales deben estar lim,Papel / Cartón / Plástico / Metal / Vidrio
Point (102125.35508300000219606 105018.80081899999640882),"Carranza, Angel Justiniano 1510",Palermo,14,Los materiales deben estar lim,Papel / Cartón / Plástico / Metal / Vidrio
Point (102400.51562900000135414 105301.41348699999798555),"Carranza, Angel Justiniano 1838",Palermo,14,Los materiales deben estar lim,Papel / Cartón / Plástico / Metal / Vidrio
Point (102499.32138799999665935 105414.22503000000142492),"Carranza, Angel Justiniano 1958",Palermo,14,Los materiales deben estar lim,Papel / Cartón / Plástico / Metal / Vidrio
Point (102615.64999099999840837 105536.75940100000298116),"Carranza, Angel Justiniano 2090",Palermo,14,Los materiales deben estar lim,Papel / Cartón / Plástico / Metal / Vidrio
Point (105269.33384300000034273 105690.15731500000401866),Castex 3398,Palermo,14,Los materiales deben estar lim,Papel / Cartón / Plástico / Metal / Vidrio
Point (105756.37097699999867473 105476.50314200000138953),"Castilla, Ramon, Mariscal 2880",Palermo,14,Los materiales deben estar lim,Papel / Cartón / Plástico / Metal / Vidrio
Point (105893.66545600000245031 105691.06325900000229012),"Castilla, Ramon, Mariscal 3022",Palermo,14,Los materiales deben estar lim,Papel / Cartón / Plástico / Metal / Vidrio
Point (105213.03668499999912456 105851.87824000000546221),Cavia 3050,Palermo,14,Los materiales deben estar lim,Papel / Cartón / Plástico / Metal / Vidrio
Point (104493.74683400000503752 104337.32402000000001863),Charcas 3447,Palermo,14,Los materiales deben estar lim,Papel / Cartón / Plástico / Metal / Vidrio
Point (104223.27291499999410007 104580.86887500000011642),Charcas 3733,Palermo,14,Los materiales deben estar lim,Papel / Cartón / Plástico / Metal / Vidrio
Point (104002.31223399999726098 104777.35555999999633059),Charcas 3975,Palermo,14,Los materiales deben estar lim,Papel / Cartón / Plástico / Metal / Vidrio
Point (103810.39768700000422541 104950.71124000000418164),Charcas 4181,Palermo,14,Los materiales deben estar lim,Papel / Cartón / Plástico / Metal / Vidrio
Point (103712.1194169999944279 105039.72452499999781139),Charcas 4293,Palermo,14,Los materiales deben estar lim,Papel / Cartón / Plástico / Metal / Vidrio
Point (103560.81933399999979883 105176.4381299999949988),Charcas 4471,Palermo,14,Los materiales deben estar lim,Papel / Cartón / Plástico / Metal / Vidrio
Point (103465.4432200000010198 105263.25810599999385886),Charcas 4617,Palermo,14,Los materiales deben estar lim,Papel / Cartón / Plástico / Metal / Vidrio
Point (102888.34125199999834877 105773.3050539999967441),Charcas 5280,Palermo,14,Los materiales deben estar lim,Papel / Cartón / Plástico / Metal / Vidrio
Point (101963.50316799999563955 106109.19258499999705236),Ciudad De La Paz 336,Palermo,14,Los materiales deben estar lim,Papel / Cartón / Plástico / Metal / Vidrio
Point (103271.86767099999997299 103724.95128700000350364),Cordoba Av. 4365,Palermo,14,Los materiales deben estar lim,Papel / Cartón / Plástico / Metal / Vidrio
Point (103120.94336200000543613 103836.82775399999809451),Cordoba Av. 4521,Palermo,14,Los materiales deben estar lim,Papel / Cartón / Plástico / Metal / Vidrio
Point (101778.0086180000071181 104911.06884100000024773),Cordoba Av. 5945,Palermo,14,Los materiales deben estar lim,Papel / Cartón / Plástico / Metal / Vidrio
Point (103689.77088500000536442 104247.12942500000644941),Costa Rica 4286,Palermo,14,Los materiales deben estar lim,Papel / Cartón / Plástico / Metal / Vidrio
Point (103369.19277900000452064 104519.40958599999430589),Costa Rica 4622,Palermo,14,Los materiales deben estar lim,Papel / Cartón / Plástico / Metal / Vidrio
Point (102978.6513109999941662 104834.58091800000693183),Costa Rica 5150,Palermo,14,Los materiales deben estar lim,Papel / Cartón / Plástico / Metal / Vidrio
Point (102547.77893499999481719 105236.19263799999316689),Costa Rica 5694,Palermo,14,Los materiales deben estar lim,Papel / Cartón / Plástico / Metal / Vidrio
Point (102382.56712399999378249 105391.99465799999597948),Costa Rica 5862,Palermo,14,Los materiales deben estar lim,Papel / Cartón / Plástico / Metal / Vidrio
Point (102203.11183100000198465 105562.47427000000607222),Costa Rica 6046,Palermo,14,Los materiales deben estar lim,Papel / Cartón / Plástico / Metal / Vidrio
Point (105635.31823299999814481 105241.46458400000119582),Del Libertador Av. 2034,Palermo,14,Los materiales deben estar lim,Papel / Cartón / Plástico / Metal / Vidrio
Point (105551.04104300000471994 105274.39666100000613369),Del Libertador Av. 2112,Palermo,14,Los materiales deben estar lim,Papel / Cartón / Plástico / Metal / Vidrio
Point (105416.84293600000091828 105345.16566400000010617),Del Libertador Av. 2250,Palermo,14,Los materiales deben estar lim,Papel / Cartón / Plástico / Metal / Vidrio
Point (105338.37608400000317488 105421.30608199999551289),Del Libertador Av. 2330,Palermo,14,Los materiales deben estar lim,Papel / Cartón / Plástico / Metal / Vidrio
Point (105258.02317099999345373 105527.2156189999950584),Del Libertador Av. 2460,Palermo,14,Los materiales deben estar lim,Papel / Cartón / Plástico / Metal / Vidrio
Point (105165.33956799999577925 105585.04114600000320934),Del Libertador Av. 2596,Palermo,14,Los materiales deben estar lim,Papel / Cartón / Plástico / Metal / Vidrio
Point (105052.55423300000256859 105658.28750500000023749),Del Libertador Av. 2742,Palermo,14,Los materiales deben estar lim,Papel / Cartón / Plástico / Metal / Vidrio
Point (104910.86535900000308175 105733.87855599999602418),Del Libertador Av. 2886,Palermo,14,Los materiales deben estar lim,Papel / Cartón / Plástico / Metal / Vidrio
Point (104853.08086800000455696 105765.06636799999978393),Del Libertador Av. 2930,Palermo,14,Los materiales deben estar lim,Papel / Cartón / Plástico / Metal / Vidrio
Point (104777.74417999999423046 105806.53716199999325909),Del Libertador Av. 3014,Palermo,14,Los materiales deben estar lim,Papel / Cartón / Plástico / Metal / Vidrio
Point (104679.09703299999819137 105860.49932600000465754),Del Libertador Av. 3128,Palermo,14,Los materiales deben estar lim,Papel / Cartón / Plástico / Metal / Vidrio
Point (103780.62246899999445304 106361.4347669999988284),Del Libertador Av. 3816,Palermo,14,Los materiales deben estar lim,Papel / Cartón / Plástico / Metal / Vidrio
Point (103057.06834300000627991 106828.72607499999867287),Del Libertador Av. 4370,Palermo,14,Los materiales deben estar lim,Papel / Cartón / Plástico / Metal / Vidrio
Point (102968.89798300000256859 106884.58634599999641068),Del Libertador Av. 4454,Palermo,14,Los materiales deben estar lim,Papel / Cartón / Plástico / Metal / Vidrio
Point (102892.75277999999525491 106941.21778599999379367),Del Libertador Av. 4532,Palermo,14,Los materiales deben estar lim,Papel / Cartón / Plástico / Metal / Vidrio
Point (102787.0762760000070557 107018.58678399999917019),Del Libertador Av. 4666,Palermo,14,Los materiales deben estar lim,Papel / Cartón / Plástico / Metal / Vidrio
Point (102700.44708100000570994 107081.80398599999898579),Del Libertador Av. 4720,Palermo,14,Los materiales deben estar lim,Papel / Cartón / Plástico / Metal / Vidrio
Point (102579.59591899999941234 107167.80757400000584312),Del Libertador Av. 4862,Palermo,14,Los materiales deben estar lim,Papel / Cartón / Plástico / Metal / Vidrio
Point (102340.39414400000532623 107322.36743899999419227),Del Libertador Av. 5064,Palermo,14,Los materiales deben estar lim,Papel / Cartón / Plástico / Metal / Vidrio
Point (102212.92545199999585748 107348.90910900000017136),Del Libertador Av. 5154,Palermo,14,Los materiales deben estar lim,Papel / Cartón / Plástico / Metal / Vidrio
Point (104159.70595099999627564 104322.90473900000506546),Del Signo 4060,Palermo,14,Los materiales deben estar lim,Papel / Cartón / Plástico / Metal / Vidrio
Point (105271.03910100000211969 105169.76540800000657327),"Diaz, Cnel. Av. 2572",Palermo,14,Los materiales deben estar lim,Papel / Cartón / Plástico / Metal / Vidrio
Point (105435.19612100000085775 105492.43272700000670739),"Diaz, Cnel. Av. 2846",Palermo,14,Los materiales deben estar lim,Papel / Cartón / Plástico / Metal / Vidrio
Point (101861.79465700000582729 105318.54319599999871571),Dorrego 1782,Palermo,14,Los materiales deben estar lim,Papel / Cartón / Plástico / Metal / Vidrio
Point (102036.02186999999685213 105514.24827199999708682),Dorrego 1942,Palermo,14,Los materiales deben estar lim,Papel / Cartón / Plástico / Metal / Vidrio
Point (102294.96090499999991152 105782.80094499999540858),Dorrego 2250,Palermo,14,Los materiales deben estar lim,Papel / Cartón / Plástico / Metal / Vidrio
Point (102546.59590200000093319 106011.91447899999911897),Dorrego 2530,Palermo,14,Los materiales deben estar lim,Papel / Cartón / Plástico / Metal / Vidrio
Point (102681.10423300000547897 106111.32800300000235438),Dorrego Av. 2646,Palermo,14,Los materiales deben estar lim,Papel / Cartón / Plástico / Metal / Vidrio
Point (102724.22272600000724196 106099.84196700000029523),Dorrego Av. 2657,Palermo,14,Los materiales deben estar lim,Papel / Cartón / Plástico / Metal / Vidrio
Point (102986.87940200000593904 106103.36151600000448525),Dorrego Av. 2851,Palermo,14,Los materiales deben estar lim,Papel / Cartón / Plástico / Metal / Vidrio
Point (103124.33274399999936577 106168.23309599999629427),Dorrego Av. 2970,Palermo,14,Los materiales deben estar lim,Papel / Cartón / Plástico / Metal / Vidrio
Point (104291.83911400000215508 104055.85320800000044983),El Salvador 3817,Palermo,14,Los materiales deben estar lim,Papel / Cartón / Plástico / Metal / Vidrio
Point (103977.10657000000355765 104053.06221499999810476),El Salvador 4011,Palermo,14,Los materiales deben estar lim,Papel / Cartón / Plástico / Metal / Vidrio
Point (103834.72648700000718236 104052.37460100000316743),El Salvador 4139,Palermo,14,Los materiales deben estar lim,Papel / Cartón / Plástico / Metal / Vidrio
Point (102901.13738299999386072 104774.54048300000431482),El Salvador 5197,Palermo,14,Los materiales deben estar lim,Papel / Cartón / Plástico / Metal / Vidrio
Point (102615.90631999999459367 105042.67791499999293592),El Salvador 5537,Palermo,14,Los materiales deben estar lim,Papel / Cartón / Plástico / Metal / Vidrio
Point (102546.45860800000082236 105112.88590700000349898),El Salvador 5613,Palermo,14,Los materiales deben estar lim,Papel / Cartón / Plástico / Metal / Vidrio
Point (102239.49990700000489596 105420.92605399999592919),El Salvador 5955,Palermo,14,Los materiales deben estar lim,Papel / Cartón / Plástico / Metal / Vidrio
Point (105855.15958300000056624 105473.59194399999978486),"Figueroa Alcorta, Pres. Av. 3071",Palermo,14,Los materiales deben estar lim,Papel / Cartón / Plástico / Metal / Vidrio
Point (105406.2756599999993341 105820.14303300000028685),"Figueroa Alcorta, Pres. Av. 3449",Palermo,14,Los materiales deben estar lim,Papel / Cartón / Plástico / Metal / Vidrio
Point (102253.98738999999477528 104777.50941300000704359),Fitz Roy 1452,Palermo,14,Los materiales deben estar lim,Papel / Cartón / Plástico / Metal / Vidrio
Point (102428.9318139999959385 104962.37392800000088755),Fitz Roy 1630,Palermo,14,Los materiales deben estar lim,Papel / Cartón / Plástico / Metal / Vidrio
Point (102642.88158899999689311 105188.57644800000707619),Fitz Roy 1912,Palermo,14,Los materiales deben estar lim,Papel / Cartón / Plástico / Metal / Vidrio
Point (102928.00151699999696575 105490.11127399999531917),Fitz Roy 2264,Palermo,14,Los materiales deben estar lim,Papel / Cartón / Plástico / Metal / Vidrio
Point (103096.06898799999908078 105668.14410700000007637),Fitz Roy 2442,Palermo,14,Los materiales deben estar lim,Papel / Cartón / Plástico / Metal / Vidrio
Point (103826.17847300000721589 105882.58794300000590738),Fray Justo Santamaria De Oro 2774,Palermo,14,Los materiales deben estar lim,Papel / Cartón / Plástico / Metal / Vidrio
Point (103884.61792800000694115 105970.67002799999318086),Fray Justo Santamaria De Oro 2850,Palermo,14,Los materiales deben estar lim,Papel / Cartón / Plástico / Metal / Vidrio
Point (104008.45485999999800697 106189.34678599999460857),Fray Justo Santamaria De Oro 3072,Palermo,14,Los materiales deben estar lim,Papel / Cartón / Plástico / Metal / Vidrio
Point (101809.46877500000118744 106891.20862900000065565),"Garcia, Teodoro 2185",Palermo,14,Los materiales deben estar lim,Papel / Cartón / Plástico / Metal / Vidrio
Point (102455.71621300000697374 104439.53125800000270829),Godoy Cruz 1455,Palermo,14,Los materiales deben estar lim,Papel / Cartón / Plástico / Metal / Vidrio
Point (102990.8495379999949364 104915.81634000000485685),Godoy Cruz 2045,Palermo,14,Los materiales deben estar lim,Papel / Cartón / Plástico / Metal / Vidrio
Point (103136.70038999999815132 105125.81608099999721162),Godoy Cruz 2257,Palermo,14,Los materiales deben estar lim,Papel / Cartón / Plástico / Metal / Vidrio
Point (103284.33956999999645632 105319.90548299999500159),Godoy Cruz 2447,Palermo,14,Los materiales deben estar lim,Papel / Cartón / Plástico / Metal / Vidrio
Point (103517.31516300000657793 105639.01298600000154693),Godoy Cruz 2725,Palermo,14,Los materiales deben estar lim,Papel / Cartón / Plástico / Metal / Vidrio
Point (103729.56118699999933597 105914.33425499999430031),Godoy Cruz 2985,Palermo,14,Los materiales deben estar lim,Papel / Cartón / Plástico / Metal / Vidrio
Point (103904.19079900000360794 106259.54297199999564327),Godoy Cruz 3295,Palermo,14,Los materiales deben estar lim,Papel / Cartón / Plástico / Metal / Vidrio
Point (102380.42017399999895133 106960.84710299999278504),Gorostiaga 1750,Palermo,14,Los materiales deben estar lim,Papel / Cartón / Plástico / Metal / Vidrio
Point (102164.71412699999928009 106787.34425799999735318),Gorostiaga 2006,Palermo,14,Los materiales deben estar lim,Papel / Cartón / Plástico / Metal / Vidrio
Point (103969.19610000000102445 103749.53290900000138208),Gorriti 3908,Palermo,14,Los materiales deben estar lim,Papel / Cartón / Plástico / Metal / Vidrio
Point (103665.93484400000306778 103788.31280899999546818),Gorriti 4140,Palermo,14,Los materiales deben estar lim,Papel / Cartón / Plástico / Metal / Vidrio
Point (103428.37787399999797344 104024.58860299999651033),Gorriti 4482,Palermo,14,Los materiales deben estar lim,Papel / Cartón / Plástico / Metal / Vidrio
Point (103297.3362360000028275 104142.08164099999703467),Gorriti 4632,Palermo,14,Los materiales deben estar lim,Papel / Cartón / Plástico / Metal / Vidrio
Point (102982.03208400000585243 104387.1535779999976512),Gorriti 4952,Palermo,14,Los materiales deben estar lim,Papel / Cartón / Plástico / Metal / Vidrio
Point (102724.33882200000516605 104595.62349399999948218),Gorriti 5250,Palermo,14,Los materiales deben estar lim,Papel / Cartón / Plástico / Metal / Vidrio
Point (102227.97270699999353383 105063.7938739999954123),Gorriti 5770,Palermo,14,Los materiales deben estar lim,Papel / Cartón / Plástico / Metal / Vidrio
Point (102057.05316199999651872 105218.69678600000042934),Gorriti 5950,Palermo,14,Los materiales deben estar lim,Papel / Cartón / Plástico / Metal / Vidrio
Point (102628.47925000000395812 105657.53084300000045914),Guatemala 5866,Palermo,14,Los materiales deben estar lim,Papel / Cartón / Plástico / Metal / Vidrio
Point (104718.19772199999715667 104358.72196500000427477),Guemes 3376,Palermo,14,Los materiales deben estar lim,Papel / Cartón / Plástico / Metal / Vidrio
Point (104596.20475299999816343 104454.77530500000284519),Guemes 3544,Palermo,14,Los materiales deben estar lim,Papel / Cartón / Plástico / Metal / Vidrio
Point (104452.2478759999939939 104572.25978599999507423),Guemes 3714,Palermo,14,Los materiales deben estar lim,Papel / Cartón / Plástico / Metal / Vidrio
Point (104354.19245499999669846 104657.44445799999812152),Guemes 3806,Palermo,14,Los materiales deben estar lim,Papel / Cartón / Plástico / Metal / Vidrio
Point (103873.92052299999340903 105076.11868299999332521),Guemes 4290,Palermo,14,Los materiales deben estar lim,Papel / Cartón / Plástico / Metal / Vidrio
Point (103762.47723400000541005 105174.05874500000209082),Guemes 4422,Palermo,14,Los materiales deben estar lim,Papel / Cartón / Plástico / Metal / Vidrio
Point (103572.18085200000496116 105341.19580200000200421),Guemes 4680,Palermo,14,Los materiales deben estar lim,Papel / Cartón / Plástico / Metal / Vidrio
Point (103442.86119999999937136 105453.75568200000270735),Guemes 4852,Palermo,14,Los materiales deben estar lim,Papel / Cartón / Plástico / Metal / Vidrio
Point (102788.90161099999386352 104173.50188799999887124),Gurruchaga 1278,Palermo,14,Los materiales deben estar lim,Papel / Cartón / Plástico / Metal / Vidrio
Point (103170.58435000000463333 104470.97139999999490101),Gurruchaga 1660,Palermo,14,Los materiales deben estar lim,Papel / Cartón / Plástico / Metal / Vidrio
Point (103578.48518499999772757 104788.82815299999492709),Gurruchaga 2114,Palermo,14,Los materiales deben estar lim,Papel / Cartón / Plástico / Metal / Vidrio
Point (103704.97484300000360236 104898.95471499999985099),Gurruchaga 2222,Palermo,14,Los materiales deben estar lim,Papel / Cartón / Plástico / Metal / Vidrio
Point (104449.44639100000495091 105421.94824899999366608),"Gutierrez, Juan Maria 3917",Palermo,14,Los materiales deben estar lim,Papel / Cartón / Plástico / Metal / Vidrio
Point (104405.83033899999281857 103911.31068300000333693),Honduras 3741,Palermo,14,Los materiales deben estar lim,Papel / Cartón / Plástico / Metal / Vidrio
Point (104114.38860900000145193 103905.7160509999957867),Honduras 3915,Palermo,14,Los materiales deben estar lim,Papel / Cartón / Plástico / Metal / Vidrio
Point (103492.53326500000548549 104133.16983300000720192),Honduras 4505,Palermo,14,Los materiales deben estar lim,Papel / Cartón / Plástico / Metal / Vidrio
Point (103165.66273700000601821 104403.84101099999679718),Honduras 4867,Palermo,14,Los materiales deben estar lim,Papel / Cartón / Plástico / Metal / Vidrio
Point (102907.3724309999961406 104607.56828500000119675),Honduras 5167,Palermo,14,Los materiales deben estar lim,Papel / Cartón / Plástico / Metal / Vidrio
Point (102729.29125500000372995 104763.53212600000551902),Honduras 5365,Palermo,14,Los materiales deben estar lim,Papel / Cartón / Plástico / Metal / Vidrio
Point (102712.04119499999796972 104780.07059499999741092),Honduras 5380,Palermo,14,Los materiales deben estar lim,Papel / Cartón / Plástico / Metal / Vidrio
Point (102415.15619599999627098 105069.44139300000097137),Honduras 5685,Palermo,14,Los materiales deben estar lim,Papel / Cartón / Plástico / Metal / Vidrio
Point (102075.6931099999928847 105377.10985700000310317),Honduras 6018,Palermo,14,Los materiales deben estar lim,Papel / Cartón / Plástico / Metal / Vidrio
Point (102015.75850999999966007 105450.08236800000304356),Honduras 6067,Palermo,14,Los materiales deben estar lim,Papel / Cartón / Plástico / Metal / Vidrio
Point (103791.11633600000641309 103899.56510500000149477),Honduras Av. 4163,Palermo,14,Los materiales deben estar lim,Papel / Cartón / Plástico / Metal / Vidrio
Point (102248.59110700000019278 104618.21566299999540206),Humboldt 1353,Palermo,14,Los materiales deben estar lim,Papel / Cartón / Plástico / Metal / Vidrio
Point (102413.51659600000130013 104762.38405700000294019),Humboldt 1509,Palermo,14,Los materiales deben estar lim,Papel / Cartón / Plástico / Metal / Vidrio
Point (102673.54839700000593439 105035.81485900000552647),Humboldt 1843,Palermo,14,Los materiales deben estar lim,Papel / Cartón / Plástico / Metal / Vidrio
Point (102784.08145100000547245 105151.96924700000090525),Humboldt 1997,Palermo,14,Los materiales deben estar lim,Papel / Cartón / Plástico / Metal / Vidrio
Point (102849.37747999999555759 105221.37875099999655504),Humboldt 2031,Palermo,14,Los materiales deben estar lim,Papel / Cartón / Plástico / Metal / Vidrio
Point (102936.47209100000327453 105312.80871300000580959),Humboldt 2141,Palermo,14,Los materiales deben estar lim,Papel / Cartón / Plástico / Metal / Vidrio
Point (102991.43914400000358 105370.43701399999554269),Humboldt 2227,Palermo,14,Los materiales deben estar lim,Papel / Cartón / Plástico / Metal / Vidrio
Point (103169.78588500000478234 105558.7334709999995539),Humboldt 2413,Palermo,14,Los materiales deben estar lim,Papel / Cartón / Plástico / Metal / Vidrio
Point (104976.70470200000272598 104811.99871400000120047),Juncal 3146,Palermo,14,Los materiales deben estar lim,Papel / Cartón / Plástico / Metal / Vidrio
Point (104674.86721500000567175 104989.24359100000583567),Juncal 3462,Palermo,14,Los materiales deben estar lim,Papel / Cartón / Plástico / Metal / Vidrio
Point (104619.38336700000218116 105036.57801800000015646),Juncal 3540,Palermo,14,Los materiales deben estar lim,Papel / Cartón / Plástico / Metal / Vidrio
Point (103569.34758000000147149 105871.70141399999556597),Juncal 4678,Palermo,14,Los materiales deben estar lim,Papel / Cartón / Plástico / Metal / Vidrio
Point (103031.58961799999815412 105236.99929300000076182),"Justo, Juan B. Av. 1035",Palermo,14,Los materiales deben estar lim,Papel / Cartón / Plástico / Metal / Vidrio
Point (102909.52642799999739509 105144.45754800000577234),"Justo, Juan B. Av. 1191",Palermo,14,Los materiales deben estar lim,Papel / Cartón / Plástico / Metal / Vidrio
Point (102802.96821700000145938 105049.55039499999838881),"Justo, Juan B. Av. 1285",Palermo,14,Los materiales deben estar lim,Papel / Cartón / Plástico / Metal / Vidrio
Point (103171.6186089999973774 105407.80072100000688806),"Justo, Juan B. Av. 861",Palermo,14,Los materiales deben estar lim,Papel / Cartón / Plástico / Metal / Vidrio
Point (103995.97023399999307003 105916.81465200000093319),"Kennedy, John Fitzgerald 2847",Palermo,14,Los materiales deben estar lim,Papel / Cartón / Plástico / Metal / Vidrio
Point (104852.66761699999915436 105211.21801100000448059),Las Heras General Av. 3610,Palermo,14,Los materiales deben estar lim,Papel / Cartón / Plástico / Metal / Vidrio
Point (104616.75608399999327958 105274.78195999999297783),Las Heras General Av. 3837,Palermo,14,Los materiales deben estar lim,Papel / Cartón / Plástico / Metal / Vidrio
Point (104569.85899700000300072 105252.28632899999502115),Las Heras General Av. 3850,Palermo,14,Los materiales deben estar lim,Papel / Cartón / Plástico / Metal / Vidrio
Point (104335.19015799999760929 105296.54816099999879953),Las Heras General Av. 4063,Palermo,14,Los materiales deben estar lim,Papel / Cartón / Plástico / Metal / Vidrio
Point (103529.81077500000537839 103853.68987600000400562),Lavalleja 1357,Palermo,14,Los materiales deben estar lim,Papel / Cartón / Plástico / Metal / Vidrio
Point (103692.44837199999892619 104007.5197420000040438),Lavalleja 1565,Palermo,14,Los materiales deben estar lim,Papel / Cartón / Plástico / Metal / Vidrio
Point (103076.99608899999293499 104077.66572600000654347),Malabia 1350,Palermo,14,Los materiales deben estar lim,Papel / Cartón / Plástico / Metal / Vidrio
Point (104084.77753399999346584 104870.19810799999686424),Malabia 2384,Palermo,14,Los materiales deben estar lim,Papel / Cartón / Plástico / Metal / Vidrio
Point (104360.61041799999657087 104336.09522499999729916),"Mansilla, Lucio Norberto, General 3741",Palermo,14,Los materiales deben estar lim,Papel / Cartón / Plástico / Metal / Vidrio
Point (104176.24976599999354221 104497.40996299999824259),"Mansilla, Lucio Norberto, General 3897",Palermo,14,Los materiales deben estar lim,Papel / Cartón / Plástico / Metal / Vidrio
Point (101951.30048099999839906 106013.84614599999622442),"Matienzo, Benjamin, Teniente 2697",Palermo,14,Los materiales deben estar lim,Papel / Cartón / Plástico / Metal / Vidrio
Point (102630.95925800000259187 107120.75345499999821186),Maure 1515,Palermo,14,Los materiales deben estar lim,Papel / Cartón / Plástico / Metal / Vidrio
Point (102520.05020899999362882 106962.78094799999962561),Maure 1691,Palermo,14,Los materiales deben estar lim,Papel / Cartón / Plástico / Metal / Vidrio
Point (102386.10965800000121817 106772.79093099999590777),Maure 1895,Palermo,14,Los materiales deben estar lim,Papel / Cartón / Plástico / Metal / Vidrio
Point (102066.67823099999804981 106513.45011600000725593),Maure 2295,Palermo,14,Los materiales deben estar lim,Papel / Cartón / Plástico / Metal / Vidrio
Point (104042.2597550000064075 104159.60142500000074506),Medrano 1490,Palermo,14,Los materiales deben estar lim,Papel / Cartón / Plástico / Metal / Vidrio
Point (102174.87976300000445917 107323.1924940000026254),Migueletes 1278,Palermo,14,Los materiales deben estar lim,Papel / Cartón / Plástico / Metal / Vidrio
Point (102940.08976899999834131 106779.33080399999744259),Migueletes 530,Palermo,14,Los materiales deben estar lim,Papel / Cartón / Plástico / Metal / Vidrio
Point (102742.6897599999938393 106918.49348699999973178),Migueletes 742,Palermo,14,Los materiales deben estar lim,Papel / Cartón / Plástico / Metal / Vidrio
Point (102540.85144600000057835 107060.49648400000296533),Migueletes 920,Palermo,14,Los materiales deben estar lim,Papel / Cartón / Plástico / Metal / Vidrio
Point (102639.35397399999783374 106918.62100499999360181),"Newbery, Jorge 1651",Palermo,14,Los materiales deben estar lim,Papel / Cartón / Plástico / Metal / Vidrio
Point (103641.02176600000530016 104411.62416900000243913),Nicaragua 4432,Palermo,14,Los materiales deben estar lim,Papel / Cartón / Plástico / Metal / Vidrio
Point (103542.85497499999473803 104504.77661099999386352),Nicaragua 4530,Palermo,14,Los materiales deben estar lim,Papel / Cartón / Plástico / Metal / Vidrio
Point (103345.32506099999591243 104693.44318000000203028),Nicaragua 4766,Palermo,14,Los materiales deben estar lim,Papel / Cartón / Plástico / Metal / Vidrio
Point (103120.78561700000136625 104906.11336499999742955),Nicaragua 5094,Palermo,14,Los materiales deben estar lim,Papel / Cartón / Plástico / Metal / Vidrio
Point (102603.6630449999938719 105395.75741599999309983),Nicaragua 5734,Palermo,14,Los materiales deben estar lim,Papel / Cartón / Plástico / Metal / Vidrio
Point (102300.86519700000644661 105682.92183799999475013),Nicaragua 6058,Palermo,14,Los materiales deben estar lim,Papel / Cartón / Plástico / Metal / Vidrio
Point (105788.11223899999458808 105588.61872899999434594),Obarrio Manuel 2955,Palermo,14,Los materiales deben estar lim,Papel / Cartón / Plástico / Metal / Vidrio
Point (101914.84820300000137649 106710.4088670000055572),Olleros 2221,Palermo,14,Los materiales deben estar lim,Papel / Cartón / Plástico / Metal / Vidrio
Point (102848.12390599999343976 106601.0609859999967739),Ortega y Gasset 1785,Palermo,14,Los materiales deben estar lim,Papel / Cartón / Plástico / Metal / Vidrio
Point (105591.82876999999280088 105703.07512300000234973),Ortiz De Ocampo 2915,Palermo,14,Los materiales deben estar lim,Papel / Cartón / Plástico / Metal / Vidrio
Point (105555.04086999999708496 105595.93335000000661239),Ortiz De Ocampo Av. 2881,Palermo,14,Los materiales deben estar lim,Papel / Cartón / Plástico / Metal / Vidrio
Point (104426.01939099999435712 104141.69005200000538025),Paraguay 3594,Palermo,14,Los materiales deben estar lim,Papel / Cartón / Plástico / Metal / Vidrio
Point (104310.51369900000281632 104253.47065299999667332),Paraguay 3730,Palermo,14,Los materiales deben estar lim,Papel / Cartón / Plástico / Metal / Vidrio
Point (104077.20134200000029523 104477.4841560000058962),Paraguay 3958,Palermo,14,Los materiales deben estar lim,Papel / Cartón / Plástico / Metal / Vidrio
Point (103883.07228399999439716 104662.80971400000271387),Paraguay 4176,Palermo,14,Los materiales deben estar lim,Papel / Cartón / Plástico / Metal / Vidrio
Point (103840.61146499999449588 104701.9010569999954896),Paraguay 4204,Palermo,14,Los materiales deben estar lim,Papel / Cartón / Plástico / Metal / Vidrio
Point (103728.47483200000715442 104805.35209200000099372),Paraguay 4302,Palermo,14,Los materiales deben estar lim,Papel / Cartón / Plástico / Metal / Vidrio
Point (103331.60393899999326095 105173.44856800000707153),Paraguay 4780,Palermo,14,Los materiales deben estar lim,Papel / Cartón / Plástico / Metal / Vidrio
Point (102933.56740899999567773 105568.18298899999354035),Paraguay 5249,Palermo,14,Los materiales deben estar lim,Papel / Cartón / Plástico / Metal / Vidrio
Point (102741.75150499999290332 105749.81512600000132807),Paraguay 5441,Palermo,14,Los materiales deben estar lim,Papel / Cartón / Plástico / Metal / Vidrio
Point (102047.77874399999564048 105109.39698400000634138),"Ravignani, Emilio, Dr. 1529",Palermo,14,Los materiales deben estar lim,Papel / Cartón / Plástico / Metal / Vidrio
Point (102419.44674499999382533 105501.67055900000559632),"Ravignani, Emilio, Dr. 1963",Palermo,14,Los materiales deben estar lim,Papel / Cartón / Plástico / Metal / Vidrio
Point (102771.09190899999521207 105873.01297300000442192),"Ravignani, Emilio, Dr. 2395",Palermo,14,Los materiales deben estar lim,Papel / Cartón / Plástico / Metal / Vidrio
Point (104469.28136399999493733 105216.73909200000343844),Republica Arabe Siria 2827,Palermo,14,Los materiales deben estar lim,Papel / Cartón / Plástico / Metal / Vidrio
Point (104771.21719500000472181 105748.13148599999840371),Republica Arabe Siria 3361,Palermo,14,Los materiales deben estar lim,Papel / Cartón / Plástico / Metal / Vidrio
Point (102799.99743200000375509 106720.99856100000033621),Republica De Eslovenia 1710,Palermo,14,Los materiales deben estar lim,Papel / Cartón / Plástico / Metal / Vidrio
Point (104466.36947099999815691 105672.7376360000052955),Republica De La India 3001,Palermo,14,Los materiales deben estar lim,Papel / Cartón / Plástico / Metal / Vidrio
Point (105214.0131859999964945 105545.70804500000667758),"Ruggieri, Silvio L. 3094",Palermo,14,Los materiales deben estar lim,Papel / Cartón / Plástico / Metal / Vidrio
Point (104128.59797099999559578 103861.46941000000515487),"Salguero, Jeronimo 1381",Palermo,14,Los materiales deben estar lim,Papel / Cartón / Plástico / Metal / Vidrio
Point (104232.4056890000065323 104299.76229400000011083),"Salguero, Jeronimo 1688",Palermo,14,Los materiales deben estar lim,Papel / Cartón / Plástico / Metal / Vidrio
Point (104663.97211400000378489 104743.16997000000264961),"Salguero, Jeronimo 2085",Palermo,14,Los materiales deben estar lim,Papel / Cartón / Plástico / Metal / Vidrio
Point (104729.86550899999565445 104808.02377099999284837),"Salguero, Jeronimo 2143",Palermo,14,Los materiales deben estar lim,Papel / Cartón / Plástico / Metal / Vidrio
Point (105515.7233529999939492 105792.96371900000667665),San Martin De Tours 3090,Palermo,14,Los materiales deben estar lim,Papel / Cartón / Plástico / Metal / Vidrio
Point (105642.5805839999957243 105176.27909799999906681),Sanchez De Bustamante 2664,Palermo,14,Los materiales deben estar lim,Papel / Cartón / Plástico / Metal / Vidrio
Point (104709.22444000000541564 104612.32514899999659974),Santa Fe Av. 3329,Palermo,14,Los materiales deben estar lim,Papel / Cartón / Plástico / Metal / Vidrio
Point (104628.06152099999599159 104653.08696699999563862),Santa Fe Av. 3384,Palermo,14,Los materiales deben estar lim,Papel / Cartón / Plástico / Metal / Vidrio
Point (104417.06578600000648294 104846.32842099999834318),Santa Fe Av. 3617,Palermo,14,Los materiales deben estar lim,Papel / Cartón / Plástico / Metal / Vidrio
Point (104160.37018199999874923 105032.08012899999448564),Santa Fe Av. 3870,Palermo,14,Los materiales deben estar lim,Papel / Cartón / Plástico / Metal / Vidrio
Point (104103.44045700000424404 105079.78662400000030175),Santa Fe Av. 3910,Palermo,14,Los materiales deben estar lim,Papel / Cartón / Plástico / Metal / Vidrio
Point (103940.71186399999714922 105215.1937270000053104),Santa Fe Av. 4012,Palermo,14,Los materiales deben estar lim,Papel / Cartón / Plástico / Metal / Vidrio
Point (103868.22712199999659788 105271.36041199999453966),Santa Fe Av. 4124,Palermo,14,Los materiales deben estar lim,Papel / Cartón / Plástico / Metal / Vidrio
Point (103742.62034999999741558 105381.57155300000158604),Santa Fe Av. 4290,Palermo,14,Los materiales deben estar lim,Papel / Cartón / Plástico / Metal / Vidrio
Point (103623.01963300000352319 105482.26385699999809731),Santa Fe Av. 4406,Palermo,14,Los materiales deben estar lim,Papel / Cartón / Plástico / Metal / Vidrio
Point (103514.41630300000542775 105575.64377100000274368),Santa Fe Av. 4558,Palermo,14,Los materiales deben estar lim,Papel / Cartón / Plástico / Metal / Vidrio
Point (103249.7813659999956144 105706.01185199999599718),Santa Fe Av. 4830,Palermo,14,Los materiales deben estar lim,Papel / Cartón / Plástico / Metal / Vidrio
Point (103070.24831599999743048 105799.01063699999940582),Santa Fe Av. 4963,Palermo,14,Los materiales deben estar lim,Papel / Cartón / Plástico / Metal / Vidrio
Point (102930.28282799999578856 105821.27808200000436045),Santa Fe Av. 5076,Palermo,14,Los materiales deben estar lim,Papel / Cartón / Plástico / Metal / Vidrio
Point (105134.37651499999628868 105917.57862099999329075),"Scalabrini Ortiz, Raul 3558",Palermo,14,Los materiales deben estar lim,Papel / Cartón / Plástico / Metal / Vidrio
Point (103190.59853800000564661 103979.45493399999395479),"Scalabrini Ortiz, Raul Av. 1267",Palermo,14,Los materiales deben estar lim,Papel / Cartón / Plástico / Metal / Vidrio
Point (103563.23970000000554137 104279.12381000000459608),"Scalabrini Ortiz, Raul Av. 1635",Palermo,14,Los materiales deben estar lim,Papel / Cartón / Plástico / Metal / Vidrio
Point (104001.24506400000245776 104622.44678600000042934),"Scalabrini Ortiz, Raul Av. 2141",Palermo,14,Los materiales deben estar lim,Papel / Cartón / Plástico / Metal / Vidrio
Point (104872.535078999993857 105629.94219499999599066),"Segui, Juan Francisco 3675",Palermo,14,Los materiales deben estar lim,Papel / Cartón / Plástico / Metal / Vidrio
Point (104547.75905599999532569 105788.32574899999599438),"Segui, Juan Francisco 3995",Palermo,14,Los materiales deben estar lim,Papel / Cartón / Plástico / Metal / Vidrio
Point (102940.16481099999509752 104414.03771400000550784),Serrano 1495,Palermo,14,Los materiales deben estar lim,Papel / Cartón / Plástico / Metal / Vidrio
Point (103661.96213899999565911 106052.82696799999393988),Sinclair 3044,Palermo,14,Los materiales deben estar lim,Papel / Cartón / Plástico / Metal / Vidrio
Point (102324.87655099999392405 107080.57904100000450853),Soldado De La Independencia 1081,Palermo,14,Los materiales deben estar lim,Papel / Cartón / Plástico / Metal / Vidrio
Point (102135.55422299999918323 107219.83258800000476185),Soldado De La Independencia 1241,Palermo,14,Los materiales deben estar lim,Papel / Cartón / Plástico / Metal / Vidrio
Point (102836.41854499999317341 106719.20831099999486469),Soldado De La Independencia 583,Palermo,14,Los materiales deben estar lim,Papel / Cartón / Plástico / Metal / Vidrio
Point (104425.0539450000069337 103970.43994199999724515),Soler 3689,Palermo,14,Los materiales deben estar lim,Papel / Cartón / Plástico / Metal / Vidrio
Point (103779.32048300000315066 104426.28643599999486469),Soler 4381,Palermo,14,Los materiales deben estar lim,Papel / Cartón / Plástico / Metal / Vidrio
Point (103542.98932500000228174 104681.08571299999312032),Soler 4649,Palermo,14,Los materiales deben estar lim,Papel / Cartón / Plástico / Metal / Vidrio
Point (103344.75332099999650382 104870.15013900000485592),Soler 4893,Palermo,14,Los materiales deben estar lim,Papel / Cartón / Plástico / Metal / Vidrio
Point (103206.63835599999583792 105003.13471600000048056),Soler 5081,Palermo,14,Los materiales deben estar lim,Papel / Cartón / Plástico / Metal / Vidrio
Point (102707.73524999999790452 105480.92539499999838881),Soler 5719,Palermo,14,Los materiales deben estar lim,Papel / Cartón / Plástico / Metal / Vidrio
Point (102557.59521400000085123 105624.95928500000445638),Soler 5891,Palermo,14,Los materiales deben estar lim,Papel / Cartón / Plástico / Metal / Vidrio
Point (102499.353092999997898 105680.77028199999767821),Soler 5945,Palermo,14,Los materiales deben estar lim,Papel / Cartón / Plástico / Metal / Vidrio
Point (105994.29778500000247732 105654.10751800000434741),"Tedin, Juez 2790",Palermo,14,Los materiales deben estar lim,Papel / Cartón / Plástico / Metal / Vidrio
Point (102803.26366199999756645 104459.09663800000271294),Thames 1442,Palermo,14,Los materiales deben estar lim,Papel / Cartón / Plástico / Metal / Vidrio
Point (103191.02471699999296106 104770.0888730000006035),Thames 1866,Palermo,14,Los materiales deben estar lim,Papel / Cartón / Plástico / Metal / Vidrio
Point (103399.01347499999974389 104938.02675499999895692),Thames 2102,Palermo,14,Los materiales deben estar lim,Papel / Cartón / Plástico / Metal / Vidrio
Point (103684.52761200000531971 105214.40373499999986961),Thames 2380,Palermo,14,Los materiales deben estar lim,Papel / Cartón / Plástico / Metal / Vidrio
Point (102647.30449100000259932 104471.48458600000594743),Uriarte 1368,Palermo,14,Los materiales deben estar lim,Papel / Cartón / Plástico / Metal / Vidrio
Point (103483.192362999994657 105152.90048599999863654),Uriarte 2251,Palermo,14,Los materiales deben estar lim,Papel / Cartón / Plástico / Metal / Vidrio
Point (102690.8852199999964796 104295.80911099999502767),"Vega, Niceto Cnel. 5050",Palermo,14,Los materiales deben estar lim,Papel / Cartón / Plástico / Metal / Vidrio
Point (102280.01708700000017416 104640.35233399999560788),"Vega, Niceto, Cnel. Av. 5480",Palermo,14,Los materiales deben estar lim,Papel / Cartón / Plástico / Metal / Vidrio
Point (101984.81834500000695698 104887.90542300000379328),"Vega, Niceto, Cnel. Av. 5808",Palermo,14,Los materiales deben estar lim,Papel / Cartón / Plástico / Metal / Vidrio
Point (101749.7761540000064997 105087.27505999999993946),"Vega, Niceto, Cnel. Av. 6070",Palermo,14,Los materiales deben estar lim,Papel / Cartón / Plástico / Metal / Vidrio
Point (104429.61622300000453833 104323.64356599999882746),Vidt 1879,Palermo,14,Los materiales deben estar lim,Papel / Cartón / Plástico / Metal / Vidrio
Point (102075.32740300000295974 106899.51968199999828357),Villanueva 1107,Palermo,14,Los materiales deben estar lim,Papel / Cartón / Plástico / Metal / Vidrio
Point (101857.29828400000405964 107123.76962300000013784),Villanueva 1350,Palermo,14,Los materiales deben estar lim,Papel / Cartón / Plástico / Metal / Vidrio
Point (102245.32176000000617933 106739.43189500000153203),Villanueva 961,Palermo,14,Los materiales deben estar lim,Papel / Cartón / Plástico / Metal / Vidrio
Point (101683.0162209999980405 107135.41411899999366142),Zabala 1931,Palermo,14,Los materiales deben estar lim,Papel / Cartón / Plástico / Metal / Vidrio
Point (101488.56726799999887589 106983.23183699999935925),Zabala 2174,Palermo,14,Los materiales deben estar lim,Papel / Cartón / Plástico / Metal / Vidrio
Point (102305.21486999999615364 105971.324254999999539),Zapata 93,Palermo,14,Los materiales deben estar lim,Papel / Cartón / Plástico / Metal / Vidrio
Point (99286.76146939999307506 97660.49330070000723936),Fernandez 1584,Parque Avellaneda,9,Los materiales deben estar lim,Papel / Cartón / Plástico / Metal / Vidrio
Point (99093.12095539999427274 98854.95308710000244901),Remedios 3469,Parque Avellaneda,9,Los materiales deben estar lim,Papel / Cartón / Plástico / Metal / Vidrio
Point (98821.61726070000440814 98693.58849449999979697),Remedios 3715,Parque Avellaneda,9,Los materiales deben estar lim,Papel / Cartón / Plástico / Metal / Vidrio
Point (97961.5814200000022538 97757.0833998000016436),Remedios 4644,Parque Avellaneda,9,Los materiales deben estar lim,Papel / Cartón / Plástico / Metal / Vidrio
Point (99789.01422529999399558 97203.93444290000479668),Santander 3797,Parque Avellaneda,9,Los materiales deben estar lim,Papel / Cartón / Plástico / Metal / Vidrio
Point (99716.98172789999807719 98068.92694079999637324),"Acosta, Mariano 1469",Parque Avellaneda,9,Los materiales deben estar lim,Papel / Cartón / Plástico / Metal / Vidrio
Point (99807.73294420000456739 97982.41742660000454634),"Acosta, Mariano 1551",Parque Avellaneda,9,Los materiales deben estar lim,Papel / Cartón / Plástico / Metal / Vidrio
Point (99463.20270779999555089 98326.97777579999819864),"Acosta, Mariano Av. 1270",Parque Avellaneda,9,Los materiales deben estar lim,Papel / Cartón / Plástico / Metal / Vidrio
Point (98994.33191239999723621 98775.3660226999927545),"Acosta, Mariano Av. 824",Parque Avellaneda,9,Los materiales deben estar lim,Papel / Cartón / Plástico / Metal / Vidrio
Point (98323.17852220000349917 98999.53367800000705756),"Alberdi, Juan Bautista Av. 3991",Parque Avellaneda,9,Los materiales deben estar lim,Papel / Cartón / Plástico / Metal / Vidrio
Point (98075.48933139999280684 98860.64127750000625383),"Alberdi, Juan Bautista Av. 4169",Parque Avellaneda,9,Los materiales deben estar lim,Papel / Cartón / Plástico / Metal / Vidrio
Point (97641.44543639999756124 98612.7011002999934135),"Alberdi, Juan Bautista Av. 4475",Parque Avellaneda,9,Los materiales deben estar lim,Papel / Cartón / Plástico / Metal / Vidrio
Point (97371.93136079999385402 98455.49951310000324156),"Alberdi, Juan Bautista Av. 4679",Parque Avellaneda,9,Los materiales deben estar lim,Papel / Cartón / Plástico / Metal / Vidrio
Point (97177.28772199999366421 98342.8645637000008719),"Alberdi, Juan Bautista Av. 4831",Parque Avellaneda,9,Los materiales deben estar lim,Papel / Cartón / Plástico / Metal / Vidrio
Point (99617.64799040000070818 97194.08250679999764543),"Alvarez, Crisostomo 3866",Parque Avellaneda,9,Los materiales deben estar lim,Papel / Cartón / Plástico / Metal / Vidrio
Point (97771.49793630000203848 98514.32154200000513811),"Ameghino, Florentino, Dr. 607",Parque Avellaneda,9,Los materiales deben estar lim,Papel / Cartón / Plástico / Metal / Vidrio
Point (99218.99494119999872055 98702.49935880000703037),Azul 838,Parque Avellaneda,9,Los materiales deben estar lim,Papel / Cartón / Plástico / Metal / Vidrio
Point (98375.89500309999857564 97556.32967819999612402),"Bilbao, Francisco 4541",Parque Avellaneda,9,Los materiales deben estar lim,Papel / Cartón / Plástico / Metal / Vidrio
Point (99179.38039639999624342 98453.8549903999955859),"Bilbao, Francisco Av. 3673",Parque Avellaneda,9,Los materiales deben estar lim,Papel / Cartón / Plástico / Metal / Vidrio
Point (98336.75403890000598039 98860.09189769999647979),"Bonifacio, Jose 4070",Parque Avellaneda,9,Los materiales deben estar lim,Papel / Cartón / Plástico / Metal / Vidrio
Point (97287.23775450000539422 98228.19414969999343157),Bragado 4838,Parque Avellaneda,9,Los materiales deben estar lim,Papel / Cartón / Plástico / Metal / Vidrio
Point (97952.5052261999953771 98287.62885249999817461),Chascomus 4322,Parque Avellaneda,9,Los materiales deben estar lim,Papel / Cartón / Plástico / Metal / Vidrio
Point (97619.83918500000436325 97948.10245500000019092),Chascomus 4705,Parque Avellaneda,9,Los materiales deben estar lim,Papel / Cartón / Plástico / Metal / Vidrio
Point (99187.53387410000141244 99142.15835369999695104),Directorio Av. 3288,Parque Avellaneda,9,Los materiales deben estar lim,Papel / Cartón / Plástico / Metal / Vidrio
Point (99023.7399985999945784 99062.26704700000118464),Directorio Av. 3458,Parque Avellaneda,9,Los materiales deben estar lim,Papel / Cartón / Plástico / Metal / Vidrio
Point (98763.24861799999780487 98867.17928799999936018),Directorio Av. 3764,Parque Avellaneda,9,Los materiales deben estar lim,Papel / Cartón / Plástico / Metal / Vidrio
Point (98244.61428670000168495 98436.55916360000264831),Directorio Av. 4147,Parque Avellaneda,9,Los materiales deben estar lim,Papel / Cartón / Plástico / Metal / Vidrio
Point (97949.24160209999536164 98106.2531849999941187),Directorio Av. 4454,Parque Avellaneda,9,Los materiales deben estar lim,Papel / Cartón / Plástico / Metal / Vidrio
Point (99102.03015590000723023 97078.75110330000461545),Echeandia 4220,Parque Avellaneda,9,Los materiales deben estar lim,Papel / Cartón / Plástico / Metal / Vidrio
Point (97391.54747780000616331 97966.59431519999634475),Escalada Av. 1070,Parque Avellaneda,9,Los materiales deben estar lim,Papel / Cartón / Plástico / Metal / Vidrio
Point (97516.93091530000674538 97848.10383700000238605),Escalada Av. 1200,Parque Avellaneda,9,Los materiales deben estar lim,Papel / Cartón / Plástico / Metal / Vidrio
Point (97668.15334720000100788 97704.52603850000014063),Escalada Av. 1368,Parque Avellaneda,9,Los materiales deben estar lim,Papel / Cartón / Plástico / Metal / Vidrio
Point (97779.11443260000669397 97597.36414160000276752),Escalada Av. 1496,Parque Avellaneda,9,Los materiales deben estar lim,Papel / Cartón / Plástico / Metal / Vidrio
Point (97943.16197640000609681 97439.58118079999985639),Escalada Av. 1650,Parque Avellaneda,9,Los materiales deben estar lim,Papel / Cartón / Plástico / Metal / Vidrio
Point (98081.10488379999878816 97312.45538980000128504),Escalada Av. 1768,Parque Avellaneda,9,Los materiales deben estar lim,Papel / Cartón / Plástico / Metal / Vidrio
Point (97160.2720740999939153 98186.44485699999495409),Escalada Av. 858,Parque Avellaneda,9,Los materiales deben estar lim,Papel / Cartón / Plástico / Metal / Vidrio
Point (99192.6849480999953812 98029.89525240000511985),"Fernandez Moreno, Baldomero 3877",Parque Avellaneda,9,Los materiales deben estar lim,Papel / Cartón / Plástico / Metal / Vidrio
Point (98161.85136790000251494 97774.30165160000615288),Garzon Eugenio General 4571,Parque Avellaneda,9,Los materiales deben estar lim,Papel / Cartón / Plástico / Metal / Vidrio
Point (98031.7906107000017073 97638.73075590000371449),Garzon Eugenio General 4773,Parque Avellaneda,9,Los materiales deben estar lim,Papel / Cartón / Plástico / Metal / Vidrio
Point (97708.12988259999838192 97883.00157880000188015),Homero 1095,Parque Avellaneda,9,Los materiales deben estar lim,Papel / Cartón / Plástico / Metal / Vidrio
Point (98255.94722250000631902 97363.91470920000574552),Homero 1641,Parque Avellaneda,9,Los materiales deben estar lim,Papel / Cartón / Plástico / Metal / Vidrio
Point (98633.08874490000016522 97009.65190579999762122),Homero 1961,Parque Avellaneda,9,Los materiales deben estar lim,Papel / Cartón / Plástico / Metal / Vidrio
Point (98788.47044239999377169 96857.75889709999319166),Homero 2055,Parque Avellaneda,9,Los materiales deben estar lim,Papel / Cartón / Plástico / Metal / Vidrio
Point (97227.11236400000052527 98339.02161300000443589),Homero 605,Parque Avellaneda,9,Los materiales deben estar lim,Papel / Cartón / Plástico / Metal / Vidrio
Point (99006.76735769999504555 97587.24156860000221059),La Facultad 1607,Parque Avellaneda,9,Los materiales deben estar lim,Papel / Cartón / Plástico / Metal / Vidrio
Point (98908.68730229999346193 98256.46927580000192393),Lacarra Av. 1180,Parque Avellaneda,9,Los materiales deben estar lim,Papel / Cartón / Plástico / Metal / Vidrio
Point (99284.43916160000662785 97885.21715260000200942),Lacarra Av. 1511,Parque Avellaneda,9,Los materiales deben estar lim,Papel / Cartón / Plástico / Metal / Vidrio
Point (98581.62701349999406375 98557.96106739999959245),Lacarra Av. 805,Parque Avellaneda,9,Los materiales deben estar lim,Papel / Cartón / Plástico / Metal / Vidrio
Point (99499.06447810000099707 98482.02368300000671297),"Laferrere, Gregorio De 3584",Parque Avellaneda,9,Los materiales deben estar lim,Papel / Cartón / Plástico / Metal / Vidrio
Point (99108.97316090000094846 98262.11507369999890216),Laguna 1160,Parque Avellaneda,9,Los materiales deben estar lim,Papel / Cartón / Plástico / Metal / Vidrio
Point (99496.15078199999697972 97890.4307942000014009),Laguna 1500,Parque Avellaneda,9,Los materiales deben estar lim,Papel / Cartón / Plástico / Metal / Vidrio
Point (98562.41035229999397416 98784.44562739999673795),Laguna 568,Parque Avellaneda,9,Los materiales deben estar lim,Papel / Cartón / Plástico / Metal / Vidrio
Point (98789.32539650000398979 98567.29224619999877177),Laguna 852,Parque Avellaneda,9,Los materiales deben estar lim,Papel / Cartón / Plástico / Metal / Vidrio
Point (99419.39507030000095256 98149.65444769999885466),Martinez Castro 1229,Parque Avellaneda,9,Los materiales deben estar lim,Papel / Cartón / Plástico / Metal / Vidrio
Point (98492.19378329999744892 99034.72994849999668077),Martinez Castro 325,Parque Avellaneda,9,Los materiales deben estar lim,Papel / Cartón / Plástico / Metal / Vidrio
Point (98575.88727429999562446 98955.07159059999685269),Martinez Castro 433,Parque Avellaneda,9,Los materiales deben estar lim,Papel / Cartón / Plástico / Metal / Vidrio
Point (98869.21469880000222474 97587.83010770000691991),Medina 1649,Parque Avellaneda,9,Los materiales deben estar lim,Papel / Cartón / Plástico / Metal / Vidrio
Point (99302.87320360000012442 97171.33308620000025257),Medina 1911,Parque Avellaneda,9,Los materiales deben estar lim,Papel / Cartón / Plástico / Metal / Vidrio
Point (99082.60228999999526422 97975.67077040000003763),Monte 3956,Parque Avellaneda,9,Los materiales deben estar lim,Papel / Cartón / Plástico / Metal / Vidrio
Point (98166.91157039999961853 97993.35322439999436028),Moreto 1094,Parque Avellaneda,9,Los materiales deben estar lim,Papel / Cartón / Plástico / Metal / Vidrio
Point (98294.82492090000596363 97860.52491490000102203),Moreto 1215,Parque Avellaneda,9,Los materiales deben estar lim,Papel / Cartón / Plástico / Metal / Vidrio
Point (98532.8867037000018172 97645.01303980000375304),Moreto 1428,Parque Avellaneda,9,Los materiales deben estar lim,Papel / Cartón / Plástico / Metal / Vidrio
Point (98538.93395089999830816 97477.22159080000710674),Mozart 1503,Parque Avellaneda,9,Los materiales deben estar lim,Papel / Cartón / Plástico / Metal / Vidrio
Point (97667.07415319999563508 98304.24921150000591297),Mozart 651,Parque Avellaneda,9,Los materiales deben estar lim,Papel / Cartón / Plástico / Metal / Vidrio
Point (98468.1763444999960484 97109.00603370000317227),Olivera Av. 1442,Parque Avellaneda,9,Los materiales deben estar lim,Papel / Cartón / Plástico / Metal / Vidrio
Point (97940.3879261999973096 98674.64810380000562873),Olivera Av. 450,Parque Avellaneda,9,Los materiales deben estar lim,Papel / Cartón / Plástico / Metal / Vidrio
Point (98006.01899989999947138 98413.35195019999810029),Olivera Av. 550,Parque Avellaneda,9,Los materiales deben estar lim,Papel / Cartón / Plástico / Metal / Vidrio
Point (99605.59292989999812562 98348.60691449999285396),Pergamino 1105,Parque Avellaneda,9,Los materiales deben estar lim,Papel / Cartón / Plástico / Metal / Vidrio
Point (99272.63867270000628196 98834.06171409999660682),Pergamino 659,Parque Avellaneda,9,Los materiales deben estar lim,Papel / Cartón / Plástico / Metal / Vidrio
Point (99720.47119810000003781 98204.78207400000246707),"Peron, Eva Av. 3619",Parque Avellaneda,9,Los materiales deben estar lim,Papel / Cartón / Plástico / Metal / Vidrio
Point (99132.78117810000549071 97424.1097550999984378),"Peron, Eva Av. 4258",Parque Avellaneda,9,Los materiales deben estar lim,Papel / Cartón / Plástico / Metal / Vidrio
Point (99051.31340539999655448 97355.34855569999490399),"Peron, Eva Av. 4347",Parque Avellaneda,9,Los materiales deben estar lim,Papel / Cartón / Plástico / Metal / Vidrio
Point (99901.46892260000458919 98183.61831259999598842),"Recuero, Casimiro, Tte. Cnel. 3420",Parque Avellaneda,9,Los materiales deben estar lim,Papel / Cartón / Plástico / Metal / Vidrio
Point (99674.40989710000576451 97944.78001380000205245),"Recuero, Casimiro, Tte. Cnel. 3686",Parque Avellaneda,9,Los materiales deben estar lim,Papel / Cartón / Plástico / Metal / Vidrio
Point (97609.3461892000050284 98136.75558549999550451),"Rodo, Jose E. 4611",Parque Avellaneda,9,Los materiales deben estar lim,Papel / Cartón / Plástico / Metal / Vidrio
Point (99134.18067489999521058 98591.05410969999502413),San Pedro 3819,Parque Avellaneda,9,Los materiales deben estar lim,Papel / Cartón / Plástico / Metal / Vidrio
Point (98868.80358259999775328 98353.22648219999973662),San Pedro 4072,Parque Avellaneda,9,Los materiales deben estar lim,Papel / Cartón / Plástico / Metal / Vidrio
Point (98361.25663930000155233 97746.11395569999876898),San Pedro 4536,Parque Avellaneda,9,Los materiales deben estar lim,Papel / Cartón / Plástico / Metal / Vidrio
Point (99617.00173829999403097 96991.97111919999588281),Santander 3963,Parque Avellaneda,9,Los materiales deben estar lim,Papel / Cartón / Plástico / Metal / Vidrio
Point (99198.83655550000548828 99008.30686440000135917),Tandil 3308,Parque Avellaneda,9,Los materiales deben estar lim,Papel / Cartón / Plástico / Metal / Vidrio
Point (97947.1554277999966871 97928.45958969999628607),Tandil 4565,Parque Avellaneda,9,Los materiales deben estar lim,Papel / Cartón / Plástico / Metal / Vidrio
Point (97769.21760380000341684 97747.40240730000368785),Tandil 4741,Parque Avellaneda,9,Los materiales deben estar lim,Papel / Cartón / Plástico / Metal / Vidrio
Point (97683.48326019999512937 98446.579262800005381),Tapalque 4560,Parque Avellaneda,9,Los materiales deben estar lim,Papel / Cartón / Plástico / Metal / Vidrio
Point (97546.69045959999493789 98294.26809349999530241),Tapalque 4660,Parque Avellaneda,9,Los materiales deben estar lim,Papel / Cartón / Plástico / Metal / Vidrio
Point (98367.10061259999929462 97442.9573073000065051),White 1641,Parque Avellaneda,9,Los materiales deben estar lim,Papel / Cartón / Plástico / Metal / Vidrio
Point (98761.1625142999982927 97082.0302427999995416),White 1990,Parque Avellaneda,9,Los materiales deben estar lim,Papel / Cartón / Plástico / Metal / Vidrio
Point (97430.77098410000326112 98346.13970850000623614),White 716,Parque Avellaneda,9,Los materiales deben estar lim,Papel / Cartón / Plástico / Metal / Vidrio
Point (99014.21934949999558739 97689.48778009999659844),Zinny 1470,Parque Avellaneda,9,Los materiales deben estar lim,Papel / Cartón / Plástico / Metal / Vidrio
Point (99107.92768130000331439 97599.7487117999990005),Zinny 1536,Parque Avellaneda,9,Los materiales deben estar lim,Papel / Cartón / Plástico / Metal / Vidrio
Point (99393.34905960000469349 97326.07740310000372119),Zinny 1750,Parque Avellaneda,9,Los materiales deben estar lim,Papel / Cartón / Plástico / Metal / Vidrio
Point (102393.29906900000059977 98779.56105610000668094),Za?artu 1402,Parque Chacabuco,7,Los materiales deben estar lim,Papel / Cartón / Plástico / Metal / Vidrio
Point (103001.78568699999595992 98887.74538120000215713),Za?artu 902,Parque Chacabuco,7,Los materiales deben estar lim,Papel / Cartón / Plástico / Metal / Vidrio
Point (103231.3950710000062827 98938.10349310000310652),Za?artu 702,Parque Chacabuco,7,Los materiales deben estar lim,Papel / Cartón / Plástico / Metal / Vidrio
Point (103458.52046400000108406 98987.32579210000403691),Za?artu 502,Parque Chacabuco,7,Los materiales deben estar lim,Papel / Cartón / Plástico / Metal / Vidrio
Point (102121.85710399999516085 98695.04583920000004582),Za?artu 1602,Parque Chacabuco,7,Los materiales deben estar lim,Papel / Cartón / Plástico / Metal / Vidrio
Point (102683.09546799999952782 98839.92626160000509117),Za?artu 1202,Parque Chacabuco,7,Los materiales deben estar lim,Papel / Cartón / Plástico / Metal / Vidrio
Point (102612.28195400000549853 99280.70935299999837298),Casta?ares Av. 1132,Parque Chacabuco,7,Los materiales deben estar lim,Papel / Cartón / Plástico / Metal / Vidrio
Point (102092.84729900000093039 99291.01375250000273809),Asamblea Av. 1102,Parque Chacabuco,7,Los materiales deben estar lim,Papel / Cartón / Plástico / Metal / Vidrio
Point (101748.86129000000073574 99205.83984620000410359),Asamblea Av. 1402,Parque Chacabuco,7,Los materiales deben estar lim,Papel / Cartón / Plástico / Metal / Vidrio
Point (101425.13971000000310596 99068.76549890000023879),Asamblea Av. 1640,Parque Chacabuco,7,Los materiales deben estar lim,Papel / Cartón / Plástico / Metal / Vidrio
Point (102700.40788300000713207 99438.67890780000016093),Asamblea Av. 572,Parque Chacabuco,7,Los materiales deben estar lim,Papel / Cartón / Plástico / Metal / Vidrio
Point (102415.97995900000387337 99387.85065130000293721),Asamblea Av. 869,Parque Chacabuco,7,Los materiales deben estar lim,Papel / Cartón / Plástico / Metal / Vidrio
Point (102290.39344899999559857 99338.65817949999473058),Asamblea Av. 970,Parque Chacabuco,7,Los materiales deben estar lim,Papel / Cartón / Plástico / Metal / Vidrio
Point (102257.74478399999497924 99330.46131640000385232),Asamblea Av. 996,Parque Chacabuco,7,Los materiales deben estar lim,Papel / Cartón / Plástico / Metal / Vidrio
Point (102750.39126000000396743 99121.9263068000000203),Balbastro 1102,Parque Chacabuco,7,Los materiales deben estar lim,Papel / Cartón / Plástico / Metal / Vidrio
Point (102463.32192499999655411 99058.86969599999429192),Balbastro 1302,Parque Chacabuco,7,Los materiales deben estar lim,Papel / Cartón / Plástico / Metal / Vidrio
Point (102054.86391099999309517 98915.0627636999997776),Balbastro 1602,Parque Chacabuco,7,Los materiales deben estar lim,Papel / Cartón / Plástico / Metal / Vidrio
Point (101823.13286800000059884 98846.13598200000706129),Balbastro 1802,Parque Chacabuco,7,Los materiales deben estar lim,Papel / Cartón / Plástico / Metal / Vidrio
Point (103332.03620000000228174 99241.58972079999512061),Balbastro 576,Parque Chacabuco,7,Los materiales deben estar lim,Papel / Cartón / Plástico / Metal / Vidrio
Point (103173.73443199999746867 99208.77167580000241287),Balbastro 702,Parque Chacabuco,7,Los materiales deben estar lim,Papel / Cartón / Plástico / Metal / Vidrio
Point (102586.28424300000187941 99484.12166859999706503),Bell Ville 1202,Parque Chacabuco,7,Los materiales deben estar lim,Papel / Cartón / Plástico / Metal / Vidrio
Point (101235.77431799999612849 99786.78364690000307746),"Bilbao, Francisco 1473",Parque Chacabuco,7,Los materiales deben estar lim,Papel / Cartón / Plástico / Metal / Vidrio
Point (101073.36569799999415409 99722.78735549999692012),"Bilbao, Francisco 1695",Parque Chacabuco,7,Los materiales deben estar lim,Papel / Cartón / Plástico / Metal / Vidrio
Point (100952.21231299999635667 99675.89902369999617804),"Bilbao, Francisco 1807",Parque Chacabuco,7,Los materiales deben estar lim,Papel / Cartón / Plástico / Metal / Vidrio
Point (102158.27401100000133738 99716.47655599999416154),Cachimayo 995,Parque Chacabuco,7,Los materiales deben estar lim,Papel / Cartón / Plástico / Metal / Vidrio
Point (102756.69996399999945424 98589.15635200000542682),Cobo Av. 1302,Parque Chacabuco,7,Los materiales deben estar lim,Papel / Cartón / Plástico / Metal / Vidrio
Point (102470.56527000000642147 98519.99380209999799263),Cobo Av. 1502,Parque Chacabuco,7,Los materiales deben estar lim,Papel / Cartón / Plástico / Metal / Vidrio
Point (102141.10571400000480935 98439.64080900000408292),Cobo Av. 1752,Parque Chacabuco,7,Los materiales deben estar lim,Papel / Cartón / Plástico / Metal / Vidrio
Point (102660.62214099999982864 99305.30230860000301618),Del Barco Centenera 1402,Parque Chacabuco,7,Los materiales deben estar lim,Papel / Cartón / Plástico / Metal / Vidrio
Point (102715.2331209999974817 99212.57105319999391213),"Diaz, Avelino 1002",Parque Chacabuco,7,Los materiales deben estar lim,Papel / Cartón / Plástico / Metal / Vidrio
Point (102289.00566199999593664 99133.40996479999739677),"Diaz, Avelino 1302",Parque Chacabuco,7,Los materiales deben estar lim,Papel / Cartón / Plástico / Metal / Vidrio
Point (101955.00255200000538025 99035.09783539999625646),"Diaz, Avelino 1562",Parque Chacabuco,7,Los materiales deben estar lim,Papel / Cartón / Plástico / Metal / Vidrio
Point (101793.33290100000158418 98995.2088623000017833),"Diaz, Avelino 1702",Parque Chacabuco,7,Los materiales deben estar lim,Papel / Cartón / Plástico / Metal / Vidrio
Point (101602.65816000000631902 98878.58878069999627769),"Diaz, Avelino 1946",Parque Chacabuco,7,Los materiales deben estar lim,Papel / Cartón / Plástico / Metal / Vidrio
Point (103471.07253200000559445 99372.46370950000709854),"Diaz, Avelino 333",Parque Chacabuco,7,Los materiales deben estar lim,Papel / Cartón / Plástico / Metal / Vidrio
Point (103048.72997499999473803 99288.08693330000096466),"Diaz, Avelino 715",Parque Chacabuco,7,Los materiales deben estar lim,Papel / Cartón / Plástico / Metal / Vidrio
Point (101630.53508299999521114 99939.1642948999942746),Directorio Av. 1260,Parque Chacabuco,7,Los materiales deben estar lim,Papel / Cartón / Plástico / Metal / Vidrio
Point (101420.60867200000211596 99901.17000709999410901),Directorio Av. 1480,Parque Chacabuco,7,Los materiales deben estar lim,Papel / Cartón / Plástico / Metal / Vidrio
Point (103165.01348700000380632 100211.09396699999342673),Directorio Av. 150,Parque Chacabuco,7,Los materiales deben estar lim,Papel / Cartón / Plástico / Metal / Vidrio
Point (101117.41578399999707472 99846.72853120000218041),Directorio Av. 1680,Parque Chacabuco,7,Los materiales deben estar lim,Papel / Cartón / Plástico / Metal / Vidrio
Point (100803.0013219999964349 99737.36883760000637267),Directorio Av. 1908,Parque Chacabuco,7,Los materiales deben estar lim,Papel / Cartón / Plástico / Metal / Vidrio
Point (102773.63599599999724887 100142.64882600000419188),Directorio Av. 448,Parque Chacabuco,7,Los materiales deben estar lim,Papel / Cartón / Plástico / Metal / Vidrio
Point (102460.64139600000635255 100087.26161299999512266),Directorio Av. 656,Parque Chacabuco,7,Los materiales deben estar lim,Papel / Cartón / Plástico / Metal / Vidrio
Point (102158.6835750000027474 100034.17559899999469053),Directorio Av. 906,Parque Chacabuco,7,Los materiales deben estar lim,Papel / Cartón / Plástico / Metal / Vidrio
Point (102201.56284100000630133 99579.63471169999684207),Estrada 1033,Parque Chacabuco,7,Los materiales deben estar lim,Papel / Cartón / Plástico / Metal / Vidrio
Point (102131.62901999999303371 99535.93637470000248868),Estrada 1095,Parque Chacabuco,7,Los materiales deben estar lim,Papel / Cartón / Plástico / Metal / Vidrio
Point (102859.62609600000723731 99766.24496189999626949),Estrada 450,Parque Chacabuco,7,Los materiales deben estar lim,Papel / Cartón / Plástico / Metal / Vidrio
Point (102666.63103400000545662 99731.34423600000445731),Estrada 654,Parque Chacabuco,7,Los materiales deben estar lim,Papel / Cartón / Plástico / Metal / Vidrio
Point (102505.82129799999529496 99702.59828900000138674),Estrada 774,Parque Chacabuco,7,Los materiales deben estar lim,Papel / Cartón / Plástico / Metal / Vidrio
Point (102359.83526999999594409 99679.21395259999553673),Estrada 905,Parque Chacabuco,7,Los materiales deben estar lim,Papel / Cartón / Plástico / Metal / Vidrio
Point (102283.70006400000420399 99626.29822650000278372),Estrada 980,Parque Chacabuco,7,Los materiales deben estar lim,Papel / Cartón / Plástico / Metal / Vidrio
Point (101604.14323600000352599 99674.92516719999548513),"Fernandez Moreno, Baldomero 1391",Parque Chacabuco,7,Los materiales deben estar lim,Papel / Cartón / Plástico / Metal / Vidrio
Point (101442.29293900000629947 99612.16242560000682715),"Fernandez Moreno, Baldomero 1545",Parque Chacabuco,7,Los materiales deben estar lim,Papel / Cartón / Plástico / Metal / Vidrio
Point (101173.2807230000034906 99507.67678259999956936),"Fernandez Moreno, Baldomero 1777",Parque Chacabuco,7,Los materiales deben estar lim,Papel / Cartón / Plástico / Metal / Vidrio
Point (101017.61637400000472553 99448.16730169999937061),"Fernandez Moreno, Baldomero 1927",Parque Chacabuco,7,Los materiales deben estar lim,Papel / Cartón / Plástico / Metal / Vidrio
Point (101796.3777399999962654 99866.37681339999835473),"Laferrere, Gregorio 1186",Parque Chacabuco,7,Los materiales deben estar lim,Papel / Cartón / Plástico / Metal / Vidrio
Point (101607.0521980000048643 99792.49478629999794066),"Laferrere, Gregorio 1314",Parque Chacabuco,7,Los materiales deben estar lim,Papel / Cartón / Plástico / Metal / Vidrio
Point (101327.88965800000005402 99686.03551950000110082),"Laferrere, Gregorio 1516",Parque Chacabuco,7,Los materiales deben estar lim,Papel / Cartón / Plástico / Metal / Vidrio
Point (101128.47958400000061374 99608.5422277000034228),"Laferrere, Gregorio 1784",Parque Chacabuco,7,Los materiales deben estar lim,Papel / Cartón / Plástico / Metal / Vidrio
Point (100891.2846410000056494 99517.34988740000699181),"Laferrere, Gregorio 2004",Parque Chacabuco,7,Los materiales deben estar lim,Papel / Cartón / Plástico / Metal / Vidrio
Point (101449.59350800000538584 99451.36671869999554474),Malvinas Argentinas 912,Parque Chacabuco,7,Los materiales deben estar lim,Papel / Cartón / Plástico / Metal / Vidrio
Point (102799.24134599999524653 99585.24399180000182241),"Moreno, Jose Maria Av. 1232",Parque Chacabuco,7,Los materiales deben estar lim,Papel / Cartón / Plástico / Metal / Vidrio
Point (102850.6244379999989178 99231.92707550000341143),"Moreno, Jose Maria Av. 1502",Parque Chacabuco,7,Los materiales deben estar lim,Papel / Cartón / Plástico / Metal / Vidrio
Point (102934.65256899999803863 98748.01551800000015646),"Moreno, Jose Maria Av. 1902",Parque Chacabuco,7,Los materiales deben estar lim,Papel / Cartón / Plástico / Metal / Vidrio
Point (102018.55533200000354555 99886.38901430000260007),"Peron, Eva Av. 1115",Parque Chacabuco,7,Los materiales deben estar lim,Papel / Cartón / Plástico / Metal / Vidrio
Point (101190.46249499999976251 99168.98807760000636335),"Peron, Eva Av. 1991",Parque Chacabuco,7,Los materiales deben estar lim,Papel / Cartón / Plástico / Metal / Vidrio
Point (102622.90135800000280142 99101.69802999999956228),Picheuta 1602,Parque Chacabuco,7,Los materiales deben estar lim,Papel / Cartón / Plástico / Metal / Vidrio
Point (101589.23004599999694619 99543.9955645000009099),Primera Junta 1439,Parque Chacabuco,7,Los materiales deben estar lim,Papel / Cartón / Plástico / Metal / Vidrio
Point (101129.94993200000317302 99287.25230849999934435),Pumacahua 854,Parque Chacabuco,7,Los materiales deben estar lim,Papel / Cartón / Plástico / Metal / Vidrio
Point (103011.7659060000005411 99685.98920949999592267),Salas 345,Parque Chacabuco,7,Los materiales deben estar lim,Papel / Cartón / Plástico / Metal / Vidrio
Point (102867.01191699999617413 99660.8776514000055613),Salas 441,Parque Chacabuco,7,Los materiales deben estar lim,Papel / Cartón / Plástico / Metal / Vidrio
Point (102663.54797100000723731 99607.56197700000484474),Salas 582,Parque Chacabuco,7,Los materiales deben estar lim,Papel / Cartón / Plástico / Metal / Vidrio
Point (102498.7687069999956293 99585.68881989999499638),Salas 660,Parque Chacabuco,7,Los materiales deben estar lim,Papel / Cartón / Plástico / Metal / Vidrio
Point (102351.79644799999368843 99542.46527719999721739),Salas 763,Parque Chacabuco,7,Los materiales deben estar lim,Papel / Cartón / Plástico / Metal / Vidrio
Point (102263.43614799999340903 99482.55451210000319406),Salas 835,Parque Chacabuco,7,Los materiales deben estar lim,Papel / Cartón / Plástico / Metal / Vidrio
Point (102196.71750300000712741 99445.85909709999396),Salas 887,Parque Chacabuco,7,Los materiales deben estar lim,Papel / Cartón / Plástico / Metal / Vidrio
Point (102548.84779800000251271 98255.69948589999694377),Salvigny 1702,Parque Chacabuco,7,Los materiales deben estar lim,Papel / Cartón / Plástico / Metal / Vidrio
Point (102539.10292099999787752 99316.31187550000322517),Santander 1102,Parque Chacabuco,7,Los materiales deben estar lim,Papel / Cartón / Plástico / Metal / Vidrio
Point (102173.43396300000313204 99227.84825939999427646),Santander 1364,Parque Chacabuco,7,Los materiales deben estar lim,Papel / Cartón / Plástico / Metal / Vidrio
Point (102075.21441299999423791 99203.97960629999579396),Santander 1452,Parque Chacabuco,7,Los materiales deben estar lim,Papel / Cartón / Plástico / Metal / Vidrio
Point (101885.14100899999903049 99156.82938670000294223),Santander 1602,Parque Chacabuco,7,Los materiales deben estar lim,Papel / Cartón / Plástico / Metal / Vidrio
Point (101626.2155849999981001 99082.83467290000407957),Santander 1802,Parque Chacabuco,7,Los materiales deben estar lim,Papel / Cartón / Plástico / Metal / Vidrio
Point (101417.33703300000343006 98868.41467159999592695),Santander 2071,Parque Chacabuco,7,Los materiales deben estar lim,Papel / Cartón / Plástico / Metal / Vidrio
Point (103347.2527330000011716 99471.41252159999567084),Santander 408,Parque Chacabuco,7,Los materiales deben estar lim,Papel / Cartón / Plástico / Metal / Vidrio
Point (103100.10199900000588968 99422.5731145000027027),Santander 636,Parque Chacabuco,7,Los materiales deben estar lim,Papel / Cartón / Plástico / Metal / Vidrio
Point (102908.79986699999426492 99384.63925399999425281),Santander 822,Parque Chacabuco,7,Los materiales deben estar lim,Papel / Cartón / Plástico / Metal / Vidrio
Point (102859.34762299999420065 99007.95069209999928717),Saraza 1002,Parque Chacabuco,7,Los materiales deben estar lim,Papel / Cartón / Plástico / Metal / Vidrio
Point (102501.60019700000702869 98939.00550509999447968),Saraza 1302,Parque Chacabuco,7,Los materiales deben estar lim,Papel / Cartón / Plástico / Metal / Vidrio
Point (102224.3373730000021169 98856.0353363000031095),Saraza 1502,Parque Chacabuco,7,Los materiales deben estar lim,Papel / Cartón / Plástico / Metal / Vidrio
Point (101973.46055299999716226 98779.59485559999302495),Saraza 1702,Parque Chacabuco,7,Los materiales deben estar lim,Papel / Cartón / Plástico / Metal / Vidrio
Point (101710.92589399999997113 98638.32227639999473467),Saraza 2042,Parque Chacabuco,7,Los materiales deben estar lim,Papel / Cartón / Plástico / Metal / Vidrio
Point (103313.70238400000380352 99106.35696109999844339),Saraza 602,Parque Chacabuco,7,Los materiales deben estar lim,Papel / Cartón / Plástico / Metal / Vidrio
Point (103096.96032300000661053 99059.13593390000460204),Saraza 802,Parque Chacabuco,7,Los materiales deben estar lim,Papel / Cartón / Plástico / Metal / Vidrio
Point (102654.92326599999796599 98420.91710000000603031),Somellera 1602,Parque Chacabuco,7,Los materiales deben estar lim,Papel / Cartón / Plástico / Metal / Vidrio
Point (102305.98180999999749474 98325.38775949999399018),Somellera 1862,Parque Chacabuco,7,Los materiales deben estar lim,Papel / Cartón / Plástico / Metal / Vidrio
Point (102084.29750699999567587 99647.33035629999358207),Tejedor 1080,Parque Chacabuco,7,Los materiales deben estar lim,Papel / Cartón / Plástico / Metal / Vidrio
Point (103159.39043100000708364 99940.78668340000149328),Tejedor 192,Parque Chacabuco,7,Los materiales deben estar lim,Papel / Cartón / Plástico / Metal / Vidrio
Point (102967.48512700000719633 99908.63932590000331402),Tejedor 350,Parque Chacabuco,7,Los materiales deben estar lim,Papel / Cartón / Plástico / Metal / Vidrio
Point (102660.24177199999394361 99851.61874130000069272),Tejedor 588,Parque Chacabuco,7,Los materiales deben estar lim,Papel / Cartón / Plástico / Metal / Vidrio
Point (102419.55066599999554455 99810.35744829999748617),Tejedor 810,Parque Chacabuco,7,Los materiales deben estar lim,Papel / Cartón / Plástico / Metal / Vidrio
Point (102265.8406189999950584 99762.4665685000072699),Tejedor 930,Parque Chacabuco,7,Los materiales deben estar lim,Papel / Cartón / Plástico / Metal / Vidrio
Point (101155.35978300000715535 99899.10768010000174399),Thorne 485,Parque Chacabuco,7,Los materiales deben estar lim,Papel / Cartón / Plástico / Metal / Vidrio
Point (102528.82711899999412708 98378.5893177999969339),"Vedia, Agustin De 2102",Parque Chacabuco,7,Los materiales deben estar lim,Papel / Cartón / Plástico / Metal / Vidrio
Point (102566.1090740000072401 98252.53766390000237152),"Vedia, Agustin De 2202",Parque Chacabuco,7,Los materiales deben estar lim,Papel / Cartón / Plástico / Metal / Vidrio
Point (103136.56849799999326933 99597.71389739999722224),Vernet Av. 275,Parque Chacabuco,7,Los materiales deben estar lim,Papel / Cartón / Plástico / Metal / Vidrio
Point (103042.55937800000538118 99815.2988547999993898),Viel 1200,Parque Chacabuco,7,Los materiales deben estar lim,Papel / Cartón / Plástico / Metal / Vidrio
Point (102820.77035099999920931 98727.72636770000099204),Zelarrayan 1202,Parque Chacabuco,7,Los materiales deben estar lim,Papel / Cartón / Plástico / Metal / Vidrio
Point (102578.57129000000713859 98669.20697359999758191),Zelarrayan 1402,Parque Chacabuco,7,Los materiales deben estar lim,Papel / Cartón / Plástico / Metal / Vidrio
Point (102295.89541700000700075 98600.2560181000008015),Zelarrayan 1602,Parque Chacabuco,7,Los materiales deben estar lim,Papel / Cartón / Plástico / Metal / Vidrio
Point (102045.407483000002685 98541.89121760000125505),Zelarrayan 1802,Parque Chacabuco,7,Los materiales deben estar lim,Papel / Cartón / Plástico / Metal / Vidrio
Point (103317.12700100000074599 98834.07582250000268687),Zelarrayan 752,Parque Chacabuco,7,Los materiales deben estar lim,Papel / Cartón / Plástico / Metal / Vidrio
Point (103150.68264199999975972 98799.7011004999949364),Zelarrayan 902,Parque Chacabuco,7,Los materiales deben estar lim,Papel / Cartón / Plástico / Metal / Vidrio
Point (102062.7283949999982724 99791.49805070000002161),Zuviria 1027,Parque Chacabuco,7,Los materiales deben estar lim,Papel / Cartón / Plástico / Metal / Vidrio
Point (101245.8030399999988731 99060.37387359999411274),Zuviria 2038,Parque Chacabuco,7,Los materiales deben estar lim,Papel / Cartón / Plástico / Metal / Vidrio
Point (103040.96129000000655651 100050.11505399999441579),Zuviria 255,Parque Chacabuco,7,Los materiales deben estar lim,Papel / Cartón / Plástico / Metal / Vidrio
Point (102763.96536400000331923 100001.26027800000156276),Zuviria 489,Parque Chacabuco,7,Los materiales deben estar lim,Papel / Cartón / Plástico / Metal / Vidrio
Point (102484.89940399999613874 99953.50973720000183675),Zuviria 759,Parque Chacabuco,7,Los materiales deben estar lim,Papel / Cartón / Plástico / Metal / Vidrio
Point (103261.96604499999375548 100088.90998300000501331),Zuviria 95,Parque Chacabuco,7,Los materiales deben estar lim,Papel / Cartón / Plástico / Metal / Vidrio
Point (102131.04724099999293685 99835.46426379999320488),Zuviria 983,Parque Chacabuco,7,Los materiales deben estar lim,Papel / Cartón / Plástico / Metal / Vidrio
Point (98304.94092419999651611 104527.10252499999478459),Altolaguirre 1340,Parque Chas,15,Los materiales deben estar lim,Papel / Cartón / Plástico / Metal / Vidrio
Point (98151.31988229999842588 104754.15699499999755062),Altolaguirre 1468,Parque Chas,15,Los materiales deben estar lim,Papel / Cartón / Plástico / Metal / Vidrio
Point (98051.90508929999487009 104903.23524399999587331),Altolaguirre 1568,Parque Chas,15,Los materiales deben estar lim,Papel / Cartón / Plástico / Metal / Vidrio
Point (98421.92849089999799617 104759.76962500000081491),Andonaegui 1384,Parque Chas,15,Los materiales deben estar lim,Papel / Cartón / Plástico / Metal / Vidrio
Point (98340.55878659999871161 104859.21431500000471715),Andonaegui 1468,Parque Chas,15,Los materiales deben estar lim,Papel / Cartón / Plástico / Metal / Vidrio
Point (98987.4405960000003688 105138.55793399999674875),Arismendi 2474,Parque Chas,15,Los materiales deben estar lim,Papel / Cartón / Plástico / Metal / Vidrio
Point (98743.49262220000673551 104908.69176699999661651),Arismendi 2696,Parque Chas,15,Los materiales deben estar lim,Papel / Cartón / Plástico / Metal / Vidrio
Point (98613.31064189999597147 104786.59903500000655185),Arismendi 2852,Parque Chas,15,Los materiales deben estar lim,Papel / Cartón / Plástico / Metal / Vidrio
Point (98434.95347219999530353 105326.53343199999653734),Avalos 1699,Parque Chas,15,Los materiales deben estar lim,Papel / Cartón / Plástico / Metal / Vidrio
Point (98310.03680649999296293 105321.90357500000391155),Ballivian 2799,Parque Chas,15,Los materiales deben estar lim,Papel / Cartón / Plástico / Metal / Vidrio
Point (98187.666867199994158 105235.41065200000593904),Ballivian 2917,Parque Chas,15,Los materiales deben estar lim,Papel / Cartón / Plástico / Metal / Vidrio
Point (97986.49536889999581035 105050.50907000000006519),Ballivian 3193,Parque Chas,15,Los materiales deben estar lim,Papel / Cartón / Plástico / Metal / Vidrio
Point (97859.95837110000138637 104955.16351499999291264),Ballivian 3309,Parque Chas,15,Los materiales deben estar lim,Papel / Cartón / Plástico / Metal / Vidrio
Point (98250.39980579999973997 104805.72184399999969173),Barzana 1481,Parque Chas,15,Los materiales deben estar lim,Papel / Cartón / Plástico / Metal / Vidrio
Point (98678.66857179999351501 104601.76353999999992084),Bucarelli 1197,Parque Chas,15,Los materiales deben estar lim,Papel / Cartón / Plástico / Metal / Vidrio
Point (98872.06980729999486357 104345.95810200000414625),Bucarelli 961,Parque Chas,15,Los materiales deben estar lim,Papel / Cartón / Plástico / Metal / Vidrio
Point (97968.29826690000481904 104648.25629900000058115),Bucarest 1455,Parque Chas,15,Los materiales deben estar lim,Papel / Cartón / Plástico / Metal / Vidrio
Point (98528.19572980000521056 105370.96354799999971874),Cadiz 4114,Parque Chas,15,Los materiales deben estar lim,Papel / Cartón / Plástico / Metal / Vidrio
Point (98875.89966500000446104 104603.61267899999802466),Campillo 2776,Parque Chas,15,Los materiales deben estar lim,Papel / Cartón / Plástico / Metal / Vidrio
Point (98793.24078870000084862 104528.68918299999495503),Campillo 2854,Parque Chas,15,Los materiales deben estar lim,Papel / Cartón / Plástico / Metal / Vidrio
Point (98635.00689340000099037 104383.94112299999687821),Campillo 3068,Parque Chas,15,Los materiales deben estar lim,Papel / Cartón / Plástico / Metal / Vidrio
Point (97805.29395029999432154 104737.63351699999475386),De Los Constituyentes Av. 3870,Parque Chas,15,Los materiales deben estar lim,Papel / Cartón / Plástico / Metal / Vidrio
Point (98829.23362450000422541 105187.81911599999875762),De Los Incas Av. 4649,Parque Chas,15,Los materiales deben estar lim,Papel / Cartón / Plástico / Metal / Vidrio
Point (98628.56725649999862071 104985.2990049999934854),De Los Incas Av. 4820,Parque Chas,15,Los materiales deben estar lim,Papel / Cartón / Plástico / Metal / Vidrio
Point (98266.26521680000587367 104654.33807300000626128),De Los Incas Av. 5258,Parque Chas,15,Los materiales deben estar lim,Papel / Cartón / Plástico / Metal / Vidrio
Point (98073.46300150000024587 104478.29655299999285489),De Los Incas Av. 5482,Parque Chas,15,Los materiales deben estar lim,Papel / Cartón / Plástico / Metal / Vidrio
Point (98879.58358380000572652 104972.65677299999515526),Gamarra 1326,Parque Chas,15,Los materiales deben estar lim,Papel / Cartón / Plástico / Metal / Vidrio
Point (98689.37048240000149235 105241.26383900000655558),Gamarra 1584,Parque Chas,15,Los materiales deben estar lim,Papel / Cartón / Plástico / Metal / Vidrio
Point (98781.80999749999318738 105367.89506199999595992),Gandara 2353,Parque Chas,15,Los materiales deben estar lim,Papel / Cartón / Plástico / Metal / Vidrio
Point (98473.01865230000112206 105158.67014000000199303),Gandara 2749,Parque Chas,15,Los materiales deben estar lim,Papel / Cartón / Plástico / Metal / Vidrio
Point (98420.80044950000592507 105130.9783259999967413),Gandara 2785,Parque Chas,15,Los materiales deben estar lim,Papel / Cartón / Plástico / Metal / Vidrio
Point (98198.73307040000509005 104971.16269399999873713),Gandara 3075,Parque Chas,15,Los materiales deben estar lim,Papel / Cartón / Plástico / Metal / Vidrio
Point (97988.94664690000354312 104814.23035199999867473),Gandara 3295,Parque Chas,15,Los materiales deben estar lim,Papel / Cartón / Plástico / Metal / Vidrio
Point (98798.10340300000098068 105429.32508500000403728),Ginebra 3939,Parque Chas,15,Los materiales deben estar lim,Papel / Cartón / Plástico / Metal / Vidrio
Point (98143.06392020000203047 105039.38799099999596365),Giribone 3076,Parque Chas,15,Los materiales deben estar lim,Papel / Cartón / Plástico / Metal / Vidrio
Point (97871.95194980000087526 104835.12667300000612158),Giribone 3354,Parque Chas,15,Los materiales deben estar lim,Papel / Cartón / Plástico / Metal / Vidrio
Point (98097.45268719999876339 104664.70535800000652671),Hamburgo 3290,Parque Chas,15,Los materiales deben estar lim,Papel / Cartón / Plástico / Metal / Vidrio
Point (98593.81786199999623932 105579.7056120000052033),La Pampa 4992,Parque Chas,15,Los materiales deben estar lim,Papel / Cartón / Plástico / Metal / Vidrio
Point (98254.82194399999571033 105149.15575099999841768),Liverpool 2904,Parque Chas,15,Los materiales deben estar lim,Papel / Cartón / Plástico / Metal / Vidrio
Point (99077.01253039999573957 105052.84377300000051036),Llerena 2431,Parque Chas,15,Los materiales deben estar lim,Papel / Cartón / Plástico / Metal / Vidrio
Point (98794.11926890000177082 104731.27227400000265334),Llerena 2727,Parque Chas,15,Los materiales deben estar lim,Papel / Cartón / Plástico / Metal / Vidrio
Point (98506.6412823999999091 104462.80772700000670739),Llerena 3085,Parque Chas,15,Los materiales deben estar lim,Papel / Cartón / Plástico / Metal / Vidrio
Point (98190.06083370000123978 104500.5848790000018198),Moscu 5410,Parque Chas,15,Los materiales deben estar lim,Papel / Cartón / Plástico / Metal / Vidrio
Point (98894.23115469999902416 104444.06890600000042468),Quiros 2837,Parque Chas,15,Los materiales deben estar lim,Papel / Cartón / Plástico / Metal / Vidrio
Point (98725.86858769999525975 104285.01673600000503939),Quiros 3027,Parque Chas,15,Los materiales deben estar lim,Papel / Cartón / Plástico / Metal / Vidrio
Point (98932.15700180000567343 104783.1694359999964945),Tasso 2655,Parque Chas,15,Los materiales deben estar lim,Papel / Cartón / Plástico / Metal / Vidrio
Point (98554.8967108999931952 105414.0338729999930365),"Victorica, Benjamin, General, Av. 2476",Parque Chas,15,Los materiales deben estar lim,Papel / Cartón / Plástico / Metal / Vidrio
Point (98544.6758001999987755 105226.18684700000449084),"Victorica, Benjamin, General, Av. 2642",Parque Chas,15,Los materiales deben estar lim,Papel / Cartón / Plástico / Metal / Vidrio
Point (98534.54004199999326374 105059.28592300000309478),"Victorica, Benjamin, General, Av. 2738",Parque Chas,15,Los materiales deben estar lim,Papel / Cartón / Plástico / Metal / Vidrio
Point (98429.93671120000362862 104588.194787999993423),"Victorica, Benjamin, General, Av. 3089",Parque Chas,15,Los materiales deben estar lim,Papel / Cartón / Plástico / Metal / Vidrio
Point (104618.46661499999754597 98206.52458529999421444),Cachi 195,Parque Patricios,4,Los materiales deben estar lim,Papel / Cartón / Plástico / Metal / Vidrio
Point (105897.75569000000541564 99757.27273850000347011),Alberti 1826,Parque Patricios,4,Los materiales deben estar lim,Papel / Cartón / Plástico / Metal / Vidrio
Point (105978.42509600000630599 99501.00735719999647699),Alberti 2036,Parque Patricios,4,Los materiales deben estar lim,Papel / Cartón / Plástico / Metal / Vidrio
Point (104753.0328190000000177 98955.67548580000584479),Almafuerte Av. 32,Parque Patricios,4,Los materiales deben estar lim,Papel / Cartón / Plástico / Metal / Vidrio
Point (105128.47703199999523349 98483.28442969999741763),Atuel 441,Parque Patricios,4,Los materiales deben estar lim,Papel / Cartón / Plástico / Metal / Vidrio
Point (105168.86441900000500027 98234.956666199999745),Atuel 643,Parque Patricios,4,Los materiales deben estar lim,Papel / Cartón / Plástico / Metal / Vidrio
Point (105557.77175800000259187 99657.43900850000500213),Brasil 2755,Parque Patricios,4,Los materiales deben estar lim,Papel / Cartón / Plástico / Metal / Vidrio
Point (106426.13063899999542627 99380.52962149999802932),Caseros Av. 2178,Parque Patricios,4,Los materiales deben estar lim,Papel / Cartón / Plástico / Metal / Vidrio
Point (105968.86423099999956321 99267.92060559999663383),Caseros Av. 2560,Parque Patricios,4,Los materiales deben estar lim,Papel / Cartón / Plástico / Metal / Vidrio
Point (105399.71292200000607409 99142.73439690000668634),Caseros Av. 2948,Parque Patricios,4,Los materiales deben estar lim,Papel / Cartón / Plástico / Metal / Vidrio
Point (105124.80275400000391528 99083.92118170000321697),Caseros Av. 3064,Parque Patricios,4,Los materiales deben estar lim,Papel / Cartón / Plástico / Metal / Vidrio
Point (104873.70195499999681488 99040.43163219999405555),Caseros Av. 3240,Parque Patricios,4,Los materiales deben estar lim,Papel / Cartón / Plástico / Metal / Vidrio
Point (106108.48919999999634456 99721.13699630000337493),"Castillo, Catulo 2352",Parque Patricios,4,Los materiales deben estar lim,Papel / Cartón / Plástico / Metal / Vidrio
Point (105155.8821719999978086 99359.90157760000147391),"Castillo, Catulo 3066",Parque Patricios,4,Los materiales deben estar lim,Papel / Cartón / Plástico / Metal / Vidrio
Point (105986.89665799999784213 98683.1779441999970004),"Chutro, Pedro, Prof., Dr. 2691",Parque Patricios,4,Los materiales deben estar lim,Papel / Cartón / Plástico / Metal / Vidrio
Point (105277.68598700000438839 98565.01854439999442548),"Chutro, Pedro, Prof., Dr. 3061",Parque Patricios,4,Los materiales deben estar lim,Papel / Cartón / Plástico / Metal / Vidrio
Point (106011.95912400000088383 98902.72243019999586977),Colonia Av. 279,Parque Patricios,4,Los materiales deben estar lim,Papel / Cartón / Plástico / Metal / Vidrio
Point (105508.70313300000270829 98457.06241879999288358),"Cortejarena, Jose A. 2945",Parque Patricios,4,Los materiales deben estar lim,Papel / Cartón / Plástico / Metal / Vidrio
Point (105377.92723899999691639 99598.61190340000030119),Dean Funes 1887,Parque Patricios,4,Los materiales deben estar lim,Papel / Cartón / Plástico / Metal / Vidrio
Point (105413.22753899999952409 99378.27005449999705888),Dean Funes 2035,Parque Patricios,4,Los materiales deben estar lim,Papel / Cartón / Plástico / Metal / Vidrio
Point (105029.92774299999291543 98328.36349390000395942),Elia 546,Parque Patricios,4,Los materiales deben estar lim,Papel / Cartón / Plástico / Metal / Vidrio
Point (105068.31845000000612345 98126.86170890000357758),Elia 710,Parque Patricios,4,Los materiales deben estar lim,Papel / Cartón / Plástico / Metal / Vidrio
Point (106222.44312300000456162 98717.53537290000531357),"Garcia, Manuel 410",Parque Patricios,4,Los materiales deben estar lim,Papel / Cartón / Plástico / Metal / Vidrio
Point (105157.05905300000449643 99593.90554730000440031),Garro 3040,Parque Patricios,4,Los materiales deben estar lim,Papel / Cartón / Plástico / Metal / Vidrio
Point (104993.22555400000419468 99540.22517710000101943),Garro 3170,Parque Patricios,4,Los materiales deben estar lim,Papel / Cartón / Plástico / Metal / Vidrio
Point (105238.26862800000526477 98048.31403639999916777),Grito De Asencio 3176,Parque Patricios,4,Los materiales deben estar lim,Papel / Cartón / Plástico / Metal / Vidrio
Point (104909.71131499999319203 97982.19634609999775421),Grito De Asencio 3446,Parque Patricios,4,Los materiales deben estar lim,Papel / Cartón / Plástico / Metal / Vidrio
Point (104640.62644900000304915 97927.92558840000128839),Grito De Asencio 3626,Parque Patricios,4,Los materiales deben estar lim,Papel / Cartón / Plástico / Metal / Vidrio
Point (105921.02389700000640005 99954.9909507999982452),Inclan 2440,Parque Patricios,4,Los materiales deben estar lim,Papel / Cartón / Plástico / Metal / Vidrio
Point (105683.32499700000334997 99915.14198159999796189),Inclan 2629,Parque Patricios,4,Los materiales deben estar lim,Papel / Cartón / Plástico / Metal / Vidrio
Point (105391.0172350000066217 99880.11529180000070482),Inclan 2871,Parque Patricios,4,Los materiales deben estar lim,Papel / Cartón / Plástico / Metal / Vidrio
Point (104892.71529900000314228 99769.2900316000013845),Inclan 3210,Parque Patricios,4,Los materiales deben estar lim,Papel / Cartón / Plástico / Metal / Vidrio
Point (105798.18972399999620393 99574.33892929999274202),Jujuy Av. 1929,Parque Patricios,4,Los materiales deben estar lim,Papel / Cartón / Plástico / Metal / Vidrio
Point (105835.81003100000089034 99460.95209530000283848),Jujuy Av. 2033,Parque Patricios,4,Los materiales deben estar lim,Papel / Cartón / Plástico / Metal / Vidrio
Point (105214.23161400000390131 99967.13552239999989979),La Rioja 1616,Parque Patricios,4,Los materiales deben estar lim,Papel / Cartón / Plástico / Metal / Vidrio
Point (105686.18139599999994971 98817.97420660000352655),Lavarden 298,Parque Patricios,4,Los materiales deben estar lim,Papel / Cartón / Plástico / Metal / Vidrio
Point (106207.65297900000587106 98918.23653900000499561),Los Patos 2460,Parque Patricios,4,Los materiales deben estar lim,Papel / Cartón / Plástico / Metal / Vidrio
Point (105030.90948200000275392 98627.45828869999968447),Los Patos 3256,Parque Patricios,4,Los materiales deben estar lim,Papel / Cartón / Plástico / Metal / Vidrio
Point (105606.58836999999766704 99239.25631919999432284),"Luca, Esteban De 2282",Parque Patricios,4,Los materiales deben estar lim,Papel / Cartón / Plástico / Metal / Vidrio
Point (105816.71194199999445118 99107.39373070000146981),Patagones 2690,Parque Patricios,4,Los materiales deben estar lim,Papel / Cartón / Plástico / Metal / Vidrio
Point (105594.36872300000686664 99055.4974142999999458),Patagones 2828,Parque Patricios,4,Los materiales deben estar lim,Papel / Cartón / Plástico / Metal / Vidrio
Point (104977.12808700000459794 98731.60258609999436885),Pepiri 255,Parque Patricios,4,Los materiales deben estar lim,Papel / Cartón / Plástico / Metal / Vidrio
Point (106119.72434800000337418 99976.19509039999684319),Pichincha Av. 1711,Parque Patricios,4,Los materiales deben estar lim,Papel / Cartón / Plástico / Metal / Vidrio
Point (106209.40116799999668729 99475.05692200000339653),Rondeau 2335,Parque Patricios,4,Los materiales deben estar lim,Papel / Cartón / Plástico / Metal / Vidrio
Point (104998.89509299999917857 99192.68015600000217091),Rondeau 3175,Parque Patricios,4,Los materiales deben estar lim,Papel / Cartón / Plástico / Metal / Vidrio
Point (105571.28337699999974575 99766.91472060000523925),Salcedo 2728,Parque Patricios,4,Los materiales deben estar lim,Papel / Cartón / Plástico / Metal / Vidrio
Point (104797.77467899999464862 98185.72183070000028238),"Taborda, Diogenes 624",Parque Patricios,4,Los materiales deben estar lim,Papel / Cartón / Plástico / Metal / Vidrio
Point (105046.04491700000653509 99803.62800690000585746),"Urquiza, Gral. 1705",Parque Patricios,4,Los materiales deben estar lim,Papel / Cartón / Plástico / Metal / Vidrio
Point (105059.25359799999569077 99642.13431100000161678),"Urquiza, Gral. 1807",Parque Patricios,4,Los materiales deben estar lim,Papel / Cartón / Plástico / Metal / Vidrio
Point (106144.39143699999840464 99049.07397630000195932),Uspallata 2479,Parque Patricios,4,Los materiales deben estar lim,Papel / Cartón / Plástico / Metal / Vidrio
Point (106256.13412299999617971 100173.05355199999758042),"Garay, Juan De Av. 2173",Parque Patricios,4,Los materiales deben estar lim,Papel / Cartón / Plástico / Metal / Vidrio
Point (106063.66238500000326894 100131.86328600000706501),"Garay, Juan De Av. 2309",Parque Patricios,4,Los materiales deben estar lim,Papel / Cartón / Plástico / Metal / Vidrio
Point (105794.87730999999621417 100084.75355999999737833),"Garay, Juan De Av. 2505",Parque Patricios,4,Los materiales deben estar lim,Papel / Cartón / Plástico / Metal / Vidrio
Point (105424.41347899999527726 100034.08826899999985471),"Garay, Juan De Av. 2837",Parque Patricios,4,Los materiales deben estar lim,Papel / Cartón / Plástico / Metal / Vidrio
Point (104867.86421200000040699 99931.15629389999958221),"Garay, Juan De Av. 3217",Parque Patricios,4,Los materiales deben estar lim,Papel / Cartón / Plástico / Metal / Vidrio
Point (104685.38072699999611359 99877.3182682000042405),"Garay, Juan De Av. 3337",Parque Patricios,4,Los materiales deben estar lim,Papel / Cartón / Plástico / Metal / Vidrio
Point (104732.80332700000144541 99064.04013080000004265),Liniers Virrey 2368,Parque Patricios,4,Los materiales deben estar lim,Papel / Cartón / Plástico / Metal / Vidrio
Point (100314.20277099999657366 103416.6292189999949187),"Oro?o, Nicasio 2460",Paternal,15,Los materiales deben estar lim,Papel / Cartón / Plástico / Metal / Vidrio
Point (100259.88800099999934901 103211.80675000000337604),"Oro?o, Nicasio 2272",Paternal,15,Los materiales deben estar lim,Papel / Cartón / Plástico / Metal / Vidrio
Point (100177.11392499999783468 102890.26727199999731965),"Oro?o, Nicasio 2034",Paternal,15,Los materiales deben estar lim,Papel / Cartón / Plástico / Metal / Vidrio
Point (99501.10428990000218619 104208.21562600000470411),14 De Julio 56,Paternal,15,Los materiales deben estar lim,Papel / Cartón / Plástico / Metal / Vidrio
Point (99526.56260039999324363 103765.51438300000154413),"Alvarez, Donato, Tte. Gral. Av. 2530",Paternal,15,Los materiales deben estar lim,Papel / Cartón / Plástico / Metal / Vidrio
Point (99582.16077790000417735 104086.05520499999693129),Avalos 399,Paternal,15,Los materiales deben estar lim,Papel / Cartón / Plástico / Metal / Vidrio
Point (99282.71178480000526179 104460.36229499999899417),Avalos 787,Paternal,15,Los materiales deben estar lim,Papel / Cartón / Plástico / Metal / Vidrio
Point (98963.30125730000145268 102927.80841300000611227),Biarritz 2061,Paternal,15,Los materiales deben estar lim,Papel / Cartón / Plástico / Metal / Vidrio
Point (99672.02876749999995809 103759.68270799999299925),"Bielsa, Rafael, Dr. 180",Paternal,15,Los materiales deben estar lim,Papel / Cartón / Plástico / Metal / Vidrio
Point (98929.08940080000320449 103132.65874499999335967),"Carranza, Adolfo P. 2026",Paternal,15,Los materiales deben estar lim,Papel / Cartón / Plástico / Metal / Vidrio
Point (99602.2471988000033889 104345.94795200000226032),Del Campo Av. 1340,Paternal,15,Los materiales deben estar lim,Papel / Cartón / Plástico / Metal / Vidrio
Point (99338.05373359999794047 104599.1912739999970654),Del Campo Av. 1670,Paternal,15,Los materiales deben estar lim,Papel / Cartón / Plástico / Metal / Vidrio
Point (100034.25598400000308175 103439.5794270000042161),"Dickman, Adolfo, Dr. 1095",Paternal,15,Los materiales deben estar lim,Papel / Cartón / Plástico / Metal / Vidrio
Point (99982.37775020000117365 103240.19015500000386965),"Dickman, Adolfo, Dr. 1247",Paternal,15,Los materiales deben estar lim,Papel / Cartón / Plástico / Metal / Vidrio
Point (99913.55716120000579394 102974.31587799999397248),"Dickman, Adolfo, Dr. 1463",Paternal,15,Los materiales deben estar lim,Papel / Cartón / Plástico / Metal / Vidrio
Point (99696.39607309999701101 104188.84704100000089966),Elcano 4760,Paternal,15,Los materiales deben estar lim,Papel / Cartón / Plástico / Metal / Vidrio
Point (99382.77715379999426659 103949.4282729999977164),Elcano 5099,Paternal,15,Los materiales deben estar lim,Papel / Cartón / Plástico / Metal / Vidrio
Point (99417.97514070000033826 103192.71101299999281764),Espinosa 2691,Paternal,15,Los materiales deben estar lim,Papel / Cartón / Plástico / Metal / Vidrio
Point (100353.87105299999529961 102983.03589899999496993),Fragata Pres. Sarmiento 2021,Paternal,15,Los materiales deben estar lim,Papel / Cartón / Plástico / Metal / Vidrio
Point (100421.73096699999587145 103247.18353700000443496),Fragata Pres. Sarmiento 2239,Paternal,15,Los materiales deben estar lim,Papel / Cartón / Plástico / Metal / Vidrio
Point (100487.61005800000566524 103520.3868300000031013),Fragata Pres. Sarmiento 2461,Paternal,15,Los materiales deben estar lim,Papel / Cartón / Plástico / Metal / Vidrio
Point (99915.57381440000608563 103501.25110500000300817),"Garcia, Juan Agustin 1166",Paternal,15,Los materiales deben estar lim,Papel / Cartón / Plástico / Metal / Vidrio
Point (99822.02941180000198074 103140.15344999999797437),"Garcia, Juan Agustin 1462",Paternal,15,Los materiales deben estar lim,Papel / Cartón / Plástico / Metal / Vidrio
Point (99033.63326630000665318 102785.96075399999972433),Linneo 2137,Paternal,15,Los materiales deben estar lim,Papel / Cartón / Plástico / Metal / Vidrio
Point (99247.8494903999962844 103005.05895299999974668),Miguel Angel 1863,Paternal,15,Los materiales deben estar lim,Papel / Cartón / Plástico / Metal / Vidrio
Point (99122.86131520000344608 104445.53245400000014342),Morlote 900,Paternal,15,Los materiales deben estar lim,Papel / Cartón / Plástico / Metal / Vidrio
Point (99349.66226870000537019 103802.02383599999302533),Punta Arenas 1480,Paternal,15,Los materiales deben estar lim,Papel / Cartón / Plástico / Metal / Vidrio
Point (99206.52765150000050198 103185.50675899999623653),Punta Arenas 1744,Paternal,15,Los materiales deben estar lim,Papel / Cartón / Plástico / Metal / Vidrio
Point (98718.22621959999378305 103375.52806100000452716),Raulies 2018,Paternal,15,Los materiales deben estar lim,Papel / Cartón / Plástico / Metal / Vidrio
Point (98778.90030569999362342 103118.61452800000552088),"Rousseau, Juan J. 2062",Paternal,15,Los materiales deben estar lim,Papel / Cartón / Plástico / Metal / Vidrio
Point (100161.46832899999571964 103348.5256809999991674),"Segui, F. J., Alte. 2381",Paternal,15,Los materiales deben estar lim,Papel / Cartón / Plástico / Metal / Vidrio
Point (100227.58983899999293499 103593.93196699999680277),"Segui, F. J., Alte. 2587",Paternal,15,Los materiales deben estar lim,Papel / Cartón / Plástico / Metal / Vidrio
Point (99110.61445199999434408 102985.76563100000203121),Terrero 2555,Paternal,15,Los materiales deben estar lim,Papel / Cartón / Plástico / Metal / Vidrio
Point (99666.99518610000086483 103153.57345199999690522),Trelles 2414,Paternal,15,Los materiales deben estar lim,Papel / Cartón / Plástico / Metal / Vidrio
Point (99702.24477330000081565 103295.4392610000068089),Trelles 2528,Paternal,15,Los materiales deben estar lim,Papel / Cartón / Plástico / Metal / Vidrio
Point (99734.34967039999901317 103427.20495899999514222),Trelles 2642,Paternal,15,Los materiales deben estar lim,Papel / Cartón / Plástico / Metal / Vidrio
Point (99736.65853400000196416 103875.34610100000281818),Yerua 4907,Paternal,15,Los materiales deben estar lim,Papel / Cartón / Plástico / Metal / Vidrio
Point (99544.00906789999862667 103325.55225599999539554),Alvarez Jonte	1573,Paternal,15,Los materiales deben estar lim,Papel / Cartón / Plástico / Metal / Vidrio
Point (100088.47167699999408796 103060.34195099999487866),"Segui, F. J., Alte. 2125",Paternal,15,Los materiales deben estar lim,Papel / Cartón / Plástico / Metal / Vidrio
Point (109295.44046699999307748 101895.81014899999718182),"Villaflor, Azucena|433|pr3232",Puerto Madero,1,Los materiales deben estar lim,Papel / Cartón / Plástico / Metal / Vidrio
Point (108920.73812100000213832 101624.7086319999943953),"Moreau De Justo, Alicia Av.|1410|pr3170",Puerto Madero,1,Los materiales deben estar lim,Papel / Cartón / Plástico / Metal / Vidrio
Point (108886.1617030000052182 102222.66808499999751803),"Moreau De Justo, Alicia Av.|964|pr397|",Puerto Madero,1,Los materiales deben estar lim,Papel / Cartón / Plástico / Metal / Vidrio
Point (108907.57994500000495464 101921.52464600000530481),"Moreau De Justo, Alicia Av.|1194|pr447|",Puerto Madero,1,Los materiales deben estar lim,Papel / Cartón / Plástico / Metal / Vidrio
Point (109064.04011699999682605 103080.94086800000513904),"Cossettini, Olga|332|pr4288|",Puerto Madero,1,Los materiales deben estar lim,Papel / Cartón / Plástico / Metal / Vidrio
Point (109043.85532899999816436 103180.58507099999405909),"Cossettini, Olga|230|pr3281",Puerto Madero,1,Los materiales deben estar lim,Papel / Cartón / Plástico / Metal / Vidrio
Point (106505.17127999999502208 104393.38070100000186358),"Lopez, Vicente 1943",Recoleta,2,Los materiales deben estar lim,Papel / Cartón / Plástico / Metal / Vidrio
Point (105368.40937500000291038 104784.96025899999949615),Pe?a 3025,Recoleta,2,Los materiales deben estar lim,Papel / Cartón / Plástico / Metal / Vidrio
Point (105209.42294299999775831 104899.61141199999838136),Pe?a 3161,Recoleta,2,Los materiales deben estar lim,Papel / Cartón / Plástico / Metal / Vidrio
Point (104964.44658200000412762 104389.65745800000149757),Santa F? Av. 3125,Recoleta,2,Los materiales deben estar lim,Papel / Cartón / Plástico / Metal / Vidrio
Point (106331.86050599999725819 104944.79774300000281073),"Agote, Luis Dr. 2510",Recoleta,2,Los materiales deben estar lim,Papel / Cartón / Plástico / Metal / Vidrio
Point (104992.2686390000017127 103890.97701499999675434),Aguero 1324,Recoleta,2,Los materiales deben estar lim,Papel / Cartón / Plástico / Metal / Vidrio
Point (105073.41920699999900535 104072.13383799999428447),Aguero 1498,Recoleta,2,Los materiales deben estar lim,Papel / Cartón / Plástico / Metal / Vidrio
Point (105199.56105600000591949 104222.14901500000269152),Aguero 1650,Recoleta,2,Los materiales deben estar lim,Papel / Cartón / Plástico / Metal / Vidrio
Point (106662.4478990000061458 103559.06221299999742769),"Alvear, Marcelo T. De 1647",Recoleta,2,Los materiales deben estar lim,Papel / Cartón / Plástico / Metal / Vidrio
Point (106265.940535000001546 103551.5637399999977788),"Alvear, Marcelo T. De 1929",Recoleta,2,Los materiales deben estar lim,Papel / Cartón / Plástico / Metal / Vidrio
Point (105817.35443700000178069 103600.64500400000542868),"Alvear, Marcelo T. De 2273",Recoleta,2,Los materiales deben estar lim,Papel / Cartón / Plástico / Metal / Vidrio
Point (105674.2801809999946272 103649.85220100000151433),"Alvear, Marcelo T. De 2391",Recoleta,2,Los materiales deben estar lim,Papel / Cartón / Plástico / Metal / Vidrio
Point (105440.02993999999307562 104086.11041100000147708),"Anchorena, Tomas Manuel De, Dr. 1511",Recoleta,2,Los materiales deben estar lim,Papel / Cartón / Plástico / Metal / Vidrio
Point (105731.48823499999707565 104378.55929600000672508),"Anchorena, Tomas Manuel De, Dr. 1802",Recoleta,2,Los materiales deben estar lim,Papel / Cartón / Plástico / Metal / Vidrio
Point (106834.9597840000060387 103830.26254500000504777),Arenales 1510,Recoleta,2,Los materiales deben estar lim,Papel / Cartón / Plástico / Metal / Vidrio
Point (106578.47693299999809824 103808.75873499999579508),Arenales 1677,Recoleta,2,Los materiales deben estar lim,Papel / Cartón / Plástico / Metal / Vidrio
Point (106153.27389599999878556 103843.56291199999395758),Arenales 2020,Recoleta,2,Los materiales deben estar lim,Papel / Cartón / Plástico / Metal / Vidrio
Point (105556.2164069999998901 104014.92964000000210945),Arenales 2578,Recoleta,2,Los materiales deben estar lim,Papel / Cartón / Plástico / Metal / Vidrio
Point (105085.19414000000688247 104402.33650799999304581),Arenales 3080,Recoleta,2,Los materiales deben estar lim,Papel / Cartón / Plástico / Metal / Vidrio
Point (105158.51964100000623148 104322.68656499999633525),Austria 1799,Recoleta,2,Los materiales deben estar lim,Papel / Cartón / Plástico / Metal / Vidrio
Point (105209.44148300000233576 104367.6640590000024531),Austria 1867,Recoleta,2,Los materiales deben estar lim,Papel / Cartón / Plástico / Metal / Vidrio
Point (105275.68054200000187848 104426.02039700000023004),Austria 1935,Recoleta,2,Los materiales deben estar lim,Papel / Cartón / Plástico / Metal / Vidrio
Point (105387.0288109999964945 104523.86012500000651926),Austria 2047,Recoleta,2,Los materiales deben estar lim,Papel / Cartón / Plástico / Metal / Vidrio
Point (105616.6407619999954477 104726.01438199999392964),Austria 2287,Recoleta,2,Los materiales deben estar lim,Papel / Cartón / Plástico / Metal / Vidrio
Point (105836.13291400000161957 104933.35626299999421462),Austria 2530,Recoleta,2,Los materiales deben estar lim,Papel / Cartón / Plástico / Metal / Vidrio
Point (105972.45297699999355245 105055.97835900000063702),Austria 2660,Recoleta,2,Los materiales deben estar lim,Papel / Cartón / Plástico / Metal / Vidrio
Point (106186.54626800000551157 103832.22422499999811407),Ayacucho 1199,Recoleta,2,Los materiales deben estar lim,Papel / Cartón / Plástico / Metal / Vidrio
Point (106192.71665200000279583 103874.15508300000510644),Ayacucho 1221,Recoleta,2,Los materiales deben estar lim,Papel / Cartón / Plástico / Metal / Vidrio
Point (106278.23069599999871571 104057.24838900000031572),Ayacucho 1403,Recoleta,2,Los materiales deben estar lim,Papel / Cartón / Plástico / Metal / Vidrio
Point (106424.26758899999549612 104209.53699500000220723),Ayacucho 1561,Recoleta,2,Los materiales deben estar lim,Papel / Cartón / Plástico / Metal / Vidrio
Point (106851.69417000000248663 104685.94742199999745935),Ayacucho 2076,Recoleta,2,Los materiales deben estar lim,Papel / Cartón / Plástico / Metal / Vidrio
Point (106927.26416900000185706 104776.19979300000704825),Ayacucho 2180,Recoleta,2,Los materiales deben estar lim,Papel / Cartón / Plástico / Metal / Vidrio
Point (106190.77989099999831524 103340.47291799999948125),Ayacucho 879,Recoleta,2,Los materiales deben estar lim,Papel / Cartón / Plástico / Metal / Vidrio
Point (105810.68461199999728706 103713.91541000000142958),Azcuenaga 1068,Recoleta,2,Los materiales deben estar lim,Papel / Cartón / Plástico / Metal / Vidrio
Point (105832.25710099999560043 103848.30302199999277946),Azcuenaga 1150,Recoleta,2,Los materiales deben estar lim,Papel / Cartón / Plástico / Metal / Vidrio
Point (105862.90938700000697281 103937.3661430000065593),Azcuenaga 1254,Recoleta,2,Los materiales deben estar lim,Papel / Cartón / Plástico / Metal / Vidrio
Point (106148.68362500000512227 104465.72223499999381602),Azcuenaga 1752,Recoleta,2,Los materiales deben estar lim,Papel / Cartón / Plástico / Metal / Vidrio
Point (106306.68836000000010245 104697.83139900000242051),Azcuenaga 1992,Recoleta,2,Los materiales deben estar lim,Papel / Cartón / Plástico / Metal / Vidrio
Point (105715.10097200000018347 103355.69986799999605864),Azcuenaga 838,Recoleta,2,Los materiales deben estar lim,Papel / Cartón / Plástico / Metal / Vidrio
Point (105449.77415700000710785 104212.54598799999803305),Beruti 2765,Recoleta,2,Los materiales deben estar lim,Papel / Cartón / Plástico / Metal / Vidrio
Point (105137.94729199999710545 104478.68946300000243355),Beruti 3097,Recoleta,2,Los materiales deben estar lim,Papel / Cartón / Plástico / Metal / Vidrio
Point (104707.42391699999279808 104046.07417799999529961),Billinghurst 1519,Recoleta,2,Los materiales deben estar lim,Papel / Cartón / Plástico / Metal / Vidrio
Point (104883.79266399999323767 104319.25555899999744724),Billinghurst 1739,Recoleta,2,Los materiales deben estar lim,Papel / Cartón / Plástico / Metal / Vidrio
Point (104477.86670499999308959 103864.94296200000098906),"Bravo, Mario 1345",Recoleta,2,Los materiales deben estar lim,Papel / Cartón / Plástico / Metal / Vidrio
Point (105059.91490400000475347 103575.33351199999742676),"Cabrera, Jose A. 2940",Recoleta,2,Los materiales deben estar lim,Papel / Cartón / Plástico / Metal / Vidrio
Point (104763.58305899999686517 103584.43522699999448378),"Cabrera, Jose A. 3180",Recoleta,2,Los materiales deben estar lim,Papel / Cartón / Plástico / Metal / Vidrio
Point (104597.54817999999795575 103593.41139700000348967),"Cabrera, Jose A. 3310",Recoleta,2,Los materiales deben estar lim,Papel / Cartón / Plástico / Metal / Vidrio
Point (104330.68702199999825098 103607.88046099999337457),"Cabrera, Jose A. 3536",Recoleta,2,Los materiales deben estar lim,Papel / Cartón / Plástico / Metal / Vidrio
Point (106437.87081700000271667 103578.9780109999992419),Callao Av. 1025,Recoleta,2,Los materiales deben estar lim,Papel / Cartón / Plástico / Metal / Vidrio
Point (106438.52915299999585841 103803.88408800000615884),Callao Av. 1193,Recoleta,2,Los materiales deben estar lim,Papel / Cartón / Plástico / Metal / Vidrio
Point (106445.7813179999939166 103876.41492900000594091),Callao Av. 1265,Recoleta,2,Los materiales deben estar lim,Papel / Cartón / Plástico / Metal / Vidrio
Point (106497.47830800000519957 104084.62273899999854621),Callao Av. 1431,Recoleta,2,Los materiales deben estar lim,Papel / Cartón / Plástico / Metal / Vidrio
Point (106630.16437800000130665 104232.12369300000136718),Callao Av. 1585,Recoleta,2,Los materiales deben estar lim,Papel / Cartón / Plástico / Metal / Vidrio
Point (106688.91211600000679027 104296.13811400000122376),Callao Av. 1665,Recoleta,2,Los materiales deben estar lim,Papel / Cartón / Plástico / Metal / Vidrio
Point (106845.98467999999411404 104466.94614200000069104),Callao Av. 1821,Recoleta,2,Los materiales deben estar lim,Papel / Cartón / Plástico / Metal / Vidrio
Point (106966.7864629999967292 104590.79386400000657886),Callao Av. 1971,Recoleta,2,Los materiales deben estar lim,Papel / Cartón / Plástico / Metal / Vidrio
Point (107023.86390599999867845 104644.45799500000430271),Callao Av. 2021,Recoleta,2,Los materiales deben estar lim,Papel / Cartón / Plástico / Metal / Vidrio
Point (106445.99989399999321904 103494.21076400000310969),Callao Av. 937,Recoleta,2,Los materiales deben estar lim,Papel / Cartón / Plástico / Metal / Vidrio
Point (105275.08375099999830127 103874.98002099999575876),Charcas 2779,Recoleta,2,Los materiales deben estar lim,Papel / Cartón / Plástico / Metal / Vidrio
Point (105088.05383999999321532 103990.46108199999434873),Charcas 2953,Recoleta,2,Los materiales deben estar lim,Papel / Cartón / Plástico / Metal / Vidrio
Point (104900.88876499999605585 104054.04732800000056159),Charcas 3127,Recoleta,2,Los materiales deben estar lim,Papel / Cartón / Plástico / Metal / Vidrio
Point (104704.49731000000610948 104141.45128900000418071),Charcas 3275,Recoleta,2,Los materiales deben estar lim,Papel / Cartón / Plástico / Metal / Vidrio
Point (104547.39007900000433438 104000.80217999999877065),"Diaz, Cnel. Av. 1492",Recoleta,2,Los materiales deben estar lim,Papel / Cartón / Plástico / Metal / Vidrio
Point (104650.36243100000137929 104147.53242800000589341),"Diaz, Cnel. Av. 1668",Recoleta,2,Los materiales deben estar lim,Papel / Cartón / Plástico / Metal / Vidrio
Point (104676.53821400000015274 104182.91203000000678003),"Diaz, Cnel. Av. 1702",Recoleta,2,Los materiales deben estar lim,Papel / Cartón / Plástico / Metal / Vidrio
Point (104926.64987900000414811 104555.7556099999928847),"Diaz, Cnel. Av. 2080",Recoleta,2,Los materiales deben estar lim,Papel / Cartón / Plástico / Metal / Vidrio
Point (105088.10689100000308827 104829.94253699999535456),"Diaz, Cnel. Av. 2286",Recoleta,2,Los materiales deben estar lim,Papel / Cartón / Plástico / Metal / Vidrio
Point (105415.50089399999706075 103763.40570000000298023),Ecuador 1288,Recoleta,2,Los materiales deben estar lim,Papel / Cartón / Plástico / Metal / Vidrio
Point (105534.83198299999639858 104075.02894400000513997),Ecuador 1550,Recoleta,2,Los materiales deben estar lim,Papel / Cartón / Plástico / Metal / Vidrio
Point (105982.73396199999842793 105440.28512499999487773),"Estrada, Juez 2718",Recoleta,2,Los materiales deben estar lim,Papel / Cartón / Plástico / Metal / Vidrio
Point (105864.0289550000015879 104262.88499000000592787),French 2404,Recoleta,2,Los materiales deben estar lim,Papel / Cartón / Plástico / Metal / Vidrio
Point (105474.89790100000391249 104538.3439420000067912),French 2850,Recoleta,2,Los materiales deben estar lim,Papel / Cartón / Plástico / Metal / Vidrio
Point (105286.31705399999918882 104674.59438100000261329),French 3006,Recoleta,2,Los materiales deben estar lim,Papel / Cartón / Plástico / Metal / Vidrio
Point (104778.24342300000716932 103730.61006099999940488),Gallo 1257,Recoleta,2,Los materiales deben estar lim,Papel / Cartón / Plástico / Metal / Vidrio
Point (104846.49257899999793153 103878.87190500000724569),Gallo 1375,Recoleta,2,Los materiales deben estar lim,Papel / Cartón / Plástico / Metal / Vidrio
Point (105040.00252300000283867 104218.40924799999629613),Gallo 1661,Recoleta,2,Los materiales deben estar lim,Papel / Cartón / Plástico / Metal / Vidrio
Point (104478.20562700000300538 103728.15622400000574999),Gorriti 3552,Recoleta,2,Los materiales deben estar lim,Papel / Cartón / Plástico / Metal / Vidrio
Point (105962.48582800000440329 104613.07822900000610389),"Gutierrez, Juan Maria 2525",Recoleta,2,Los materiales deben estar lim,Papel / Cartón / Plástico / Metal / Vidrio
Point (105222.31289499999547843 103689.02748400000564288),"Jaures, Jean 1182",Recoleta,2,Los materiales deben estar lim,Papel / Cartón / Plástico / Metal / Vidrio
Point (105825.24035199999343604 104120.51804100000299513),Juncal 2294,Recoleta,2,Los materiales deben estar lim,Papel / Cartón / Plástico / Metal / Vidrio
Point (105102.18332399999781046 104675.80539799999678507),Juncal 3034,Recoleta,2,Los materiales deben estar lim,Papel / Cartón / Plástico / Metal / Vidrio
Point (106075.39948700000240933 103927.68813399999635294),Junin 1246,Recoleta,2,Los materiales deben estar lim,Papel / Cartón / Plástico / Metal / Vidrio
Point (106208.1106560000043828 104194.75178500000038184),Junin 1442,Recoleta,2,Los materiales deben estar lim,Papel / Cartón / Plástico / Metal / Vidrio
Point (105045.36651799999526702 103721.78419200000644196),Laprida 1132,Recoleta,2,Los materiales deben estar lim,Papel / Cartón / Plástico / Metal / Vidrio
Point (105315.21752000000560656 104140.53269399999408051),Laprida 1470,Recoleta,2,Los materiales deben estar lim,Papel / Cartón / Plástico / Metal / Vidrio
Point (105674.48072300000058021 104465.65432400000281632),Laprida 1835,Recoleta,2,Los materiales deben estar lim,Papel / Cartón / Plástico / Metal / Vidrio
Point (105765.24990700000489596 103991.70095300000684801),Larrea 1231,Recoleta,2,Los materiales deben estar lim,Papel / Cartón / Plástico / Metal / Vidrio
Point (106238.10630299999320414 104477.62875800000620075),Las Heras General Av. 2147,Recoleta,2,Los materiales deben estar lim,Papel / Cartón / Plástico / Metal / Vidrio
Point (106156.35395999999309424 104531.93445299999439158),Las Heras General Av. 2214,Recoleta,2,Los materiales deben estar lim,Papel / Cartón / Plástico / Metal / Vidrio
Point (106118.63407800000277348 104594.27823300000454765),Las Heras General Av. 2269,Recoleta,2,Los materiales deben estar lim,Papel / Cartón / Plástico / Metal / Vidrio
Point (106301.85092799999983981 104415.40976799999771174),Las Heras Gral. Av. 2071,Recoleta,2,Los materiales deben estar lim,Papel / Cartón / Plástico / Metal / Vidrio
Point (105391.68359699999564327 103678.87182800000300631),"Mansilla, Lucio Norberto, General 2596",Recoleta,2,Los materiales deben estar lim,Papel / Cartón / Plástico / Metal / Vidrio
Point (106714.37724899999739137 103918.17722100000537466),Montevideo 1322,Recoleta,2,Los materiales deben estar lim,Papel / Cartón / Plástico / Metal / Vidrio
Point (106090.37115200000698678 104432.56161200000497047),"Pacheco De Melo, Jose Andres 2250",Recoleta,2,Los materiales deben estar lim,Papel / Cartón / Plástico / Metal / Vidrio
Point (105754.65633100000559352 104651.04728199999954086),"Pacheco De Melo, Jose Andres 2552",Recoleta,2,Los materiales deben estar lim,Papel / Cartón / Plástico / Metal / Vidrio
Point (105524.04647099999419879 104819.62034700000367593),"Pacheco De Melo, Jose Andres 2832",Recoleta,2,Los materiales deben estar lim,Papel / Cartón / Plástico / Metal / Vidrio
Point (106675.44317399999999907 103402.84076799999456853),Paraguay 1630,Recoleta,2,Los materiales deben estar lim,Papel / Cartón / Plástico / Metal / Vidrio
Point (106380.37563599999703001 103369.90635400000610389),Paraguay 1838,Recoleta,2,Los materiales deben estar lim,Papel / Cartón / Plástico / Metal / Vidrio
Point (106196.68024200000218116 103388.51667700000689365),Paraguay 1990,Recoleta,2,Los materiales deben estar lim,Papel / Cartón / Plástico / Metal / Vidrio
Point (105974.07425700000021607 103418.97418000000470784),Paraguay 2150,Recoleta,2,Los materiales deben estar lim,Papel / Cartón / Plástico / Metal / Vidrio
Point (106832.33058799999707844 104069.2984370000049239),Parana 1385,Recoleta,2,Los materiales deben estar lim,Papel / Cartón / Plástico / Metal / Vidrio
Point (106889.4674150000064401 103482.74423100000421982),Parana 947,Recoleta,2,Los materiales deben estar lim,Papel / Cartón / Plástico / Metal / Vidrio
Point (106895.66758199999458157 104701.00640399999974761),Posadas 1593,Recoleta,2,Los materiales deben estar lim,Papel / Cartón / Plástico / Metal / Vidrio
Point (106795.02035999999498017 104483.11889800000062678),"Quintana, Manuel, Pres. Av. 415",Recoleta,2,Los materiales deben estar lim,Papel / Cartón / Plástico / Metal / Vidrio
Point (105110.17984199999773409 104477.97867199999745935),Sanchez De Bustamante 1990,Recoleta,2,Los materiales deben estar lim,Papel / Cartón / Plástico / Metal / Vidrio
Point (106073.30034899999736808 105553.8224190000037197),Tagle 2892,Recoleta,2,Los materiales deben estar lim,Papel / Cartón / Plástico / Metal / Vidrio
Point (107086.62112799999886192 103958.46200800000224262),Talcahuano|1266|pr3273,Retiro,1,Los materiales deben estar lim,Papel / Cartón / Plástico / Metal / Vidrio
Point (108265.50505300000077114 103756.26776800000516232),Reconquista|1053|pr2001|,Retiro,1,Los materiales deben estar lim,Papel / Cartón / Plástico / Metal / Vidrio
Point (107503.64353899999696296 104156.52957100000639912),"Pellegrini, Carlos|1387|pr3253",Retiro,1,Los materiales deben estar lim,Papel / Cartón / Plástico / Metal / Vidrio
Point (107651.46992299999692477 103510.55350199999520555),Suipacha|910|pr3618|,Retiro,1,Los materiales deben estar lim,Papel / Cartón / Plástico / Metal / Vidrio
Point (107507.79225499999301974 103825.01781600000686012),"Pellegrini, Carlos|1157|pr3264",Retiro,1,Los materiales deben estar lim,Papel / Cartón / Plástico / Metal / Vidrio
Point (107825.40310900000622496 103501.34601599999587052),Paraguay|780|pr21|,Retiro,1,Los materiales deben estar lim,Papel / Cartón / Plástico / Metal / Vidrio
Point (108360.26022900000680238 103549.65771400000085123),Paraguay|310|pr3286,Retiro,1,Los materiales deben estar lim,Papel / Cartón / Plástico / Metal / Vidrio
Point (108261.3466480000060983 103533.20866499999829102),Paraguay|418|pr4206|,Retiro,1,Los materiales deben estar lim,Papel / Cartón / Plástico / Metal / Vidrio
Point (107205.94492199999513105 103449.50223600000026636),Paraguay|1240|pr3106|,Retiro,1,Los materiales deben estar lim,Papel / Cartón / Plástico / Metal / Vidrio
Point (107519.32538599999679718 103554.99016499999561347),"Pellegrini, Carlos|955|pr3292",Retiro,1,Los materiales deben estar lim,Papel / Cartón / Plástico / Metal / Vidrio
Point (107834.78334399999585003 104215.10870199999772012),Esmeralda|1397|pr3276,Retiro,1,Los materiales deben estar lim,Papel / Cartón / Plástico / Metal / Vidrio
Point (107783.7620770000066841 103760.04288500000257045),Esmeralda|1087|pr3291,Retiro,1,Los materiales deben estar lim,Papel / Cartón / Plástico / Metal / Vidrio
Point (107390.4112299999978859 103622.58961700000509154),Cerrito|1020|pr3103,Retiro,1,Los materiales deben estar lim,Papel / Cartón / Plástico / Metal / Vidrio
Point (107231.27195900000515394 104264.571049000005587),Alvear|1428|pr108|,Retiro,1,Los materiales deben estar lim,Papel / Cartón / Plástico / Metal / Vidrio
Point (107255.995108999995864 103859.64500999999290798),Arenales|1186|pr3102,Retiro,1,Los materiales deben estar lim,Papel / Cartón / Plástico / Metal / Vidrio
Point (107562.84952899999916553 103890.25516299999435432),Arenales|960|pr3177,Retiro,1,Los materiales deben estar lim,Papel / Cartón / Plástico / Metal / Vidrio
Point (107027.02892199999769218 103578.82322799999383278),"Alvear, Marcelo T. De|1379|pr3105",Retiro,1,Los materiales deben estar lim,Papel / Cartón / Plástico / Metal / Vidrio
Point (106870.08197699999436736 104206.20994400000199676),Guido 1646,Retiro,1,Los materiales deben estar lim,Papel / Cartón / Plástico / Metal / Vidrio
Point (98512.54941550000512507 109272.42029500000353437),Quintana 4463,Saavedra,12,Los materiales deben estar lim,Papel / Cartón / Plástico / Metal / Vidrio
Point (98741.02521740000520367 109835.79669099999591708),Vedia 2589,Saavedra,12,Los materiales deben estar lim,Papel / Cartón / Plástico / Metal / Vidrio
Point (96592.40110679999634158 107182.3550729999988107),20 De Febrero 5665,Saavedra,12,Los materiales deben estar lim,Papel / Cartón / Plástico / Metal / Vidrio
Point (97612.74475270000402816 107939.3103220000048168),"Acha, Mariano, Gral. 3797",Saavedra,12,Los materiales deben estar lim,Papel / Cartón / Plástico / Metal / Vidrio
Point (97466.85602399999334011 108192.44597600000270177),"Acha, Mariano, Gral. 4087",Saavedra,12,Los materiales deben estar lim,Papel / Cartón / Plástico / Metal / Vidrio
Point (97330.17679250000219326 108430.36228000000119209),"Acha, Mariano, Gral. 4375",Saavedra,12,Los materiales deben estar lim,Papel / Cartón / Plástico / Metal / Vidrio
Point (97224.37328509999497328 108612.66899700000067241),"Acha, Mariano, Gral. 4585",Saavedra,12,Los materiales deben estar lim,Papel / Cartón / Plástico / Metal / Vidrio
Point (97090.23490939999464899 108843.2207159999961732),"Acha, Mariano, Gral. 4845",Saavedra,12,Los materiales deben estar lim,Papel / Cartón / Plástico / Metal / Vidrio
Point (96133.96050380000087898 107074.32824899999832269),Aizpurua 3748,Saavedra,12,Los materiales deben estar lim,Papel / Cartón / Plástico / Metal / Vidrio
Point (96598.21616630000062287 107338.04255100000591483),Andonaegui 3750,Saavedra,12,Los materiales deben estar lim,Papel / Cartón / Plástico / Metal / Vidrio
Point (96584.31126830000721384 107359.42617599999357481),Andonaegui 3756,Saavedra,12,Los materiales deben estar lim,Papel / Cartón / Plástico / Metal / Vidrio
Point (98599.76520029999664985 109718.32926899999438319),Argelia 2750,Saavedra,12,Los materiales deben estar lim,Papel / Cartón / Plástico / Metal / Vidrio
Point (97818.63144759999704547 109017.67066000000340864),Arias 3821,Saavedra,12,Los materiales deben estar lim,Papel / Cartón / Plástico / Metal / Vidrio
Point (97565.36984189999930095 108861.83629500000097323),Arias 4185,Saavedra,12,Los materiales deben estar lim,Papel / Cartón / Plástico / Metal / Vidrio
Point (99294.85391510000044946 109174.72493399999802932),Ciudad De La Paz 3880,Saavedra,12,Los materiales deben estar lim,Papel / Cartón / Plástico / Metal / Vidrio
Point (98391.03095640000537969 108929.36883399999351241),Conde 4212,Saavedra,12,Los materiales deben estar lim,Papel / Cartón / Plástico / Metal / Vidrio
Point (98258.68506050000723917 109141.13987600000109524),Conde 4470,Saavedra,12,Los materiales deben estar lim,Papel / Cartón / Plástico / Metal / Vidrio
Point (98172.289014900001348 109279.13516499999968801),Conde 4620,Saavedra,12,Los materiales deben estar lim,Papel / Cartón / Plástico / Metal / Vidrio
Point (98878.82003380000242032 108898.9739770000014687),Conesa 3979,Saavedra,12,Los materiales deben estar lim,Papel / Cartón / Plástico / Metal / Vidrio
Point (98737.73551420000148937 109245.88513399999646936),Conesa 4351,Saavedra,12,Los materiales deben estar lim,Papel / Cartón / Plástico / Metal / Vidrio
Point (99003.18980399999418296 109412.07258500000170898),Correa 2575,Saavedra,12,Los materiales deben estar lim,Papel / Cartón / Plástico / Metal / Vidrio
Point (97923.26746200000343379 108839.18889200000558048),Correa 3750,Saavedra,12,Los materiales deben estar lim,Papel / Cartón / Plástico / Metal / Vidrio
Point (99029.98177080000459682 108803.64523799999733455),Cramer 3775,Saavedra,12,Los materiales deben estar lim,Papel / Cartón / Plástico / Metal / Vidrio
Point (98901.42525060000480153 109104.93179099999542814),Cramer 4061,Saavedra,12,Los materiales deben estar lim,Papel / Cartón / Plástico / Metal / Vidrio
Point (98678.22016939999593887 109588.57293100000242703),Deheza 2810,Saavedra,12,Los materiales deben estar lim,Papel / Cartón / Plástico / Metal / Vidrio
Point (97434.99588820000644773 108902.07622099999571219),Deheza 4261,Saavedra,12,Los materiales deben estar lim,Papel / Cartón / Plástico / Metal / Vidrio
Point (97836.85219340000185184 107932.09192399999301415),Donado 3676,Saavedra,12,Los materiales deben estar lim,Papel / Cartón / Plástico / Metal / Vidrio
Point (98267.79039219999685884 107993.12278900000092108),Estomba 3574,Saavedra,12,Los materiales deben estar lim,Papel / Cartón / Plástico / Metal / Vidrio
Point (98078.86186210000596475 108306.79237300000386313),Estomba 3861,Saavedra,12,Los materiales deben estar lim,Papel / Cartón / Plástico / Metal / Vidrio
Point (97936.0510257999994792 108532.70140299999911804),Estomba 4125,Saavedra,12,Los materiales deben estar lim,Papel / Cartón / Plástico / Metal / Vidrio
Point (98819.9735276999999769 108452.52139100000204053),"Freire, Ramon, Cap. Gral. 3621",Saavedra,12,Los materiales deben estar lim,Papel / Cartón / Plástico / Metal / Vidrio
Point (98339.69065570000384469 109215.73942699999315664),"Freire, Ramon, Cap. Gral. 4495",Saavedra,12,Los materiales deben estar lim,Papel / Cartón / Plástico / Metal / Vidrio
Point (98193.38332779999473132 109448.58309600000211503),"Freire, Ramon, Cap. Gral. 4767",Saavedra,12,Los materiales deben estar lim,Papel / Cartón / Plástico / Metal / Vidrio
Point (97417.57021219999296591 107471.16621999999915715),Galvan 3553,Saavedra,12,Los materiales deben estar lim,Papel / Cartón / Plástico / Metal / Vidrio
Point (98185.0808413000049768 108413.93302700000640471),Garcia Del Rio 3866,Saavedra,12,Los materiales deben estar lim,Papel / Cartón / Plástico / Metal / Vidrio
Point (99436.96073789999354631 108971.93004900000232738),Garcia Del Rio Av. 2441,Saavedra,12,Los materiales deben estar lim,Papel / Cartón / Plástico / Metal / Vidrio
Point (98030.66689599999517668 107814.45820799999637529),Holmberg 3549,Saavedra,12,Los materiales deben estar lim,Papel / Cartón / Plástico / Metal / Vidrio
Point (97849.02702039999712724 108129.0058160000044154),Holmberg 3831,Saavedra,12,Los materiales deben estar lim,Papel / Cartón / Plástico / Metal / Vidrio
Point (97589.64810409999336116 108582.98402400000486523),Holmberg 4345,Saavedra,12,Los materiales deben estar lim,Papel / Cartón / Plástico / Metal / Vidrio
Point (99282.01044539999566041 108867.65394299999752548),Jaramillo 2660,Saavedra,12,Los materiales deben estar lim,Papel / Cartón / Plástico / Metal / Vidrio
Point (98946.29091880000487436 108655.81385299999965355),Jaramillo 3076,Saavedra,12,Los materiales deben estar lim,Papel / Cartón / Plástico / Metal / Vidrio
Point (98634.35777960000268649 108458.60560900000564288),Jaramillo 3446,Saavedra,12,Los materiales deben estar lim,Papel / Cartón / Plástico / Metal / Vidrio
Point (98474.51705460000084713 108356.54987899999832734),Jaramillo 3670,Saavedra,12,Los materiales deben estar lim,Papel / Cartón / Plástico / Metal / Vidrio
Point (98188.85327989999495912 108177.25734500000544358),Jaramillo 3976,Saavedra,12,Los materiales deben estar lim,Papel / Cartón / Plástico / Metal / Vidrio
Point (98619.9253067999961786 108291.72344800000428222),"Larralde, Crisologo Av. 3557",Saavedra,12,Los materiales deben estar lim,Papel / Cartón / Plástico / Metal / Vidrio
Point (98461.24921840000024531 108185.82833699999901),"Larralde, Crisologo Av. 3731",Saavedra,12,Los materiales deben estar lim,Papel / Cartón / Plástico / Metal / Vidrio
Point (97674.38622479999321513 107613.55239100000471808),Lugones 3550,Saavedra,12,Los materiales deben estar lim,Papel / Cartón / Plástico / Metal / Vidrio
Point (97473.90204099999391474 107962.17681299999821931),Lugones 3894,Saavedra,12,Los materiales deben estar lim,Papel / Cartón / Plástico / Metal / Vidrio
Point (97345.73446629999671131 108185.60024899999552872),Lugones 4132,Saavedra,12,Los materiales deben estar lim,Papel / Cartón / Plástico / Metal / Vidrio
Point (97190.36306550000153948 108455.09599499999603722),Lugones 4470,Saavedra,12,Los materiales deben estar lim,Papel / Cartón / Plástico / Metal / Vidrio
Point (97029.71890300000086427 108731.00032399999327026),Lugones 4784,Saavedra,12,Los materiales deben estar lim,Papel / Cartón / Plástico / Metal / Vidrio
Point (96392.47375340000144206 107099.29146399999444839),Macedonio Fernandez 5894,Saavedra,12,Los materiales deben estar lim,Papel / Cartón / Plástico / Metal / Vidrio
Point (97667.84408419999817852 108024.10714999999618158),Machain 3830,Saavedra,12,Los materiales deben estar lim,Papel / Cartón / Plástico / Metal / Vidrio
Point (97578.50281449999602046 108181.85227699999813922),Machain 4006,Saavedra,12,Los materiales deben estar lim,Papel / Cartón / Plástico / Metal / Vidrio
Point (97465.05880480000632815 108380.23738299999968149),Machain 4230,Saavedra,12,Los materiales deben estar lim,Papel / Cartón / Plástico / Metal / Vidrio
Point (97363.75002570000651758 108555.92608699999982491),Machain 4460,Saavedra,12,Los materiales deben estar lim,Papel / Cartón / Plástico / Metal / Vidrio
Point (97207.74456720000307541 108824.60125700000207871),Machain 4768,Saavedra,12,Los materiales deben estar lim,Papel / Cartón / Plástico / Metal / Vidrio
Point (98912.38312359999690671 109743.050321000002441),"Malharro, Martin A. 2519",Saavedra,12,Los materiales deben estar lim,Papel / Cartón / Plástico / Metal / Vidrio
Point (98338.47704240000166465 108399.68840600000112318),Manzanares 3717,Saavedra,12,Los materiales deben estar lim,Papel / Cartón / Plástico / Metal / Vidrio
Point (97470.47140969999600202 107784.73385000000416767),Miller 3717,Saavedra,12,Los materiales deben estar lim,Papel / Cartón / Plástico / Metal / Vidrio
Point (97309.94166080000286456 108064.32875000000058208),Miller 4051,Saavedra,12,Los materiales deben estar lim,Papel / Cartón / Plástico / Metal / Vidrio
Point (97177.19487269999808632 108293.83710999999311753),Miller 4325,Saavedra,12,Los materiales deben estar lim,Papel / Cartón / Plástico / Metal / Vidrio
Point (97068.54530359999625944 108481.07862600000225939),Miller 4553,Saavedra,12,Los materiales deben estar lim,Papel / Cartón / Plástico / Metal / Vidrio
Point (96912.28893710000556894 108750.13636899999983143),Miller 4865,Saavedra,12,Los materiales deben estar lim,Papel / Cartón / Plástico / Metal / Vidrio
Point (99151.71063570000114851 108990.8885009999939939),Moldes 3860,Saavedra,12,Los materiales deben estar lim,Papel / Cartón / Plástico / Metal / Vidrio
Point (99034.34182990000408608 109278.21442699999897741),Moldes 4180,Saavedra,12,Los materiales deben estar lim,Papel / Cartón / Plástico / Metal / Vidrio
Point (97960.35400940000545233 108666.85119899999699555),Naon Romulo 4228,Saavedra,12,Los materiales deben estar lim,Papel / Cartón / Plástico / Metal / Vidrio
Point (98989.72985299999709241 108979.15077799999562558),Paroissien 2861,Saavedra,12,Los materiales deben estar lim,Papel / Cartón / Plástico / Metal / Vidrio
Point (98219.48826220000046305 108563.23819099999673199),Paroissien 3731,Saavedra,12,Los materiales deben estar lim,Papel / Cartón / Plástico / Metal / Vidrio
Point (96230.23547590000089258 107216.02384199999505654),"Pellegrini, Carlos E. 6015",Saavedra,12,Los materiales deben estar lim,Papel / Cartón / Plástico / Metal / Vidrio
Point (98215.46304820000659674 108847.10840599999937695),"Perez, Roque 4243",Saavedra,12,Los materiales deben estar lim,Papel / Cartón / Plástico / Metal / Vidrio
Point (98106.76722290000179783 109007.02506400000129361),"Perez, Roque 4428",Saavedra,12,Los materiales deben estar lim,Papel / Cartón / Plástico / Metal / Vidrio
Point (97475.70135909999953583 109032.97826499999791849),Pico 4172,Saavedra,12,Los materiales deben estar lim,Papel / Cartón / Plástico / Metal / Vidrio
Point (98822.83133610000368208 108643.27531100000487641),Pinto 3747,Saavedra,12,Los materiales deben estar lim,Papel / Cartón / Plástico / Metal / Vidrio
Point (98601.49069920000329148 108975.65920100000221282),Pinto 4146,Saavedra,12,Los materiales deben estar lim,Papel / Cartón / Plástico / Metal / Vidrio
Point (98494.54681410000193864 109160.92152299999725074),Pinto 4371,Saavedra,12,Los materiales deben estar lim,Papel / Cartón / Plástico / Metal / Vidrio
Point (98390.57859809999354184 109326.63805799999681767),Pinto 4569,Saavedra,12,Los materiales deben estar lim,Papel / Cartón / Plástico / Metal / Vidrio
Point (98238.245896399996127 109568.73028499999782071),Pinto 4835,Saavedra,12,Los materiales deben estar lim,Papel / Cartón / Plástico / Metal / Vidrio
Point (98436.73394950000511017 109457.86758400000690017),Quintana 4675,Saavedra,12,Los materiales deben estar lim,Papel / Cartón / Plástico / Metal / Vidrio
Point (98367.93363549999776296 109611.38119299999380019),Quintana 4840,Saavedra,12,Los materiales deben estar lim,Papel / Cartón / Plástico / Metal / Vidrio
Point (97533.32420459999411833 108725.72678399999858811),Ramallo 4255,Saavedra,12,Los materiales deben estar lim,Papel / Cartón / Plástico / Metal / Vidrio
Point (96431.21319779999612365 107441.63733800000045449),Rastreador Fournier 5670,Saavedra,12,Los materiales deben estar lim,Papel / Cartón / Plástico / Metal / Vidrio
Point (98875.75703900000371505 109243.11835800000699237),Ruiz Huidobro 2762,Saavedra,12,Los materiales deben estar lim,Papel / Cartón / Plástico / Metal / Vidrio
Point (97786.77652129999478348 108671.93233999999938533),Ruiz Huidobro Av. 3935,Saavedra,12,Los materiales deben estar lim,Papel / Cartón / Plástico / Metal / Vidrio
Point (99193.82805799999914598 109313.10174899999401532),San Isidro Labrador Av. 4233,Saavedra,12,Los materiales deben estar lim,Papel / Cartón / Plástico / Metal / Vidrio
Point (99013.00703730000532232 109566.30263400000694674),San Isidro Labrador Av. 4550,Saavedra,12,Los materiales deben estar lim,Papel / Cartón / Plástico / Metal / Vidrio
Point (98250.70907320000696927 108980.49048999999649823),Superi 4327,Saavedra,12,Los materiales deben estar lim,Papel / Cartón / Plástico / Metal / Vidrio
Point (98139.10999349999474362 109159.02053900000464637),Superi 4545,Saavedra,12,Los materiales deben estar lim,Papel / Cartón / Plástico / Metal / Vidrio
Point (97984.09890789999917615 109405.37652599999273662),Superi 4837,Saavedra,12,Los materiales deben estar lim,Papel / Cartón / Plástico / Metal / Vidrio
Point (98057.96142619999591261 108142.70459700000355951),Tronador 3720,Saavedra,12,Los materiales deben estar lim,Papel / Cartón / Plástico / Metal / Vidrio
Point (97910.50565380000625737 108383.86045300000114366),Tronador 4012,Saavedra,12,Los materiales deben estar lim,Papel / Cartón / Plástico / Metal / Vidrio
Point (97794.31913649999478366 108574.68866600000183098),Tronador 4226,Saavedra,12,Los materiales deben estar lim,Papel / Cartón / Plástico / Metal / Vidrio
Point (97681.62882779999927152 108757.06529499999305699),Tronador 4460,Saavedra,12,Los materiales deben estar lim,Papel / Cartón / Plástico / Metal / Vidrio
Point (97442.81324610000592656 107641.75892900000326335),Valdenegro 3670,Saavedra,12,Los materiales deben estar lim,Papel / Cartón / Plástico / Metal / Vidrio
Point (97345.40456599999743048 107818.74799200000416022),Valdenegro 3835,Saavedra,12,Los materiales deben estar lim,Papel / Cartón / Plástico / Metal / Vidrio
Point (97020.39575569999578875 108347.88469200000690762),Valdenegro 4464,Saavedra,12,Los materiales deben estar lim,Papel / Cartón / Plástico / Metal / Vidrio
Point (96892.13748730000224896 108568.27971800000523217),Valdenegro 4708,Saavedra,12,Los materiales deben estar lim,Papel / Cartón / Plástico / Metal / Vidrio
Point (96783.95984929999394808 108755.23528999999689404),Valdenegro 4926,Saavedra,12,Los materiales deben estar lim,Papel / Cartón / Plástico / Metal / Vidrio
Point (99170.41821750000235625 108759.76876099999935832),Vidal 3677,Saavedra,12,Los materiales deben estar lim,Papel / Cartón / Plástico / Metal / Vidrio
Point (98799.41035099999862723 109621.26509899999655318),Vidal 4587,Saavedra,12,Los materiales deben estar lim,Papel / Cartón / Plástico / Metal / Vidrio
Point (99078.0778647999977693 109114.10959500000171829),Vilela 2720,Saavedra,12,Los materiales deben estar lim,Papel / Cartón / Plástico / Metal / Vidrio
Point (98794.43315189999702852 108997.05112699999881443),Vilela 3032,Saavedra,12,Los materiales deben estar lim,Papel / Cartón / Plástico / Metal / Vidrio
Point (98348.69195459999900777 108257.43152100000588689),Washington 3691,Saavedra,12,Los materiales deben estar lim,Papel / Cartón / Plástico / Metal / Vidrio
Point (98084.69335549999959767 108676.41359500000544358),Washington 4171,Saavedra,12,Los materiales deben estar lim,Papel / Cartón / Plástico / Metal / Vidrio
Point (96463.50688889999582898 107244.41805599999497645),"Williams, Alberto 5867",Saavedra,12,Los materiales deben estar lim,Papel / Cartón / Plástico / Metal / Vidrio
Point (96298.12478220000048168 107204.80144500000460539),"Yrurtia, Rogelio 6002",Saavedra,12,Los materiales deben estar lim,Papel / Cartón / Plástico / Metal / Vidrio
Point (98672.80880100000649691 109117.71759099999326281),Zapiola 4260,Saavedra,12,Los materiales deben estar lim,Papel / Cartón / Plástico / Metal / Vidrio
Point (98568.59697840000444558 109377.5032809999975143),Zapiola 4518,Saavedra,12,Los materiales deben estar lim,Papel / Cartón / Plástico / Metal / Vidrio
Point (98493.25487289999728091 109563.34758800000417978),Zapiola 4732,Saavedra,12,Los materiales deben estar lim,Papel / Cartón / Plástico / Metal / Vidrio
Point (98786.02140579999831971 109368.49005100000067614),Cramer Av. 4350,Saavedra,12,Los materiales deben estar lim,Papel / Cartón / Plástico / Metal / Vidrio
Point (97948.25946509999630507 109259.20906300000206102),"Perez, Roque 4736",Saavedra,12,Los materiales deben estar lim,Papel / Cartón / Plástico / Metal / Vidrio
Point (105802.29807200000504963 100627.57543599999917205),San Juan Av. 2470,San Cristobal,3,Los materiales deben estar lim,Papel / Cartón / Plástico / Metal / Vidrio
Point (106416.51641500000550877 100701.1033599999936996),San Juan Av. 1942,San Cristobal,3,Los materiales deben estar lim,Papel / Cartón / Plástico / Metal / Vidrio
Point (106199.4440080000058515 100684.205350999996881),San Juan Av. 2166,San Cristobal,3,Los materiales deben estar lim,Papel / Cartón / Plástico / Metal / Vidrio
Point (106505.62682999999378808 100853.76387700000486802),Humberto 1?|847|pr3209,San Cristobal,3,Los materiales deben estar lim,Papel / Cartón / Plástico / Metal / Vidrio
Point (105203.79637999999977183 100686.54235499999776948),Humberto 1? 2945,San Cristobal,3,Los materiales deben estar lim,Papel / Cartón / Plástico / Metal / Vidrio
Point (105423.78128500000457279 100730.17626100000052247),Humberto 1? 2795,San Cristobal,3,Los materiales deben estar lim,Papel / Cartón / Plástico / Metal / Vidrio
Point (104959.36575100000482053 100638.95335399999748915),Humberto 1? 3115,San Cristobal,3,Los materiales deben estar lim,Papel / Cartón / Plástico / Metal / Vidrio
Point (105714.1192810000065947 100780.88873700000112876),Humberto 1? 2561,San Cristobal,3,Los materiales deben estar lim,Papel / Cartón / Plástico / Metal / Vidrio
Point (106083.32175200000347104 100830.24770399999397341),Humberto 1? 2201,San Cristobal,3,Los materiales deben estar lim,Papel / Cartón / Plástico / Metal / Vidrio
Point (106185.77033600000140723 100836.05059300000721123),Humberto 1? 2109,San Cristobal,3,Los materiales deben estar lim,Papel / Cartón / Plástico / Metal / Vidrio
Point (104898.2014880000060657 100015.71475800000189338),24 De Noviembre 1536,San Cristobal,3,Los materiales deben estar lim,Papel / Cartón / Plástico / Metal / Vidrio
Point (104979.24668300000485033 100768.2980119999992894),"Calvo, Carlos 3099",San Cristobal,3,Los materiales deben estar lim,Papel / Cartón / Plástico / Metal / Vidrio
Point (106113.83163400000194088 100545.06943400000454858),Cochabamba 2243,San Cristobal,3,Los materiales deben estar lim,Papel / Cartón / Plástico / Metal / Vidrio
Point (104757.32800100000167731 100318.5431970000063302),Cochabamba 3271,San Cristobal,3,Los materiales deben estar lim,Papel / Cartón / Plástico / Metal / Vidrio
Point (106508.60021600000618491 100281.47347100000479259),Combate De Los Pozos 1533,San Cristobal,3,Los materiales deben estar lim,Papel / Cartón / Plástico / Metal / Vidrio
Point (105419.51655600000231061 100266.39958100000512786),Constitucion 2814,San Cristobal,3,Los materiales deben estar lim,Papel / Cartón / Plástico / Metal / Vidrio
Point (105043.53603000000293832 100910.48861600000236649),Estados Unidos 3046,San Cristobal,3,Los materiales deben estar lim,Papel / Cartón / Plástico / Metal / Vidrio
Point (106397.723641000004136 100290.76432600000407547),Pavon 2010,San Cristobal,3,Los materiales deben estar lim,Papel / Cartón / Plástico / Metal / Vidrio
Point (105849.82894399999349844 100216.37955300000612624),Pavon 2434,San Cristobal,3,Los materiales deben estar lim,Papel / Cartón / Plástico / Metal / Vidrio
Point (106313.56027000000176486 100954.14216200000373647),Sarandi 1002,San Cristobal,3,Los materiales deben estar lim,Papel / Cartón / Plástico / Metal / Vidrio
Point (106388.35661400000390131 100646.57769599999301136),Sarandi 1248,San Cristobal,3,Los materiales deben estar lim,Papel / Cartón / Plástico / Metal / Vidrio
Point (106079.74244800000451505 100952.42407100000127684),"Calvo, Carlos 2193",San Cristobal,3,Los materiales deben estar lim,Papel / Cartón / Plástico / Metal / Vidrio
Point (105848.44570199999725446 100933.10018399999535177),"Calvo, Carlos 2381",San Cristobal,3,Los materiales deben estar lim,Papel / Cartón / Plástico / Metal / Vidrio
Point (105703.97909799999615643 100920.04027100000530481),"Calvo, Carlos 2527",San Cristobal,3,Los materiales deben estar lim,Papel / Cartón / Plástico / Metal / Vidrio
Point (105343.67429500000434928 100854.76445800000510644),"Calvo, Carlos 2829",San Cristobal,3,Los materiales deben estar lim,Papel / Cartón / Plástico / Metal / Vidrio
Point (104724.51733099999546539 100708.81350899999961257),"Calvo, Carlos 3275",San Cristobal,3,Los materiales deben estar lim,Papel / Cartón / Plástico / Metal / Vidrio
Point (105723.26226499999756925 100475.81054900000162888),Cochabamba 2547,San Cristobal,3,Los materiales deben estar lim,Papel / Cartón / Plástico / Metal / Vidrio
Point (105260.71315700000559445 100388.55007300000579562),Cochabamba 2929,San Cristobal,3,Los materiales deben estar lim,Papel / Cartón / Plástico / Metal / Vidrio
Point (106422.72770000000309665 100437.73024499999883119),Constitucion 1991,San Cristobal,3,Los materiales deben estar lim,Papel / Cartón / Plástico / Metal / Vidrio
Point (106212.39064800000051036 100412.79687999999441672),Constitucion 2191,San Cristobal,3,Los materiales deben estar lim,Papel / Cartón / Plástico / Metal / Vidrio
Point (105991.26038999999582302 100374.80677500000456348),Constitucion 2336,San Cristobal,3,Los materiales deben estar lim,Papel / Cartón / Plástico / Metal / Vidrio
Point (105612.3954820000071777 100303.43106499999703374),Constitucion 2636,San Cristobal,3,Los materiales deben estar lim,Papel / Cartón / Plástico / Metal / Vidrio
Point (105067.19690199999604374 100211.23283900000387803),Constitucion 3066,San Cristobal,3,Los materiales deben estar lim,Papel / Cartón / Plástico / Metal / Vidrio
Point (104775.54929599999741185 100185.79882700000598561),Constitucion 3258,San Cristobal,3,Los materiales deben estar lim,Papel / Cartón / Plástico / Metal / Vidrio
Point (106452.25296100000559818 101109.39010899999993853),Estados Unidos 1888,San Cristobal,3,Los materiales deben estar lim,Papel / Cartón / Plástico / Metal / Vidrio
Point (106193.34220600000116974 101070.54470499999297317),Estados Unidos 2096,San Cristobal,3,Los materiales deben estar lim,Papel / Cartón / Plástico / Metal / Vidrio
Point (105981.78886899999633897 101064.04811099999642465),Estados Unidos 2252,San Cristobal,3,Los materiales deben estar lim,Papel / Cartón / Plástico / Metal / Vidrio
Point (105772.44392999999399763 101054.1667310000048019),Estados Unidos 2438,San Cristobal,3,Los materiales deben estar lim,Papel / Cartón / Plástico / Metal / Vidrio
Point (105591.75692400000116322 101045.63669100000697654),Estados Unidos 2610,San Cristobal,3,Los materiales deben estar lim,Papel / Cartón / Plástico / Metal / Vidrio
Point (105324.82338299999537412 100987.15573199999926146),Estados Unidos 2820,San Cristobal,3,Los materiales deben estar lim,Papel / Cartón / Plástico / Metal / Vidrio
Point (104883.65310300000419375 100862.54760299999907147),Estados Unidos 3182,San Cristobal,3,Los materiales deben estar lim,Papel / Cartón / Plástico / Metal / Vidrio
Point (106480.63466900000639725 101234.78979500000423286),Independencia Av. 1863,San Cristobal,3,Los materiales deben estar lim,Papel / Cartón / Plástico / Metal / Vidrio
Point (106225.73789000000397209 101218.53864600000088103),Independencia Av. 2057,San Cristobal,3,Los materiales deben estar lim,Papel / Cartón / Plástico / Metal / Vidrio
Point (106005.76326500000141095 101204.89082800000323914),Independencia Av. 2215,San Cristobal,3,Los materiales deben estar lim,Papel / Cartón / Plástico / Metal / Vidrio
Point (105789.94429899999522604 101190.33829800000239629),Independencia Av. 2405,San Cristobal,3,Los materiales deben estar lim,Papel / Cartón / Plástico / Metal / Vidrio
Point (105367.99941899999976158 101136.65752500000235159),Independencia Av. 2787,San Cristobal,3,Los materiales deben estar lim,Papel / Cartón / Plástico / Metal / Vidrio
Point (105167.61788700000033714 101087.27488300000550225),Independencia Av. 2943,San Cristobal,3,Los materiales deben estar lim,Papel / Cartón / Plástico / Metal / Vidrio
Point (104907.82280900000478141 101022.45139699999708682),Independencia Av. 3129,San Cristobal,3,Los materiales deben estar lim,Papel / Cartón / Plástico / Metal / Vidrio
Point (105547.40016600000672042 100858.52089400000113528),Jujuy Av. 1021,San Cristobal,3,Los materiales deben estar lim,Papel / Cartón / Plástico / Metal / Vidrio
Point (105620.70278700000199024 100473.61512299999594688),Jujuy Av. 1287,San Cristobal,3,Los materiales deben estar lim,Papel / Cartón / Plástico / Metal / Vidrio
Point (105669.05407699999341276 100227.59591400000499561),Jujuy Av. 1485,San Cristobal,3,Los materiales deben estar lim,Papel / Cartón / Plástico / Metal / Vidrio
Point (105494.44855200000165496 101072.40713199999299832),Jujuy Av. 885,San Cristobal,3,Los materiales deben estar lim,Papel / Cartón / Plástico / Metal / Vidrio
Point (106126.88696600000548642 100258.90772299999662209),Pavon 2262,San Cristobal,3,Los materiales deben estar lim,Papel / Cartón / Plástico / Metal / Vidrio
Point (105473.77606200000445824 100162.57978499999444466),Pavon 2794,San Cristobal,3,Los materiales deben estar lim,Papel / Cartón / Plástico / Metal / Vidrio
Point (105224.83517200000642333 100125.388781999994535),Pavon 2978,San Cristobal,3,Los materiales deben estar lim,Papel / Cartón / Plástico / Metal / Vidrio
Point (104938.95162799999525305 100067.71954799999366514),Pavon 3168,San Cristobal,3,Los materiales deben estar lim,Papel / Cartón / Plástico / Metal / Vidrio
Point (104751.0252290000062203 100009.08100400000694208),Pavon 3284,San Cristobal,3,Los materiales deben estar lim,Papel / Cartón / Plástico / Metal / Vidrio
Point (105497.40873799999826588 100582.19073800000478514),San Juan Av. 2800,San Cristobal,3,Los materiales deben estar lim,Papel / Cartón / Plástico / Metal / Vidrio
Point (105088.39660300000105053 100521.11242200000560842),San Juan Av. 3038,San Cristobal,3,Los materiales deben estar lim,Papel / Cartón / Plástico / Metal / Vidrio
Point (104948.59887499999604188 100501.7505609999934677),San Juan Av. 3132,San Cristobal,3,Los materiales deben estar lim,Papel / Cartón / Plástico / Metal / Vidrio
Point (106419.71059800000512041 100325.13034200000402052),Sarandi 1494,San Cristobal,3,Los materiales deben estar lim,Papel / Cartón / Plástico / Metal / Vidrio
Point (108287.11222199999610893 103273.44937400000344496),Viamonte|414|pr3430,San Nicolas,1,Los materiales deben estar lim,Papel / Cartón / Plástico / Metal / Vidrio
Point (106553.10057399999641348 103155.22779999999329448),Viamonte|1730|pr3178,San Nicolas,1,Los materiales deben estar lim,Papel / Cartón / Plástico / Metal / Vidrio
Point (107023.27044799999566749 102908.29381899999862071),Uruguay Av.|492|pr3180,San Nicolas,1,Los materiales deben estar lim,Papel / Cartón / Plástico / Metal / Vidrio
Point (108308.84260699999867938 103330.00612700000056066),Reconquista|740|pr1730|,San Nicolas,1,Los materiales deben estar lim,Papel / Cartón / Plástico / Metal / Vidrio
Point (108327.94087999999464955 102913.39787299999443348),Reconquista |414|pr3267,San Nicolas,1,Los materiales deben estar lim,Papel / Cartón / Plástico / Metal / Vidrio
Point (107602.82811299999593757 103225.65745199999946635),Viamonte|950|pr3288,San Nicolas,1,Los materiales deben estar lim,Papel / Cartón / Plástico / Metal / Vidrio
Point (107711.726066000002902 103233.97179999999934807),Viamonte|875|pr3289,San Nicolas,1,Los materiales deben estar lim,Papel / Cartón / Plástico / Metal / Vidrio
Point (107910.2693859999999404 103242.54243299999507144),Viamonte|710|pr2037|,San Nicolas,1,Los materiales deben estar lim,Papel / Cartón / Plástico / Metal / Vidrio
Point (107762.06505799999285955 103109.55047200000262819),Tucuman|831|pr2796|,San Nicolas,1,Los materiales deben estar lim,Papel / Cartón / Plástico / Metal / Vidrio
Point (106648.27776700000686105 103039.77494600000500213),Tucuman|1679|pr3268,San Nicolas,1,Los materiales deben estar lim,Papel / Cartón / Plástico / Metal / Vidrio
Point (107705.32259199999680277 102393.82173500000499189),Suipacha|60|pr3122,San Nicolas,1,Los materiales deben estar lim,Papel / Cartón / Plástico / Metal / Vidrio
Point (107280.86165700000128709 102680.00635500000498723),Sarmiento|1225|pr3182,San Nicolas,1,Los materiales deben estar lim,Papel / Cartón / Plástico / Metal / Vidrio
Point (107686.92608299999847077 102955.81539099999645259),Suipacha|483|pr3314,San Nicolas,1,Los materiales deben estar lim,Papel / Cartón / Plástico / Metal / Vidrio
Point (108196.64317799999844283 103108.65093299999716692),San Martin|579|pr3174,San Nicolas,1,Los materiales deben estar lim,Papel / Cartón / Plástico / Metal / Vidrio
Point (107230.61080700000457 102548.1179779999947641),"Peron, Juan Domingo, Tte. General|1267|pr3184",San Nicolas,1,Los materiales deben estar lim,Papel / Cartón / Plástico / Metal / Vidrio
Point (107744.64449000000604428 102577.29506600000604521),"Peron, Juan Domingo, Tte. General|856|pr3301",San Nicolas,1,Los materiales deben estar lim,Papel / Cartón / Plástico / Metal / Vidrio
Point (108400.02732300000207033 102633.46399000000383239),"Peron, Juan Domingo, Tte. General|360|pr3302",San Nicolas,1,Los materiales deben estar lim,Papel / Cartón / Plástico / Metal / Vidrio
Point (106917.38062900000659283 102867.26602300000376999),Parana|467|pr3294,San Nicolas,1,Los materiales deben estar lim,Papel / Cartón / Plástico / Metal / Vidrio
Point (108249.73430999999982305 102755.15490999999747146),Sarmiento|473|pr3303,San Nicolas,1,Los materiales deben estar lim,Papel / Cartón / Plástico / Metal / Vidrio
Point (106775.20485300000291318 102373.19329199999629054),"Mitre, Bartolome|1610|pr625|",San Nicolas,1,Los materiales deben estar lim,Papel / Cartón / Plástico / Metal / Vidrio
Point (107999.92581800000334624 102470.56884900000295602),"Mitre, Bartolome|678|pr3299",San Nicolas,1,Los materiales deben estar lim,Papel / Cartón / Plástico / Metal / Vidrio
Point (106770.15705500000331085 102882.06273499999952037),Montevideo|498|pr4194,San Nicolas,1,Los materiales deben estar lim,Papel / Cartón / Plástico / Metal / Vidrio
Point (106809.95558900000469293 102375.78921899999841116),"Mitre, Bartolome|1592|pr589|",San Nicolas,1,Los materiales deben estar lim,Papel / Cartón / Plástico / Metal / Vidrio
Point (107948.97899499999766704 102755.24262600000656676),Maipu|316|pr3284,San Nicolas,1,Los materiales deben estar lim,Papel / Cartón / Plástico / Metal / Vidrio
Point (106591.16663000000698958 102904.75693099999625701),Lavalle|1715|pr3272,San Nicolas,1,Los materiales deben estar lim,Papel / Cartón / Plástico / Metal / Vidrio
Point (107229.6395020000054501 102805.46659399999771267),Corrientes Av.|1254|pr3107,San Nicolas,1,Los materiales deben estar lim,Papel / Cartón / Plástico / Metal / Vidrio
Point (107043.16875599999912083 103333.85692900000140071),Cordoba Av.|1375|pr3230,San Nicolas,1,Los materiales deben estar lim,Papel / Cartón / Plástico / Metal / Vidrio
Point (106485.00541500000690576 102491.01477500000328291),"Peron, Juan Domingo, Tte. General 1827",San Nicolas,1,Los materiales deben estar lim,Papel / Cartón / Plástico / Metal / Vidrio
Point (107883.88676599999598693 101336.87667300000612158),Piedras|780|pr3321,San Telmo,1,Los materiales deben estar lim,Papel / Cartón / Plástico / Metal / Vidrio
Point (108358.6375969999935478 100808.37786199999391101),San Juan Av.|452|pr3137,San Telmo,1,Los materiales deben estar lim,Papel / Cartón / Plástico / Metal / Vidrio
Point (108209.82607500000449363 100801.52178599999751896),San Juan Av.|572|pr3212,San Telmo,1,Los materiales deben estar lim,Papel / Cartón / Plástico / Metal / Vidrio
Point (108453.95300399999541696 100812.39235599999665283),San Juan Av.|392|pr3143,San Telmo,1,Los materiales deben estar lim,Papel / Cartón / Plástico / Metal / Vidrio
Point (108642.33580299999448471 101157.33446300000650808),Paseo Colon Av.|915|pr3225,San Telmo,1,Los materiales deben estar lim,Papel / Cartón / Plástico / Metal / Vidrio
Point (108642.33580299999448471 101157.33446300000650808),Paseo Colon Av.|915|pr3658|,San Telmo,1,Los materiales deben estar lim,Papel / Cartón / Plástico / Metal / Vidrio
Point (108691.41701600000669714 100923.09876300000178162),Paseo Colon Av.|1129|pr3233,San Telmo,1,Los materiales deben estar lim,Papel / Cartón / Plástico / Metal / Vidrio
Point (108721.10547100000258069 100597.13469000000623055),Paseo Colon Av.|1385|pr3063|,San Telmo,1,Los materiales deben estar lim,Papel / Cartón / Plástico / Metal / Vidrio
Point (108703.16964300000108778 101061.47522300000127871),Paseo Colon Av.|1018|pr3778,San Telmo,1,Los materiales deben estar lim,Papel / Cartón / Plástico / Metal / Vidrio
Point (108593.21685399999842048 101407.78423699999984819),San Lorenzo|211|pr3325,San Telmo,1,Los materiales deben estar lim,Papel / Cartón / Plástico / Metal / Vidrio
Point (107941.93799500000022817 100788.02065799999400042),San Juan Av.|770|pr3211,San Telmo,1,Los materiales deben estar lim,Papel / Cartón / Plástico / Metal / Vidrio
Point (108301.18983299999672454 101348.54588999999396037),Independencia Av.|483|pr3198,San Telmo,1,Los materiales deben estar lim,Papel / Cartón / Plástico / Metal / Vidrio
Point (108059.39297600000281818 101332.13983099999313708),Independencia Av.|661|pr3125,San Telmo,1,Los materiales deben estar lim,Papel / Cartón / Plástico / Metal / Vidrio
Point (108235.86600599999655969 101336.94036700000287965),Independencia Av.|531|pr3003,San Telmo,1,Los materiales deben estar lim,Papel / Cartón / Plástico / Metal / Vidrio
Point (107954.66471300000557676 100933.25451699999393895),Humberto 1?|755|pr3037,San Telmo,1,Los materiales deben estar lim,Papel / Cartón / Plástico / Metal / Vidrio
Point (107993.91525499999988824 100498.22601300000678748),"Garay, Juan De Av.|755|pr3218",San Telmo,1,Los materiales deben estar lim,Papel / Cartón / Plástico / Metal / Vidrio
Point (108122.03914599999552593 100535.33741500000178348),"Garay, Juan De Av.|649|pr1419|",San Telmo,1,Los materiales deben estar lim,Papel / Cartón / Plástico / Metal / Vidrio
Point (108368.69388799999433104 100558.54120100000000093),"Garay, Juan De Av.|455|pr1349|",San Telmo,1,Los materiales deben estar lim,Papel / Cartón / Plástico / Metal / Vidrio
Point (108105.41146099999605212 101183.19199500000104308),Estados Unidos|638|pr3202,San Telmo,1,Los materiales deben estar lim,Papel / Cartón / Plástico / Metal / Vidrio
Point (108342.71974699999555014 101187.96227200000430457),Estados Unidos|450|pr3201,San Telmo,1,Los materiales deben estar lim,Papel / Cartón / Plástico / Metal / Vidrio
Point (108012.47534299999824725 101276.51770199999737088),Chacabuco|827|pr3203,San Telmo,1,Los materiales deben estar lim,Papel / Cartón / Plástico / Metal / Vidrio
Point (107884.27886400000716094 100640.44214400000055321),Cochabamba|815|pr4159,San Telmo,1,Los materiales deben estar lim,Papel / Cartón / Plástico / Metal / Vidrio
Point (108548.45630700000037905 101479.7127840000030119),Chile|296|pr3196,San Telmo,1,Los materiales deben estar lim,Papel / Cartón / Plástico / Metal / Vidrio
Point (108129.46593999999458902 100662.58544199999596458),Cochabamba|641|pr3522,San Telmo,1,Los materiales deben estar lim,Papel / Cartón / Plástico / Metal / Vidrio
Point (108396.51240199999301694 100679.84687599999597296),Cochabamba|436|pr3145,San Telmo,1,Los materiales deben estar lim,Papel / Cartón / Plástico / Metal / Vidrio
Point (108352.90375500000664033 101462.22403100000519771),Chile|438|pr3655|,San Telmo,1,Los materiales deben estar lim,Papel / Cartón / Plástico / Metal / Vidrio
Point (108454.06587200000649318 100300.50219499999366235),Caseros Av.|405|pr3118,San Telmo,1,Los materiales deben estar lim,Papel / Cartón / Plástico / Metal / Vidrio
Point (107960.5928940000012517 101060.68038999999407679),"Calvo, Carlos|745|pr3247",San Telmo,1,Los materiales deben estar lim,Papel / Cartón / Plástico / Metal / Vidrio
Point (108741.76085500000044703 101087.30301600000530016),"Calvo, Carlos|190|pr3207",San Telmo,1,Los materiales deben estar lim,Papel / Cartón / Plástico / Metal / Vidrio
Point (108125.9318009999988135 100397.74916099999973085),Brasil|660|pr3220,San Telmo,1,Los materiales deben estar lim,Papel / Cartón / Plástico / Metal / Vidrio
Point (108358.52995300000475254 100416.71444399999745656),Brasil|480|pr3219,San Telmo,1,Los materiales deben estar lim,Papel / Cartón / Plástico / Metal / Vidrio
Point (108864.27327900000091176 100664.42692399999941699),Azopardo|1330|pr2928|,San Telmo,1,Los materiales deben estar lim,Papel / Cartón / Plástico / Metal / Vidrio
Point (108842.104512000005343 100901.57429200000478886),Azopardo|1168|pr2927|,San Telmo,1,Los materiales deben estar lim,Papel / Cartón / Plástico / Metal / Vidrio
Point (96886.22249489999376237 100473.7330530000035651),"Magari?os Cervantes, A. 4577",Velez Sarsfield,10,Los materiales deben estar lim,Papel / Cartón / Plástico / Metal / Vidrio
Point (96635.00633920000109356 100339.68639600000460632),"Magari?os Cervantes, A. 4791",Velez Sarsfield,10,Los materiales deben estar lim,Papel / Cartón / Plástico / Metal / Vidrio
Point (96460.29588140000123531 100190.5005139999993844),"Magari?os Cervantes, A. 4901",Velez Sarsfield,10,Los materiales deben estar lim,Papel / Cartón / Plástico / Metal / Vidrio
Point (96312.86157310000271536 100028.80025099999329541),"Magari?os Cervantes, A. 5035",Velez Sarsfield,10,Los materiales deben estar lim,Papel / Cartón / Plástico / Metal / Vidrio
Point (97454.38977399999566842 99830.48346119999769144),"Aranguren, Juan F., Dr. 4475",Velez Sarsfield,10,Los materiales deben estar lim,Papel / Cartón / Plástico / Metal / Vidrio
Point (97102.63804609999351669 99684.37066220000269823),"Aranguren, Juan F., Dr. 4821",Velez Sarsfield,10,Los materiales deben estar lim,Papel / Cartón / Plástico / Metal / Vidrio
Point (97101.17248389999440406 99416.25460080000630114),Bacacay 4858,Velez Sarsfield,10,Los materiales deben estar lim,Papel / Cartón / Plástico / Metal / Vidrio
Point (97100.86056549999921117 100110.60463299999537412),"Belaustegui, Luis, Dr. 4605",Velez Sarsfield,10,Los materiales deben estar lim,Papel / Cartón / Plástico / Metal / Vidrio
Point (96830.4152200999960769 99901.20710139999573585),"Belaustegui, Luis, Dr. 4883",Velez Sarsfield,10,Los materiales deben estar lim,Papel / Cartón / Plástico / Metal / Vidrio
Point (98236.50712559999374207 99210.23556250000547152),"Benedetti, Osvaldo E., Dip.nac 171",Velez Sarsfield,10,Los materiales deben estar lim,Papel / Cartón / Plástico / Metal / Vidrio
Point (98270.2956220000050962 99126.98917499999515712),"Benedetti, Osvaldo E., Dip.nac 236",Velez Sarsfield,10,Los materiales deben estar lim,Papel / Cartón / Plástico / Metal / Vidrio
Point (96581.25112060000537895 100820.88761000000522472),Bernaldes 1650,Velez Sarsfield,10,Los materiales deben estar lim,Papel / Cartón / Plástico / Metal / Vidrio
Point (97727.08777840000402648 99610.19037700000626501),Bogota 4339,Velez Sarsfield,10,Los materiales deben estar lim,Papel / Cartón / Plástico / Metal / Vidrio
Point (97770.64521289999538567 98871.34253439999883994),Cajaravilla 4352,Velez Sarsfield,10,Los materiales deben estar lim,Papel / Cartón / Plástico / Metal / Vidrio
Point (96418.57723310000437777 100019.372944999995525),"Calderon De La Barca, Pedro 1041",Velez Sarsfield,10,Los materiales deben estar lim,Papel / Cartón / Plástico / Metal / Vidrio
Point (96845.14554209999914747 100591.83499800000572577),Camarones 4574,Velez Sarsfield,10,Los materiales deben estar lim,Papel / Cartón / Plástico / Metal / Vidrio
Point (96641.93758120000711642 100493.59015499999804888),Camarones 4749,Velez Sarsfield,10,Los materiales deben estar lim,Papel / Cartón / Plástico / Metal / Vidrio
Point (96436.38666259999445174 100341.45615399999951478),Camarones 4950,Velez Sarsfield,10,Los materiales deben estar lim,Papel / Cartón / Plástico / Metal / Vidrio
Point (96245.82348150000325404 100132.67742100000032224),Camarones 5120,Velez Sarsfield,10,Los materiales deben estar lim,Papel / Cartón / Plástico / Metal / Vidrio
Point (97552.25576189999992494 99537.97089189999678638),Carrasco Av. 266,Velez Sarsfield,10,Los materiales deben estar lim,Papel / Cartón / Plástico / Metal / Vidrio
Point (97062.84125519999361131 100019.4722979999933159),Carrasco Av. 749,Velez Sarsfield,10,Los materiales deben estar lim,Papel / Cartón / Plástico / Metal / Vidrio
Point (96890.54611969999677967 100182.97612999999546446),Carrasco Av. 959,Velez Sarsfield,10,Los materiales deben estar lim,Papel / Cartón / Plástico / Metal / Vidrio
Point (97665.31850500000291504 98946.04940950000309385),"Carreras, Santiago De Las 237",Velez Sarsfield,10,Los materiales deben estar lim,Papel / Cartón / Plástico / Metal / Vidrio
Point (97700.69495410000672564 98754.19211210000503343),"Carreras, Santiago De Las 379",Velez Sarsfield,10,Los materiales deben estar lim,Papel / Cartón / Plástico / Metal / Vidrio
Point (96455.78034199999819975 100470.03215299999283161),Delambre 4795,Velez Sarsfield,10,Los materiales deben estar lim,Papel / Cartón / Plástico / Metal / Vidrio
Point (97012.59523619999527 100351.49274699999659788),"Diaz, Cesar, Gral. 4612",Velez Sarsfield,10,Los materiales deben estar lim,Papel / Cartón / Plástico / Metal / Vidrio
Point (96724.27310710000165273 100060.56013699999311939),"Diaz, Cesar, Gral. 5057",Velez Sarsfield,10,Los materiales deben estar lim,Papel / Cartón / Plástico / Metal / Vidrio
Point (96527.65502310000010766 99851.528742800001055),"Diaz, Cesar, Gral. 5225",Velez Sarsfield,10,Los materiales deben estar lim,Papel / Cartón / Plástico / Metal / Vidrio
Point (97266.33599550000508316 99807.46518970000033733),El Fuerte 4601,Velez Sarsfield,10,Los materiales deben estar lim,Papel / Cartón / Plástico / Metal / Vidrio
Point (97164.18306949999532662 100278.25534800000605173),"Escalada De San Martin, R. 4424",Velez Sarsfield,10,Los materiales deben estar lim,Papel / Cartón / Plástico / Metal / Vidrio
Point (97951.98099609999917448 99234.54920779999520164),"Falcon, Ramon L.,cnel. 4172",Velez Sarsfield,10,Los materiales deben estar lim,Papel / Cartón / Plástico / Metal / Vidrio
Point (97611.07163869999931194 99132.94206460000714287),"Falcon, Ramon L.,cnel. 4410",Velez Sarsfield,10,Los materiales deben estar lim,Papel / Cartón / Plástico / Metal / Vidrio
Point (97463.47438660000625532 100148.37374999999883585),Gaona Av. 4867,Velez Sarsfield,10,Los materiales deben estar lim,Papel / Cartón / Plástico / Metal / Vidrio
Point (97312.83452879999822471 100072.1950010000000475),Gaona Av. 5003,Velez Sarsfield,10,Los materiales deben estar lim,Papel / Cartón / Plástico / Metal / Vidrio
Point (96556.49217759999737609 100721.45158900000387803),"Garcia, Juan Agustin 4738",Velez Sarsfield,10,Los materiales deben estar lim,Papel / Cartón / Plástico / Metal / Vidrio
Point (96337.92820829999982379 100589.61454399999638554),"Garcia, Juan Agustin 4986",Velez Sarsfield,10,Los materiales deben estar lim,Papel / Cartón / Plástico / Metal / Vidrio
Point (96119.56492099999741185 100352.31529399999999441),"Garcia, Juan Agustin 5180",Velez Sarsfield,10,Los materiales deben estar lim,Papel / Cartón / Plástico / Metal / Vidrio
Point (97388.61476989999937359 100214.54657900000165682),"Justo, Juan B. Av. 7185",Velez Sarsfield,10,Los materiales deben estar lim,Papel / Cartón / Plástico / Metal / Vidrio
Point (97035.09147339999617543 99926.69812190000084229),"Justo, Juan B. Av. 7543",Velez Sarsfield,10,Los materiales deben estar lim,Papel / Cartón / Plástico / Metal / Vidrio
Point (96787.27460970000538509 99773.37657419999595731),"Justo, Juan B. Av. 7754",Velez Sarsfield,10,Los materiales deben estar lim,Papel / Cartón / Plástico / Metal / Vidrio
Point (97390.62594359999638982 99950.85698579999734648),Moron 4426,Velez Sarsfield,10,Los materiales deben estar lim,Papel / Cartón / Plástico / Metal / Vidrio
Point (97095.35918660000606906 99809.21598759999324102),Moron 4712,Velez Sarsfield,10,Los materiales deben estar lim,Papel / Cartón / Plástico / Metal / Vidrio
Point (96835.90804670000215992 99681.79182280000532046),Moron 4880,Velez Sarsfield,10,Los materiales deben estar lim,Papel / Cartón / Plástico / Metal / Vidrio
Point (96844.0937021999998251 100291.72186999999394175),Murature 4660,Velez Sarsfield,10,Los materiales deben estar lim,Papel / Cartón / Plástico / Metal / Vidrio
Point (96598.75856000000203494 100120.39365699999325443),Murature 4880,Velez Sarsfield,10,Los materiales deben estar lim,Papel / Cartón / Plástico / Metal / Vidrio
Point (96383.38232330000028014 99885.53249779999896418),Murature 5078,Velez Sarsfield,10,Los materiales deben estar lim,Papel / Cartón / Plástico / Metal / Vidrio
Point (97869.00367619999451563 98956.29050319999805652),Olivera Av. 276,Velez Sarsfield,10,Los materiales deben estar lim,Papel / Cartón / Plástico / Metal / Vidrio
Point (97801.91089250000368338 99042.28447319999395404),Rafaela 4319,Velez Sarsfield,10,Los materiales deben estar lim,Papel / Cartón / Plástico / Metal / Vidrio
Point (97485.8558465999958571 98947.2309436000068672),Rafaela 4541,Velez Sarsfield,10,Los materiales deben estar lim,Papel / Cartón / Plástico / Metal / Vidrio
Point (98115.02567899999849033 99457.61247399999410845),Rivadavia Av. 8537,Velez Sarsfield,10,Los materiales deben estar lim,Papel / Cartón / Plástico / Metal / Vidrio
Point (97963.57576599999447353 99380.18471739999949932),Rivadavia Av. 8644,Velez Sarsfield,10,Los materiales deben estar lim,Papel / Cartón / Plástico / Metal / Vidrio
Point (97650.82921310000529047 99322.71285650000208989),Rivadavia Av. 8871,Velez Sarsfield,10,Los materiales deben estar lim,Papel / Cartón / Plástico / Metal / Vidrio
Point (96670.30258990000584163 100660.76699800000642426),San Blas 4593,Velez Sarsfield,10,Los materiales deben estar lim,Papel / Cartón / Plástico / Metal / Vidrio
Point (96328.84256940000341274 100404.72927500000514556),San Blas 4855,Velez Sarsfield,10,Los materiales deben estar lim,Papel / Cartón / Plástico / Metal / Vidrio
Point (96164.28660029999446124 100227.18358199999784119),San Blas 5007,Velez Sarsfield,10,Los materiales deben estar lim,Papel / Cartón / Plástico / Metal / Vidrio
Point (97718.86481369999819435 99914.62612990000343416),Sarachaga 4263,Velez Sarsfield,10,Los materiales deben estar lim,Papel / Cartón / Plástico / Metal / Vidrio
Point (97447.19580800000403542 99614.04797440000402275),Sarachaga 4639,Velez Sarsfield,10,Los materiales deben estar lim,Papel / Cartón / Plástico / Metal / Vidrio
Point (97206.24429060000693426 99576.76670219999505207),Sarachaga 4871,Velez Sarsfield,10,Los materiales deben estar lim,Papel / Cartón / Plástico / Metal / Vidrio
Point (96899.33048210000561085 99529.09807649999856949),Sarachaga 5093,Velez Sarsfield,10,Los materiales deben estar lim,Papel / Cartón / Plástico / Metal / Vidrio
Point (97235.94506149999506306 100450.19047600000340026),Segurola Av. 1146,Velez Sarsfield,10,Los materiales deben estar lim,Papel / Cartón / Plástico / Metal / Vidrio
Point (97029.24239840000518598 100648.10578800000075717),Segurola Av. 1360,Velez Sarsfield,10,Los materiales deben estar lim,Papel / Cartón / Plástico / Metal / Vidrio
Point (96850.61894430000393186 100819.49375900000450201),Segurola Av. 1544,Velez Sarsfield,10,Los materiales deben estar lim,Papel / Cartón / Plástico / Metal / Vidrio
Point (98074.62679739999293815 99642.91987359999620821),Segurola Av. 160,Velez Sarsfield,10,Los materiales deben estar lim,Papel / Cartón / Plástico / Metal / Vidrio
Point (97872.24040369999420363 99837.89110140000411775),Segurola Av. 350,Velez Sarsfield,10,Los materiales deben estar lim,Papel / Cartón / Plástico / Metal / Vidrio
Point (97655.26237310000578873 100046.96867299999576062),Segurola Av. 660,Velez Sarsfield,10,Los materiales deben estar lim,Papel / Cartón / Plástico / Metal / Vidrio
Point (97475.1562668999977177 100219.91558099999383558),Segurola Av. 866,Velez Sarsfield,10,Los materiales deben estar lim,Papel / Cartón / Plástico / Metal / Vidrio
Point (94209.15605530000175349 99583.69342710000637453),Aguaribay 6752,Versalles,10,Los materiales deben estar lim,Papel / Cartón / Plástico / Metal / Vidrio
Point (95175.60558529999980237 99865.9215801999962423),Alcaraz 5950,Versalles,10,Los materiales deben estar lim,Papel / Cartón / Plástico / Metal / Vidrio
Point (95027.87339730000530835 99726.517420400006813),Alcaraz 6140,Versalles,10,Los materiales deben estar lim,Papel / Cartón / Plástico / Metal / Vidrio
Point (94973.16598530000192113 99877.23676450000493787),Alvarez Jonte Av. 6083,Versalles,10,Los materiales deben estar lim,Papel / Cartón / Plástico / Metal / Vidrio
Point (94815.7308307000057539 99647.01436390000162646),Alvarez Jonte Av. 6260,Versalles,10,Los materiales deben estar lim,Papel / Cartón / Plástico / Metal / Vidrio
Point (94224.77658309999969788 100043.67882200000167359),Arregui 6645,Versalles,10,Los materiales deben estar lim,Papel / Cartón / Plástico / Metal / Vidrio
Point (93991.8978417000034824 99984.79342869999527466),Arregui 6869,Versalles,10,Los materiales deben estar lim,Papel / Cartón / Plástico / Metal / Vidrio
Point (94789.72509399999398738 100191.29315899999346584),Arregui Av. 6079,Versalles,10,Los materiales deben estar lim,Papel / Cartón / Plástico / Metal / Vidrio
Point (94469.68526460000430234 100110.3337560000072699),Arregui Av. 6357,Versalles,10,Los materiales deben estar lim,Papel / Cartón / Plástico / Metal / Vidrio
Point (94468.15725190000375733 99653.27130409999517724),Barragan 638,Versalles,10,Los materiales deben estar lim,Papel / Cartón / Plástico / Metal / Vidrio
Point (94333.7670706000062637 100181.32740399999602232),Barragan 982,Versalles,10,Los materiales deben estar lim,Papel / Cartón / Plástico / Metal / Vidrio
Point (94634.87497200000507291 99693.49363040000025649),Bruselas 526,Versalles,10,Los materiales deben estar lim,Papel / Cartón / Plástico / Metal / Vidrio
Point (95621.65383589999692049 99454.23842839999997523),Camarones 5864,Versalles,10,Los materiales deben estar lim,Papel / Cartón / Plástico / Metal / Vidrio
Point (94772.48212549999880139 99847.58231709999381565),"Gamboa, Marcelo 6145",Versalles,10,Los materiales deben estar lim,Papel / Cartón / Plástico / Metal / Vidrio
Point (94525.45829490000323858 99784.8181864000071073),"Gamboa, Marcelo 6387",Versalles,10,Los materiales deben estar lim,Papel / Cartón / Plástico / Metal / Vidrio
Point (94375.86918880000303034 99746.99309709999943152),"Gamboa, Marcelo 6579",Versalles,10,Los materiales deben estar lim,Papel / Cartón / Plástico / Metal / Vidrio
Point (94200.35647280000557657 99702.34668190000229515),"Gamboa, Marcelo 6749",Versalles,10,Los materiales deben estar lim,Papel / Cartón / Plástico / Metal / Vidrio
Point (93957.62925690000702161 99640.21050460000697058),"Gamboa, Marcelo 6975",Versalles,10,Los materiales deben estar lim,Papel / Cartón / Plástico / Metal / Vidrio
Point (94103.64565330000186805 99828.39842260000295937),Gana 692,Versalles,10,Los materiales deben estar lim,Papel / Cartón / Plástico / Metal / Vidrio
Point (94044.36889840000367258 100061.82241500000236556),Gana 854,Versalles,10,Los materiales deben estar lim,Papel / Cartón / Plástico / Metal / Vidrio
Point (95506.07589439999719616 99686.66503800000646152),"Garcia, Juan Agustin 5846",Versalles,10,Los materiales deben estar lim,Papel / Cartón / Plástico / Metal / Vidrio
Point (95343.34319840000534896 99702.95991119999962393),"Gonzalez, Elpidio 5873",Versalles,10,Los materiales deben estar lim,Papel / Cartón / Plástico / Metal / Vidrio
Point (94938.28400020000117365 100053.54026900000462774),Lascano 5996,Versalles,10,Los materiales deben estar lim,Papel / Cartón / Plástico / Metal / Vidrio
Point (94750.14467320000403561 100005.966723000005004),Lascano 6140,Versalles,10,Los materiales deben estar lim,Papel / Cartón / Plástico / Metal / Vidrio
Point (94504.40099710000504274 99943.15079230000264943),Lascano 6368,Versalles,10,Los materiales deben estar lim,Papel / Cartón / Plástico / Metal / Vidrio
Point (94389.02985320000152569 99913.61308199999621138),Lascano 6508,Versalles,10,Los materiales deben estar lim,Papel / Cartón / Plástico / Metal / Vidrio
Point (93969.68951729999389499 99807.4508815000008326),Lascano 6930,Versalles,10,Los materiales deben estar lim,Papel / Cartón / Plástico / Metal / Vidrio
Point (94072.66182130000379402 99469.0217558000003919),Madrid 6885,Versalles,10,Los materiales deben estar lim,Papel / Cartón / Plástico / Metal / Vidrio
Point (95172.22078770000371151 99692.25408810000226367),Miranda 6086,Versalles,10,Los materiales deben estar lim,Papel / Cartón / Plástico / Metal / Vidrio
Point (94328.51728270000603516 100504.66004800000519026),Nogoya 5988,Versalles,10,Los materiales deben estar lim,Papel / Cartón / Plástico / Metal / Vidrio
Point (94015.17302250000648201 100311.62400100000377279),Nogoya 6260,Versalles,10,Los materiales deben estar lim,Papel / Cartón / Plástico / Metal / Vidrio
Point (93927.12047969999548513 100257.24181700000190176),Nogoya 6370,Versalles,10,Los materiales deben estar lim,Papel / Cartón / Plástico / Metal / Vidrio
Point (94803.16825360000075307 100324.27559600000677165),Ruiz De Los Llanos 1370,Versalles,10,Los materiales deben estar lim,Papel / Cartón / Plástico / Metal / Vidrio
Point (94439.65255359999719076 100263.18061300000408664),Santo Tome 6253,Versalles,10,Los materiales deben estar lim,Papel / Cartón / Plástico / Metal / Vidrio
Point (94178.2705400999984704 100196.88529900000139605),Santo Tome 6553,Versalles,10,Los materiales deben estar lim,Papel / Cartón / Plástico / Metal / Vidrio
Point (94499.46383140000398271 100411.72667699999874458),"Sastre, Marcos 6060",Versalles,10,Los materiales deben estar lim,Papel / Cartón / Plástico / Metal / Vidrio
Point (94212.98594779999984894 100338.83989000000292435),"Sastre, Marcos 6390",Versalles,10,Los materiales deben estar lim,Papel / Cartón / Plástico / Metal / Vidrio
Point (94351.08887930000491906 99575.14882740000030026),Viena 6641,Versalles,10,Los materiales deben estar lim,Papel / Cartón / Plástico / Metal / Vidrio
Point (102181.4325879999960307 104364.04285100000561215),Castillo 1180,Villa Crespo,15,Los materiales deben estar lim,Papel / Cartón / Plástico / Metal / Vidrio
Point (102780.18552800000179559 103608.36333700000250246),Castillo 359,Villa Crespo,15,Los materiales deben estar lim,Papel / Cartón / Plástico / Metal / Vidrio
Point (102715.1081759999942733 103692.71442099999694619),Castillo 441,Villa Crespo,15,Los materiales deben estar lim,Papel / Cartón / Plástico / Metal / Vidrio
Point (102985.76579700000002049 103343.65094999999564607),Castillo 77,Villa Crespo,15,Los materiales deben estar lim,Papel / Cartón / Plástico / Metal / Vidrio
Point (102225.22269700000470039 103505.36472800000046846),Vera 662,Villa Crespo,15,Los materiales deben estar lim,Papel / Cartón / Plástico / Metal / Vidrio
Point (101401.36272200000530574 103417.4474670000054175),Mu?ecas 1039,Villa Crespo,15,Los materiales deben estar lim,Papel / Cartón / Plástico / Metal / Vidrio
Point (101147.23810800000501331 103695.04762700000719633),Mu?ecas 1395,Villa Crespo,15,Los materiales deben estar lim,Papel / Cartón / Plástico / Metal / Vidrio
Point (101601.36781300000438932 103199.77688099999795668),Mu?ecas 807,Villa Crespo,15,Los materiales deben estar lim,Papel / Cartón / Plástico / Metal / Vidrio
Point (102733.47447899999679066 103959.36094100000627805),Acevedo 1059,Villa Crespo,15,Los materiales deben estar lim,Papel / Cartón / Plástico / Metal / Vidrio
Point (101865.96836699999403208 102890.88700400000379886),Acoyte 1437,Villa Crespo,15,Los materiales deben estar lim,Papel / Cartón / Plástico / Metal / Vidrio
Point (102707.95808199999737553 103293.14346999999543186),Aguirre 279,Villa Crespo,15,Los materiales deben estar lim,Papel / Cartón / Plástico / Metal / Vidrio
Point (102584.24120200000470504 103453.10116700000071432),Aguirre 445,Villa Crespo,15,Los materiales deben estar lim,Papel / Cartón / Plástico / Metal / Vidrio
Point (102427.82712299999548122 103655.78671200000098906),Aguirre 661,Villa Crespo,15,Los materiales deben estar lim,Papel / Cartón / Plástico / Metal / Vidrio
Point (100792.59311200000229292 102747.75026400000206195),"Belaustegui, Luis, Dr. 910",Villa Crespo,15,Los materiales deben estar lim,Papel / Cartón / Plástico / Metal / Vidrio
Point (100821.24492599999939557 103501.27869799999461975),"Bernasconi, Mario 2255",Villa Crespo,15,Los materiales deben estar lim,Papel / Cartón / Plástico / Metal / Vidrio
Point (102297.63988699999754317 102980.66773200000170618),Camargo 275,Villa Crespo,15,Los materiales deben estar lim,Papel / Cartón / Plástico / Metal / Vidrio
Point (102194.86990600000717677 103117.00793700000212993),Camargo 409,Villa Crespo,15,Los materiales deben estar lim,Papel / Cartón / Plástico / Metal / Vidrio
Point (102054.63274000000092201 103282.65178699999523815),Camargo 617,Villa Crespo,15,Los materiales deben estar lim,Papel / Cartón / Plástico / Metal / Vidrio
Point (101937.01504399999976158 103410.65642499999376014),Camargo 751,Villa Crespo,15,Los materiales deben estar lim,Papel / Cartón / Plástico / Metal / Vidrio
Point (101779.29995200000121258 103582.14133199999923818),Camargo 911,Villa Crespo,15,Los materiales deben estar lim,Papel / Cartón / Plástico / Metal / Vidrio
Point (100658.0414699999964796 103281.62469399999827147),Casafoust 730,Villa Crespo,15,Los materiales deben estar lim,Papel / Cartón / Plástico / Metal / Vidrio
Point (102320.67316400000709109 103221.74625199999718461),Corrientes Av. 5128,Villa Crespo,15,Los materiales deben estar lim,Papel / Cartón / Plástico / Metal / Vidrio
Point (102099.46763199999986682 103427.24560399999609217),Corrientes Av. 5370,Villa Crespo,15,Los materiales deben estar lim,Papel / Cartón / Plástico / Metal / Vidrio
Point (101845.76947400000062771 103698.34226200000557583),Corrientes Av. 5666,Villa Crespo,15,Los materiales deben estar lim,Papel / Cartón / Plástico / Metal / Vidrio
Point (101692.67209900000307243 103870.48989100000471808),Corrientes Av. 5868,Villa Crespo,15,Los materiales deben estar lim,Papel / Cartón / Plástico / Metal / Vidrio
Point (100752.25750399999378715 102829.91565300000365824),Cucha Cucha 1692,Villa Crespo,15,Los materiales deben estar lim,Papel / Cartón / Plástico / Metal / Vidrio
Point (102030.59035100000619423 104260.2813670000032289),Darwin 1050,Villa Crespo,15,Los materiales deben estar lim,Papel / Cartón / Plástico / Metal / Vidrio
Point (101252.80067100000451319 103542.11437900000601076),Darwin 192,Villa Crespo,15,Los materiales deben estar lim,Papel / Cartón / Plástico / Metal / Vidrio
Point (101616.30143300000054296 103865.7469039999996312),Darwin 558,Villa Crespo,15,Los materiales deben estar lim,Papel / Cartón / Plástico / Metal / Vidrio
Point (100891.81669399999373127 103622.82025000000430737),Dorrego Av. 213,Villa Crespo,15,Los materiales deben estar lim,Papel / Cartón / Plástico / Metal / Vidrio
Point (102429.67795599999953993 103027.50713199999881908),"Drago, Luis Maria 234",Villa Crespo,15,Los materiales deben estar lim,Papel / Cartón / Plástico / Metal / Vidrio
Point (102345.95820900000398979 103130.77254700000048615),"Drago, Luis Maria 352",Villa Crespo,15,Los materiales deben estar lim,Papel / Cartón / Plástico / Metal / Vidrio
Point (101410.22238700000161771 102583.15560800000093877),"Figueroa, D. Apolinario, Coronel 574",Villa Crespo,15,Los materiales deben estar lim,Papel / Cartón / Plástico / Metal / Vidrio
Point (100936.25148200000694487 103533.89136999999755062),Fitz Roy 104,Villa Crespo,15,Los materiales deben estar lim,Papel / Cartón / Plástico / Metal / Vidrio
Point (101684.74052799999481067 104247.3075070000049891),Fitz Roy 818,Villa Crespo,15,Los materiales deben estar lim,Papel / Cartón / Plástico / Metal / Vidrio
Point (101132.62169299999368377 102633.86959899999783374),Galicia 732,Villa Crespo,15,Los materiales deben estar lim,Papel / Cartón / Plástico / Metal / Vidrio
Point (102038.26749300000665244 102830.03693699999712408),"Gandhi, Mahatma 329",Villa Crespo,15,Los materiales deben estar lim,Papel / Cartón / Plástico / Metal / Vidrio
Point (101756.98551800000132062 103337.04214900000079069),Gurruchaga 262,Villa Crespo,15,Los materiales deben estar lim,Papel / Cartón / Plástico / Metal / Vidrio
Point (102024.33782499999506399 103588.05761400000483263),Gurruchaga 520,Villa Crespo,15,Los materiales deben estar lim,Papel / Cartón / Plástico / Metal / Vidrio
Point (102280.37014899999485351 103784.26115400000708178),Gurruchaga 784,Villa Crespo,15,Los materiales deben estar lim,Papel / Cartón / Plástico / Metal / Vidrio
Point (101940.31553300000086892 102606.38394899999548215),Hidalgo 1230,Villa Crespo,15,Los materiales deben estar lim,Papel / Cartón / Plástico / Metal / Vidrio
Point (101852.23620299999311101 102712.24239600000146311),Hidalgo 1322,Villa Crespo,15,Los materiales deben estar lim,Papel / Cartón / Plástico / Metal / Vidrio
Point (101659.95115300000179559 102946.05418500000087079),Hidalgo 1620,Villa Crespo,15,Los materiales deben estar lim,Papel / Cartón / Plástico / Metal / Vidrio
Point (100923.10231499999645166 103537.43550999999570195),Huaura 1402,Villa Crespo,15,Los materiales deben estar lim,Papel / Cartón / Plástico / Metal / Vidrio
Point (102054.63924999999289867 104423.06458799999381881),Humboldt 1143,Villa Crespo,15,Los materiales deben estar lim,Papel / Cartón / Plástico / Metal / Vidrio
Point (103013.2785989999974845 103493.08642199999303557),Jufre 142,Villa Crespo,15,Los materiales deben estar lim,Papel / Cartón / Plástico / Metal / Vidrio
Point (102615.34900000000197906 104007.18744599999627098),Jufre 692,Villa Crespo,15,Los materiales deben estar lim,Papel / Cartón / Plástico / Metal / Vidrio
Point (101839.18007000000216067 103924.28694299999915529),"Justo, Juan B. Av. 2455",Villa Crespo,15,Los materiales deben estar lim,Papel / Cartón / Plástico / Metal / Vidrio
Point (102577.30826799999340437 103083.62745299999369308),Lavalleja 305,Villa Crespo,15,Los materiales deben estar lim,Papel / Cartón / Plástico / Metal / Vidrio
Point (100874.71992800000589341 103710.81543899999815039),Leiva 4640,Villa Crespo,15,Los materiales deben estar lim,Papel / Cartón / Plástico / Metal / Vidrio
Point (103115.13639299999340437 103582.34660400000575464),Lerma 167,Villa Crespo,15,Los materiales deben estar lim,Papel / Cartón / Plástico / Metal / Vidrio
Point (102964.10562699999718461 103777.99681300000520423),Lerma 371,Villa Crespo,15,Los materiales deben estar lim,Papel / Cartón / Plástico / Metal / Vidrio
Point (102758.94346999999834225 103413.40942799999902491),Loyola 214,Villa Crespo,15,Los materiales deben estar lim,Papel / Cartón / Plástico / Metal / Vidrio
Point (102571.95228399999905378 103655.53422499999578577),Loyola 492,Villa Crespo,15,Los materiales deben estar lim,Papel / Cartón / Plástico / Metal / Vidrio
Point (102453.0965520000027027 103808.95710400000098161),Loyola 634,Villa Crespo,15,Los materiales deben estar lim,Papel / Cartón / Plástico / Metal / Vidrio
Point (102926.99824600000283681 103957.68747000000439584),Malabia 1196,Villa Crespo,15,Los materiales deben estar lim,Papel / Cartón / Plástico / Metal / Vidrio
Point (102707.96621100000629667 103788.84996199999295641),Malabia 950,Villa Crespo,15,Los materiales deben estar lim,Papel / Cartón / Plástico / Metal / Vidrio
Point (102158.63114300000597723 102691.85621500000706874),"Marechal, Leopoldo 1164",Villa Crespo,15,Los materiales deben estar lim,Papel / Cartón / Plástico / Metal / Vidrio
Point (101804.89283300000533927 103169.79648400000587571),Murillo 689,Villa Crespo,15,Los materiales deben estar lim,Papel / Cartón / Plástico / Metal / Vidrio
Point (101564.8587660000048345 103431.69990199999301694),Murillo 963,Villa Crespo,15,Los materiales deben estar lim,Papel / Cartón / Plástico / Metal / Vidrio
Point (101607.97004800000286195 102828.33403899999393616),Olaya 1454,Villa Crespo,15,Los materiales deben estar lim,Papel / Cartón / Plástico / Metal / Vidrio
Point (101475.43540299999585841 102999.13246300000173505),Olaya 1646,Villa Crespo,15,Los materiales deben estar lim,Papel / Cartón / Plástico / Metal / Vidrio
Point (101554.56159300000581425 103620.12733699999807868),Padilla 1078,Villa Crespo,15,Los materiales deben estar lim,Papel / Cartón / Plástico / Metal / Vidrio
Point (101430.65007499999774154 103755.63305800000671297),Padilla 1246,Villa Crespo,15,Los materiales deben estar lim,Papel / Cartón / Plástico / Metal / Vidrio
Point (100476.11858399999618996 102863.36142400000244379),Paysandu 1842,Villa Crespo,15,Los materiales deben estar lim,Papel / Cartón / Plástico / Metal / Vidrio
Point (100507.573063000003458 102986.02461900000344031),Paysandu 1952,Villa Crespo,15,Los materiales deben estar lim,Papel / Cartón / Plástico / Metal / Vidrio
Point (101553.83636400000250433 102497.30345300000044517),"Pueyrredon, Honorio, Dr. Av. 1158",Villa Crespo,15,Los materiales deben estar lim,Papel / Cartón / Plástico / Metal / Vidrio
Point (101393.72051499999361113 102732.06347500000265427),"Pueyrredon, Honorio, Dr. Av. 1406",Villa Crespo,15,Los materiales deben estar lim,Papel / Cartón / Plástico / Metal / Vidrio
Point (101200.57891700000618584 102984.61619699999573641),"Pueyrredon, Honorio, Dr. Av. 1650",Villa Crespo,15,Los materiales deben estar lim,Papel / Cartón / Plástico / Metal / Vidrio
Point (101077.38551999999617692 103145.90910999999323394),"Pueyrredon, Honorio, Dr. Av. 1818",Villa Crespo,15,Los materiales deben estar lim,Papel / Cartón / Plástico / Metal / Vidrio
Point (101915.8025809999962803 104112.06348399999842513),"Ramirez De Velasco, Juan 1181",Villa Crespo,15,Los materiales deben estar lim,Papel / Cartón / Plástico / Metal / Vidrio
Point (102640.03184399999736343 103176.54508599999826401),"Ramirez De Velasco, Juan 219",Villa Crespo,15,Los materiales deben estar lim,Papel / Cartón / Plástico / Metal / Vidrio
Point (102360.0175980000058189 103539.07908199999656063),"Ramirez De Velasco, Juan 615",Villa Crespo,15,Los materiales deben estar lim,Papel / Cartón / Plástico / Metal / Vidrio
Point (100816.67741499999829102 102948.11682999999902677),"Repetto, Nicolas, Dr. 1817",Villa Crespo,15,Los materiales deben estar lim,Papel / Cartón / Plástico / Metal / Vidrio
Point (100695.10787700000219047 103100.77373800000350457),"Repetto, Nicolas, Dr. 2041",Villa Crespo,15,Los materiales deben estar lim,Papel / Cartón / Plástico / Metal / Vidrio
Point (101257.90416599999298342 102552.93582499999320135),"Rodriguez, Manuel A., General 1367",Villa Crespo,15,Los materiales deben estar lim,Papel / Cartón / Plástico / Metal / Vidrio
Point (101025.83110799999849405 102859.98949599999468774),"Rodriguez, Manuel A., General 1657",Villa Crespo,15,Los materiales deben estar lim,Papel / Cartón / Plástico / Metal / Vidrio
Point (100885.26290899999730755 103043.73097899999993388),"Rodriguez, Manuel A., General 1861",Villa Crespo,15,Los materiales deben estar lim,Papel / Cartón / Plástico / Metal / Vidrio
Point (100780.24739499999850523 103181.39235300000291318),"Rodriguez, Manuel A., General 2045",Villa Crespo,15,Los materiales deben estar lim,Papel / Cartón / Plástico / Metal / Vidrio
Point (100580.30008400000224356 103410.10151900000346359),"Rodriguez, Manuel A., General 2321",Villa Crespo,15,Los materiales deben estar lim,Papel / Cartón / Plástico / Metal / Vidrio
Point (101272.18623900000238791 102704.23304799999459647),Rojas 1466,Villa Crespo,15,Los materiales deben estar lim,Papel / Cartón / Plástico / Metal / Vidrio
Point (101107.24746300000697374 102921.63515600000391714),Rojas 1660,Villa Crespo,15,Los materiales deben estar lim,Papel / Cartón / Plástico / Metal / Vidrio
Point (100965.38627800000540446 103108.89769599999999627),Rojas 1866,Villa Crespo,15,Los materiales deben estar lim,Papel / Cartón / Plástico / Metal / Vidrio
Point (100777.69690399999672081 103356.18130599999858532),Rojas 2190,Villa Crespo,15,Los materiales deben estar lim,Papel / Cartón / Plástico / Metal / Vidrio
Point (101996.42475700000068173 103084.41854899999452755),"Scalabrini Ortiz, Raul Av. 78",Villa Crespo,15,Los materiales deben estar lim,Papel / Cartón / Plástico / Metal / Vidrio
Point (102476.98193100000207778 104060.13395099999615923),Serrano 1029,Villa Crespo,15,Los materiales deben estar lim,Papel / Cartón / Plástico / Metal / Vidrio
Point (101679.44657600000209641 103428.03778400000010151),Serrano 295,Villa Crespo,15,Los materiales deben estar lim,Papel / Cartón / Plástico / Metal / Vidrio
Point (102115.43322999999509193 103798.67842700000619516),Serrano 669,Villa Crespo,15,Los materiales deben estar lim,Papel / Cartón / Plástico / Metal / Vidrio
Point (102287.19521200000599492 103922.94916899999952875),Serrano 841,Villa Crespo,15,Los materiales deben estar lim,Papel / Cartón / Plástico / Metal / Vidrio
Point (100857.13271400000667199 103325.38207199999305885),Sunchales 565,Villa Crespo,15,Los materiales deben estar lim,Papel / Cartón / Plástico / Metal / Vidrio
Point (100575.76553099999728147 103066.77164500000071712),Sunchales 883,Villa Crespo,15,Los materiales deben estar lim,Papel / Cartón / Plástico / Metal / Vidrio
Point (102540.68616899999324232 104253.16631299999426119),Thames 1188,Villa Crespo,15,Los materiales deben estar lim,Papel / Cartón / Plástico / Metal / Vidrio
Point (102122.70005800000217278 103965.35257899999851361),Thames 778,Villa Crespo,15,Los materiales deben estar lim,Papel / Cartón / Plástico / Metal / Vidrio
Point (102409.05482900000060908 104273.47412600000097882),Uriarte 1118,Villa Crespo,15,Los materiales deben estar lim,Papel / Cartón / Plástico / Metal / Vidrio
Point (102251.98380600000382401 104151.43738699999812525),Uriarte 958,Villa Crespo,15,Los materiales deben estar lim,Papel / Cartón / Plástico / Metal / Vidrio
Point (102632.48441200000524987 103009.31308799999533221),Vera 107,Villa Crespo,15,Los materiales deben estar lim,Papel / Cartón / Plástico / Metal / Vidrio
Point (101789.30552900000475347 104085.53260900000168476),Vera 1237,Villa Crespo,15,Los materiales deben estar lim,Papel / Cartón / Plástico / Metal / Vidrio
Point (101713.08641899999929592 104016.27084700000705197),Villarroel 1249,Villa Crespo,15,Los materiales deben estar lim,Papel / Cartón / Plástico / Metal / Vidrio
Point (101595.44264199999452103 102668.42045400000642985),"Virasoro, Valentin 1345",Villa Crespo,15,Los materiales deben estar lim,Papel / Cartón / Plástico / Metal / Vidrio
Point (101457.4115929999970831 102855.06223700000555255),"Virasoro, Valentin 1571",Villa Crespo,15,Los materiales deben estar lim,Papel / Cartón / Plástico / Metal / Vidrio
Point (101265.90440899999521207 103104.36765400000149384),"Virasoro, Valentin 1791",Villa Crespo,15,Los materiales deben estar lim,Papel / Cartón / Plástico / Metal / Vidrio
Point (101157.69849599999724887 103244.34439199999906123),"Virasoro, Valentin 1953",Villa Crespo,15,Los materiales deben estar lim,Papel / Cartón / Plástico / Metal / Vidrio
Point (101951.09627300000283867 102970.5380040000018198),Warnes Av. 344,Villa Crespo,15,Los materiales deben estar lim,Papel / Cartón / Plástico / Metal / Vidrio
Point (101855.9482480000006035 103018.06554300000425428),Warnes Av. 452,Villa Crespo,15,Los materiales deben estar lim,Papel / Cartón / Plástico / Metal / Vidrio
Point (101481.86503000000084285 103177.63837699999567121),Warnes Av. 750,Villa Crespo,15,Los materiales deben estar lim,Papel / Cartón / Plástico / Metal / Vidrio
Point (101241.2545280000049388 103274.52838299999712035),Warnes Av. 912,Villa Crespo,15,Los materiales deben estar lim,Papel / Cartón / Plástico / Metal / Vidrio
Point (102258.19540599999891128 102830.53439899999648333),Warnes Av. 99,Villa Crespo,15,Los materiales deben estar lim,Papel / Cartón / Plástico / Metal / Vidrio
Point (103451.45978699999977835 103617.87007699999958277),Cordoba Av. 4171,Villa Crespo,15,Los materiales deben estar lim,Papel / Cartón / Plástico / Metal / Vidrio
Point (97153.65336339999339543 103521.81833199999528006),Argerich 3356,Villa Del Parque,11,Los materiales deben estar lim,Papel / Cartón / Plástico / Metal / Vidrio
Point (98513.47803129999374505 103034.93701199999486562),Arregui 2385,Villa Del Parque,11,Los materiales deben estar lim,Papel / Cartón / Plástico / Metal / Vidrio
Point (98297.26565600000321865 102887.06106100000033621),Arregui 2557,Villa Del Parque,11,Los materiales deben estar lim,Papel / Cartón / Plástico / Metal / Vidrio
Point (98070.00479649999761023 102730.92791699999361299),Arregui 2739,Villa Del Parque,11,Los materiales deben estar lim,Papel / Cartón / Plástico / Metal / Vidrio
Point (97718.46340059999783989 102489.60198799999488983),Arregui 3065,Villa Del Parque,11,Los materiales deben estar lim,Papel / Cartón / Plástico / Metal / Vidrio
Point (97500.33888389999628998 102340.5221670000028098),Arregui 3247,Villa Del Parque,11,Los materiales deben estar lim,Papel / Cartón / Plástico / Metal / Vidrio
Point (97221.76193500000226777 102152.48329699999885634),Arregui 3549,Villa Del Parque,11,Los materiales deben estar lim,Papel / Cartón / Plástico / Metal / Vidrio
Point (96965.94867460000386927 101977.19723700000031386),Arregui 3789,Villa Del Parque,11,Los materiales deben estar lim,Papel / Cartón / Plástico / Metal / Vidrio
Point (98607.30438099999446422 102587.09033399999316316),"Artigas, Jose Gervasio, Gral.	2301",Villa Del Parque,11,Los materiales deben estar lim,Papel / Cartón / Plástico / Metal / Vidrio
Point (97809.26104430000123102 103081.64668099999835249),Baigorria 2735,Villa Del Parque,11,Los materiales deben estar lim,Papel / Cartón / Plástico / Metal / Vidrio
Point (97009.86555479999515228 102520.34075400000438094),Baigorria 3505,Villa Del Parque,11,Los materiales deben estar lim,Papel / Cartón / Plástico / Metal / Vidrio
Point (96905.99204890000692103 102447.84968699999444652),Baigorria 3619,Villa Del Parque,11,Los materiales deben estar lim,Papel / Cartón / Plástico / Metal / Vidrio
Point (96680.47031340000103228 102285.42778899999393616),Baigorria 3827,Villa Del Parque,11,Los materiales deben estar lim,Papel / Cartón / Plástico / Metal / Vidrio
Point (96731.01048420000006445 103471.23557600000640377),"Beiro, Francisco Av. 3270",Villa Del Parque,11,Los materiales deben estar lim,Papel / Cartón / Plástico / Metal / Vidrio
Point (96462.8688657000020612 103270.22758500000054482),"Beiro, Francisco Av. 3480",Villa Del Parque,11,Los materiales deben estar lim,Papel / Cartón / Plástico / Metal / Vidrio
Point (96213.09800539999559987 103098.86813699999765959),"Beiro, Francisco Av. 3677",Villa Del Parque,11,Los materiales deben estar lim,Papel / Cartón / Plástico / Metal / Vidrio
Point (98847.64211800000339281 102733.85697399999480695),Biarritz 2283,Villa Del Parque,11,Los materiales deben estar lim,Papel / Cartón / Plástico / Metal / Vidrio
Point (98448.80566589999943972 102471.59537100000306964),Biarritz 2631,Villa Del Parque,11,Los materiales deben estar lim,Papel / Cartón / Plástico / Metal / Vidrio
Point (98832.60176730000239331 102864.75914199999533594),"Carranza, Adolfo P. 2228",Villa Del Parque,11,Los materiales deben estar lim,Papel / Cartón / Plástico / Metal / Vidrio
Point (98680.09601660000043921 102762.91786000000138301),"Carranza, Adolfo P. 2384",Villa Del Parque,11,Los materiales deben estar lim,Papel / Cartón / Plástico / Metal / Vidrio
Point (98482.19357719999970868 102632.73166700000001583),"Carranza, Adolfo P. 2552",Villa Del Parque,11,Los materiales deben estar lim,Papel / Cartón / Plástico / Metal / Vidrio
Point (98229.60202560000470839 102483.85695400000258815),"Carranza, Adolfo P. 2754",Villa Del Parque,11,Los materiales deben estar lim,Papel / Cartón / Plástico / Metal / Vidrio
Point (96633.9770416999963345 102951.25290999999560881),Concordia 3127,Villa Del Parque,11,Los materiales deben estar lim,Papel / Cartón / Plástico / Metal / Vidrio
Point (97966.44441569999617059 102957.20260999999300111),Condarco 2772,Villa Del Parque,11,Los materiales deben estar lim,Papel / Cartón / Plástico / Metal / Vidrio
Point (96504.88669499999377877 102377.80984299999545328),"Gonzalez, Joaquin v. 2766",Villa Del Parque,11,Los materiales deben estar lim,Papel / Cartón / Plástico / Metal / Vidrio
Point (96620.87724180000077467 103069.44502600000123493),"Gutierrez, Ricardo 3451",Villa Del Parque,11,Los materiales deben estar lim,Papel / Cartón / Plástico / Metal / Vidrio
Point (97339.46894059999613091 102945.24197000000276603),Helguera 2845,Villa Del Parque,11,Los materiales deben estar lim,Papel / Cartón / Plástico / Metal / Vidrio
Point (97188.5694906999997329 101859.67282500000146683),"Lamarca, Emilio 2150",Villa Del Parque,11,Los materiales deben estar lim,Papel / Cartón / Plástico / Metal / Vidrio
Point (97027.30884680000599474 102096.45456899999408051),"Lamarca, Emilio 2372",Villa Del Parque,11,Los materiales deben estar lim,Papel / Cartón / Plástico / Metal / Vidrio
Point (96408.14836330000252929 102988.70272099999419879),"Lamarca, Emilio 3258",Villa Del Parque,11,Los materiales deben estar lim,Papel / Cartón / Plástico / Metal / Vidrio
Point (98664.78219329999410547 102888.48193999999784864),Lascano 2332,Villa Del Parque,11,Los materiales deben estar lim,Papel / Cartón / Plástico / Metal / Vidrio
Point (98403.62636660000134725 102715.44013099999574479),Lascano 2568,Villa Del Parque,11,Los materiales deben estar lim,Papel / Cartón / Plástico / Metal / Vidrio
Point (97922.18897550000110641 102426.49360499999602325),Lascano 2964,Villa Del Parque,11,Los materiales deben estar lim,Papel / Cartón / Plástico / Metal / Vidrio
Point (97728.00596559999394231 102297.4950550000066869),Lascano 3138,Villa Del Parque,11,Los materiales deben estar lim,Papel / Cartón / Plástico / Metal / Vidrio
Point (97499.77986150000651833 102143.30894800000532996),Lascano 3350,Villa Del Parque,11,Los materiales deben estar lim,Papel / Cartón / Plástico / Metal / Vidrio
Point (97002.69033880000642966 101806.18845099999452941),Lascano 3826,Villa Del Parque,11,Los materiales deben estar lim,Papel / Cartón / Plástico / Metal / Vidrio
Point (97582.55281189999368507 103471.46346600000106264),"Lozano, Pedro 2737",Villa Del Parque,11,Los materiales deben estar lim,Papel / Cartón / Plástico / Metal / Vidrio
Point (97254.87839549999625888 103224.85581900000397582),"Lozano, Pedro 3050",Villa Del Parque,11,Los materiales deben estar lim,Papel / Cartón / Plástico / Metal / Vidrio
Point (96848.31439640000462532 102932.18451300000015181),"Lozano, Pedro 3406",Villa Del Parque,11,Los materiales deben estar lim,Papel / Cartón / Plástico / Metal / Vidrio
Point (96562.95477529999334365 102725.8251109999982873),"Lozano, Pedro 3720",Villa Del Parque,11,Los materiales deben estar lim,Papel / Cartón / Plástico / Metal / Vidrio
Point (96435.6663535999978194 102631.68524299999990035),"Lozano, Pedro 3834",Villa Del Parque,11,Los materiales deben estar lim,Papel / Cartón / Plástico / Metal / Vidrio
Point (97289.5880922000069404 102025.77549299999373034),Martin Pescador 2202,Villa Del Parque,11,Los materiales deben estar lim,Papel / Cartón / Plástico / Metal / Vidrio
Point (97880.45233299999381416 103436.22474799999326933),Melincue 2545,Villa Del Parque,11,Los materiales deben estar lim,Papel / Cartón / Plástico / Metal / Vidrio
Point (97696.29591440000513103 103293.66105300000344869),Melincue 2722,Villa Del Parque,11,Los materiales deben estar lim,Papel / Cartón / Plástico / Metal / Vidrio
Point (97033.90163639999809675 102826.64550600000075065),Melincue 3305,Villa Del Parque,11,Los materiales deben estar lim,Papel / Cartón / Plástico / Metal / Vidrio
Point (96833.11471959999471437 102681.98485700000310317),Melincue 3587,Villa Del Parque,11,Los materiales deben estar lim,Papel / Cartón / Plástico / Metal / Vidrio
Point (96744.47191269999893848 102618.19854700000723824),Melincue 3655,Villa Del Parque,11,Los materiales deben estar lim,Papel / Cartón / Plástico / Metal / Vidrio
Point (96579.67152030000579543 102489.96588099999644328),Melincue 3805,Villa Del Parque,11,Los materiales deben estar lim,Papel / Cartón / Plástico / Metal / Vidrio
Point (97692.80845939999562688 103400.61843899999803398),Nazarre 2700,Villa Del Parque,11,Los materiales deben estar lim,Papel / Cartón / Plástico / Metal / Vidrio
Point (97431.72722660000727046 103226.09273299999767914),Nazarre 2923,Villa Del Parque,11,Los materiales deben estar lim,Papel / Cartón / Plástico / Metal / Vidrio
Point (96881.04701700000441633 102827.61819399999512825),Nazarre 3447,Villa Del Parque,11,Los materiales deben estar lim,Papel / Cartón / Plástico / Metal / Vidrio
Point (96567.58465190000424627 102602.01193900000362191),Nazarre 3767,Villa Del Parque,11,Los materiales deben estar lim,Papel / Cartón / Plástico / Metal / Vidrio
Point (97952.13223240000661463 102522.19349900000088383),Nazca Av. 2538,Villa Del Parque,11,Los materiales deben estar lim,Papel / Cartón / Plástico / Metal / Vidrio
Point (98040.13535810000030324 103381.74628799999481998),Nogoya 2458,Villa Del Parque,11,Los materiales deben estar lim,Papel / Cartón / Plástico / Metal / Vidrio
Point (97830.72579969999787863 103233.9180659999983618),Nogoya 2650,Villa Del Parque,11,Los materiales deben estar lim,Papel / Cartón / Plástico / Metal / Vidrio
Point (97496.93111770000541583 102998.64865200000349432),Nogoya 2998,Villa Del Parque,11,Los materiales deben estar lim,Papel / Cartón / Plástico / Metal / Vidrio
Point (96913.98723359999712557 102587.89714000000094529),Nogoya 3548,Villa Del Parque,11,Los materiales deben estar lim,Papel / Cartón / Plástico / Metal / Vidrio
Point (96720.71545980000519194 102451.19818199999281205),Nogoya 3754,Villa Del Parque,11,Los materiales deben estar lim,Papel / Cartón / Plástico / Metal / Vidrio
Point (98186.63041820000216831 103265.29531899999710731),"Rivas, Gral. 2474",Villa Del Parque,11,Los materiales deben estar lim,Papel / Cartón / Plástico / Metal / Vidrio
Point (98252.9434019000036642 103436.58248899999307469),San Martin Av. 4404,Villa Del Parque,11,Los materiales deben estar lim,Papel / Cartón / Plástico / Metal / Vidrio
Point (97695.69739980000304058 103526.8285500000056345),San Martin Av. 4988,Villa Del Parque,11,Los materiales deben estar lim,Papel / Cartón / Plástico / Metal / Vidrio
Point (98309.73446789999434259 103064.59735399999772198),Santo Tome 2481,Villa Del Parque,11,Los materiales deben estar lim,Papel / Cartón / Plástico / Metal / Vidrio
Point (97989.02214080000703689 102837.99753599999530707),Santo Tome 2765,Villa Del Parque,11,Los materiales deben estar lim,Papel / Cartón / Plástico / Metal / Vidrio
Point (97747.56320469999627676 102667.76127299999643583),Santo Tome 2991,Villa Del Parque,11,Los materiales deben estar lim,Papel / Cartón / Plástico / Metal / Vidrio
Point (97525.68882450000091922 102511.87131000000226777),Santo Tome 3165,Villa Del Parque,11,Los materiales deben estar lim,Papel / Cartón / Plástico / Metal / Vidrio
Point (97331.44255259999772534 102376.18842799999401905),Santo Tome 3327,Villa Del Parque,11,Los materiales deben estar lim,Papel / Cartón / Plástico / Metal / Vidrio
Point (98054.25549769999634009 103088.87613400000554975),"Sastre, Marcos 2618",Villa Del Parque,11,Los materiales deben estar lim,Papel / Cartón / Plástico / Metal / Vidrio
Point (97765.67447929999616463 102885.63889600000402424),"Sastre, Marcos 2880",Villa Del Parque,11,Los materiales deben estar lim,Papel / Cartón / Plástico / Metal / Vidrio
Point (97613.89642299999832176 102778.64760599999863189),"Sastre, Marcos 3002",Villa Del Parque,11,Los materiales deben estar lim,Papel / Cartón / Plástico / Metal / Vidrio
Point (97468.98556180000014137 102676.93346600000222679),"Sastre, Marcos 3140",Villa Del Parque,11,Los materiales deben estar lim,Papel / Cartón / Plástico / Metal / Vidrio
Point (97164.52685880000353791 102462.14111300000513438),"Sastre, Marcos 3428",Villa Del Parque,11,Los materiales deben estar lim,Papel / Cartón / Plástico / Metal / Vidrio
Point (96962.91475670000363607 102321.61493999999947846),"Sastre, Marcos 3668",Villa Del Parque,11,Los materiales deben estar lim,Papel / Cartón / Plástico / Metal / Vidrio
Point (96829.59417070000199601 102223.23231900000246242),"Sastre, Marcos 3770",Villa Del Parque,11,Los materiales deben estar lim,Papel / Cartón / Plástico / Metal / Vidrio
Point (97104.36548170000605751 103401.60641900000337046),Simbron 3084,Villa Del Parque,11,Los materiales deben estar lim,Papel / Cartón / Plástico / Metal / Vidrio
Point (96836.9298385000001872 103221.73150399999576621),Simbron 3293,Villa Del Parque,11,Los materiales deben estar lim,Papel / Cartón / Plástico / Metal / Vidrio
Point (96303.59392040000238921 102852.06619699999282602),Simbron 3727,Villa Del Parque,11,Los materiales deben estar lim,Papel / Cartón / Plástico / Metal / Vidrio
Point (98122.66212670000095386 102538.97672799999418203),Terrada 2497,Villa Del Parque,11,Los materiales deben estar lim,Papel / Cartón / Plástico / Metal / Vidrio
Point (97539.1859997999999905 103373.93418900000688154),Terrada 3178,Villa Del Parque,11,Los materiales deben estar lim,Papel / Cartón / Plástico / Metal / Vidrio
Point (97450.38845929999661166 103547.5149950000050012),Terrada 3381,Villa Del Parque,11,Los materiales deben estar lim,Papel / Cartón / Plástico / Metal / Vidrio
Point (98679.23804609999933746 103029.56444000000192318),Terrero 3079,Villa Del Parque,11,Los materiales deben estar lim,Papel / Cartón / Plástico / Metal / Vidrio
Point (98477.25961940000706818 102893.16679299999668729),Terrero 3261,Villa Del Parque,11,Los materiales deben estar lim,Papel / Cartón / Plástico / Metal / Vidrio
Point (97289.64036469999700785 103369.59024999999382999),Tinogasta 2980,Villa Del Parque,11,Los materiales deben estar lim,Papel / Cartón / Plástico / Metal / Vidrio
Point (97047.28189040000142995 103194.99156500000390224),Tinogasta 3174,Villa Del Parque,11,Los materiales deben estar lim,Papel / Cartón / Plástico / Metal / Vidrio
Point (96469.80238619999727234 102779.43520100000023376),Tinogasta 3760,Villa Del Parque,11,Los materiales deben estar lim,Papel / Cartón / Plástico / Metal / Vidrio
Point (96929.41604369999549817 103443.71126199999707751),"Varela, Jose Pedro 3156",Villa Del Parque,11,Los materiales deben estar lim,Papel / Cartón / Plástico / Metal / Vidrio
Point (96679.03474630000710022 103273.36878800000704359),"Varela, Jose Pedro 3355",Villa Del Parque,11,Los materiales deben estar lim,Papel / Cartón / Plástico / Metal / Vidrio
Point (96453.53365840000333264 103099.75253100000554696),"Varela, Jose Pedro 3544",Villa Del Parque,11,Los materiales deben estar lim,Papel / Cartón / Plástico / Metal / Vidrio
Point (94179.68559389999427367 102323.08392999999341555),Cervantes 3896,Villa Devoto,11,Los materiales deben estar lim,Papel / Cartón / Plástico / Metal / Vidrio
Point (94942.17462229999364354 102447.40514299999631476),Allende 3748,Villa Devoto,11,Los materiales deben estar lim,Papel / Cartón / Plástico / Metal / Vidrio
Point (96210.28502910000679549 103601.29175999999279156),Asuncion 3487,Villa Devoto,11,Los materiales deben estar lim,Papel / Cartón / Plástico / Metal / Vidrio
Point (96018.18475339999713469 103458.07139300000562798),Asuncion 3635,Villa Devoto,11,Los materiales deben estar lim,Papel / Cartón / Plástico / Metal / Vidrio
Point (95877.44399770000018179 103352.49881299999833573),Asuncion 3757,Villa Devoto,11,Los materiales deben estar lim,Papel / Cartón / Plástico / Metal / Vidrio
Point (95670.66159590000461321 103187.69776599999750033),Asuncion 3940,Villa Devoto,11,Los materiales deben estar lim,Papel / Cartón / Plástico / Metal / Vidrio
Point (94887.78697620000457391 102613.42557700000179466),Asuncion 4673,Villa Devoto,11,Los materiales deben estar lim,Papel / Cartón / Plástico / Metal / Vidrio
Point (94577.44898089999333024 102364.88908399999490939),Asuncion 4948,Villa Devoto,11,Los materiales deben estar lim,Papel / Cartón / Plástico / Metal / Vidrio
Point (94298.94952290000219364 102134.4684689999994589),Asuncion 5140,Villa Devoto,11,Los materiales deben estar lim,Papel / Cartón / Plástico / Metal / Vidrio
Point (94105.35593039999366738 101974.42382599999837112),Asuncion 5262,Villa Devoto,11,Los materiales deben estar lim,Papel / Cartón / Plástico / Metal / Vidrio
Point (95174.07648499999777414 104808.09193100000265986),Bacon 5403,Villa Devoto,11,Los materiales deben estar lim,Papel / Cartón / Plástico / Metal / Vidrio
Point (95339.2324291999975685 103714.44325500000559259),Bahia Blanca 4515,Villa Devoto,11,Los materiales deben estar lim,Papel / Cartón / Plástico / Metal / Vidrio
Point (95348.20897639999748208 104907.91072499999427237),Bazurco 3412,Villa Devoto,11,Los materiales deben estar lim,Papel / Cartón / Plástico / Metal / Vidrio
Point (95916.40547050000168383 102876.49793500000669155),"Beiro, Francisco Av. 3937",Villa Devoto,11,Los materiales deben estar lim,Papel / Cartón / Plástico / Metal / Vidrio
Point (95660.58464329999696929 102688.35031500000332016),"Beiro, Francisco Av. 4201",Villa Devoto,11,Los materiales deben estar lim,Papel / Cartón / Plástico / Metal / Vidrio
Point (95504.26958750000630971 102569.62691900000208989),"Beiro, Francisco Av. 4355",Villa Devoto,11,Los materiales deben estar lim,Papel / Cartón / Plástico / Metal / Vidrio
Point (95386.35437620000448078 102464.06698099999630358),"Beiro, Francisco Av. 4422",Villa Devoto,11,Los materiales deben estar lim,Papel / Cartón / Plástico / Metal / Vidrio
Point (95174.80759300000499934 102306.34183299999858718),"Beiro, Francisco Av. 4630",Villa Devoto,11,Los materiales deben estar lim,Papel / Cartón / Plástico / Metal / Vidrio
Point (94916.81521440000506118 102130.82863400000496767),"Beiro, Francisco Av. 4827",Villa Devoto,11,Los materiales deben estar lim,Papel / Cartón / Plástico / Metal / Vidrio
Point (94680.79425380000611767 101959.10548300000664312),"Beiro, Francisco Av. 5061",Villa Devoto,11,Los materiales deben estar lim,Papel / Cartón / Plástico / Metal / Vidrio
Point (94397.82945659999677446 101752.56454900000244379),"Beiro, Francisco Av. 5249",Villa Devoto,11,Los materiales deben estar lim,Papel / Cartón / Plástico / Metal / Vidrio
Point (94598.32445509999524802 102171.59413899999344721),Bermudez 3421,Villa Devoto,11,Los materiales deben estar lim,Papel / Cartón / Plástico / Metal / Vidrio
Point (95576.7678483000054257 104702.62137399999483023),"Cabezon, Jose Leon 3388",Villa Devoto,11,Los materiales deben estar lim,Papel / Cartón / Plástico / Metal / Vidrio
Point (95289.07786770000529941 104500.0009730000019772),"Cabezon, Jose Leon 3605",Villa Devoto,11,Los materiales deben estar lim,Papel / Cartón / Plástico / Metal / Vidrio
Point (94886.40243410000402946 104188.04879499999515247),"Cabezon, Jose Leon 3990",Villa Devoto,11,Los materiales deben estar lim,Papel / Cartón / Plástico / Metal / Vidrio
Point (95075.89610080000420567 101244.45067900000140071),"Calderon De La Barca, Pedro 2469",Villa Devoto,11,Los materiales deben estar lim,Papel / Cartón / Plástico / Metal / Vidrio
Point (96462.11002350000489969 103727.68857699999352917),Campana 3857,Villa Devoto,11,Los materiales deben estar lim,Papel / Cartón / Plástico / Metal / Vidrio
Point (95337.94481760000053328 102697.90494999999646097),"Cantilo, Jose Luis 4381",Villa Devoto,11,Los materiales deben estar lim,Papel / Cartón / Plástico / Metal / Vidrio
Point (95103.00367710000136867 102527.43906099999730941),"Cantilo, Jose Luis 4593",Villa Devoto,11,Los materiales deben estar lim,Papel / Cartón / Plástico / Metal / Vidrio
Point (94776.79216420000011567 102282.25256500000250526),"Cantilo, Jose Luis 4851",Villa Devoto,11,Los materiales deben estar lim,Papel / Cartón / Plástico / Metal / Vidrio
Point (94466.8222243000054732 102027.76372299999638926),"Cantilo, Jose Luis 5115",Villa Devoto,11,Los materiales deben estar lim,Papel / Cartón / Plástico / Metal / Vidrio
Point (94282.64851189999899361 101876.68341899999359157),"Cantilo, Jose Luis 5235",Villa Devoto,11,Los materiales deben estar lim,Papel / Cartón / Plástico / Metal / Vidrio
Point (95954.29521450000174809 103658.38375300000188872),"Carril, Salvador Maria Del Av. 3591",Villa Devoto,11,Los materiales deben estar lim,Papel / Cartón / Plástico / Metal / Vidrio
Point (95202.14227609999943525 103096.26114699999743607),"Carril, Salvador Maria Del Av. 4297",Villa Devoto,11,Los materiales deben estar lim,Papel / Cartón / Plástico / Metal / Vidrio
Point (94739.63995680000516586 102751.85272300000360701),"Carril, Salvador Maria Del Av. 4699",Villa Devoto,11,Los materiales deben estar lim,Papel / Cartón / Plástico / Metal / Vidrio
Point (94554.16710069999680854 102613.66104599999380298),"Carril, Salvador Maria Del Av. 4857",Villa Devoto,11,Los materiales deben estar lim,Papel / Cartón / Plástico / Metal / Vidrio
Point (94343.07018080000125337 102443.43089699999836739),"Carril, Salvador Maria Del Av. 4993",Villa Devoto,11,Los materiales deben estar lim,Papel / Cartón / Plástico / Metal / Vidrio
Point (95712.06450180000683758 103066.43195399999967776),Chivilcoy Av. 3669,Villa Devoto,11,Los materiales deben estar lim,Papel / Cartón / Plástico / Metal / Vidrio
Point (95343.39270569999644067 105070.5899760000029346),Cochrane 3341,Villa Devoto,11,Los materiales deben estar lim,Papel / Cartón / Plástico / Metal / Vidrio
Point (95985.93887810000160243 103837.92369199999666307),Concordia 4232,Villa Devoto,11,Los materiales deben estar lim,Papel / Cartón / Plástico / Metal / Vidrio
Point (95786.35094210000534076 103887.55923600000096485),"Cubas, Jose 3596",Villa Devoto,11,Los materiales deben estar lim,Papel / Cartón / Plástico / Metal / Vidrio
Point (95631.91556429999764077 103772.29612499999348074),"Cubas, Jose 3716",Villa Devoto,11,Los materiales deben estar lim,Papel / Cartón / Plástico / Metal / Vidrio
Point (95029.67384410000522621 103334.20223900000564754),"Cubas, Jose 4291",Villa Devoto,11,Los materiales deben estar lim,Papel / Cartón / Plástico / Metal / Vidrio
Point (94837.85903380000672769 103190.8621489999932237),"Cubas, Jose 4451",Villa Devoto,11,Los materiales deben estar lim,Papel / Cartón / Plástico / Metal / Vidrio
Point (94603.4135186000057729 103015.65916199999628589),"Cubas, Jose 4663",Villa Devoto,11,Los materiales deben estar lim,Papel / Cartón / Plástico / Metal / Vidrio
Point (95449.34625689999666065 102870.58813400000508409),Fernandez De Enciso 3777,Villa Devoto,11,Los materiales deben estar lim,Papel / Cartón / Plástico / Metal / Vidrio
Point (95250.92599139999947511 104721.21995699999388307),Franco 3545,Villa Devoto,11,Los materiales deben estar lim,Papel / Cartón / Plástico / Metal / Vidrio
Point (95128.00753180000174325 104629.66709000000264496),Franco 3645,Villa Devoto,11,Los materiales deben estar lim,Papel / Cartón / Plástico / Metal / Vidrio
Point (95243.4924310000060359 104077.21477200000663288),"Gonzalez, Joaquin v. 4826",Villa Devoto,11,Los materiales deben estar lim,Papel / Cartón / Plástico / Metal / Vidrio
Point (95740.38326309999683872 104553.61908499999844935),Griveo 3339,Villa Devoto,11,Los materiales deben estar lim,Papel / Cartón / Plástico / Metal / Vidrio
Point (95583.82029659999534488 104436.64003799999773037),Griveo 3479,Villa Devoto,11,Los materiales deben estar lim,Papel / Cartón / Plástico / Metal / Vidrio
Point (95466.54360720000113361 104348.69742900000710506),Griveo 3579,Villa Devoto,11,Los materiales deben estar lim,Papel / Cartón / Plástico / Metal / Vidrio
Point (95019.1751494000054663 104005.57224300000234507),Griveo 3994,Villa Devoto,11,Los materiales deben estar lim,Papel / Cartón / Plástico / Metal / Vidrio
Point (94854.41453510000428651 103883.23583900000085123),Griveo 4164,Villa Devoto,11,Los materiales deben estar lim,Papel / Cartón / Plástico / Metal / Vidrio
Point (95038.33410670000012033 103544.39416399999754503),Gualeguaychu 4569,Villa Devoto,11,Los materiales deben estar lim,Papel / Cartón / Plástico / Metal / Vidrio
Point (95493.34097469999687746 103546.01621299999533221),Habana 3870,Villa Devoto,11,Los materiales deben estar lim,Papel / Cartón / Plástico / Metal / Vidrio
Point (95350.20730860000185203 103448.96811499999603257),Habana 4033,Villa Devoto,11,Los materiales deben estar lim,Papel / Cartón / Plástico / Metal / Vidrio
Point (95184.49719809999805875 103314.87141199999314267),Habana 4202,Villa Devoto,11,Los materiales deben estar lim,Papel / Cartón / Plástico / Metal / Vidrio
Point (94811.81430870000622235 103036.44798799999989569),Habana 4534,Villa Devoto,11,Los materiales deben estar lim,Papel / Cartón / Plástico / Metal / Vidrio
Point (94481.72800630000710953 102790.23846599999524187),Habana 4804,Villa Devoto,11,Los materiales deben estar lim,Papel / Cartón / Plástico / Metal / Vidrio
Point (95551.55401019999408163 101886.69034299999475479),"Juarez, Benito 3005",Villa Devoto,11,Los materiales deben estar lim,Papel / Cartón / Plástico / Metal / Vidrio
Point (95473.55150830000638962 104490.81635399999504443),Ladines 3514,Villa Devoto,11,Los materiales deben estar lim,Papel / Cartón / Plástico / Metal / Vidrio
Point (95106.41616459999931976 104216.77596100000664592),Ladines 3826,Villa Devoto,11,Los materiales deben estar lim,Papel / Cartón / Plástico / Metal / Vidrio
Point (94667.32467159999941941 102422.6986239999969257),Lastra Av. 3891,Villa Devoto,11,Los materiales deben estar lim,Papel / Cartón / Plástico / Metal / Vidrio
Point (96505.56081169999379199 103401.11581899999873713),Llavallol 3576,Villa Devoto,11,Los materiales deben estar lim,Papel / Cartón / Plástico / Metal / Vidrio
Point (96233.48515009999391623 103763.23189700000511948),Llavallol 4016,Villa Devoto,11,Los materiales deben estar lim,Papel / Cartón / Plástico / Metal / Vidrio
Point (96034.82402109999384265 104039.59312999999383464),Llavallol 4383,Villa Devoto,11,Los materiales deben estar lim,Papel / Cartón / Plástico / Metal / Vidrio
Point (95936.5299788999982411 104161.28419900000153575),Llavallol 4514,Villa Devoto,11,Los materiales deben estar lim,Papel / Cartón / Plástico / Metal / Vidrio
Point (94765.0499777999939397 101302.37860599999839906),Lope De Vega Av. 2623,Villa Devoto,11,Los materiales deben estar lim,Papel / Cartón / Plástico / Metal / Vidrio
Point (94383.74397710000630468 101658.15098299999954179),Lope De Vega Av. 3037,Villa Devoto,11,Los materiales deben estar lim,Papel / Cartón / Plástico / Metal / Vidrio
Point (95664.67257080000126734 104348.48018600000068545),"Lopez, Carlos Antonio 3457",Villa Devoto,11,Los materiales deben estar lim,Papel / Cartón / Plástico / Metal / Vidrio
Point (94771.58894790000340436 103675.77671099999861326),"Lopez, Carlos Antonio 4296",Villa Devoto,11,Los materiales deben estar lim,Papel / Cartón / Plástico / Metal / Vidrio
Point (96098.65432050000526942 102384.50071599999500904),"Lozano, Pedro 4198",Villa Devoto,11,Los materiales deben estar lim,Papel / Cartón / Plástico / Metal / Vidrio
Point (95923.49309509999875445 102258.17660999999498017),"Lozano, Pedro 4356",Villa Devoto,11,Los materiales deben estar lim,Papel / Cartón / Plástico / Metal / Vidrio
Point (95726.80375599999388214 102110.69332900000154041),"Lozano, Pedro 4506",Villa Devoto,11,Los materiales deben estar lim,Papel / Cartón / Plástico / Metal / Vidrio
Point (95372.38829960000293795 101842.74911600000632461),"Lozano, Pedro 4810",Villa Devoto,11,Los materiales deben estar lim,Papel / Cartón / Plástico / Metal / Vidrio
Point (95051.34141079999972135 101577.20153700000082608),"Lozano, Pedro 5067",Villa Devoto,11,Los materiales deben estar lim,Papel / Cartón / Plástico / Metal / Vidrio
Point (94836.86723780000465922 101331.6023049999930663),"Lozano, Pedro 5259",Villa Devoto,11,Los materiales deben estar lim,Papel / Cartón / Plástico / Metal / Vidrio
Point (96354.08174579999467824 102320.05163499999616761),Melincue 4005,Villa Devoto,11,Los materiales deben estar lim,Papel / Cartón / Plástico / Metal / Vidrio
Point (96051.69877820000692736 102097.60485099999641534),Melincue 4355,Villa Devoto,11,Los materiales deben estar lim,Papel / Cartón / Plástico / Metal / Vidrio
Point (95891.96844549999514129 101982.18736799999896903),Melincue 4477,Villa Devoto,11,Los materiales deben estar lim,Papel / Cartón / Plástico / Metal / Vidrio
Point (95548.89373349999368656 101736.48599499999545515),Melincue 4759,Villa Devoto,11,Los materiales deben estar lim,Papel / Cartón / Plástico / Metal / Vidrio
Point (95197.5705798999988474 101449.72246000000450294),Melincue 5073,Villa Devoto,11,Los materiales deben estar lim,Papel / Cartón / Plástico / Metal / Vidrio
Point (95746.08638870000140741 102840.41216000000713393),Mercedes 3475,Villa Devoto,11,Los materiales deben estar lim,Papel / Cartón / Plástico / Metal / Vidrio
Point (95457.6038261999929091 103892.75456299999495968),"Mistral, Gabriela 3758",Villa Devoto,11,Los materiales deben estar lim,Papel / Cartón / Plástico / Metal / Vidrio
Point (94724.57675880000169855 103355.03924800000095274),"Mistral, Gabriela 4449",Villa Devoto,11,Los materiales deben estar lim,Papel / Cartón / Plástico / Metal / Vidrio
Point (94520.36166199999570381 103191.88487900000473019),"Mistral, Gabriela 4636",Villa Devoto,11,Los materiales deben estar lim,Papel / Cartón / Plástico / Metal / Vidrio
Point (96307.74463349999859929 103543.60210499999811873),"Moran, Pedro 3456",Villa Devoto,11,Los materiales deben estar lim,Papel / Cartón / Plástico / Metal / Vidrio
Point (95949.34224149999499787 103288.55091700000048149),"Moran, Pedro 3777",Villa Devoto,11,Los materiales deben estar lim,Papel / Cartón / Plástico / Metal / Vidrio
Point (95870.15022840000165161 103216.09824399999342859),"Moran, Pedro 3806",Villa Devoto,11,Los materiales deben estar lim,Papel / Cartón / Plástico / Metal / Vidrio
Point (95667.23738580000645015 103078.02343699999619275),"Moran, Pedro 4003",Villa Devoto,11,Los materiales deben estar lim,Papel / Cartón / Plástico / Metal / Vidrio
Point (95202.65098999999463558 102719.45724000000336673),"Moran, Pedro 4438",Villa Devoto,11,Los materiales deben estar lim,Papel / Cartón / Plástico / Metal / Vidrio
Point (94856.88528109999606386 102460.86357600000337698),"Moran, Pedro 4748",Villa Devoto,11,Los materiales deben estar lim,Papel / Cartón / Plástico / Metal / Vidrio
Point (94449.20679860000382178 102133.68095300000277348),"Moran, Pedro 5078",Villa Devoto,11,Los materiales deben estar lim,Papel / Cartón / Plástico / Metal / Vidrio
Point (94330.96189770000637509 102035.16919299999426585),"Moran, Pedro 5170",Villa Devoto,11,Los materiales deben estar lim,Papel / Cartón / Plástico / Metal / Vidrio
Point (95892.43084980000276119 104361.03279899999324698),Mosconi General Av. 3348,Villa Devoto,11,Los materiales deben estar lim,Papel / Cartón / Plástico / Metal / Vidrio
Point (95595.32743750000372529 104140.58231500000692904),Mosconi General Av. 3594,Villa Devoto,11,Los materiales deben estar lim,Papel / Cartón / Plástico / Metal / Vidrio
Point (95248.42831699999806006 103895.74553499999456108),Mosconi General Av. 3871,Villa Devoto,11,Los materiales deben estar lim,Papel / Cartón / Plástico / Metal / Vidrio
Point (95014.17868890000681859 103705.31321399999433197),Mosconi General Av. 4154,Villa Devoto,11,Los materiales deben estar lim,Papel / Cartón / Plástico / Metal / Vidrio
Point (96552.08055670000612736 103472.57482599999639206),Navarro 3348,Villa Devoto,11,Los materiales deben estar lim,Papel / Cartón / Plástico / Metal / Vidrio
Point (96284.27955439999641385 103282.10166400000161957),Navarro 3571,Villa Devoto,11,Los materiales deben estar lim,Papel / Cartón / Plástico / Metal / Vidrio
Point (96135.80054199999722186 103161.48639499999990221),Navarro 3700,Villa Devoto,11,Los materiales deben estar lim,Papel / Cartón / Plástico / Metal / Vidrio
Point (95928.61940029999823309 103015.33206299999437761),Navarro 3891,Villa Devoto,11,Los materiales deben estar lim,Papel / Cartón / Plástico / Metal / Vidrio
Point (95587.70466760000272188 102760.81049699999857694),Navarro 4213,Villa Devoto,11,Los materiales deben estar lim,Papel / Cartón / Plástico / Metal / Vidrio
Point (95310.21473019999393728 102554.5682200000010198),Navarro 4461,Villa Devoto,11,Los materiales deben estar lim,Papel / Cartón / Plástico / Metal / Vidrio
Point (94931.98489209999388549 102272.09460300000500865),Navarro 4781,Villa Devoto,11,Los materiales deben estar lim,Papel / Cartón / Plástico / Metal / Vidrio
Point (94722.4708933999936562 102105.0520680000045104),Navarro 4969,Villa Devoto,11,Los materiales deben estar lim,Papel / Cartón / Plástico / Metal / Vidrio
Point (96285.52410840000084136 102389.74369600000500213),Nazarre 4022,Villa Devoto,11,Los materiales deben estar lim,Papel / Cartón / Plástico / Metal / Vidrio
Point (96084.68678469999576919 102254.34295700000075158),Nazarre 4257,Villa Devoto,11,Los materiales deben estar lim,Papel / Cartón / Plástico / Metal / Vidrio
Point (95618.3961113999976078 101916.88607100000081118),Nazarre 4651,Villa Devoto,11,Los materiales deben estar lim,Papel / Cartón / Plástico / Metal / Vidrio
Point (95019.8813153999944916 101382.36962800000037532),Nazarre 5154,Villa Devoto,11,Los materiales deben estar lim,Papel / Cartón / Plástico / Metal / Vidrio
Point (94926.93038619999424554 101275.35015199999907054),Nazarre 5246,Villa Devoto,11,Los materiales deben estar lim,Papel / Cartón / Plástico / Metal / Vidrio
Point (96400.36486190000141505 102217.71802200000092853),Nogoya 4034,Villa Devoto,11,Los materiales deben estar lim,Papel / Cartón / Plástico / Metal / Vidrio
Point (96286.16330840000591706 102134.64750399999320507),Nogoya 4194,Villa Devoto,11,Los materiales deben estar lim,Papel / Cartón / Plástico / Metal / Vidrio
Point (95891.56446080000023358 101852.21198599999479484),Nogoya 4524,Villa Devoto,11,Los materiales deben estar lim,Papel / Cartón / Plástico / Metal / Vidrio
Point (95740.64520980000088457 101744.3369269999966491),Nogoya 4664,Villa Devoto,11,Los materiales deben estar lim,Papel / Cartón / Plástico / Metal / Vidrio
Point (95505.62880259999656118 101575.74649999999382999),Nogoya 4892,Villa Devoto,11,Los materiales deben estar lim,Papel / Cartón / Plástico / Metal / Vidrio
Point (96083.97382020000077318 103613.8435650000028545),Nueva York 3542,Villa Devoto,11,Los materiales deben estar lim,Papel / Cartón / Plástico / Metal / Vidrio
Point (95926.68996639999386389 103496.26145599999290425),Nueva York 3676,Villa Devoto,11,Los materiales deben estar lim,Papel / Cartón / Plástico / Metal / Vidrio
Point (95743.31260679999832064 103359.13206299999728799),Nueva York 3824,Villa Devoto,11,Los materiales deben estar lim,Papel / Cartón / Plástico / Metal / Vidrio
Point (95416.97478679999767337 103116.57544200000120327),Nueva York 4158,Villa Devoto,11,Los materiales deben estar lim,Papel / Cartón / Plástico / Metal / Vidrio
Point (94964.83863620000192896 102779.68445899999642279),Nueva York 4554,Villa Devoto,11,Los materiales deben estar lim,Papel / Cartón / Plástico / Metal / Vidrio
Point (94628.54522250000445638 102538.45367000000260305),Nueva York 4845,Villa Devoto,11,Los materiales deben estar lim,Papel / Cartón / Plástico / Metal / Vidrio
Point (94376.15845859999535605 102333.60690499999327585),Nueva York 5011,Villa Devoto,11,Los materiales deben estar lim,Papel / Cartón / Plástico / Metal / Vidrio
Point (94202.88475240000116173 102190.48077100000227802),Nueva York 5157,Villa Devoto,11,Los materiales deben estar lim,Papel / Cartón / Plástico / Metal / Vidrio
Point (95432.09730229999695439 104719.36273599999549333),Obispo San Alberto 3464,Villa Devoto,11,Los materiales deben estar lim,Papel / Cartón / Plástico / Metal / Vidrio
Point (95288.81591010000556707 104625.95014099999389146),Obispo San Alberto 3555,Villa Devoto,11,Los materiales deben estar lim,Papel / Cartón / Plástico / Metal / Vidrio
Point (95061.64830149999761488 104443.5840440000029048),Obispo San Alberto 3740,Villa Devoto,11,Los materiales deben estar lim,Papel / Cartón / Plástico / Metal / Vidrio
Point (95656.93801820000226144 103553.40709999999671709),Pareja 3795,Villa Devoto,11,Los materiales deben estar lim,Papel / Cartón / Plástico / Metal / Vidrio
Point (95423.58696030000282917 103380.98297800000000279),Pareja 4019,Villa Devoto,11,Los materiales deben estar lim,Papel / Cartón / Plástico / Metal / Vidrio
Point (95056.52447259999462403 103095.03177499999583233),Pareja 4376,Villa Devoto,11,Los materiales deben estar lim,Papel / Cartón / Plástico / Metal / Vidrio
Point (94930.57564140000613406 103011.24059699999634176),Pareja 4483,Villa Devoto,11,Los materiales deben estar lim,Papel / Cartón / Plástico / Metal / Vidrio
Point (94438.90472320000117179 102643.14260700000158977),Pareja 4895,Villa Devoto,11,Los materiales deben estar lim,Papel / Cartón / Plástico / Metal / Vidrio
Point (95047.17245220000040717 101836.6812670000072103),Quevedo 3268,Villa Devoto,11,Los materiales deben estar lim,Papel / Cartón / Plástico / Metal / Vidrio
Point (96166.70533899999281857 103910.96578699999372475),San Martin Av. 6396,Villa Devoto,11,Los materiales deben estar lim,Papel / Cartón / Plástico / Metal / Vidrio
Point (95822.05519709999498446 104090.17000699999334756),San Martin Av. 6707,Villa Devoto,11,Los materiales deben estar lim,Papel / Cartón / Plástico / Metal / Vidrio
Point (95453.2435778999933973 104239.28859300000476651),San Martin Av. 7029,Villa Devoto,11,Los materiales deben estar lim,Papel / Cartón / Plástico / Metal / Vidrio
Point (95242.36784330000227783 104297.04726300000038464),San Martin Av. 7188,Villa Devoto,11,Los materiales deben estar lim,Papel / Cartón / Plástico / Metal / Vidrio
Point (95411.44846519999555312 104100.76588700000138488),San Nicolas 4760,Villa Devoto,11,Los materiales deben estar lim,Papel / Cartón / Plástico / Metal / Vidrio
Point (94912.31407209999451879 103456.12411200000497047),Sanabria 4580,Villa Devoto,11,Los materiales deben estar lim,Papel / Cartón / Plástico / Metal / Vidrio
Point (94868.75703290000092238 103528.27608700000564568),Sanabria 4653,Villa Devoto,11,Los materiales deben estar lim,Papel / Cartón / Plástico / Metal / Vidrio
Point (95784.20503110000572633 102046.85589999999501742),Segurola 2808,Villa Devoto,11,Los materiales deben estar lim,Papel / Cartón / Plástico / Metal / Vidrio
Point (95586.86906519999320153 102353.93483699999342207),Segurola Av. 3118,Villa Devoto,11,Los materiales deben estar lim,Papel / Cartón / Plástico / Metal / Vidrio
Point (96026.52951340000436176 102657.27600100000563543),Simbron 3993,Villa Devoto,11,Los materiales deben estar lim,Papel / Cartón / Plástico / Metal / Vidrio
Point (95756.71237419999670237 102455.48118499999691267),Simbron 4295,Villa Devoto,11,Los materiales deben estar lim,Papel / Cartón / Plástico / Metal / Vidrio
Point (95508.53010390000417829 102262.43070100000477396),Simbron 4473,Villa Devoto,11,Los materiales deben estar lim,Papel / Cartón / Plástico / Metal / Vidrio
Point (95281.7736499000020558 102086.21217300000716932),Simbron 4661,Villa Devoto,11,Los materiales deben estar lim,Papel / Cartón / Plástico / Metal / Vidrio
Point (95178.08276669999759179 102000.23114099999656901),Simbron 4757,Villa Devoto,11,Los materiales deben estar lim,Papel / Cartón / Plástico / Metal / Vidrio
Point (94915.04495029999816325 101784.16118399999686517),Simbron 5041,Villa Devoto,11,Los materiales deben estar lim,Papel / Cartón / Plástico / Metal / Vidrio
Point (94693.68756900000153109 101520.5419430000038119),Simbron 5247,Villa Devoto,11,Los materiales deben estar lim,Papel / Cartón / Plástico / Metal / Vidrio
Point (96611.29597380000632256 103644.84551400000054855),"Solano Lopez, F., Mariscal 3256",Villa Devoto,11,Los materiales deben estar lim,Papel / Cartón / Plástico / Metal / Vidrio
Point (96318.75162120000459254 103425.45093500000075437),"Solano Lopez, F., Mariscal 3494",Villa Devoto,11,Los materiales deben estar lim,Papel / Cartón / Plástico / Metal / Vidrio
Point (96107.76625970000168309 103272.95675899999332614),"Solano Lopez, F., Mariscal 3660",Villa Devoto,11,Los materiales deben estar lim,Papel / Cartón / Plástico / Metal / Vidrio
Point (95980.69248870000592433 103182.98941500000364613),"Solano Lopez, F., Mariscal 3771",Villa Devoto,11,Los materiales deben estar lim,Papel / Cartón / Plástico / Metal / Vidrio
Point (96213.35607700000400655 102595.7589120000047842),Tinogasta 3984,Villa Devoto,11,Los materiales deben estar lim,Papel / Cartón / Plástico / Metal / Vidrio
Point (95962.23914540000259876 102415.25143099999695551),Tinogasta 4258,Villa Devoto,11,Los materiales deben estar lim,Papel / Cartón / Plástico / Metal / Vidrio
Point (95791.51164779999817256 102291.58368399999744724),Tinogasta 4422,Villa Devoto,11,Los materiales deben estar lim,Papel / Cartón / Plástico / Metal / Vidrio
Point (95594.74633169999287929 102146.16497899999376386),Tinogasta 4586,Villa Devoto,11,Los materiales deben estar lim,Papel / Cartón / Plástico / Metal / Vidrio
Point (95338.25100780000502709 101956.3039100000023609),Tinogasta 4796,Villa Devoto,11,Los materiales deben estar lim,Papel / Cartón / Plástico / Metal / Vidrio
Point (95303.68927350000012666 101930.98758699999598321),Tinogasta 4808,Villa Devoto,11,Los materiales deben estar lim,Papel / Cartón / Plástico / Metal / Vidrio
Point (94887.22366289999627043 101550.64897100000234786),Tinogasta 5146,Villa Devoto,11,Los materiales deben estar lim,Papel / Cartón / Plástico / Metal / Vidrio
Point (96038.27432939999562223 104201.56292599999869708),Vallejos 3330,Villa Devoto,11,Los materiales deben estar lim,Papel / Cartón / Plástico / Metal / Vidrio
Point (95220.22542119999707211 103590.80555799999274313),Vallejos 4078,Villa Devoto,11,Los materiales deben estar lim,Papel / Cartón / Plástico / Metal / Vidrio
Point (94897.30689750000601634 103360.30329300000448711),Vallejos 4347,Villa Devoto,11,Los materiales deben estar lim,Papel / Cartón / Plástico / Metal / Vidrio
Point (94683.47629780000715982 103199.84211500000674278),Vallejos 4525,Villa Devoto,11,Los materiales deben estar lim,Papel / Cartón / Plástico / Metal / Vidrio
Point (96083.1728341999987606 102836.46152199999778531),"Varela, Jose Pedro 3848",Villa Devoto,11,Los materiales deben estar lim,Papel / Cartón / Plástico / Metal / Vidrio
Point (95793.75729670000146143 102619.47021100000711158),"Varela, Jose Pedro 4164",Villa Devoto,11,Los materiales deben estar lim,Papel / Cartón / Plástico / Metal / Vidrio
Point (95645.07287370000267401 102507.19788599999446888),"Varela, Jose Pedro 4324",Villa Devoto,11,Los materiales deben estar lim,Papel / Cartón / Plástico / Metal / Vidrio
Point (95389.87535909999860451 102309.32799400000658352),"Varela, Jose Pedro 4520",Villa Devoto,11,Los materiales deben estar lim,Papel / Cartón / Plástico / Metal / Vidrio
Point (95215.09306359999754932 102173.65481900000304449),"Varela, Jose Pedro 4666",Villa Devoto,11,Los materiales deben estar lim,Papel / Cartón / Plástico / Metal / Vidrio
Point (94924.52549679999356158 101947.95575199999439064),"Varela, Jose Pedro 4920",Villa Devoto,11,Los materiales deben estar lim,Papel / Cartón / Plástico / Metal / Vidrio
Point (94738.63192860000708606 101760.221797999998671),"Varela, Jose Pedro 5110",Villa Devoto,11,Los materiales deben estar lim,Papel / Cartón / Plástico / Metal / Vidrio
Point (94605.35673660000611562 101616.98051500000292435),"Varela, Jose Pedro 5248",Villa Devoto,11,Los materiales deben estar lim,Papel / Cartón / Plástico / Metal / Vidrio
Point (98814.58649840000725817 101963.69492100000206847),"Magari?os Cervantes, A. 2610",Villa Gral. Mitre,11,Los materiales deben estar lim,Papel / Cartón / Plástico / Metal / Vidrio
Point (99232.93119319999823347 102240.25866199999290984),"Magari?os Cervantes, A. 2221",Villa Gral. Mitre,11,Los materiales deben estar lim,Papel / Cartón / Plástico / Metal / Vidrio
Point (99539.70684739999705926 102412.69292899999709334),"Magari?os Cervantes, A. 1969",Villa Gral. Mitre,11,Los materiales deben estar lim,Papel / Cartón / Plástico / Metal / Vidrio
Point (99764.72632630000589415 102528.96887399999832269),"Magari?os Cervantes, A. 1799",Villa Gral. Mitre,11,Los materiales deben estar lim,Papel / Cartón / Plástico / Metal / Vidrio
Point (100004.19994900000165217 102652.35483700000622775),"Magari?os Cervantes, A. 1585",Villa Gral. Mitre,11,Los materiales deben estar lim,Papel / Cartón / Plástico / Metal / Vidrio
Point (100248.02990599999611732 102768.71339200000511482),"Magari?os Cervantes, A. 1330",Villa Gral. Mitre,11,Los materiales deben estar lim,Papel / Cartón / Plástico / Metal / Vidrio
Point (99484.40655519999563694 102159.09420000000682194),Boyac? 1775,Villa Gral. Mitre,11,Los materiales deben estar lim,Papel / Cartón / Plástico / Metal / Vidrio
Point (99422.36009450000710785 102989.78313900000648573),Alvarez Jonte 1847,Villa Gral. Mitre,11,Los materiales deben estar lim,Papel / Cartón / Plástico / Metal / Vidrio
Point (99181.18655840000428725 102773.88975400000344962),Alvarez Jonte 2040,Villa Gral. Mitre,11,Los materiales deben estar lim,Papel / Cartón / Plástico / Metal / Vidrio
Point (98887.92524510000657756 102568.38486799999373034),Alvarez Jonte Av. 2313,Villa Gral. Mitre,11,Los materiales deben estar lim,Papel / Cartón / Plástico / Metal / Vidrio
Point (98662.82696750000468455 102427.46953499999654014),Alvarez Jonte Av. 2513,Villa Gral. Mitre,11,Los materiales deben estar lim,Papel / Cartón / Plástico / Metal / Vidrio
Point (98769.33983460000308696 102343.65923799999291077),"Artigas, Jose Gervasio, Gral. 2053",Villa Gral. Mitre,11,Los materiales deben estar lim,Papel / Cartón / Plástico / Metal / Vidrio
Point (100013.74022700000205077 102796.20896200000424869),Camarones 1524,Villa Gral. Mitre,11,Los materiales deben estar lim,Papel / Cartón / Plástico / Metal / Vidrio
Point (99856.87232910000602715 102721.17680800000380259),Camarones 1652,Villa Gral. Mitre,11,Los materiales deben estar lim,Papel / Cartón / Plástico / Metal / Vidrio
Point (99625.84650899999542162 102595.83063399999809917),Camarones 1850,Villa Gral. Mitre,11,Los materiales deben estar lim,Papel / Cartón / Plástico / Metal / Vidrio
Point (99256.34264479999546893 102402.40302599999995437),Camarones 2150,Villa Gral. Mitre,11,Los materiales deben estar lim,Papel / Cartón / Plástico / Metal / Vidrio
Point (98809.9601808000006713 102119.15091599999868777),Camarones 2558,Villa Gral. Mitre,11,Los materiales deben estar lim,Papel / Cartón / Plástico / Metal / Vidrio
Point (98971.96805690000473987 101517.11804800000390969),Condarco 1456,Villa Gral. Mitre,11,Los materiales deben estar lim,Papel / Cartón / Plástico / Metal / Vidrio
Point (99764.73262110000359826 102368.70358299999497831),"Diaz, Cesar, Gral. 1848",Villa Gral. Mitre,11,Los materiales deben estar lim,Papel / Cartón / Plástico / Metal / Vidrio
Point (99297.89997399999992922 102112.6721220000035828),"Diaz, Cesar, Gral. 2246",Villa Gral. Mitre,11,Los materiales deben estar lim,Papel / Cartón / Plástico / Metal / Vidrio
Point (98986.02133430000685621 101913.71166400000220165),"Diaz, Cesar, Gral. 2524",Villa Gral. Mitre,11,Los materiales deben estar lim,Papel / Cartón / Plástico / Metal / Vidrio
Point (99351.84451399999670684 102000.9409799999993993),"Escalada De San Martin, R. 2259",Villa Gral. Mitre,11,Los materiales deben estar lim,Papel / Cartón / Plástico / Metal / Vidrio
Point (99157.95809780000126921 101877.06832400000712369),"Escalada De San Martin, R. 2441",Villa Gral. Mitre,11,Los materiales deben estar lim,Papel / Cartón / Plástico / Metal / Vidrio
Point (98907.01614649999828544 101715.82477700000163168),"Escalada De San Martin, R. 2661",Villa Gral. Mitre,11,Los materiales deben estar lim,Papel / Cartón / Plástico / Metal / Vidrio
Point (100029.06614999999874271 101673.02578300000459421),"Figueroa, D. Apolinario, Coronel 1950",Villa Gral. Mitre,11,Los materiales deben estar lim,Papel / Cartón / Plástico / Metal / Vidrio
Point (100137.51730700000189245 102015.6727859999955399),Galicia 1758,Villa Gral. Mitre,11,Los materiales deben estar lim,Papel / Cartón / Plástico / Metal / Vidrio
Point (99910.44612360000610352 101873.17267899999569636),Galicia 1966,Villa Gral. Mitre,11,Los materiales deben estar lim,Papel / Cartón / Plástico / Metal / Vidrio
Point (99666.88651240000035614 101717.08516099999542348),Galicia 2160,Villa Gral. Mitre,11,Los materiales deben estar lim,Papel / Cartón / Plástico / Metal / Vidrio
Point (99486.59724129999813158 101601.49431700000423007),Galicia 2328,Villa Gral. Mitre,11,Los materiales deben estar lim,Papel / Cartón / Plástico / Metal / Vidrio
Point (99289.72786129999440163 101475.80925599999318365),Galicia 2518,Villa Gral. Mitre,11,Los materiales deben estar lim,Papel / Cartón / Plástico / Metal / Vidrio
Point (99582.05640420000418089 102874.05549699999392033),"Garcia, Juan Agustin 1776",Villa Gral. Mitre,11,Los materiales deben estar lim,Papel / Cartón / Plástico / Metal / Vidrio
Point (99360.68911199999274686 102757.60217699999338947),"Garcia, Juan Agustin 1946",Villa Gral. Mitre,11,Los materiales deben estar lim,Papel / Cartón / Plástico / Metal / Vidrio
Point (99033.80231660000572447 102575.80336799999349751),"Garcia, Juan Agustin 2210",Villa Gral. Mitre,11,Los materiales deben estar lim,Papel / Cartón / Plástico / Metal / Vidrio
Point (99997.42309589999786112 102398.30744299999787472),"Justo, Juan B. Av. 4459",Villa Gral. Mitre,11,Los materiales deben estar lim,Papel / Cartón / Plástico / Metal / Vidrio
Point (99818.73663679999299347 102187.08955299999797717),"Justo, Juan B. Av. 4685",Villa Gral. Mitre,11,Los materiales deben estar lim,Papel / Cartón / Plástico / Metal / Vidrio
Point (99510.77152249999926426 101962.47885699999460485),"Justo, Juan B. Av. 4963",Villa Gral. Mitre,11,Los materiales deben estar lim,Papel / Cartón / Plástico / Metal / Vidrio
Point (99281.81874600000446662 101815.89781900000525638),"Justo, Juan B. Av. 5199",Villa Gral. Mitre,11,Los materiales deben estar lim,Papel / Cartón / Plástico / Metal / Vidrio
Point (99134.24408170000242535 101654.41024199999810662),"Justo, Juan B. Av. 5339",Villa Gral. Mitre,11,Los materiales deben estar lim,Papel / Cartón / Plástico / Metal / Vidrio
Point (99396.89303429999563377 102540.27613899999414571),"Lamas, Andres 2042",Villa Gral. Mitre,11,Los materiales deben estar lim,Papel / Cartón / Plástico / Metal / Vidrio
Point (99156.77394060000369791 102830.29011800000444055),"Lamas, Andres 2384",Villa Gral. Mitre,11,Los materiales deben estar lim,Papel / Cartón / Plástico / Metal / Vidrio
Point (99733.05019340000580996 101612.14286399999400601),Luis Viale 2155,Villa Gral. Mitre,11,Los materiales deben estar lim,Papel / Cartón / Plástico / Metal / Vidrio
Point (99817.45057270000688732 102855.94469499999831896),San Blas 1637,Villa Gral. Mitre,11,Los materiales deben estar lim,Papel / Cartón / Plástico / Metal / Vidrio
Point (99566.99267170000530314 102725.85050800000317395),San Blas 1825,Villa Gral. Mitre,11,Los materiales deben estar lim,Papel / Cartón / Plástico / Metal / Vidrio
Point (99274.19695179999689572 102574.19195999999647029),San Blas 2065,Villa Gral. Mitre,11,Los materiales deben estar lim,Papel / Cartón / Plástico / Metal / Vidrio
Point (99196.38811679999344051 102525.56920699999318458),San Blas 2135,Villa Gral. Mitre,11,Los materiales deben estar lim,Papel / Cartón / Plástico / Metal / Vidrio
Point (98944.38405459999921732 102373.84962300000188407),San Blas 2373,Villa Gral. Mitre,11,Los materiales deben estar lim,Papel / Cartón / Plástico / Metal / Vidrio
Point (98646.85468079999554902 102182.42044600000372157),San Blas 2633,Villa Gral. Mitre,11,Los materiales deben estar lim,Papel / Cartón / Plástico / Metal / Vidrio
Point (99933.73704880000150297 102057.05920200000400655),Tres Arroyos 1865,Villa Gral. Mitre,11,Los materiales deben estar lim,Papel / Cartón / Plástico / Metal / Vidrio
Point (99805.78510670000105165 101975.77122599999711383),Tres Arroyos 1977,Villa Gral. Mitre,11,Los materiales deben estar lim,Papel / Cartón / Plástico / Metal / Vidrio
Point (99501.71656260000600014 101780.9173469999950612),Tres Arroyos 2247,Villa Gral. Mitre,11,Los materiales deben estar lim,Papel / Cartón / Plástico / Metal / Vidrio
Point (99287.63138469999830704 101643.80562400000053458),Tres Arroyos 2459,Villa Gral. Mitre,11,Los materiales deben estar lim,Papel / Cartón / Plástico / Metal / Vidrio
Point (100037.37031199999910314 101812.3299059999990277),"Viale, Luis 1897",Villa Gral. Mitre,11,Los materiales deben estar lim,Papel / Cartón / Plástico / Metal / Vidrio
Point (99651.64625200000591576 101560.15200299999560229),"Viale, Luis 2229",Villa Gral. Mitre,11,Los materiales deben estar lim,Papel / Cartón / Plástico / Metal / Vidrio
Point (99406.24237300000095274 101403.18734699999913573),"Viale, Luis 2499",Villa Gral. Mitre,11,Los materiales deben estar lim,Papel / Cartón / Plástico / Metal / Vidrio
Point (99254.85670020000543445 101306.39255899999989197),"Viale, Luis 2615",Villa Gral. Mitre,11,Los materiales deben estar lim,Papel / Cartón / Plástico / Metal / Vidrio
Point (98783.72777640000276733 101784.24939300000551157),"Diaz, Cesar, Gral. 2706",Villa Gral. Mitre,11,Los materiales deben estar lim,Papel / Cartón / Plástico / Metal / Vidrio
Point (98552.06598689999373164 102269.19736099999863654),"Garcia, Juan Agustin 2652",Villa Gral. Mitre,11,Los materiales deben estar lim,Papel / Cartón / Plástico / Metal / Vidrio
Point (100978.78048600000329316 94545.31928209999750834),Escalada Av. 4551,Villa Lugano,8,Los materiales deben estar lim,Papel / Cartón / Plástico / Metal / Vidrio
Point (99051.994691400002921 95745.34127859999716748),Casta?ares Av. 4965,Villa Lugano,8,Los materiales deben estar lim,Papel / Cartón / Plástico / Metal / Vidrio
Point (99322.26789770000323188 96033.73922020000463817),Casta?ares Av. 4555,Villa Lugano,8,Los materiales deben estar lim,Papel / Cartón / Plástico / Metal / Vidrio
Point (99283.56067700000130571 95983.32510240000556223),Casta?ares Av. 4645,Villa Lugano,8,Los materiales deben estar lim,Papel / Cartón / Plástico / Metal / Vidrio
Point (98650.2589358999975957 94033.39081650000298396),Ca?ada De Gomez 4547,Villa Lugano,8,Los materiales deben estar lim,Papel / Cartón / Plástico / Metal / Vidrio
Point (98216.79450329999963287 93653.38148260000161827),"Batlle y Ordo?ez, Jose P.t. 6844",Villa Lugano,8,Los materiales deben estar lim,Papel / Cartón / Plástico / Metal / Vidrio
Point (99404.68191749999823514 95354.1438382000051206),Albari?o 3660,Villa Lugano,8,Los materiales deben estar lim,Papel / Cartón / Plástico / Metal / Vidrio
Point (99129.27238500000385102 94583.93881310000142548),"Batlle y Ordo?ez, Jose P.t. 5618",Villa Lugano,8,Los materiales deben estar lim,Papel / Cartón / Plástico / Metal / Vidrio
Point (98811.54686440000659786 94243.78919140000652988),"Batlle y Ordo?ez, Jose P.t. 6056",Villa Lugano,8,Los materiales deben estar lim,Papel / Cartón / Plástico / Metal / Vidrio
Point (98420.47018040000693873 93875.08090820000506938),"Batlle y Ordo?ez, Jose P.t. 6582",Villa Lugano,8,Los materiales deben estar lim,Papel / Cartón / Plástico / Metal / Vidrio
Point (99225.05198980000568554 95516.61770430000615306),Albari?o 3486,Villa Lugano,8,Los materiales deben estar lim,Papel / Cartón / Plástico / Metal / Vidrio
Point (99492.76547490000666585 95790.2443591000046581),Aquino 4631,Villa Lugano,8,Los materiales deben estar lim,Papel / Cartón / Plástico / Metal / Vidrio
Point (98907.45704619999742135 95133.53842060000170022),Aquino 5437,Villa Lugano,8,Los materiales deben estar lim,Papel / Cartón / Plástico / Metal / Vidrio
Point (99289.42400060000363737 95734.86370469999383204),Araujo 3313,Villa Lugano,8,Los materiales deben estar lim,Papel / Cartón / Plástico / Metal / Vidrio
Point (99536.96525690000271425 95513.98406499999691732),Araujo 3600,Villa Lugano,8,Los materiales deben estar lim,Papel / Cartón / Plástico / Metal / Vidrio
Point (99323.46166440000524744 95857.08421659999294207),Basualdo 3186,Villa Lugano,8,Los materiales deben estar lim,Papel / Cartón / Plástico / Metal / Vidrio
Point (99997.89682389999506995 93432.0720108999958029),Beron De Astrada 5954,Villa Lugano,8,Los materiales deben estar lim,Papel / Cartón / Plástico / Metal / Vidrio
Point (98752.02829440000641625 94554.83374849999381695),Cafayate 4166,Villa Lugano,8,Los materiales deben estar lim,Papel / Cartón / Plástico / Metal / Vidrio
Point (98879.78822950000176206 94435.09979740000562742),Cafayate 4332,Villa Lugano,8,Los materiales deben estar lim,Papel / Cartón / Plástico / Metal / Vidrio
Point (98963.6823900000017602 94356.49852269999973942),Cafayate 4416,Villa Lugano,8,Los materiales deben estar lim,Papel / Cartón / Plástico / Metal / Vidrio
Point (99157.08493989999988116 94175.72526960000686813),Cafayate 4630,Villa Lugano,8,Los materiales deben estar lim,Papel / Cartón / Plástico / Metal / Vidrio
Point (99600.5284001999971224 93745.14502419999917038),Cafayate 5051,Villa Lugano,8,Los materiales deben estar lim,Papel / Cartón / Plástico / Metal / Vidrio
Point (99838.29174080000666436 93523.24190910000470467),Cafayate 5275,Villa Lugano,8,Los materiales deben estar lim,Papel / Cartón / Plástico / Metal / Vidrio
Point (99149.04406450000533368 93989.08681130000331905),"Chilavert, Martiniano, Coronel 6043",Villa Lugano,8,Los materiales deben estar lim,Papel / Cartón / Plástico / Metal / Vidrio
Point (100173.06172199999855366 93610.16730810000444762),Combate De San Carlos 5436,Villa Lugano,8,Los materiales deben estar lim,Papel / Cartón / Plástico / Metal / Vidrio
Point (99220.84623029999784194 95657.23980510000546928),Corvalan 3315,Villa Lugano,8,Los materiales deben estar lim,Papel / Cartón / Plástico / Metal / Vidrio
Point (99506.56098650000058115 95388.74378960000467487),Corvalan 3597,Villa Lugano,8,Los materiales deben estar lim,Papel / Cartón / Plástico / Metal / Vidrio
Point (99947.54552440000406932 93525.26766440000210423),"Costamagna, Santiago 5825",Villa Lugano,8,Los materiales deben estar lim,Papel / Cartón / Plástico / Metal / Vidrio
Point (99014.34434999999939464 93992.12051560000691097),"De La Torre, Lisandro 4640",Villa Lugano,8,Los materiales deben estar lim,Papel / Cartón / Plástico / Metal / Vidrio
Point (99111.81013120000716299 93895.65728600000147708),"De La Torre, Lisandro 4740",Villa Lugano,8,Los materiales deben estar lim,Papel / Cartón / Plástico / Metal / Vidrio
Point (99342.1616924999980256 93678.97057740000309423),"De La Torre, Lisandro 4954",Villa Lugano,8,Los materiales deben estar lim,Papel / Cartón / Plástico / Metal / Vidrio
Point (99590.13104809999640565 93449.66908779999357648),"De La Torre, Lisandro 5190",Villa Lugano,8,Los materiales deben estar lim,Papel / Cartón / Plástico / Metal / Vidrio
Point (99759.50720170000568032 93289.62557730000116862),"De La Torre, Lisandro 5346",Villa Lugano,8,Los materiales deben estar lim,Papel / Cartón / Plástico / Metal / Vidrio
Point (99894.78173980000428855 93155.83254879999731202),"De La Torre, Lisandro 5470",Villa Lugano,8,Los materiales deben estar lim,Papel / Cartón / Plástico / Metal / Vidrio
Point (99960.09832960000494495 94106.66204440000001341),"Descalzi, Nicolas 5415",Villa Lugano,8,Los materiales deben estar lim,Papel / Cartón / Plástico / Metal / Vidrio
Point (99291.03663580000284128 96149.1357958000007784),Escalada Av. 2796,Villa Lugano,8,Los materiales deben estar lim,Papel / Cartón / Plástico / Metal / Vidrio
Point (99258.28608419999363832 96185.19347769999876618),Escalada Av. 2852,Villa Lugano,8,Los materiales deben estar lim,Papel / Cartón / Plástico / Metal / Vidrio
Point (100219.90348500000254717 94966.59999010000319686),"Fernandez De La Cruz, F., Gral. Av. 4781",Villa Lugano,8,Los materiales deben estar lim,Papel / Cartón / Plástico / Metal / Vidrio
Point (100217.29301599999598693 94934.70205459999851882),"Fernandez De La Cruz, F., Gral. Av. 4800",Villa Lugano,8,Los materiales deben estar lim,Papel / Cartón / Plástico / Metal / Vidrio
Point (100022.58076500000606757 94729.67397879999771249),"Fernandez De La Cruz, F., Gral. Av. 5000",Villa Lugano,8,Los materiales deben estar lim,Papel / Cartón / Plástico / Metal / Vidrio
Point (99950.44506149999506306 94695.17280420000315644),"Fernandez De La Cruz, F., Gral. Av. 5095",Villa Lugano,8,Los materiales deben estar lim,Papel / Cartón / Plástico / Metal / Vidrio
Point (99298.60622180000063963 93992.2254053000069689),"Fernandez De La Cruz, F., Gral. Av. 5925",Villa Lugano,8,Los materiales deben estar lim,Papel / Cartón / Plástico / Metal / Vidrio
Point (99067.87480689999938477 95235.32390279999526683),Fonrouge 3735,Villa Lugano,8,Los materiales deben estar lim,Papel / Cartón / Plástico / Metal / Vidrio
Point (99594.4792273000057321 93851.21386879999772646),"Garcia, Pedro A. Cnel 5889",Villa Lugano,8,Los materiales deben estar lim,Papel / Cartón / Plástico / Metal / Vidrio
Point (99624.6406243999954313 94097.4572290000069188),"Garcia, Pedro A.,cnel. 5660",Villa Lugano,8,Los materiales deben estar lim,Papel / Cartón / Plástico / Metal / Vidrio
Point (98446.49350690000574104 93811.11063559999456629),Guamini 4648,Villa Lugano,8,Los materiales deben estar lim,Papel / Cartón / Plástico / Metal / Vidrio
Point (99504.27225179999368265 95828.0579005000035977),Guardia Nacional 3300,Villa Lugano,8,Los materiales deben estar lim,Papel / Cartón / Plástico / Metal / Vidrio
Point (100333.4796280000009574 93761.4958461000060197),"Guerrico, Martin Ctte 5415",Villa Lugano,8,Los materiales deben estar lim,Papel / Cartón / Plástico / Metal / Vidrio
Point (100348.63128499999584164 93572.64721779999672435),"Guerrico, Martin Ctte 5581",Villa Lugano,8,Los materiales deben estar lim,Papel / Cartón / Plástico / Metal / Vidrio
Point (98733.63593380000384059 94346.90772400000423659),Hudson 4306,Villa Lugano,8,Los materiales deben estar lim,Papel / Cartón / Plástico / Metal / Vidrio
Point (99033.04936859999725129 94067.35142000000632834),Hudson 4606,Villa Lugano,8,Los materiales deben estar lim,Papel / Cartón / Plástico / Metal / Vidrio
Point (99335.1505786000052467 94848.26948679999622982),Larraya 4096,Villa Lugano,8,Los materiales deben estar lim,Papel / Cartón / Plástico / Metal / Vidrio
Point (99154.64486770000075921 94807.77025669999420643),Larrazabal 4010,Villa Lugano,8,Los materiales deben estar lim,Papel / Cartón / Plástico / Metal / Vidrio
Point (99910.00258319999556988 94206.67211640000459738),Larrazabal Av. 4651,Villa Lugano,8,Los materiales deben estar lim,Papel / Cartón / Plástico / Metal / Vidrio
Point (100306.99707599999965169 93849.08507570000074338),Larrazabal Av. 5051,Villa Lugano,8,Los materiales deben estar lim,Papel / Cartón / Plástico / Metal / Vidrio
Point (99061.68420730000070762 94372.99272920000657905),"Leguizamon, Martiniano 4475",Villa Lugano,8,Los materiales deben estar lim,Papel / Cartón / Plástico / Metal / Vidrio
Point (99238.57777590000478085 94207.88187320000724867),"Leguizamon, Martiniano 4649",Villa Lugano,8,Los materiales deben estar lim,Papel / Cartón / Plástico / Metal / Vidrio
Point (99261.31455599999753758 95336.70078949999879114),Miralla 3595,Villa Lugano,8,Los materiales deben estar lim,Papel / Cartón / Plástico / Metal / Vidrio
Point (99475.10751849999360275 95133.21651549999660347),Miralla 3821,Villa Lugano,8,Los materiales deben estar lim,Papel / Cartón / Plástico / Metal / Vidrio
Point (99484.89852079999400303 96633.86002239999652375),Mozart 2340,Villa Lugano,8,Los materiales deben estar lim,Papel / Cartón / Plástico / Metal / Vidrio
Point (98719.44491059999563731 94839.69951760000549257),Murguiondo 4055,Villa Lugano,8,Los materiales deben estar lim,Papel / Cartón / Plástico / Metal / Vidrio
Point (98948.94458409999788273 94625.90468599999439903),Murguiondo 4297,Villa Lugano,8,Los materiales deben estar lim,Papel / Cartón / Plástico / Metal / Vidrio
Point (98975.36214270000346005 94600.52774819999467582),Murguiondo 4315,Villa Lugano,8,Los materiales deben estar lim,Papel / Cartón / Plástico / Metal / Vidrio
Point (99220.78343720000702888 94367.40418889999273233),Murguiondo 4575,Villa Lugano,8,Los materiales deben estar lim,Papel / Cartón / Plástico / Metal / Vidrio
Point (99393.19828789999883156 94205.82786590000614524),Murguiondo 4751,Villa Lugano,8,Los materiales deben estar lim,Papel / Cartón / Plástico / Metal / Vidrio
Point (99750.98303810000652447 93956.35031399999570567),"Olascoaga, Manuel Jose. Cnel 5003",Villa Lugano,8,Los materiales deben estar lim,Papel / Cartón / Plástico / Metal / Vidrio
Point (98787.55298439999751281 94951.87122309999540448),Oliden 4005,Villa Lugano,8,Los materiales deben estar lim,Papel / Cartón / Plástico / Metal / Vidrio
Point (99025.70373490000201855 94740.37029690000053961),Oliden 4278,Villa Lugano,8,Los materiales deben estar lim,Papel / Cartón / Plástico / Metal / Vidrio
Point (99410.26180530000419822 94377.07969119999324903),Oliden 4656,Villa Lugano,8,Los materiales deben estar lim,Papel / Cartón / Plástico / Metal / Vidrio
Point (99298.23377649999747518 95147.85882839999976568),"Ozanam Federico, Beato 5205",Villa Lugano,8,Los materiales deben estar lim,Papel / Cartón / Plástico / Metal / Vidrio
Point (99092.84001640000496991 95363.8451305000053253),Pola 3592,Villa Lugano,8,Los materiales deben estar lim,Papel / Cartón / Plástico / Metal / Vidrio
Point (100094.22726100000727456 93832.02691950000007637),"Ramirez, Ceferino Comodoro 5562",Villa Lugano,8,Los materiales deben estar lim,Papel / Cartón / Plástico / Metal / Vidrio
Point (98847.35156819999974687 94599.94626339999376796),"Riestra, Av 5796",Villa Lugano,8,Los materiales deben estar lim,Papel / Cartón / Plástico / Metal / Vidrio
Point (99569.8019672999944305 96503.26608159999886993),Saraza 4225,Villa Lugano,8,Los materiales deben estar lim,Papel / Cartón / Plástico / Metal / Vidrio
Point (99554.83480209999834187 96451.70022509999398608),Saraza 4268,Villa Lugano,8,Los materiales deben estar lim,Papel / Cartón / Plástico / Metal / Vidrio
Point (99447.05852469999808818 96357.46216979999735486),Saraza 4355,Villa Lugano,8,Los materiales deben estar lim,Papel / Cartón / Plástico / Metal / Vidrio
Point (99328.35305720000178553 95013.82274620000680443),Sayos 5294,Villa Lugano,8,Los materiales deben estar lim,Papel / Cartón / Plástico / Metal / Vidrio
Point (99762.9703016999992542 94080.8857272000022931),Soldado De La Frontera Av. 4954,Villa Lugano,8,Los materiales deben estar lim,Papel / Cartón / Plástico / Metal / Vidrio
Point (99977.00562759999593254 93816.83416250000300352),Soldado De La Frontera Av. 5210,Villa Lugano,8,Los materiales deben estar lim,Papel / Cartón / Plástico / Metal / Vidrio
Point (99966.18404750000627246 93723.74184820000664331),Soldado De La Frontera Av. 5251,Villa Lugano,8,Los materiales deben estar lim,Papel / Cartón / Plástico / Metal / Vidrio
Point (100177.84860300000582356 93507.32219150000310037),Soldado De La Frontera Av. 5482,Villa Lugano,8,Los materiales deben estar lim,Papel / Cartón / Plástico / Metal / Vidrio
Point (99427.11973019999277312 95491.12031179999758024),Somellera 4896,Villa Lugano,8,Los materiales deben estar lim,Papel / Cartón / Plástico / Metal / Vidrio
Point (99085.31691720000526402 95102.1567635999963386),Somellera 5394,Villa Lugano,8,Los materiales deben estar lim,Papel / Cartón / Plástico / Metal / Vidrio
Point (98924.12905740000132937 94924.73507179999432992),Somellera 5550,Villa Lugano,8,Los materiales deben estar lim,Papel / Cartón / Plástico / Metal / Vidrio
Point (98596.70400260000315029 94569.70133949999581091),Somellera 6011,Villa Lugano,8,Los materiales deben estar lim,Papel / Cartón / Plástico / Metal / Vidrio
Point (98306.82613709999714047 93657.96685149999393616),"Suarez, Jose Leon 4850",Villa Lugano,8,Los materiales deben estar lim,Papel / Cartón / Plástico / Metal / Vidrio
Point (99333.19079379999311641 94607.8175589000020409),Unanue 5511,Villa Lugano,8,Los materiales deben estar lim,Papel / Cartón / Plástico / Metal / Vidrio
Point (99430.03506860000197776 95936.69342209999740589),Zelarrayan 4572,Villa Lugano,8,Los materiales deben estar lim,Papel / Cartón / Plástico / Metal / Vidrio
Point (97744.17613340000389144 94406.92470200000389013),Casta?ares Av. 6509,Villa Lugano,8,Los materiales deben estar lim,Papel / Cartón / Plástico / Metal / Vidrio
Point (97629.79212959999858867 94299.17821980000007898),Casta?ares Av. 6611,Villa Lugano,8,Los materiales deben estar lim,Papel / Cartón / Plástico / Metal / Vidrio
Point (98017.81624699999520089 94660.09053909999784082),Ca?ada De Gomez 4008,Villa Lugano,8,Los materiales deben estar lim,Papel / Cartón / Plástico / Metal / Vidrio
Point (98717.69819270000152756 95992.32500810000055935),Albari?o 2995,Villa Lugano,8,Los materiales deben estar lim,Papel / Cartón / Plástico / Metal / Vidrio
Point (98623.88328049999836367 96080.51215819999924861),Albari?o 2897,Villa Lugano,8,Los materiales deben estar lim,Papel / Cartón / Plástico / Metal / Vidrio
Point (98196.86960239999461919 96483.14607630000682548),Albari?o 2525,Villa Lugano,8,Los materiales deben estar lim,Papel / Cartón / Plástico / Metal / Vidrio
Point (97529.09074430000327993 94667.20584059999964666),2 De Abril De 1982 6446,Villa Lugano,8,Los materiales deben estar lim,Papel / Cartón / Plástico / Metal / Vidrio
Point (97147.58883829999831505 94502.580104399996344),2 De Abril De 1982 6956,Villa Lugano,8,Los materiales deben estar lim,Papel / Cartón / Plástico / Metal / Vidrio
Point (98393.96879630000330508 95811.45373690000269562),"Alvarez, Crisostomo 5350",Villa Lugano,8,Los materiales deben estar lim,Papel / Cartón / Plástico / Metal / Vidrio
Point (98302.11560010000539478 95727.82534710000618361),"Alvarez, Crisostomo 5441",Villa Lugano,8,Los materiales deben estar lim,Papel / Cartón / Plástico / Metal / Vidrio
Point (97281.28421670000534505 94613.79652720000012778),"Alvarez, Crisostomo 6793",Villa Lugano,8,Los materiales deben estar lim,Papel / Cartón / Plástico / Metal / Vidrio
Point (98598.47328970000671688 96388.50899879999633413),Araujo 2669,Villa Lugano,8,Los materiales deben estar lim,Papel / Cartón / Plástico / Metal / Vidrio
Point (98688.48231770000711549 96300.2868599999928847),Araujo 2745,Villa Lugano,8,Los materiales deben estar lim,Papel / Cartón / Plástico / Metal / Vidrio
Point (97253.58853850000014063 95126.60184170000138693),Argentina Av. 6533,Villa Lugano,8,Los materiales deben estar lim,Papel / Cartón / Plástico / Metal / Vidrio
Point (96727.63118680000479799 95046.7634847000008449),Argentina Av. 6950,Villa Lugano,8,Los materiales deben estar lim,Papel / Cartón / Plástico / Metal / Vidrio
Point (98722.66007939999690279 95781.70176359999459237),Balbastro 5150,Villa Lugano,8,Los materiales deben estar lim,Papel / Cartón / Plástico / Metal / Vidrio
Point (97562.63433139999688137 94425.1969972999941092),Barca Cabo De Hornos 6650,Villa Lugano,8,Los materiales deben estar lim,Papel / Cartón / Plástico / Metal / Vidrio
Point (97350.04790190000494476 94369.28819880000082776),Barca Cabo De Hornos 6816,Villa Lugano,8,Los materiales deben estar lim,Papel / Cartón / Plástico / Metal / Vidrio
Point (98726.68197350000264123 96422.880257700002403),Basualdo 2606,Villa Lugano,8,Los materiales deben estar lim,Papel / Cartón / Plástico / Metal / Vidrio
Point (98867.77162400000088383 96290.51903840000159107),Basualdo 2704,Villa Lugano,8,Los materiales deben estar lim,Papel / Cartón / Plástico / Metal / Vidrio
Point (96851.29534240000066347 95338.29721180000342429),Carhue 3189,Villa Lugano,8,Los materiales deben estar lim,Papel / Cartón / Plástico / Metal / Vidrio
Point (97089.27032900000631344 95194.56745170000067446),Carhue 3340,Villa Lugano,8,Los materiales deben estar lim,Papel / Cartón / Plástico / Metal / Vidrio
Point (98357.65126830000372138 96485.44312169999466278),Corvalan 2506,Villa Lugano,8,Los materiales deben estar lim,Papel / Cartón / Plástico / Metal / Vidrio
Point (98537.37454629999410827 96315.6332103000022471),Corvalan 2680,Villa Lugano,8,Los materiales deben estar lim,Papel / Cartón / Plástico / Metal / Vidrio
Point (97962.71275239999522455 94552.12711580000177491),Cosquin 4047,Villa Lugano,8,Los materiales deben estar lim,Papel / Cartón / Plástico / Metal / Vidrio
Point (97508.71888539999781642 94457.43460049999703187),"Cuter, Luisito 4045",Villa Lugano,8,Los materiales deben estar lim,Papel / Cartón / Plástico / Metal / Vidrio
Point (97580.65770870000415016 95919.04393159999744967),"De La Rosa, Jose I., Dr. 6190",Villa Lugano,8,Los materiales deben estar lim,Papel / Cartón / Plástico / Metal / Vidrio
Point (99148.12942850000399631 96097.5722574999963399),"Dellepiane, Luis, Tte. Gral. 4630",Villa Lugano,8,Los materiales deben estar lim,Papel / Cartón / Plástico / Metal / Vidrio
Point (98973.35755869999411516 95926.77503839999553747),"Dellepiane, Luis, Tte. Gral. 4781",Villa Lugano,8,Los materiales deben estar lim,Papel / Cartón / Plástico / Metal / Vidrio
Point (99072.66922969999723136 95892.93416059999435674),"Dellepiane, Luis, Tte. Gral. 4850",Villa Lugano,8,Los materiales deben estar lim,Papel / Cartón / Plástico / Metal / Vidrio
Point (98972.56039689999306574 95921.91439740000350866),"Dellepiane, Luis, Tte. Gral. 4941",Villa Lugano,8,Los materiales deben estar lim,Papel / Cartón / Plástico / Metal / Vidrio
Point (98176.54905729999882169 93966.24231299999519251),"Dellepiane, Luis, Tte. Gral. 6655",Villa Lugano,8,Los materiales deben estar lim,Papel / Cartón / Plástico / Metal / Vidrio
Point (98469.33817380000255071 96388.02267970000684727),Echeandia 5000,Villa Lugano,8,Los materiales deben estar lim,Papel / Cartón / Plástico / Metal / Vidrio
Point (97029.99476400000276044 94803.51928639999823645),Echeandia 6810,Villa Lugano,8,Los materiales deben estar lim,Papel / Cartón / Plástico / Metal / Vidrio
Point (96912.3583364999940386 94669.1657643999933498),Echeandia 6990,Villa Lugano,8,Los materiales deben estar lim,Papel / Cartón / Plástico / Metal / Vidrio
Point (98989.69459590000042226 96419.61916640000708867),Escalada Av. 2515,Villa Lugano,8,Los materiales deben estar lim,Papel / Cartón / Plástico / Metal / Vidrio
Point (97912.94123029999900609 96324.65120940000633709),Fonrouge 2699,Villa Lugano,8,Los materiales deben estar lim,Papel / Cartón / Plástico / Metal / Vidrio
Point (97944.20145569999294821 96306.18047680000017863),Fonrouge 2706,Villa Lugano,8,Los materiales deben estar lim,Papel / Cartón / Plástico / Metal / Vidrio
Point (98262.82210079999640584 96005.81592490000184625),Fonrouge 2990,Villa Lugano,8,Los materiales deben estar lim,Papel / Cartón / Plástico / Metal / Vidrio
Point (98496.82469150000542868 95786.41965290000371169),Fonrouge 3180,Villa Lugano,8,Los materiales deben estar lim,Papel / Cartón / Plástico / Metal / Vidrio
Point (97690.08784819999709725 94554.89640850000432692),Goleta Santa Cruz 6519,Villa Lugano,8,Los materiales deben estar lim,Papel / Cartón / Plástico / Metal / Vidrio
Point (97489.18100749999575783 94502.77196559999720193),Goleta Santa Cruz 6711,Villa Lugano,8,Los materiales deben estar lim,Papel / Cartón / Plástico / Metal / Vidrio
Point (97321.43761459999950603 94458.29539709999517072),Goleta Santa Cruz 6851,Villa Lugano,8,Los materiales deben estar lim,Papel / Cartón / Plástico / Metal / Vidrio
Point (98171.48726660000102129 94651.98708900000201538),"Gordillo, Timoteo 4106",Villa Lugano,8,Los materiales deben estar lim,Papel / Cartón / Plástico / Metal / Vidrio
Point (98379.66998099999909755 94441.83243450000009034),"Gordillo, Timoteo 4256",Villa Lugano,8,Los materiales deben estar lim,Papel / Cartón / Plástico / Metal / Vidrio
Point (98657.45269829999597277 96616.84172120000584982),Guardia Nacional 2491,Villa Lugano,8,Los materiales deben estar lim,Papel / Cartón / Plástico / Metal / Vidrio
Point (98791.58396129999891855 96487.15422719999332912),Guardia Nacional 2605,Villa Lugano,8,Los materiales deben estar lim,Papel / Cartón / Plástico / Metal / Vidrio
Point (97955.48333180000190623 96142.42485959999612533),Larraya 2787,Villa Lugano,8,Los materiales deben estar lim,Papel / Cartón / Plástico / Metal / Vidrio
Point (98383.85577569999441039 95739.02313339999818709),Larraya 3137,Villa Lugano,8,Los materiales deben estar lim,Papel / Cartón / Plástico / Metal / Vidrio
Point (98502.1672095999965677 95627.74184519999835175),Larraya 3271,Villa Lugano,8,Los materiales deben estar lim,Papel / Cartón / Plástico / Metal / Vidrio
Point (97779.90419689999544062 96102.22140179999405518),Larrazabal 2712,Villa Lugano,8,Los materiales deben estar lim,Papel / Cartón / Plástico / Metal / Vidrio
Point (98045.74904890000470914 95850.93050010000297334),Larrazabal 2948,Villa Lugano,8,Los materiales deben estar lim,Papel / Cartón / Plástico / Metal / Vidrio
Point (98405.74666330000036396 95508.79071810000459664),Larrazabal 3296,Villa Lugano,8,Los materiales deben estar lim,Papel / Cartón / Plástico / Metal / Vidrio
Point (98459.46267219999572262 95458.9478168000059668),Larrazabal 3330,Villa Lugano,8,Los materiales deben estar lim,Papel / Cartón / Plástico / Metal / Vidrio
Point (98665.47062910000386182 95264.97813990000577178),Larrazabal 3552,Villa Lugano,8,Los materiales deben estar lim,Papel / Cartón / Plástico / Metal / Vidrio
Point (97995.36348949999955948 95367.73116939999454189),"Leguizamon, Martiniano 3418",Villa Lugano,8,Los materiales deben estar lim,Papel / Cartón / Plástico / Metal / Vidrio
Point (98130.1899048000050243 95246.51057529999525286),"Leguizamon, Martiniano 3560",Villa Lugano,8,Los materiales deben estar lim,Papel / Cartón / Plástico / Metal / Vidrio
Point (98377.1953429999994114 95025.36422410000523087),"Leguizamon, Martiniano 3810",Villa Lugano,8,Los materiales deben estar lim,Papel / Cartón / Plástico / Metal / Vidrio
Point (98560.71256280000670813 94861.59547050000401214),"Leguizamon, Martiniano 3988",Villa Lugano,8,Los materiales deben estar lim,Papel / Cartón / Plástico / Metal / Vidrio
Point (98289.93985650000104215 96265.5752784999931464),Miralla 2680,Villa Lugano,8,Los materiales deben estar lim,Papel / Cartón / Plástico / Metal / Vidrio
Point (98487.3296427000022959 96078.66854779999994207),Miralla 2850,Villa Lugano,8,Los materiales deben estar lim,Papel / Cartón / Plástico / Metal / Vidrio
Point (98647.06464060000143945 95928.87403419999463949),Miralla 2986,Villa Lugano,8,Los materiales deben estar lim,Papel / Cartón / Plástico / Metal / Vidrio
Point (98839.60352649999549612 95748.85791589999280404),Miralla 3190,Villa Lugano,8,Los materiales deben estar lim,Papel / Cartón / Plástico / Metal / Vidrio
Point (97217.5970452000037767 94791.40781649999553338),Montiel 3806,Villa Lugano,8,Los materiales deben estar lim,Papel / Cartón / Plástico / Metal / Vidrio
Point (97351.91761649999534711 94667.66679730000032578),Montiel 3902,Villa Lugano,8,Los materiales deben estar lim,Papel / Cartón / Plástico / Metal / Vidrio
Point (97453.14654200000222772 96014.60066589999769349),Murguiondo 2891,Villa Lugano,8,Los materiales deben estar lim,Papel / Cartón / Plástico / Metal / Vidrio
Point (98058.7107185000058962 95438.26258989999769256),Murguiondo 3405,Villa Lugano,8,Los materiales deben estar lim,Papel / Cartón / Plástico / Metal / Vidrio
Point (98605.09852450000471435 94941.41997590000391938),Murguiondo 3991,Villa Lugano,8,Los materiales deben estar lim,Papel / Cartón / Plástico / Metal / Vidrio
Point (97602.90823400000226684 96053.61842820000310894),Oliden 2852,Villa Lugano,8,Los materiales deben estar lim,Papel / Cartón / Plástico / Metal / Vidrio
Point (97870.11938519999966957 95798.56527599999390077),Oliden 3090,Villa Lugano,8,Los materiales deben estar lim,Papel / Cartón / Plástico / Metal / Vidrio
Point (98087.96244869999645744 95591.50127639999845996),Oliden 3262,Villa Lugano,8,Los materiales deben estar lim,Papel / Cartón / Plástico / Metal / Vidrio
Point (98348.69966339999518823 95360.74488100000598934),Oliden 3520,Villa Lugano,8,Los materiales deben estar lim,Papel / Cartón / Plástico / Metal / Vidrio
Point (97709.4300362999929348 93923.58915630000410601),"Paz, Gral. Av. 15400",Villa Lugano,8,Los materiales deben estar lim,Papel / Cartón / Plástico / Metal / Vidrio
Point (97140.41250479999871459 95624.21949059999315068),"Peron, Eva Av. 6633",Villa Lugano,8,Los materiales deben estar lim,Papel / Cartón / Plástico / Metal / Vidrio
Point (97010.07217800000216812 95468.21474359999410808),"Peron, Eva Av. 6829",Villa Lugano,8,Los materiales deben estar lim,Papel / Cartón / Plástico / Metal / Vidrio
Point (96554.90464480000082403 95094.43644039999344386),"Peron, Eva Av. 7427",Villa Lugano,8,Los materiales deben estar lim,Papel / Cartón / Plástico / Metal / Vidrio
Point (97144.06796559999929741 95317.15848909999476746),Piedra Buena Av. 3205,Villa Lugano,8,Los materiales deben estar lim,Papel / Cartón / Plástico / Metal / Vidrio
Point (97655.07762840000214055 94705.12432810000609607),Piedra Buena Av. 3815,Villa Lugano,8,Los materiales deben estar lim,Papel / Cartón / Plástico / Metal / Vidrio
Point (98115.14093229999707546 96276.33261149999452755),Pola 2697,Villa Lugano,8,Los materiales deben estar lim,Papel / Cartón / Plástico / Metal / Vidrio
Point (98259.57183689999510534 96139.81681740000203717),Pola 2817,Villa Lugano,8,Los materiales deben estar lim,Papel / Cartón / Plástico / Metal / Vidrio
Point (98789.84376699999847915 95635.76916470000287518),Pola 3319,Villa Lugano,8,Los materiales deben estar lim,Papel / Cartón / Plástico / Metal / Vidrio
Point (97740.67374139999446925 95451.79858309999690391),"Rucci, Jose Ignacio 3280",Villa Lugano,8,Los materiales deben estar lim,Papel / Cartón / Plástico / Metal / Vidrio
Point (97948.12617430000682361 95238.93232760000682902),"Rucci, Jose Ignacio 3466",Villa Lugano,8,Los materiales deben estar lim,Papel / Cartón / Plástico / Metal / Vidrio
Point (99470.70968119999452028 96811.90015190000121947),Santander 4125,Villa Lugano,8,Los materiales deben estar lim,Papel / Cartón / Plástico / Metal / Vidrio
Point (98899.49919479999516625 96140.79957859999558423),Santander 4792,Villa Lugano,8,Los materiales deben estar lim,Papel / Cartón / Plástico / Metal / Vidrio
Point (98790.94580770000175107 96030.76633270000456832),Santander 4922,Villa Lugano,8,Los materiales deben estar lim,Papel / Cartón / Plástico / Metal / Vidrio
Point (98425.8879845000046771 95305.73174449999351054),Saraza 5591,Villa Lugano,8,Los materiales deben estar lim,Papel / Cartón / Plástico / Metal / Vidrio
Point (98214.17328119999729097 95070.51375420000113081),Saraza 5852,Villa Lugano,8,Los materiales deben estar lim,Papel / Cartón / Plástico / Metal / Vidrio
Point (97376.91091340000275522 94988.29240710000158288),Zuviria 6520,Villa Lugano,8,Los materiales deben estar lim,Papel / Cartón / Plástico / Metal / Vidrio
Point (97050.87115580000681803 94646.67729609999514651),Zuviria 6810,Villa Lugano,8,Los materiales deben estar lim,Papel / Cartón / Plástico / Metal / Vidrio
Point (96109.90679150000505615 99805.97742100000323262),"Magari?os Cervantes, A. 5249",Villa Luro,10,Los materiales deben estar lim,Papel / Cartón / Plástico / Metal / Vidrio
Point (95872.28777070000069216 99549.2616859999980079),"Magari?os Cervantes, A. 5511",Villa Luro,10,Los materiales deben estar lim,Papel / Cartón / Plástico / Metal / Vidrio
Point (95803.92614209999737795 98739.30112119999830611),Albari?o 213,Villa Luro,10,Los materiales deben estar lim,Papel / Cartón / Plástico / Metal / Vidrio
Point (95491.53207289999409113 100302.92398799999500625),Alcaraz 5495,Villa Luro,10,Los materiales deben estar lim,Papel / Cartón / Plástico / Metal / Vidrio
Point (95365.78135999999358319 100139.92155600000114646),Alcaraz 5651,Villa Luro,10,Los materiales deben estar lim,Papel / Cartón / Plástico / Metal / Vidrio
Point (95495.97372419999737758 100483.46798400000261609),Alvarez Jonte Av. 5379,Villa Luro,10,Los materiales deben estar lim,Papel / Cartón / Plástico / Metal / Vidrio
Point (95330.05502670000714716 100306.21323199999460485),Alvarez Jonte Av. 5555,Villa Luro,10,Los materiales deben estar lim,Papel / Cartón / Plástico / Metal / Vidrio
Point (95230.26207100000465289 100199.78042799999821),Alvarez Jonte Av. 5695,Villa Luro,10,Los materiales deben estar lim,Papel / Cartón / Plástico / Metal / Vidrio
Point (95208.43699869999545626 100176.54189100000075996),Alvarez Jonte Av. 5707,Villa Luro,10,Los materiales deben estar lim,Papel / Cartón / Plástico / Metal / Vidrio
Point (96203.5570748000027379 98645.50337340000260156),Araujo 355,Villa Luro,10,Los materiales deben estar lim,Papel / Cartón / Plástico / Metal / Vidrio
Point (96453.3553362999955425 98432.28131299999949988),Araujo 584,Villa Luro,10,Los materiales deben estar lim,Papel / Cartón / Plástico / Metal / Vidrio
Point (96887.836978099992848 99382.9315028999990318),Bacacay 5020,Villa Luro,10,Los materiales deben estar lim,Papel / Cartón / Plástico / Metal / Vidrio
Point (96390.05151859999750741 99304.00816090000444092),Bacacay 5410,Villa Luro,10,Los materiales deben estar lim,Papel / Cartón / Plástico / Metal / Vidrio
Point (96138.78076690000307281 99272.00685449999582488),Bacacay 5606,Villa Luro,10,Los materiales deben estar lim,Papel / Cartón / Plástico / Metal / Vidrio
Point (96363.43495629999961238 98652.3298066999996081),Basualdo 332,Villa Luro,10,Los materiales deben estar lim,Papel / Cartón / Plástico / Metal / Vidrio
Point (97169.6406565000070259 98746.24190290000115056),Cajaravilla 4786,Villa Luro,10,Los materiales deben estar lim,Papel / Cartón / Plástico / Metal / Vidrio
Point (96972.71276090000174008 98712.26552420000371058),Cajaravilla 4950,Villa Luro,10,Los materiales deben estar lim,Papel / Cartón / Plástico / Metal / Vidrio
Point (96095.59633949999988545 99968.41361240000696853),Camarones 5264,Villa Luro,10,Los materiales deben estar lim,Papel / Cartón / Plástico / Metal / Vidrio
Point (95956.93364109999674838 99817.07105630000296514),Camarones 5416,Villa Luro,10,Los materiales deben estar lim,Papel / Cartón / Plástico / Metal / Vidrio
Point (95787.38532410000334494 99633.28858480000053532),Camarones 5606,Villa Luro,10,Los materiales deben estar lim,Papel / Cartón / Plástico / Metal / Vidrio
Point (97263.4096819999977015 98494.85426969999389257),"Castro, Emilio 4853",Villa Luro,10,Los materiales deben estar lim,Papel / Cartón / Plástico / Metal / Vidrio
Point (96999.15556620000279509 98449.76669489999767393),"Castro, Emilio 5035",Villa Luro,10,Los materiales deben estar lim,Papel / Cartón / Plástico / Metal / Vidrio
Point (96689.69483609999588225 99663.48631110000133049),"Corro, Miguel C. Del, Canonigo 630",Villa Luro,10,Los materiales deben estar lim,Papel / Cartón / Plástico / Metal / Vidrio
Point (96367.23000219999812543 99680.46403790000476874),"Diaz, Cesar, Gral. 5391",Villa Luro,10,Los materiales deben estar lim,Papel / Cartón / Plástico / Metal / Vidrio
Point (96289.17639520000375342 99594.3551420000003418),"Diaz, Cesar, Gral. 5477",Villa Luro,10,Los materiales deben estar lim,Papel / Cartón / Plástico / Metal / Vidrio
Point (96077.8432219999958761 99355.34504220000235364),"Diaz, Cesar, Gral. Av. 5705",Villa Luro,10,Los materiales deben estar lim,Papel / Cartón / Plástico / Metal / Vidrio
Point (96967.32080909999785945 99059.33923969999887049),Donizetti 48,Villa Luro,10,Los materiales deben estar lim,Papel / Cartón / Plástico / Metal / Vidrio
Point (96439.20965039999282453 98870.38147120000212453),Escalada Av. 126,Villa Luro,10,Los materiales deben estar lim,Papel / Cartón / Plástico / Metal / Vidrio
Point (96735.41721630000392906 98590.25614240000140853),Escalada Av. 480,Villa Luro,10,Los materiales deben estar lim,Papel / Cartón / Plástico / Metal / Vidrio
Point (96920.28973809999297373 98415.62054309999803081),Escalada Av. 618,Villa Luro,10,Los materiales deben estar lim,Papel / Cartón / Plástico / Metal / Vidrio
Point (97297.85624199999438133 99043.89204200000676792),"Falcon, Ramon L.,cnel. 4644",Villa Luro,10,Los materiales deben estar lim,Papel / Cartón / Plástico / Metal / Vidrio
Point (96940.72391380000044592 98987.10478949999378528),"Falcon, Ramon L.,cnel. 4922",Villa Luro,10,Los materiales deben estar lim,Papel / Cartón / Plástico / Metal / Vidrio
Point (96644.15432810000493191 98939.58078489999752492),"Falcon, Ramon L.,cnel. 5154",Villa Luro,10,Los materiales deben estar lim,Papel / Cartón / Plástico / Metal / Vidrio
Point (96154.80808519999845885 98900.81720560000394471),"Falcon, Ramon L.,cnel. Av. 5577",Villa Luro,10,Los materiales deben estar lim,Papel / Cartón / Plástico / Metal / Vidrio
Point (95953.4899507999944035 98857.69767589999537449),"Falcon, Ramon L.,cnel. Av. 5711",Villa Luro,10,Los materiales deben estar lim,Papel / Cartón / Plástico / Metal / Vidrio
Point (95839.47995500000251923 100046.53157599999394733),"Garcia, Juan Agustin 5446",Villa Luro,10,Los materiales deben estar lim,Papel / Cartón / Plástico / Metal / Vidrio
Point (95687.02769800000532996 99881.08510209999803919),"Garcia, Juan Agustin 5624",Villa Luro,10,Los materiales deben estar lim,Papel / Cartón / Plástico / Metal / Vidrio
Point (95662.68444320000708103 100052.21031900000525638),"Gonzalez, Elpidio 5445",Villa Luro,10,Los materiales deben estar lim,Papel / Cartón / Plástico / Metal / Vidrio
Point (95564.39618310000514612 99944.59981709999556188),"Gonzalez, Elpidio 5557",Villa Luro,10,Los materiales deben estar lim,Papel / Cartón / Plástico / Metal / Vidrio
Point (96353.53079770000476856 98797.82191250000323635),Guardia Nacional 265,Villa Luro,10,Los materiales deben estar lim,Papel / Cartón / Plástico / Metal / Vidrio
Point (96549.33641869999701157 98611.91330699999525677),Guardia Nacional 449,Villa Luro,10,Los materiales deben estar lim,Papel / Cartón / Plástico / Metal / Vidrio
Point (95469.24602180000510998 100133.19393799999670591),"Hugo, Victor 1253",Villa Luro,10,Los materiales deben estar lim,Papel / Cartón / Plástico / Metal / Vidrio
Point (96270.57315759999619331 99347.21399059999384917),"Hugo, Victor 343",Villa Luro,10,Los materiales deben estar lim,Papel / Cartón / Plástico / Metal / Vidrio
Point (96008.48519069999747444 99645.89169770000444259),"Hugo, Victor 685",Villa Luro,10,Los materiales deben estar lim,Papel / Cartón / Plástico / Metal / Vidrio
Point (96400.84270330000435933 99560.1288535000057891),"Justo, Juan B. Av. 8160",Villa Luro,10,Los materiales deben estar lim,Papel / Cartón / Plástico / Metal / Vidrio
Point (96130.18915219999325927 99463.23161740000068676),"Justo, Juan B. Av. 8324",Villa Luro,10,Los materiales deben estar lim,Papel / Cartón / Plástico / Metal / Vidrio
Point (95921.29759010000270791 99429.30134550000366289),"Justo, Juan B. Av. 8447",Villa Luro,10,Los materiales deben estar lim,Papel / Cartón / Plástico / Metal / Vidrio
Point (96604.783750600006897 99547.66082469999673776),Lope De Vega 452,Villa Luro,10,Los materiales deben estar lim,Papel / Cartón / Plástico / Metal / Vidrio
Point (96076.3581722999952035 100078.55116499999712687),Lope De Vega Av. 1188,Villa Luro,10,Los materiales deben estar lim,Papel / Cartón / Plástico / Metal / Vidrio
Point (95900.73258609999902546 100235.95133700000587851),Lope De Vega Av. 1366,Villa Luro,10,Los materiales deben estar lim,Papel / Cartón / Plástico / Metal / Vidrio
Point (96262.16334319999441504 99912.93638349999673665),Lope De Vega Av. 972,Villa Luro,10,Los materiales deben estar lim,Papel / Cartón / Plástico / Metal / Vidrio
Point (95679.70070929999928921 100244.56449000000429805),Miranda 5408,Villa Luro,10,Los materiales deben estar lim,Papel / Cartón / Plástico / Metal / Vidrio
Point (95422.99790030000440311 99965.17404100000567269),Miranda 5708,Villa Luro,10,Los materiales deben estar lim,Papel / Cartón / Plástico / Metal / Vidrio
Point (97444.79242500000691507 98669.13776050000160467),Mozart 400,Villa Luro,10,Los materiales deben estar lim,Papel / Cartón / Plástico / Metal / Vidrio
Point (96231.56938970000192057 99718.72006219999457244),Murature 5230,Villa Luro,10,Los materiales deben estar lim,Papel / Cartón / Plástico / Metal / Vidrio
Point (95932.41175109999312554 98679.40659159999631811),Patron 5562,Villa Luro,10,Los materiales deben estar lim,Papel / Cartón / Plástico / Metal / Vidrio
Point (97117.61061909999989439 98875.96118110000679735),Rafaela 4806,Villa Luro,10,Los materiales deben estar lim,Papel / Cartón / Plástico / Metal / Vidrio
Point (96745.74822049999784213 98822.84066889999667183),Rafaela 5095,Villa Luro,10,Los materiales deben estar lim,Papel / Cartón / Plástico / Metal / Vidrio
Point (96147.72198020000359975 99008.98186139999597799),Rivadavia Av. 10065,Villa Luro,10,Los materiales deben estar lim,Papel / Cartón / Plástico / Metal / Vidrio
Point (95917.76101630000630394 98962.18141330000071321),Rivadavia Av. 10227,Villa Luro,10,Los materiales deben estar lim,Papel / Cartón / Plástico / Metal / Vidrio
Point (96395.9278067999985069 99055.33076640000217594),Rivadavia Av. 9829,Villa Luro,10,Los materiales deben estar lim,Papel / Cartón / Plástico / Metal / Vidrio
Point (95918.18571010000596289 99958.61712249999982305),San Blas 5275,Villa Luro,10,Los materiales deben estar lim,Papel / Cartón / Plástico / Metal / Vidrio
Point (95659.25900320000073407 99679.51068880000093486),San Blas 5545,Villa Luro,10,Los materiales deben estar lim,Papel / Cartón / Plástico / Metal / Vidrio
Point (96728.68368370000098366 99502.45255649999307934),Sarachaga 5215,Villa Luro,10,Los materiales deben estar lim,Papel / Cartón / Plástico / Metal / Vidrio
Point (96391.8651635999995051 99449.88002409999899101),Sarachaga 5491,Villa Luro,10,Los materiales deben estar lim,Papel / Cartón / Plástico / Metal / Vidrio
Point (97309.43920740000612568 98656.41843299999891315),White 380,Villa Luro,10,Los materiales deben estar lim,Papel / Cartón / Plástico / Metal / Vidrio
Point (96051.85508189999382012 99097.93275550000544172),Yerbal 5709,Villa Luro,10,Los materiales deben estar lim,Papel / Cartón / Plástico / Metal / Vidrio
Point (95826.17563949999748729 99050.64068090000364464),Yerbal 5893,Villa Luro,10,Los materiales deben estar lim,Papel / Cartón / Plástico / Metal / Vidrio
Point (97114.490998799999943 98608.03844910000043456),Zelada 4841,Villa Luro,10,Los materiales deben estar lim,Papel / Cartón / Plástico / Metal / Vidrio
Point (96838.63760590000310913 98561.68070690000604372),Zelada 5067,Villa Luro,10,Los materiales deben estar lim,Papel / Cartón / Plástico / Metal / Vidrio
Point (100157.50687800000014249 105137.74246700000367127),Fraga 1274,Villa Ortuzar,15,Los materiales deben estar lim,Papel / Cartón / Plástico / Metal / Vidrio
Point (99926.32649930000479799 105145.89974900000379421),Fraga 1448,Villa Ortuzar,15,Los materiales deben estar lim,Papel / Cartón / Plástico / Metal / Vidrio
Point (99498.06183310000051279 105160.81992700000409968),Fraga 1830,Villa Ortuzar,15,Los materiales deben estar lim,Papel / Cartón / Plástico / Metal / Vidrio
Point (99539.70846880000317469 105733.04684300000371877),Plaza 1508,Villa Ortuzar,15,Los materiales deben estar lim,Papel / Cartón / Plástico / Metal / Vidrio
Point (99354.32973909999418538 105999.00155200000153854),Plaza 1738,Villa Ortuzar,15,Los materiales deben estar lim,Papel / Cartón / Plástico / Metal / Vidrio
Point (100129.80094699999608565 105442.20776999999361578),14 De Julio 1146,Villa Ortuzar,15,Los materiales deben estar lim,Papel / Cartón / Plástico / Metal / Vidrio
Point (100050.92661599999701139 105772.44123300000501331),14 De Julio 1352,Villa Ortuzar,15,Los materiales deben estar lim,Papel / Cartón / Plástico / Metal / Vidrio
Point (99781.68373119999887422 106115.69150400000216905),14 De Julio 1650,Villa Ortuzar,15,Los materiales deben estar lim,Papel / Cartón / Plástico / Metal / Vidrio
Point (99121.14661630000045989 105803.59769799999776296),"Acha, Mariano, Gral. 1715",Villa Ortuzar,15,Los materiales deben estar lim,Papel / Cartón / Plástico / Metal / Vidrio
Point (99242.13680950000707526 105681.3577579999982845),Alvarez Thomas Av. 2155,Villa Ortuzar,15,Los materiales deben estar lim,Papel / Cartón / Plástico / Metal / Vidrio
Point (99600.62556420000328217 104903.5329630000051111),Caldas 1623,Villa Ortuzar,15,Los materiales deben estar lim,Papel / Cartón / Plástico / Metal / Vidrio
Point (99643.65663599999970756 105920.47453300000051968),Carbajal 3830,Villa Ortuzar,15,Los materiales deben estar lim,Papel / Cartón / Plástico / Metal / Vidrio
Point (99696.45633830000588205 105397.0103839999937918),Charlone 1752,Villa Ortuzar,15,Los materiales deben estar lim,Papel / Cartón / Plástico / Metal / Vidrio
Point (99497.51528890000190586 105404.39471300000150222),Charlone 1930,Villa Ortuzar,15,Los materiales deben estar lim,Papel / Cartón / Plástico / Metal / Vidrio
Point (99371.64266399999905843 104772.20723499999439809),Chorroarin Av. 953,Villa Ortuzar,15,Los materiales deben estar lim,Papel / Cartón / Plástico / Metal / Vidrio
Point (98772.94336809999367688 105631.28326599999854807),Combatientes De Malvinas Av. 3549,Villa Ortuzar,15,Los materiales deben estar lim,Papel / Cartón / Plástico / Metal / Vidrio
Point (99301.20721209999464918 105484.75586000000475906),Donado 1370,Villa Ortuzar,15,Los materiales deben estar lim,Papel / Cartón / Plástico / Metal / Vidrio
Point (99269.65654569999605883 105756.69338899999274872),Donado 1644,Villa Ortuzar,15,Los materiales deben estar lim,Papel / Cartón / Plástico / Metal / Vidrio
Point (99301.23128510000242386 105029.4478850000014063),Donado 998,Villa Ortuzar,15,Los materiales deben estar lim,Papel / Cartón / Plástico / Metal / Vidrio
Point (99813.62743750000663567 105741.65463900000031572),Estomba 1410,Villa Ortuzar,15,Los materiales deben estar lim,Papel / Cartón / Plástico / Metal / Vidrio
Point (99634.498403599995072 105993.91279600000416394),Estomba 1636,Villa Ortuzar,15,Los materiales deben estar lim,Papel / Cartón / Plástico / Metal / Vidrio
Point (99473.96804259999771602 106167.0432509999955073),Estomba 1790,Villa Ortuzar,15,Los materiales deben estar lim,Papel / Cartón / Plástico / Metal / Vidrio
Point (99741.68515380000462756 104822.38685399999667425),Estomba 530,Villa Ortuzar,15,Los materiales deben estar lim,Papel / Cartón / Plástico / Metal / Vidrio
Point (99794.2843836999963969 104547.15648900000087451),Girardot 1350,Villa Ortuzar,15,Los materiales deben estar lim,Papel / Cartón / Plástico / Metal / Vidrio
Point (99582.44834630000696052 104734.98785200000565965),Girardot 1526,Villa Ortuzar,15,Los materiales deben estar lim,Papel / Cartón / Plástico / Metal / Vidrio
Point (100110.59884999999485444 105511.78444499999750406),Giribone 1413,Villa Ortuzar,15,Los materiales deben estar lim,Papel / Cartón / Plástico / Metal / Vidrio
Point (99816.83557310000469442 105522.17911300000560004),Giribone 1641,Villa Ortuzar,15,Los materiales deben estar lim,Papel / Cartón / Plástico / Metal / Vidrio
Point (99601.68403459999535698 105529.90258799999719486),Giribone 1829,Villa Ortuzar,15,Los materiales deben estar lim,Papel / Cartón / Plástico / Metal / Vidrio
Point (100060.6615730000048643 105027.99088100000517443),Guevara 1339,Villa Ortuzar,15,Los materiales deben estar lim,Papel / Cartón / Plástico / Metal / Vidrio
Point (100010.1407619999954477 105569.7336630000063451),Heredia 1251,Villa Ortuzar,15,Los materiales deben estar lim,Papel / Cartón / Plástico / Metal / Vidrio
Point (99916.75060179999854881 105831.45191400000476278),Heredia 1417,Villa Ortuzar,15,Los materiales deben estar lim,Papel / Cartón / Plástico / Metal / Vidrio
Point (99798.45403379999333993 105971.55843000000459142),Heredia 1557,Villa Ortuzar,15,Los materiales deben estar lim,Papel / Cartón / Plástico / Metal / Vidrio
Point (99668.54126260000339244 106111.38285900000482798),Heredia 1689,Villa Ortuzar,15,Los materiales deben estar lim,Papel / Cartón / Plástico / Metal / Vidrio
Point (99852.95145989999582525 104740.55502099999284837),Heredia 535,Villa Ortuzar,15,Los materiales deben estar lim,Papel / Cartón / Plástico / Metal / Vidrio
Point (99496.6080428999994183 105631.14961300000140909),Holmberg 1419,Villa Ortuzar,15,Los materiales deben estar lim,Papel / Cartón / Plástico / Metal / Vidrio
Point (99366.61424569999508094 105817.39804200000071432),Holmberg 1641,Villa Ortuzar,15,Los materiales deben estar lim,Papel / Cartón / Plástico / Metal / Vidrio
Point (99043.54487430000153836 105485.81830499999341555),Lugones 1498,Villa Ortuzar,15,Los materiales deben estar lim,Papel / Cartón / Plástico / Metal / Vidrio
Point (99043.37474100000690669 105577.68845000000146683),Lugones 1570,Villa Ortuzar,15,Los materiales deben estar lim,Papel / Cartón / Plástico / Metal / Vidrio
Point (98914.11159200000111014 105842.07247800000186544),Miller 1828,Villa Ortuzar,15,Los materiales deben estar lim,Papel / Cartón / Plástico / Metal / Vidrio
Point (100057.45057899999665096 105270.81600000000617001),Roseti 1455,Villa Ortuzar,15,Los materiales deben estar lim,Papel / Cartón / Plástico / Metal / Vidrio
Point (99807.61911070000496693 105279.6658610000013141),Roseti 1645,Villa Ortuzar,15,Los materiales deben estar lim,Papel / Cartón / Plástico / Metal / Vidrio
Point (99593.21125370000663679 105287.38143500000296626),Roseti 1827,Villa Ortuzar,15,Los materiales deben estar lim,Papel / Cartón / Plástico / Metal / Vidrio
Point (99355.06871120000141673 105294.30806199999642558),Roseti 2055,Villa Ortuzar,15,Los materiales deben estar lim,Papel / Cartón / Plástico / Metal / Vidrio
Point (99891.37094189999334048 104952.61639100000320468),Triunvirato Av. 2973,Villa Ortuzar,15,Los materiales deben estar lim,Papel / Cartón / Plástico / Metal / Vidrio
Point (99570.94451950000075158 105078.75076300000364427),Triunvirato Av. 3245,Villa Ortuzar,15,Los materiales deben estar lim,Papel / Cartón / Plástico / Metal / Vidrio
Point (99274.29292950000672136 105195.28997500000696164),Triunvirato Av. 3515,Villa Ortuzar,15,Los materiales deben estar lim,Papel / Cartón / Plástico / Metal / Vidrio
Point (98923.40406800000346266 105398.71192899999732617),Triunvirato Av. 3822,Villa Ortuzar,15,Los materiales deben estar lim,Papel / Cartón / Plástico / Metal / Vidrio
Point (99675.14339680000557564 105733.02653000000282191),Tronador 1471,Villa Ortuzar,15,Los materiales deben estar lim,Papel / Cartón / Plástico / Metal / Vidrio
Point (99496.13746909999463242 105992.11038500000722706),Tronador 1689,Villa Ortuzar,15,Los materiales deben estar lim,Papel / Cartón / Plástico / Metal / Vidrio
Point (99733.6409743999975035 105095.83132100000511855),Tronador 845,Villa Ortuzar,15,Los materiales deben estar lim,Papel / Cartón / Plástico / Metal / Vidrio
Point (99774.99296600000525359 105686.05689999999594875),Zarraga 3854,Villa Ortuzar,15,Los materiales deben estar lim,Papel / Cartón / Plástico / Metal / Vidrio
Point (99854.32412609999300912 106116.97724700000253506),Forest Av. 1596,Villa Ortuzar,15,Los materiales deben estar lim,Papel / Cartón / Plástico / Metal / Vidrio
Point (99777.48036169999977574 106175.3370100000029197),Forest Av. 1670,Villa Ortuzar,15,Los materiales deben estar lim,Papel / Cartón / Plástico / Metal / Vidrio
Point (99589.55470290000084788 106264.49754300000495277),La Pampa 3774,Villa Ortuzar,15,Los materiales deben estar lim,Papel / Cartón / Plástico / Metal / Vidrio
Point (95829.06399280000186991 105958.31744699999399018),Ezeiza 2712,Villa Pueyrredon,12,Los materiales deben estar lim,Papel / Cartón / Plástico / Metal / Vidrio
Point (96286.92791499999293592 106124.84605500000179745),Albarellos Av. 2360,Villa Pueyrredon,12,Los materiales deben estar lim,Papel / Cartón / Plástico / Metal / Vidrio
Point (96187.00233160000061616 106053.71440799999982119),Albarellos Av. 2462,Villa Pueyrredon,12,Los materiales deben estar lim,Papel / Cartón / Plástico / Metal / Vidrio
Point (95848.06505089999700431 105828.0588759999955073),Albarellos Av. 2775,Villa Pueyrredon,12,Los materiales deben estar lim,Papel / Cartón / Plástico / Metal / Vidrio
Point (95786.56279450000147335 105766.88325199999962933),Albarellos Av. 2838,Villa Pueyrredon,12,Los materiales deben estar lim,Papel / Cartón / Plástico / Metal / Vidrio
Point (95424.79578369999944698 105508.31547600000340026),Albarellos Av. 3142,Villa Pueyrredon,12,Los materiales deben estar lim,Papel / Cartón / Plástico / Metal / Vidrio
Point (95880.98063869999896269 106344.87833099999988917),"Alvarez Prado, Manuel 2472",Villa Pueyrredon,12,Los materiales deben estar lim,Papel / Cartón / Plástico / Metal / Vidrio
Point (95952.44217789999675006 106395.96928600000683218),"Alvarez Prado, Manuel 2552",Villa Pueyrredon,12,Los materiales deben estar lim,Papel / Cartón / Plástico / Metal / Vidrio
Point (96412.01117729999532457 104541.82515000000421423),Argerich 4530,Villa Pueyrredon,12,Los materiales deben estar lim,Papel / Cartón / Plástico / Metal / Vidrio
Point (96282.27995359999476932 104714.82297500000277068),Argerich 4720,Villa Pueyrredon,12,Los materiales deben estar lim,Papel / Cartón / Plástico / Metal / Vidrio
Point (96135.15232700000342447 104911.46692900000198279),Argerich 4954,Villa Pueyrredon,12,Los materiales deben estar lim,Papel / Cartón / Plástico / Metal / Vidrio
Point (95988.63791229999333154 105120.97791200000210665),Argerich 5195,Villa Pueyrredon,12,Los materiales deben estar lim,Papel / Cartón / Plástico / Metal / Vidrio
Point (95863.44603710000228602 105274.4274299999960931),Argerich 5390,Villa Pueyrredon,12,Los materiales deben estar lim,Papel / Cartón / Plástico / Metal / Vidrio
Point (97077.92732200000318699 104765.70720999999321066),"Artigas, Jose Gervasio, Gral. 4310",Villa Pueyrredon,12,Los materiales deben estar lim,Papel / Cartón / Plástico / Metal / Vidrio
Point (96957.88717360000009649 104925.51216899999417365),"Artigas, Jose Gervasio, Gral. 4514",Villa Pueyrredon,12,Los materiales deben estar lim,Papel / Cartón / Plástico / Metal / Vidrio
Point (96811.99001880000287201 105117.51854099999764003),"Artigas, Jose Gervasio, Gral. 4720",Villa Pueyrredon,12,Los materiales deben estar lim,Papel / Cartón / Plástico / Metal / Vidrio
Point (96411.18737200000032317 105669.11814799999410752),"Artigas, Jose Gervasio, Gral. 5385",Villa Pueyrredon,12,Los materiales deben estar lim,Papel / Cartón / Plástico / Metal / Vidrio
Point (96550.39641509999637492 105809.73120100000232924),Bazurco 2342,Villa Pueyrredon,12,Los materiales deben estar lim,Papel / Cartón / Plástico / Metal / Vidrio
Point (96157.67653779999818653 105515.71426500000234228),Bazurco 2712,Villa Pueyrredon,12,Los materiales deben estar lim,Papel / Cartón / Plástico / Metal / Vidrio
Point (95993.72911650000605732 105394.20473399999900721),Bazurco 2886,Villa Pueyrredon,12,Los materiales deben estar lim,Papel / Cartón / Plástico / Metal / Vidrio
Point (96266.98434700000507291 103987.65052900000591762),Campana 4199,Villa Pueyrredon,12,Los materiales deben estar lim,Papel / Cartón / Plástico / Metal / Vidrio
Point (95904.86655209999298677 104471.32258599999477156),Campana 4771,Villa Pueyrredon,12,Los materiales deben estar lim,Papel / Cartón / Plástico / Metal / Vidrio
Point (95567.39406910000252537 104922.07542300000204705),Campana 5291,Villa Pueyrredon,12,Los materiales deben estar lim,Papel / Cartón / Plástico / Metal / Vidrio
Point (95447.44162630000209901 105082.36636800000269432),Campana 5467,Villa Pueyrredon,12,Los materiales deben estar lim,Papel / Cartón / Plástico / Metal / Vidrio
Point (95312.23304439999628812 105249.06347399999503978),Campana 5680,Villa Pueyrredon,12,Los materiales deben estar lim,Papel / Cartón / Plástico / Metal / Vidrio
Point (97262.77597509999759495 104965.2977320000063628),Caracas 4383,Villa Pueyrredon,12,Los materiales deben estar lim,Papel / Cartón / Plástico / Metal / Vidrio
Point (96953.31054950000543613 105377.78552600000693928),Caracas 4853,Villa Pueyrredon,12,Los materiales deben estar lim,Papel / Cartón / Plástico / Metal / Vidrio
Point (96798.12529939999512862 105584.94722899999760557),Caracas 5093,Villa Pueyrredon,12,Los materiales deben estar lim,Papel / Cartón / Plástico / Metal / Vidrio
Point (96487.55351769999833778 105984.89018400000350084),Caracas 5554,Villa Pueyrredon,12,Los materiales deben estar lim,Papel / Cartón / Plástico / Metal / Vidrio
Point (96233.93423270000494085 105737.58536100000492297),Cochrane 2587,Villa Pueyrredon,12,Los materiales deben estar lim,Papel / Cartón / Plástico / Metal / Vidrio
Point (96018.01317580000613816 105576.2464860000036424),Cochrane 2793,Villa Pueyrredon,12,Los materiales deben estar lim,Papel / Cartón / Plástico / Metal / Vidrio
Point (95788.12921149999601766 105404.08604999999806751),Cochrane 2995,Villa Pueyrredon,12,Los materiales deben estar lim,Papel / Cartón / Plástico / Metal / Vidrio
Point (96903.94565209999564104 104564.71832400000130292),Condarco 4262,Villa Pueyrredon,12,Los materiales deben estar lim,Papel / Cartón / Plástico / Metal / Vidrio
Point (96784.08320860000094399 104724.68602599999576341),Condarco 4486,Villa Pueyrredon,12,Los materiales deben estar lim,Papel / Cartón / Plástico / Metal / Vidrio
Point (96724.49114830000326037 104804.47278399999777321),Condarco 4570,Villa Pueyrredon,12,Los materiales deben estar lim,Papel / Cartón / Plástico / Metal / Vidrio
Point (96545.39235730000655167 105056.14885100000537932),Condarco 4831,Villa Pueyrredon,12,Los materiales deben estar lim,Papel / Cartón / Plástico / Metal / Vidrio
Point (96387.71783639999921434 105252.53461499999684747),Condarco 5064,Villa Pueyrredon,12,Los materiales deben estar lim,Papel / Cartón / Plástico / Metal / Vidrio
Point (96451.72268979999353178 104385.34490999999979977),"Cubas, Jose 3046",Villa Pueyrredon,12,Los materiales deben estar lim,Papel / Cartón / Plástico / Metal / Vidrio
Point (96358.75117800000589341 104103.03608999999414664),Cuenca 4218,Villa Pueyrredon,12,Los materiales deben estar lim,Papel / Cartón / Plástico / Metal / Vidrio
Point (96225.31276840000646189 104281.13954899999953341),Cuenca 4450,Villa Pueyrredon,12,Los materiales deben estar lim,Papel / Cartón / Plástico / Metal / Vidrio
Point (95913.60940509999636561 104713.62171099999977741),Cuenca 4915,Villa Pueyrredon,12,Los materiales deben estar lim,Papel / Cartón / Plástico / Metal / Vidrio
Point (95767.39657700000680052 104907.94591100000252482),Cuenca 5149,Villa Pueyrredon,12,Los materiales deben estar lim,Papel / Cartón / Plástico / Metal / Vidrio
Point (95622.72491259999515023 105100.37663600000087172),Cuenca 5397,Villa Pueyrredon,12,Los materiales deben estar lim,Papel / Cartón / Plástico / Metal / Vidrio
Point (95568.56491849999292754 105172.434041000000434),Cuenca 5467,Villa Pueyrredon,12,Los materiales deben estar lim,Papel / Cartón / Plástico / Metal / Vidrio
Point (97461.04911340000398923 105128.85551100000157021),De Los Constituyentes Av. 4392,Villa Pueyrredon,12,Los materiales deben estar lim,Papel / Cartón / Plástico / Metal / Vidrio
Point (97272.57245659999898635 105322.19991399999707937),De Los Constituyentes Av. 4636,Villa Pueyrredon,12,Los materiales deben estar lim,Papel / Cartón / Plástico / Metal / Vidrio
Point (96829.6353508000029251 105732.05619800000567921),De Los Constituyentes Av. 5158,Villa Pueyrredon,12,Los materiales deben estar lim,Papel / Cartón / Plástico / Metal / Vidrio
Point (96694.0169095000019297 105859.62101800000527874),De Los Constituyentes Av. 5358,Villa Pueyrredon,12,Los materiales deben estar lim,Papel / Cartón / Plástico / Metal / Vidrio
Point (96094.20703920000232756 106379.13575800000398885),De Los Constituyentes Av. 6047,Villa Pueyrredon,12,Los materiales deben estar lim,Papel / Cartón / Plástico / Metal / Vidrio
Point (96000.01944629999343306 106432.26952600000367966),De Los Constituyentes Av. 6126,Villa Pueyrredon,12,Los materiales deben estar lim,Papel / Cartón / Plástico / Metal / Vidrio
Point (95908.20024010000634007 106496.32248099999560509),De Los Constituyentes Av. 6202,Villa Pueyrredon,12,Los materiales deben estar lim,Papel / Cartón / Plástico / Metal / Vidrio
Point (95490.1277671999996528 105441.56150300000444986),Del Fomentista Av. 3153,Villa Pueyrredon,12,Los materiales deben estar lim,Papel / Cartón / Plástico / Metal / Vidrio
Point (95722.30338189999747556 106106.36855600000126287),El Gaucho 6052,Villa Pueyrredon,12,Los materiales deben estar lim,Papel / Cartón / Plástico / Metal / Vidrio
Point (96345.10900470000342466 106060.16263500000059139),Escobar 2378,Villa Pueyrredon,12,Los materiales deben estar lim,Papel / Cartón / Plástico / Metal / Vidrio
Point (95961.32765340000332799 105773.06979700000374578),Escobar 2724,Villa Pueyrredon,12,Los materiales deben estar lim,Papel / Cartón / Plástico / Metal / Vidrio
Point (95713.92909079999662936 105588.28907699999399483),Escobar 2960,Villa Pueyrredon,12,Los materiales deben estar lim,Papel / Cartón / Plástico / Metal / Vidrio
Point (97024.56874339999922086 104633.57921799999894574),Estado Plurinacional De Bolivia 4257,Villa Pueyrredon,12,Los materiales deben estar lim,Papel / Cartón / Plástico / Metal / Vidrio
Point (96834.99240719999943394 104887.11189099999319296),Estado Plurinacional De Bolivia 4581,Villa Pueyrredon,12,Los materiales deben estar lim,Papel / Cartón / Plástico / Metal / Vidrio
Point (96714.96465510000416543 105047.25239700000383891),Estado Plurinacional De Bolivia 4745,Villa Pueyrredon,12,Los materiales deben estar lim,Papel / Cartón / Plástico / Metal / Vidrio
Point (96568.47203249999438412 105241.86100800000713207),Estado Plurinacional De Bolivia 4957,Villa Pueyrredon,12,Los materiales deben estar lim,Papel / Cartón / Plástico / Metal / Vidrio
Point (96140.09922930000175256 105812.94151899999997113),Estado Plurinacional De Bolivia 5613,Villa Pueyrredon,12,Los materiales deben estar lim,Papel / Cartón / Plástico / Metal / Vidrio
Point (95860.54061060000094585 106116.84861499999533407),Estrella Federal 2642,Villa Pueyrredon,12,Los materiales deben estar lim,Papel / Cartón / Plástico / Metal / Vidrio
Point (95786.11684879999666009 106059.79640599999402184),Estrella Federal 2742,Villa Pueyrredon,12,Los materiales deben estar lim,Papel / Cartón / Plástico / Metal / Vidrio
Point (95903.4055584000016097 106011.11188900000706781),Ezeiza 2652,Villa Pueyrredon,12,Los materiales deben estar lim,Papel / Cartón / Plástico / Metal / Vidrio
Point (95706.27781749999849126 105870.19885099999373779),Ezeiza 2832,Villa Pueyrredon,12,Los materiales deben estar lim,Papel / Cartón / Plástico / Metal / Vidrio
Point (95678.42981659999350086 105850.24732599999697413),Ezeiza 2864,Villa Pueyrredon,12,Los materiales deben estar lim,Papel / Cartón / Plástico / Metal / Vidrio
Point (95596.86246010000468232 105791.90473999999812804),Ezeiza 2934,Villa Pueyrredon,12,Los materiales deben estar lim,Papel / Cartón / Plástico / Metal / Vidrio
Point (97380.57388110000465531 105024.8353590000042459),Gavilan 4367,Villa Pueyrredon,12,Los materiales deben estar lim,Papel / Cartón / Plástico / Metal / Vidrio
Point (96461.16684109999914654 104221.16387800000666175),Helguera 4262,Villa Pueyrredon,12,Los materiales deben estar lim,Papel / Cartón / Plástico / Metal / Vidrio
Point (96414.70107080000161659 104296.35129799999413081),Helguera 4351,Villa Pueyrredon,12,Los materiales deben estar lim,Papel / Cartón / Plástico / Metal / Vidrio
Point (96220.03871110000181943 104555.6098199999978533),Helguera 4675,Villa Pueyrredon,12,Los materiales deben estar lim,Papel / Cartón / Plástico / Metal / Vidrio
Point (96100.28637529999832623 104716.70238000000244938),Helguera 4825,Villa Pueyrredon,12,Los materiales deben estar lim,Papel / Cartón / Plástico / Metal / Vidrio
Point (95962.03452359999937471 104900.59058400000503752),Helguera 5025,Villa Pueyrredon,12,Los materiales deben estar lim,Papel / Cartón / Plástico / Metal / Vidrio
Point (95833.83477200000197627 105053.79947399999946356),Helguera 5216,Villa Pueyrredon,12,Los materiales deben estar lim,Papel / Cartón / Plástico / Metal / Vidrio
Point (95778.27455570000165608 105145.86321399999724235),Helguera 5331,Villa Pueyrredon,12,Los materiales deben estar lim,Papel / Cartón / Plástico / Metal / Vidrio
Point (96693.88647630000195932 105402.71733800000220072),Ladines 2452,Villa Pueyrredon,12,Los materiales deben estar lim,Papel / Cartón / Plástico / Metal / Vidrio
Point (95876.61702499999955762 105595.06396299999323674),Larsen 2867,Villa Pueyrredon,12,Los materiales deben estar lim,Papel / Cartón / Plástico / Metal / Vidrio
Point (95648.59858570000506006 105423.9518229999957839),Larsen 3059,Villa Pueyrredon,12,Los materiales deben estar lim,Papel / Cartón / Plástico / Metal / Vidrio
Point (97108.13843409999390133 105430.88025699999707285),"Lopez, Carlos Antonio 2151",Villa Pueyrredon,12,Los materiales deben estar lim,Papel / Cartón / Plástico / Metal / Vidrio
Point (97220.24205230000370648 105210.81966900000406895),"Mistral, Gabriela 2202",Villa Pueyrredon,12,Los materiales deben estar lim,Papel / Cartón / Plástico / Metal / Vidrio
Point (96763.26742439999361522 105004.13548399999854155),Mosconi General Av. 2594,Villa Pueyrredon,12,Los materiales deben estar lim,Papel / Cartón / Plástico / Metal / Vidrio
Point (96051.77324999999837019 104479.8224060000065947),Mosconi General Av. 3214,Villa Pueyrredon,12,Los materiales deben estar lim,Papel / Cartón / Plástico / Metal / Vidrio
Point (96653.43467010000313167 104480.4183480000065174),Nazca Av. 4351,Villa Pueyrredon,12,Los materiales deben estar lim,Papel / Cartón / Plástico / Metal / Vidrio
Point (96533.95134040000266396 104640.41027399999438785),Nazca Av. 4551,Villa Pueyrredon,12,Los materiales deben estar lim,Papel / Cartón / Plástico / Metal / Vidrio
Point (96349.4877758999937214 104887.73813500000687782),Nazca Av. 4811,Villa Pueyrredon,12,Los materiales deben estar lim,Papel / Cartón / Plástico / Metal / Vidrio
Point (96188.19515210000099614 105102.57445400000142399),Nazca Av. 5073,Villa Pueyrredon,12,Los materiales deben estar lim,Papel / Cartón / Plástico / Metal / Vidrio
Point (96677.53271210000093561 105662.96284300000115763),Obispo San Alberto 2341,Villa Pueyrredon,12,Los materiales deben estar lim,Papel / Cartón / Plástico / Metal / Vidrio
Point (96526.24444670000229962 105540.11285799999313895),Obispo San Alberto 2482,Villa Pueyrredon,12,Los materiales deben estar lim,Papel / Cartón / Plástico / Metal / Vidrio
Point (96086.34082779999880586 105207.92883299999812152),Obispo San Alberto 2912,Villa Pueyrredon,12,Los materiales deben estar lim,Papel / Cartón / Plástico / Metal / Vidrio
Point (97533.63663249999808613 104957.43725099999574013),Pareja 2137,Villa Pueyrredon,12,Los materiales deben estar lim,Papel / Cartón / Plástico / Metal / Vidrio
Point (95778.65266579999297392 106509.95095600000058766),"Paz, Gral. Av. 5026",Villa Pueyrredon,12,Los materiales deben estar lim,Papel / Cartón / Plástico / Metal / Vidrio
Point (95678.130849399996805 106249.90228799999749754),"Paz, Gral. Av. 5202",Villa Pueyrredon,12,Los materiales deben estar lim,Papel / Cartón / Plástico / Metal / Vidrio
Point (95657.03553049999754876 106196.6748070000030566),"Paz, Gral. Av. 5232",Villa Pueyrredon,12,Los materiales deben estar lim,Papel / Cartón / Plástico / Metal / Vidrio
Point (95535.49297269999806304 105882.40027699999336619),"Paz, Gral. Av. 5352",Villa Pueyrredon,12,Los materiales deben estar lim,Papel / Cartón / Plástico / Metal / Vidrio
Point (96857.54275910000433214 104424.63245200000528712),Terrada 4181,Villa Pueyrredon,12,Los materiales deben estar lim,Papel / Cartón / Plástico / Metal / Vidrio
Point (96750.00449039999512024 104568.26583400000527035),Terrada 4381,Villa Pueyrredon,12,Los materiales deben estar lim,Papel / Cartón / Plástico / Metal / Vidrio
Point (96633.08318230000440963 104725.05332799999450799),Terrada 4557,Villa Pueyrredon,12,Los materiales deben estar lim,Papel / Cartón / Plástico / Metal / Vidrio
Point (96578.22219980000227224 104797.98402699999860488),Terrada 4647,Villa Pueyrredon,12,Los materiales deben estar lim,Papel / Cartón / Plástico / Metal / Vidrio
Point (96361.72634510000352748 105086.6240269999980228),Terrada 4945,Villa Pueyrredon,12,Los materiales deben estar lim,Papel / Cartón / Plástico / Metal / Vidrio
Point (96241.65860439999960363 105246.37417199999617878),Terrada 5135,Villa Pueyrredon,12,Los materiales deben estar lim,Papel / Cartón / Plástico / Metal / Vidrio
Point (97271.15198929999314714 105124.30451299999549519),Vallejos 2210,Villa Pueyrredon,12,Los materiales deben estar lim,Papel / Cartón / Plástico / Metal / Vidrio
Point (97265.14501700000255369 104731.96632300000055693),Zamudio 4196,Villa Pueyrredon,12,Los materiales deben estar lim,Papel / Cartón / Plástico / Metal / Vidrio
Point (97167.58494119999522809 104876.09245300000475254),Zamudio 4369,Villa Pueyrredon,12,Los materiales deben estar lim,Papel / Cartón / Plástico / Metal / Vidrio
Point (97073.961383100002422 105000.88373600000340957),Zamudio 4503,Villa Pueyrredon,12,Los materiales deben estar lim,Papel / Cartón / Plástico / Metal / Vidrio
Point (96855.57860710000386462 105277.7878400000045076),Zamudio 4830,Villa Pueyrredon,12,Los materiales deben estar lim,Papel / Cartón / Plástico / Metal / Vidrio
Point (94019.63609759999962989 101918.00802199999452569),Asuncion 5315,Villa Real,10,Los materiales deben estar lim,Papel / Cartón / Plástico / Metal / Vidrio
Point (94242.89978500000142958 101620.61926500000117812),"Beiro, Francisco Av. 5381",Villa Real,10,Los materiales deben estar lim,Papel / Cartón / Plástico / Metal / Vidrio
Point (94214.21968589999596588 101573.72002900000370573),"Beiro, Francisco Av. 5408",Villa Real,10,Los materiales deben estar lim,Papel / Cartón / Plástico / Metal / Vidrio
Point (94099.00790989999950398 101465.20659499999601394),"Beiro, Francisco Av. 5530",Villa Real,10,Los materiales deben estar lim,Papel / Cartón / Plástico / Metal / Vidrio
Point (93989.38338290000683628 101362.23351299999922048),"Beiro, Francisco Av. 5670",Villa Real,10,Los materiales deben estar lim,Papel / Cartón / Plástico / Metal / Vidrio
Point (93923.40776220000407193 101320.00747199999750592),"Beiro, Francisco Av. 5721",Villa Real,10,Los materiales deben estar lim,Papel / Cartón / Plástico / Metal / Vidrio
Point (94121.37275239999871701 101735.98041099999682046),"Cantilo, Jose Luis 5385",Villa Real,10,Los materiales deben estar lim,Papel / Cartón / Plástico / Metal / Vidrio
Point (93982.0480152999953134 101605.50294500000018161),"Cantilo, Jose Luis 5509",Villa Real,10,Los materiales deben estar lim,Papel / Cartón / Plástico / Metal / Vidrio
Point (93979.01975989999482408 101105.71452300000237301),Curuzu Cuatia 2476,Villa Real,10,Los materiales deben estar lim,Papel / Cartón / Plástico / Metal / Vidrio
Point (93935.36885590000019874 100594.48823800000536721),De La Economia 6131,Villa Real,10,Los materiales deben estar lim,Papel / Cartón / Plástico / Metal / Vidrio
Point (94087.39974740000616293 101770.93056199999409728),"Echevarria, Vicente A. De 5387",Villa Real,10,Los materiales deben estar lim,Papel / Cartón / Plástico / Metal / Vidrio
Point (94190.42231619999802206 101285.14833700000599492),"Hugo, Victor 2649",Villa Real,10,Los materiales deben estar lim,Papel / Cartón / Plástico / Metal / Vidrio
Point (94293.3176647999935085 101496.17749800000456162),"Lista, Ramon, Coronel 5410",Villa Real,10,Los materiales deben estar lim,Papel / Cartón / Plástico / Metal / Vidrio
Point (94044.98522489999595564 101229.1500170000072103),"Lista, Ramon, Coronel 5710",Villa Real,10,Los materiales deben estar lim,Papel / Cartón / Plástico / Metal / Vidrio
Point (94640.63709930000186432 101106.84223799999745097),"Lozano, Pedro 5457",Villa Real,10,Los materiales deben estar lim,Papel / Cartón / Plástico / Metal / Vidrio
Point (94482.17493629999808036 100922.54929799999808893),"Lozano, Pedro 5663",Villa Real,10,Los materiales deben estar lim,Papel / Cartón / Plástico / Metal / Vidrio
Point (94305.19203370000468567 100715.02776899999298621),"Lozano, Pedro 5890",Villa Real,10,Los materiales deben estar lim,Papel / Cartón / Plástico / Metal / Vidrio
Point (94686.55921099999977741 100890.19390699999348726),Melincue 5563,Villa Real,10,Los materiales deben estar lim,Papel / Cartón / Plástico / Metal / Vidrio
Point (94652.79428679999546148 101017.11694900000293273),Moliere 2333,Villa Real,10,Los materiales deben estar lim,Papel / Cartón / Plástico / Metal / Vidrio
Point (94373.34161529999983031 101271.41873499999928754),Moliere 2649,Villa Real,10,Los materiales deben estar lim,Papel / Cartón / Plástico / Metal / Vidrio
Point (94779.0742335999966599 101103.94452999999339227),Nazarre 5396,Villa Real,10,Los materiales deben estar lim,Papel / Cartón / Plástico / Metal / Vidrio
Point (94467.31347120000282302 100757.07864399999380112),Nazarre 5779,Villa Real,10,Los materiales deben estar lim,Papel / Cartón / Plástico / Metal / Vidrio
Point (94234.54269790000398643 100612.26057699999364559),Nazarre 5995,Villa Real,10,Los materiales deben estar lim,Papel / Cartón / Plástico / Metal / Vidrio
Point (94065.44350419999682344 100506.46602100000018254),Nazarre 6103,Villa Real,10,Los materiales deben estar lim,Papel / Cartón / Plástico / Metal / Vidrio
Point (94893.24931909999577329 100931.58419500000309199),Nogoya 5442,Villa Real,10,Los materiales deben estar lim,Papel / Cartón / Plástico / Metal / Vidrio
Point (94716.35449359999620356 100743.08457900000212248),Nogoya 5646,Villa Real,10,Los materiales deben estar lim,Papel / Cartón / Plástico / Metal / Vidrio
Point (94571.8193256999948062 100654.16757200000574812),Nogoya 5784,Villa Real,10,Los materiales deben estar lim,Papel / Cartón / Plástico / Metal / Vidrio
Point (94360.87378470000112429 101157.52031599999463651),Simbron 5585,Villa Real,10,Los materiales deben estar lim,Papel / Cartón / Plástico / Metal / Vidrio
Point (94210.30565819999901578 100995.93509299999277573),Simbron 5763,Villa Real,10,Los materiales deben estar lim,Papel / Cartón / Plástico / Metal / Vidrio
Point (94028.35296849999576807 100796.43357399999513291),Simbron 5995,Villa Real,10,Los materiales deben estar lim,Papel / Cartón / Plástico / Metal / Vidrio
Point (94634.96051889999944251 101270.82371700000658166),Tinogasta 5374,Villa Real,10,Los materiales deben estar lim,Papel / Cartón / Plástico / Metal / Vidrio
Point (94426.62691869999980554 101043.9529739999998128),Tinogasta 5606,Villa Real,10,Los materiales deben estar lim,Papel / Cartón / Plástico / Metal / Vidrio
Point (94204.47697139999945648 100808.76179099999717437),Tinogasta 5890,Villa Real,10,Los materiales deben estar lim,Papel / Cartón / Plástico / Metal / Vidrio
Point (94093.83382349999737926 100681.61283699999330565),Tinogasta 6006,Villa Real,10,Los materiales deben estar lim,Papel / Cartón / Plástico / Metal / Vidrio
Point (94439.38766959999338724 101439.39821200000005774),"Varela, Jose Pedro 5382",Villa Real,10,Los materiales deben estar lim,Papel / Cartón / Plástico / Metal / Vidrio
Point (94195.16031350000412203 101178.00677599999471568),"Varela, Jose Pedro 5654",Villa Real,10,Los materiales deben estar lim,Papel / Cartón / Plástico / Metal / Vidrio
Point (93993.17087269999319687 100957.07425700000021607),"Varela, Jose Pedro 5916",Villa Real,10,Los materiales deben estar lim,Papel / Cartón / Plástico / Metal / Vidrio
Point (93888.2293807999958517 100842.41408800000499468),"Varela, Jose Pedro 6080",Villa Real,10,Los materiales deben estar lim,Papel / Cartón / Plástico / Metal / Vidrio
Point (94468.00647890000254847 101359.67590400000335649),Virgilio 2640,Villa Real,10,Los materiales deben estar lim,Papel / Cartón / Plástico / Metal / Vidrio
Point (94000.74570949999906588 101797.93665299999702256),Virgilio 3134,Villa Real,10,Los materiales deben estar lim,Papel / Cartón / Plástico / Metal / Vidrio
Point (98882.49681630000122823 93820.46395780000602826),Ca?ada De Gomez 4759,Villa Riachuelo,8,Los materiales deben estar lim,Papel / Cartón / Plástico / Metal / Vidrio
Point (98968.73448889999417588 93739.53824140000506304),Ca?ada De Gomez 4841,Villa Riachuelo,8,Los materiales deben estar lim,Papel / Cartón / Plástico / Metal / Vidrio
Point (99250.45400509999308269 93354.26488390000304207),Cosquin 5166,Villa Riachuelo,8,Los materiales deben estar lim,Papel / Cartón / Plástico / Metal / Vidrio
Point (98646.37179079999623355 93683.26709680000203662),"Barros Pazos, Jose 6560",Villa Riachuelo,8,Los materiales deben estar lim,Papel / Cartón / Plástico / Metal / Vidrio
Point (98534.68795619999582414 93560.90636750000703614),"Barros Pazos, Jose 6710",Villa Riachuelo,8,Los materiales deben estar lim,Papel / Cartón / Plástico / Metal / Vidrio
Point (98426.71846819999336731 93443.061115599994082),"Barros Pazos, Jose 6878",Villa Riachuelo,8,Los materiales deben estar lim,Papel / Cartón / Plástico / Metal / Vidrio
Point (99336.69641940000292379 92691.08412400000088383),Beron De Astrada 6810,Villa Riachuelo,8,Los materiales deben estar lim,Papel / Cartón / Plástico / Metal / Vidrio
Point (99218.96510800000396557 93510.1618531999993138),Canada De Gomez 5079,Villa Riachuelo,8,Los materiales deben estar lim,Papel / Cartón / Plástico / Metal / Vidrio
Point (99520.68911900000239257 93233.77151940000476316),Canada De Gomez 5335,Villa Riachuelo,8,Los materiales deben estar lim,Papel / Cartón / Plástico / Metal / Vidrio
Point (98835.2097628000046825 93734.82182159999501891),Cosquin 4772,Villa Riachuelo,8,Los materiales deben estar lim,Papel / Cartón / Plástico / Metal / Vidrio
Point (99065.18669669999508187 93524.02357479999773204),Cosquin 4990,Villa Riachuelo,8,Los materiales deben estar lim,Papel / Cartón / Plástico / Metal / Vidrio
Point (99466.27651199999672826 93156.20659960000193678),Cosquin 5364,Villa Riachuelo,8,Los materiales deben estar lim,Papel / Cartón / Plástico / Metal / Vidrio
Point (98648.59352639999997336 93245.28472480000345968),"Fernandez De La Cruz, F., Gral. Av. 6880",Villa Riachuelo,8,Los materiales deben estar lim,Papel / Cartón / Plástico / Metal / Vidrio
Point (99794.38780270000279415 92978.81279840000206605),Ferre 6309,Villa Riachuelo,8,Los materiales deben estar lim,Papel / Cartón / Plástico / Metal / Vidrio
Point (98751.87708550000388641 94080.32629500000621192),"Gordillo, Timoteo 4579",Villa Riachuelo,8,Los materiales deben estar lim,Papel / Cartón / Plástico / Metal / Vidrio
Point (98909.79941829999734182 93935.37370870000449941),"Gordillo, Timoteo 4717",Villa Riachuelo,8,Los materiales deben estar lim,Papel / Cartón / Plástico / Metal / Vidrio
Point (99064.86864859999332111 93793.08315089999814518),"Gordillo, Timoteo 4869",Villa Riachuelo,8,Los materiales deben estar lim,Papel / Cartón / Plástico / Metal / Vidrio
Point (99182.66556280000077095 93685.16351339999528136),"Gordillo, Timoteo 4977",Villa Riachuelo,8,Los materiales deben estar lim,Papel / Cartón / Plástico / Metal / Vidrio
Point (99579.34014280000701547 93321.68053250000230037),"Gordillo, Timoteo 5339",Villa Riachuelo,8,Los materiales deben estar lim,Papel / Cartón / Plástico / Metal / Vidrio
Point (98768.02699719999509398 93515.88953519999631681),Guamini 4948,Villa Riachuelo,8,Los materiales deben estar lim,Papel / Cartón / Plástico / Metal / Vidrio
Point (98928.79928760000620969 93368.5912802999955602),Guamini 5090,Villa Riachuelo,8,Los materiales deben estar lim,Papel / Cartón / Plástico / Metal / Vidrio
Point (99144.75698299999930896 93170.69651969999540597),Guamini 5296,Villa Riachuelo,8,Los materiales deben estar lim,Papel / Cartón / Plástico / Metal / Vidrio
Point (99283.01013229999807663 93044.46667019999586046),Guamini 5408,Villa Riachuelo,8,Los materiales deben estar lim,Papel / Cartón / Plástico / Metal / Vidrio
Point (99526.25415989999601152 92820.6870881999930134),Guamini 5640,Villa Riachuelo,8,Los materiales deben estar lim,Papel / Cartón / Plástico / Metal / Vidrio
Point (100304.63002900000719819 93462.05795000000216532),"Guerrico, Martin Ctte 5691",Villa Riachuelo,8,Los materiales deben estar lim,Papel / Cartón / Plástico / Metal / Vidrio
Point (98377.44582999999693129 93722.40760150000278372),Montiel 4855,Villa Riachuelo,8,Los materiales deben estar lim,Papel / Cartón / Plástico / Metal / Vidrio
Point (98853.16468679999525193 93286.25430909999704454),Montiel 5291,Villa Riachuelo,8,Los materiales deben estar lim,Papel / Cartón / Plástico / Metal / Vidrio
Point (99221.38055400000303052 92948.89231579999614041),Montiel 5625,Villa Riachuelo,8,Los materiales deben estar lim,Papel / Cartón / Plástico / Metal / Vidrio
Point (99422.27674450000631623 92764.27210319999721833),Montiel 5805,Villa Riachuelo,8,Los materiales deben estar lim,Papel / Cartón / Plástico / Metal / Vidrio
Point (98426.48027739999815822 93274.47919019999972079),"Paz, Gral. Av. 15884",Villa Riachuelo,8,Los materiales deben estar lim,Papel / Cartón / Plástico / Metal / Vidrio
Point (98857.59688559999631252 93562.71299899999576155),Piedra Buena Av. 4873,Villa Riachuelo,8,Los materiales deben estar lim,Papel / Cartón / Plástico / Metal / Vidrio
Point (99209.84384359999967273 93239.56569519999902695),Piedra Buena Av. 5193,Villa Riachuelo,8,Los materiales deben estar lim,Papel / Cartón / Plástico / Metal / Vidrio
Point (100100.43392300000414252 93256.82839700000477023),"Racedo, Eduardo Tte. Gral. 5931",Villa Riachuelo,8,Los materiales deben estar lim,Papel / Cartón / Plástico / Metal / Vidrio
Point (98589.66481089999433607 93248.12704560000565834),Saladillo 5183,Villa Riachuelo,8,Los materiales deben estar lim,Papel / Cartón / Plástico / Metal / Vidrio
Point (98537.12147100000584032 93447.20213000000512693),"Suarez, Jose Leon 5052",Villa Riachuelo,8,Los materiales deben estar lim,Papel / Cartón / Plástico / Metal / Vidrio
Point (98997.33623080000688788 93025.54255240000202321),"Suarez, Jose Leon 5490",Villa Riachuelo,8,Los materiales deben estar lim,Papel / Cartón / Plástico / Metal / Vidrio
Point (98631.94877030000498053 93897.83465999999316409),Unanue 6405,Villa Riachuelo,8,Los materiales deben estar lim,Papel / Cartón / Plástico / Metal / Vidrio
Point (97971.20833130000391975 101098.10609699999622535),Remedios Escalada De San Mart?n 3453,Villa Santa Rita,11,Los materiales deben estar lim,Papel / Cartón / Plástico / Metal / Vidrio
Point (97564.27631169999949634 101636.96084400000108872),Juan Agust?n Garc?a 3584,Villa Santa Rita,11,Los materiales deben estar lim,Papel / Cartón / Plástico / Metal / Vidrio
Point (98315.4870288999954937 101654.96353799999633338),"Magari?os Cervantes, A. 3047",Villa Santa Rita,11,Los materiales deben estar lim,Papel / Cartón / Plástico / Metal / Vidrio
Point (98546.68116769999323878 101802.32288700000208337),"Magari?os Cervantes, A. 2843",Villa Santa Rita,11,Los materiales deben estar lim,Papel / Cartón / Plástico / Metal / Vidrio
Point (98184.66605480000725947 102278.54400300000270363),Alvarez Jonte Av. 2875,Villa Santa Rita,11,Los materiales deben estar lim,Papel / Cartón / Plástico / Metal / Vidrio
Point (97935.41560480000043754 102203.90584700000181329),Alvarez Jonte Av. 3051,Villa Santa Rita,11,Los materiales deben estar lim,Papel / Cartón / Plástico / Metal / Vidrio
Point (97679.1934326000045985 102129.80453500000294298),Alvarez Jonte Av. 3241,Villa Santa Rita,11,Los materiales deben estar lim,Papel / Cartón / Plástico / Metal / Vidrio
Point (98136.01999289999366738 102024.46121700000367127),Argerich 2102,Villa Santa Rita,11,Los materiales deben estar lim,Papel / Cartón / Plástico / Metal / Vidrio
Point (98387.85656240000389516 100770.69894600000407081),Av.juan B. Justo 6214,Villa Santa Rita,11,Los materiales deben estar lim,Papel / Cartón / Plástico / Metal / Vidrio
Point (98852.84408219999750145 101512.88872600000468083),"Belaustegui, Luis, Dr. 2772",Villa Santa Rita,11,Los materiales deben estar lim,Papel / Cartón / Plástico / Metal / Vidrio
Point (98680.69984620000468567 101402.35117799999716226),"Belaustegui, Luis, Dr. 2924",Villa Santa Rita,11,Los materiales deben estar lim,Papel / Cartón / Plástico / Metal / Vidrio
Point (98408.09234499999729451 101229.08836700000392739),"Belaustegui, Luis, Dr. 3158",Villa Santa Rita,11,Los materiales deben estar lim,Papel / Cartón / Plástico / Metal / Vidrio
Point (98230.96521769999526441 101117.03499499999452382),"Belaustegui, Luis, Dr. 3304",Villa Santa Rita,11,Los materiales deben estar lim,Papel / Cartón / Plástico / Metal / Vidrio
Point (98005.57427749999624211 100922.05514700000640005),"Belaustegui, Luis, Dr. 3550",Villa Santa Rita,11,Los materiales deben estar lim,Papel / Cartón / Plástico / Metal / Vidrio
Point (98602.33790899999439716 101986.40353199999663047),Camarones 2736,Villa Santa Rita,11,Los materiales deben estar lim,Papel / Cartón / Plástico / Metal / Vidrio
Point (98397.26590919999580365 101855.69730600000184495),Camarones 2906,Villa Santa Rita,11,Los materiales deben estar lim,Papel / Cartón / Plástico / Metal / Vidrio
Point (98111.71012069999414962 101673.79566200000408571),Camarones 3154,Villa Santa Rita,11,Los materiales deben estar lim,Papel / Cartón / Plástico / Metal / Vidrio
Point (97673.04960389999905601 101366.44599500000185799),Camarones 3574,Villa Santa Rita,11,Los materiales deben estar lim,Papel / Cartón / Plástico / Metal / Vidrio
Point (97565.65905390000261832 101255.31630500000028405),Camarones 3712,Villa Santa Rita,11,Los materiales deben estar lim,Papel / Cartón / Plástico / Metal / Vidrio
Point (97807.30479599999671336 102025.68922699999529868),Cuenca 2032,Villa Santa Rita,11,Los materiales deben estar lim,Papel / Cartón / Plástico / Metal / Vidrio
Point (98401.49274879999575205 101540.5303730000014184),"Diaz, Cesar, Gral. 3034",Villa Santa Rita,11,Los materiales deben estar lim,Papel / Cartón / Plástico / Metal / Vidrio
Point (98171.661805199997616 101393.89008500000636559),"Diaz, Cesar, Gral. 3232",Villa Santa Rita,11,Los materiales deben estar lim,Papel / Cartón / Plástico / Metal / Vidrio
Point (97891.17517509999743197 101198.03582799999276176),"Diaz, Cesar, Gral. 3552",Villa Santa Rita,11,Los materiales deben estar lim,Papel / Cartón / Plástico / Metal / Vidrio
Point (98665.33342229999834672 101562.76748900000529829),"Escalada De San Martin, R. 2881",Villa Santa Rita,11,Los materiales deben estar lim,Papel / Cartón / Plástico / Metal / Vidrio
Point (98540.44119830000272486 101482.90132800000719726),"Escalada De San Martin, R. 2983",Villa Santa Rita,11,Los materiales deben estar lim,Papel / Cartón / Plástico / Metal / Vidrio
Point (98212.54045230000338051 101275.04949299999861978),"Escalada De San Martin, R. 3251",Villa Santa Rita,11,Los materiales deben estar lim,Papel / Cartón / Plástico / Metal / Vidrio
Point (97813.54915459999756422 100934.5716649999958463),"Escalada De San Martin, R. 3687",Villa Santa Rita,11,Los materiales deben estar lim,Papel / Cartón / Plástico / Metal / Vidrio
Point (99039.8373418999981368 101315.49501800000143703),Galicia 2742,Villa Santa Rita,11,Los materiales deben estar lim,Papel / Cartón / Plástico / Metal / Vidrio
Point (98445.04074549999495503 100946.35802299999340903),Galicia 3241,Villa Santa Rita,11,Los materiales deben estar lim,Papel / Cartón / Plástico / Metal / Vidrio
Point (98139.95587170000362676 100678.60147599999618251),Galicia 3653,Villa Santa Rita,11,Los materiales deben estar lim,Papel / Cartón / Plástico / Metal / Vidrio
Point (98201.11834519999683835 102046.59842599999683443),"Garcia, Juan Agustin 2954",Villa Santa Rita,11,Los materiales deben estar lim,Papel / Cartón / Plástico / Metal / Vidrio
Point (97986.9437649000028614 101910.98905299999751151),"Garcia, Juan Agustin 3142",Villa Santa Rita,11,Los materiales deben estar lim,Papel / Cartón / Plástico / Metal / Vidrio
Point (97834.07717180000327062 101812.9042020000051707),"Garcia, Juan Agustin 3270",Villa Santa Rita,11,Los materiales deben estar lim,Papel / Cartón / Plástico / Metal / Vidrio
Point (97361.87058760000218172 101437.52926799999841023),"Garcia, Juan Agustin 3802",Villa Santa Rita,11,Los materiales deben estar lim,Papel / Cartón / Plástico / Metal / Vidrio
Point (98129.47431069999583997 102162.52543999999761581),"Gonzalez, Elpidio 2943",Villa Santa Rita,11,Los materiales deben estar lim,Papel / Cartón / Plástico / Metal / Vidrio
Point (97763.32445980000193231 101938.2225860000035027),"Gonzalez, Elpidio 3257",Villa Santa Rita,11,Los materiales deben estar lim,Papel / Cartón / Plástico / Metal / Vidrio
Point (97555.9852820999949472 101805.67994600000383798),"Gonzalez, Elpidio 3463",Villa Santa Rita,11,Los materiales deben estar lim,Papel / Cartón / Plástico / Metal / Vidrio
Point (97375.56557360000442713 101661.07193400000687689),"Gonzalez, Elpidio 3667",Villa Santa Rita,11,Los materiales deben estar lim,Papel / Cartón / Plástico / Metal / Vidrio
Point (97285.0063572000071872 101568.7601719999947818),"Gonzalez, Elpidio 3795",Villa Santa Rita,11,Los materiales deben estar lim,Papel / Cartón / Plástico / Metal / Vidrio
Point (98384.82101620000321418 101411.02193699999770615),Helguera 1413,Villa Santa Rita,11,Los materiales deben estar lim,Papel / Cartón / Plástico / Metal / Vidrio
Point (97995.36517799999273848 102003.50732000000425614),Helguera 1955,Villa Santa Rita,11,Los materiales deben estar lim,Papel / Cartón / Plástico / Metal / Vidrio
Point (97848.43715129999327473 102223.99274200000218116),Helguera 2195,Villa Santa Rita,11,Los materiales deben estar lim,Papel / Cartón / Plástico / Metal / Vidrio
Point (98890.45434339999337681 101349.43477000000711996),"Justo, Juan B. Av. 5615",Villa Santa Rita,11,Los materiales deben estar lim,Papel / Cartón / Plástico / Metal / Vidrio
Point (98626.42325160000473261 101063.50626500000362284),"Justo, Juan B. Av. 5899",Villa Santa Rita,11,Los materiales deben estar lim,Papel / Cartón / Plástico / Metal / Vidrio
Point (97511.54445980000309646 101460.91194499999983236),"Lamarca, Emilio 1718",Villa Santa Rita,11,Los materiales deben estar lim,Papel / Cartón / Plástico / Metal / Vidrio
Point (97971.57399390000500716 101508.11156000000482891),Lausana 3304,Villa Santa Rita,11,Los materiales deben estar lim,Papel / Cartón / Plástico / Metal / Vidrio
Point (97831.34851860000344459 101546.07590900000650436),Llavallol 1740,Villa Santa Rita,11,Los materiales deben estar lim,Papel / Cartón / Plástico / Metal / Vidrio
Point (97283.72903669999504928 101750.3644170000043232),Miranda 3656,Villa Santa Rita,11,Los materiales deben estar lim,Papel / Cartón / Plástico / Metal / Vidrio
Point (97148.95880839999881573 101613.00801999999384861),Miranda 3842,Villa Santa Rita,11,Los materiales deben estar lim,Papel / Cartón / Plástico / Metal / Vidrio
Point (97415.14081929999520071 101308.5307710000051884),San Blas 3795,Villa Santa Rita,11,Los materiales deben estar lim,Papel / Cartón / Plástico / Metal / Vidrio
Point (97716.00393789999361616 101138.65293900000688154),San Nicolas 1465,Villa Santa Rita,11,Los materiales deben estar lim,Papel / Cartón / Plástico / Metal / Vidrio
Point (98613.33909999999741558 101212.60075500000675675),Tres Arroyos 3037,Villa Santa Rita,11,Los materiales deben estar lim,Papel / Cartón / Plástico / Metal / Vidrio
Point (98363.49498689999745693 101053.80281100000138395),Tres Arroyos 3253,Villa Santa Rita,11,Los materiales deben estar lim,Papel / Cartón / Plástico / Metal / Vidrio
Point (98140.72987720000674017 100878.00182700000004843),Tres Arroyos 3495,Villa Santa Rita,11,Los materiales deben estar lim,Papel / Cartón / Plástico / Metal / Vidrio
Point (98979.04603660000429954 101129.06702000000223052),"Viale, Luis 2855",Villa Santa Rita,11,Los materiales deben estar lim,Papel / Cartón / Plástico / Metal / Vidrio
Point (98822.57974950000061654 101026.54167700000107288),"Viale, Luis 2991",Villa Santa Rita,11,Los materiales deben estar lim,Papel / Cartón / Plástico / Metal / Vidrio
Point (98626.55896599999687169 100902.23156299999391194),"Viale, Luis 3163",Villa Santa Rita,11,Los materiales deben estar lim,Papel / Cartón / Plástico / Metal / Vidrio
Point (97463.09213970000564586 101936.8967759999941336),Alvarez Jonte Av. 3489,Villa Santa Rita,11,Los materiales deben estar lim,Papel / Cartón / Plástico / Metal / Vidrio
Point (98339.66148260000045411 102133.3572989999956917),"Garcia, Juan Agustin 2842",Villa Santa Rita,11,Los materiales deben estar lim,Papel / Cartón / Plástico / Metal / Vidrio
Point (98395.44069129999843426 102022.01357799999823328),San Blas 2853,Villa Santa Rita,11,Los materiales deben estar lim,Papel / Cartón / Plástico / Metal / Vidrio
Point (98121.73330480000004172 101847.86106199999630917),San Blas 3089,Villa Santa Rita,11,Los materiales deben estar lim,Papel / Cartón / Plástico / Metal / Vidrio
Point (97930.69318719999864697 101728.44688800000585616),San Blas 3241,Villa Santa Rita,11,Los materiales deben estar lim,Papel / Cartón / Plástico / Metal / Vidrio
Point (97701.50471269999979995 101578.78821400000015274),San Blas 3457,Villa Santa Rita,11,Los materiales deben estar lim,Papel / Cartón / Plástico / Metal / Vidrio
Point (101944.40836499999568332 96961.2117391000065254),Casta?on 2695,Villa Soldati,8,Los materiales deben estar lim,Papel / Cartón / Plástico / Metal / Vidrio
Point (100691.04850900000019465 95151.62171540000417735),23 De Junio 4300,Villa Soldati,8,Los materiales deben estar lim,Papel / Cartón / Plástico / Metal / Vidrio
Point (100848.92795500000647735 95003.24437410000246018),23 De Junio 4400,Villa Soldati,8,Los materiales deben estar lim,Papel / Cartón / Plástico / Metal / Vidrio
Point (101326.82960300000559073 96560.02719890000298619),"Acosta, Mariano 2978",Villa Soldati,8,Los materiales deben estar lim,Papel / Cartón / Plástico / Metal / Vidrio
Point (101610.9714360000070883 96252.41395519999787211),"Acosta, Mariano 3265",Villa Soldati,8,Los materiales deben estar lim,Papel / Cartón / Plástico / Metal / Vidrio
Point (101852.27219499999773689 96028.78224119999504182),"Acosta, Mariano 3505",Villa Soldati,8,Los materiales deben estar lim,Papel / Cartón / Plástico / Metal / Vidrio
Point (101633.19677300000330433 96760.0819439000042621),"Barros Pazos, Jose 3096",Villa Soldati,8,Los materiales deben estar lim,Papel / Cartón / Plástico / Metal / Vidrio
Point (101459.21039199999358971 96585.6570886999979848),"Barros Pazos, Jose 3295",Villa Soldati,8,Los materiales deben estar lim,Papel / Cartón / Plástico / Metal / Vidrio
Point (101137.81753099999332335 96246.86912469999515451),"Barros Pazos, Jose 3624",Villa Soldati,8,Los materiales deben estar lim,Papel / Cartón / Plástico / Metal / Vidrio
Point (102616.28633600000466686 97271.67334949999349192),"Berg, Carlos 2710",Villa Soldati,8,Los materiales deben estar lim,Papel / Cartón / Plástico / Metal / Vidrio
Point (102690.41786699999647681 97171.88651060000120196),"Berg, Carlos 2806",Villa Soldati,8,Los materiales deben estar lim,Papel / Cartón / Plástico / Metal / Vidrio
Point (102962.39299999999639113 96844.38805900000443216),"Berg, Carlos 3102",Villa Soldati,8,Los materiales deben estar lim,Papel / Cartón / Plástico / Metal / Vidrio
Point (103095.25261500000488013 96681.38918719999492168),"Berg, Carlos 3310",Villa Soldati,8,Los materiales deben estar lim,Papel / Cartón / Plástico / Metal / Vidrio
Point (103237.90897999999288004 96478.14503189999959432),"Berg, Carlos 3488",Villa Soldati,8,Los materiales deben estar lim,Papel / Cartón / Plástico / Metal / Vidrio
Point (102912.33428700000513345 96237.03272560000186786),Beron De Astrada 2633,Villa Soldati,8,Los materiales deben estar lim,Papel / Cartón / Plástico / Metal / Vidrio
Point (102811.03226700000232086 96159.65378720000444446),Beron De Astrada 2722,Villa Soldati,8,Los materiales deben estar lim,Papel / Cartón / Plástico / Metal / Vidrio
Point (100976.43541599999298342 94854.24949760000163224),"Camet, Francisco 4421",Villa Soldati,8,Los materiales deben estar lim,Papel / Cartón / Plástico / Metal / Vidrio
Point (102104.74729200000001583 96819.95508489999338053),Castanon 2804,Villa Soldati,8,Los materiales deben estar lim,Papel / Cartón / Plástico / Metal / Vidrio
Point (102358.05672999999660533 96576.54387649999989662),Castanon 3096,Villa Soldati,8,Los materiales deben estar lim,Papel / Cartón / Plástico / Metal / Vidrio
Point (102467.17469400000118185 96470.89524149999488145),Castanon 3210,Villa Soldati,8,Los materiales deben estar lim,Papel / Cartón / Plástico / Metal / Vidrio
Point (102591.58491499999945518 96350.72771930000453722),Castanon 3386,Villa Soldati,8,Los materiales deben estar lim,Papel / Cartón / Plástico / Metal / Vidrio
Point (102076.9783129999996163 97076.8227002000057837),"Chilavert, Martiniano, Coronel 2690",Villa Soldati,8,Los materiales deben estar lim,Papel / Cartón / Plástico / Metal / Vidrio
Point (102772.53719899999850895 96606.70619799999985844),Condor 2546,Villa Soldati,8,Los materiales deben estar lim,Papel / Cartón / Plástico / Metal / Vidrio
Point (101776.76814400000148453 95979.88216510000347625),Corrales 3450,Villa Soldati,8,Los materiales deben estar lim,Papel / Cartón / Plástico / Metal / Vidrio
Point (102597.63697599999431986 96538.03836659999797121),Culpina 3371,Villa Soldati,8,Los materiales deben estar lim,Papel / Cartón / Plástico / Metal / Vidrio
Point (102641.78961700000218116 96486.42168820000370033),Culpina 3407,Villa Soldati,8,Los materiales deben estar lim,Papel / Cartón / Plástico / Metal / Vidrio
Point (100643.16774900000018533 94881.33114680000289809),Escalada Av. 4215,Villa Soldati,8,Los materiales deben estar lim,Papel / Cartón / Plástico / Metal / Vidrio
Point (100952.21781299999565817 94606.61286199999449309),Escalada Av. 4402,Villa Soldati,8,Los materiales deben estar lim,Papel / Cartón / Plástico / Metal / Vidrio
Point (102459.05814799999643583 97207.47963190000155009),"Fernandez De La Cruz, F., Gral. Av. 2145",Villa Soldati,8,Los materiales deben estar lim,Papel / Cartón / Plástico / Metal / Vidrio
Point (102224.59937999999965541 97045.4563101999956416),"Fernandez De La Cruz, F., Gral. Av. 2615",Villa Soldati,8,Los materiales deben estar lim,Papel / Cartón / Plástico / Metal / Vidrio
Point (100789.59651099999609869 95559.97494800000276882),"Fernandez De La Cruz, F., Gral. Av. 4050",Villa Soldati,8,Los materiales deben estar lim,Papel / Cartón / Plástico / Metal / Vidrio
Point (103379.79331900000397582 96409.09540890000062063),Ferre 2227,Villa Soldati,8,Los materiales deben estar lim,Papel / Cartón / Plástico / Metal / Vidrio
Point (103098.55830200000491459 96222.08148419999633916),Ferre 2505,Villa Soldati,8,Los materiales deben estar lim,Papel / Cartón / Plástico / Metal / Vidrio
Point (102879.74747499999648426 96076.48798099999839906),Ferre 2715,Villa Soldati,8,Los materiales deben estar lim,Papel / Cartón / Plástico / Metal / Vidrio
Point (101204.05476800000178628 96068.70975979999639094),Lacarra Av. 3280,Villa Soldati,8,Los materiales deben estar lim,Papel / Cartón / Plástico / Metal / Vidrio
Point (101569.53314800000225659 95715.53162090000114404),Lacarra Av. 3450,Villa Soldati,8,Los materiales deben estar lim,Papel / Cartón / Plástico / Metal / Vidrio
Point (101669.52822100000048522 95619.11902300000656396),Lacarra Av. 3550,Villa Soldati,8,Los materiales deben estar lim,Papel / Cartón / Plástico / Metal / Vidrio
Point (101067.06450100000074599 97417.07148030000098515),Lafuente 1919,Villa Soldati,8,Los materiales deben estar lim,Papel / Cartón / Plástico / Metal / Vidrio
Point (102192.61621900000318419 96330.7497678000072483),Lafuente 3113,Villa Soldati,8,Los materiales deben estar lim,Papel / Cartón / Plástico / Metal / Vidrio
Point (102289.95422299999336246 96237.17136550000577699),Lafuente 3255,Villa Soldati,8,Los materiales deben estar lim,Papel / Cartón / Plástico / Metal / Vidrio
Point (101726.73164500000711996 96657.72247470000002068),"Marti, Jose 2920",Villa Soldati,8,Los materiales deben estar lim,Papel / Cartón / Plástico / Metal / Vidrio
Point (101409.21120600000722334 96269.62156030000187457),Martinez Castro 3161,Villa Soldati,8,Los materiales deben estar lim,Papel / Cartón / Plástico / Metal / Vidrio
Point (103106.01893700000073295 96816.95629790000384673),O'gorman 3205,Villa Soldati,8,Los materiales deben estar lim,Papel / Cartón / Plástico / Metal / Vidrio
Point (103304.48701399999845307 96604.61832680000225082),O'gorman 3415,Villa Soldati,8,Los materiales deben estar lim,Papel / Cartón / Plástico / Metal / Vidrio
Point (102427.59668099999544211 97116.36624509999819566),Pedernera 2713,Villa Soldati,8,Los materiales deben estar lim,Papel / Cartón / Plástico / Metal / Vidrio
Point (102597.29927499999757856 96917.24129419999371748),Pedernera 2912,Villa Soldati,8,Los materiales deben estar lim,Papel / Cartón / Plástico / Metal / Vidrio
Point (103041.74740500000189058 96348.88173799999640323),Pedernera 3580,Villa Soldati,8,Los materiales deben estar lim,Papel / Cartón / Plástico / Metal / Vidrio
Point (100528.63481499999761581 95219.33138259999395814),"Perez, Pascual 4450",Villa Soldati,8,Los materiales deben estar lim,Papel / Cartón / Plástico / Metal / Vidrio
Point (101548.57956600000034086 96477.09352480000234209),Pergamino 3010,Villa Soldati,8,Los materiales deben estar lim,Papel / Cartón / Plástico / Metal / Vidrio
Point (101844.71565699999337085 96193.1893326999997953),Pergamino 3308,Villa Soldati,8,Los materiales deben estar lim,Papel / Cartón / Plástico / Metal / Vidrio
Point (101942.86348400000133552 96098.55285880000155885),Pergamino 3410,Villa Soldati,8,Los materiales deben estar lim,Papel / Cartón / Plástico / Metal / Vidrio
Point (101549.65655600000172853 96642.5925928000069689),Portela 2807,Villa Soldati,8,Los materiales deben estar lim,Papel / Cartón / Plástico / Metal / Vidrio
Point (101826.04049899999517947 96375.3479527000017697),Portela 3109,Villa Soldati,8,Los materiales deben estar lim,Papel / Cartón / Plástico / Metal / Vidrio
Point (101985.23036600000341423 96221.55583290000504348),Portela 3281,Villa Soldati,8,Los materiales deben estar lim,Papel / Cartón / Plástico / Metal / Vidrio
Point (101132.32362999999895692 97019.51433510000060778),"Riestra, Av 3125",Villa Soldati,8,Los materiales deben estar lim,Papel / Cartón / Plástico / Metal / Vidrio
Point (101001.58525800000643358 96865.99074480000126641),"Riestra, Av 3300",Villa Soldati,8,Los materiales deben estar lim,Papel / Cartón / Plástico / Metal / Vidrio
Point (102252.327132000005804 96638.77867719999630935),Rivera Fructuoso General 2825,Villa Soldati,8,Los materiales deben estar lim,Papel / Cartón / Plástico / Metal / Vidrio
Point (102716.48185500000545289 96945.81170439999550581),Rivera Indarte Av. 2961,Villa Soldati,8,Los materiales deben estar lim,Papel / Cartón / Plástico / Metal / Vidrio
Point (102870.13972700000158511 96758.12734150000324007),Rivera Indarte Av. 3235,Villa Soldati,8,Los materiales deben estar lim,Papel / Cartón / Plástico / Metal / Vidrio
Point (103092.04809500000556 96470.43829210000694729),Rivera Indarte Av. 3517,Villa Soldati,8,Los materiales deben estar lim,Papel / Cartón / Plástico / Metal / Vidrio
Point (103199.95641199999954551 96309.60027619999891613),Rivera Indarte Av. 3681,Villa Soldati,8,Los materiales deben estar lim,Papel / Cartón / Plástico / Metal / Vidrio
Point (101927.97730699999374337 95674.41224059999512974),"Roca, Cnel. Av. 3490",Villa Soldati,8,Los materiales deben estar lim,Papel / Cartón / Plástico / Metal / Vidrio
Point (101840.81344600000011269 96886.51819230000546668),San Pedrito 2661,Villa Soldati,8,Los materiales deben estar lim,Papel / Cartón / Plástico / Metal / Vidrio
Point (102583.63753100000030827 96747.7049263999942923),Varela Av. 3134,Villa Soldati,8,Los materiales deben estar lim,Papel / Cartón / Plástico / Metal / Vidrio
Point (102686.47394999999960419 96622.24719130000448786),Varela Av. 3238,Villa Soldati,8,Los materiales deben estar lim,Papel / Cartón / Plástico / Metal / Vidrio
Point (98152.51338049999321811 106128.16098899999633431),Pacheco 2289,Villa Urquiza,12,Los materiales deben estar lim,Papel / Cartón / Plástico / Metal / Vidrio
Point (97769.76457939999818336 106689.95882600000186358),Pacheco 2940,Villa Urquiza,12,Los materiales deben estar lim,Papel / Cartón / Plástico / Metal / Vidrio
Point (99236.33074499999929685 106142.45726799999829382),Plaza 1866,Villa Urquiza,12,Los materiales deben estar lim,Papel / Cartón / Plástico / Metal / Vidrio
Point (96296.79751340000075288 106714.2036050000024261),Nu?ez 6054,Villa Urquiza,12,Los materiales deben estar lim,Papel / Cartón / Plástico / Metal / Vidrio
Point (95950.38408519999939017 106514.43532600000617094),Nu?ez 6380,Villa Urquiza,12,Los materiales deben estar lim,Papel / Cartón / Plástico / Metal / Vidrio
Point (97617.96367260000261012 107477.19569799999590032),Nu?ez 4812,Villa Urquiza,12,Los materiales deben estar lim,Papel / Cartón / Plástico / Metal / Vidrio
Point (96759.68200689999503084 106991.65730700000131037),Nu?ez 5641,Villa Urquiza,12,Los materiales deben estar lim,Papel / Cartón / Plástico / Metal / Vidrio
Point (96529.19805370000540279 106848.47280899999896064),Nu?ez 5862,Villa Urquiza,12,Los materiales deben estar lim,Papel / Cartón / Plástico / Metal / Vidrio
Point (97164.8705502999946475 107216.27708200000051875),Nu?ez 5284,Villa Urquiza,12,Los materiales deben estar lim,Papel / Cartón / Plástico / Metal / Vidrio
Point (98906.9832994000025792 106082.17167300000437535),"Acha, Mariano, Gral. 2000",Villa Urquiza,12,Los materiales deben estar lim,Papel / Cartón / Plástico / Metal / Vidrio
Point (98752.47393089999968652 106306.59631500000250526),"Acha, Mariano, Gral. 2203",Villa Urquiza,12,Los materiales deben estar lim,Papel / Cartón / Plástico / Metal / Vidrio
Point (98430.02051740000024438 106746.07636599999386817),"Acha, Mariano, Gral. 2663",Villa Urquiza,12,Los materiales deben estar lim,Papel / Cartón / Plástico / Metal / Vidrio
Point (98281.39471989999583457 106948.47516299999551848),"Acha, Mariano, Gral. 2859",Villa Urquiza,12,Los materiales deben estar lim,Papel / Cartón / Plástico / Metal / Vidrio
Point (98205.31524440000066534 107051.4153950000036275),"Acha, Mariano, Gral. 3003",Villa Urquiza,12,Los materiales deben estar lim,Papel / Cartón / Plástico / Metal / Vidrio
Point (97020.25587310000264551 105730.80189000000245869),Aizpurua 2574,Villa Urquiza,12,Los materiales deben estar lim,Papel / Cartón / Plástico / Metal / Vidrio
Point (96920.94297410000581294 105882.49459200000273995),Aizpurua 2742,Villa Urquiza,12,Los materiales deben estar lim,Papel / Cartón / Plástico / Metal / Vidrio
Point (96840.73444159999780823 106002.85361099999863654),Aizpurua 2900,Villa Urquiza,12,Los materiales deben estar lim,Papel / Cartón / Plástico / Metal / Vidrio
Point (96657.61625730000378098 106275.75145900000643451),Aizpurua 3144,Villa Urquiza,12,Los materiales deben estar lim,Papel / Cartón / Plástico / Metal / Vidrio
Point (96230.21988109999801964 106934.85440999999991618),Aizpurua 3635,Villa Urquiza,12,Los materiales deben estar lim,Papel / Cartón / Plástico / Metal / Vidrio
Point (97190.9312352999986615 106209.51931200000399258),Altolaguirre 2878,Villa Urquiza,12,Los materiales deben estar lim,Papel / Cartón / Plástico / Metal / Vidrio
Point (98381.9571120000036899 106219.81063799999537878),Alvarez Thomas Av. 2933,Villa Urquiza,12,Los materiales deben estar lim,Papel / Cartón / Plástico / Metal / Vidrio
Point (97953.84864050000032876 106597.12274099999922328),Alvarez Thomas Av. 3470,Villa Urquiza,12,Los materiales deben estar lim,Papel / Cartón / Plástico / Metal / Vidrio
Point (97352.76600079999479931 106182.57436199999938253),Andonaegui 2752,Villa Urquiza,12,Los materiales deben estar lim,Papel / Cartón / Plástico / Metal / Vidrio
Point (97244.02983129999483936 106346.25482099999499042),Andonaegui 2940,Villa Urquiza,12,Los materiales deben estar lim,Papel / Cartón / Plástico / Metal / Vidrio
Point (97106.9233890000032261 106552.42119100000127219),Andonaegui 3146,Villa Urquiza,12,Los materiales deben estar lim,Papel / Cartón / Plástico / Metal / Vidrio
Point (96946.31023430000641383 106794.15335300000151619),Andonaegui 3352,Villa Urquiza,12,Los materiales deben estar lim,Papel / Cartón / Plástico / Metal / Vidrio
Point (97669.30736849999811966 106141.62604699999792501),Bauness 2526,Villa Urquiza,12,Los materiales deben estar lim,Papel / Cartón / Plástico / Metal / Vidrio
Point (97446.18244269999559037 106476.81403900000441354),Bauness 2958,Villa Urquiza,12,Los materiales deben estar lim,Papel / Cartón / Plástico / Metal / Vidrio
Point (96703.86665359999460634 106844.02570199999900069),Beethoven 3453,Villa Urquiza,12,Los materiales deben estar lim,Papel / Cartón / Plástico / Metal / Vidrio
Point (97907.81328610000491608 105983.18515200000547338),Blanco Encalada 5051,Villa Urquiza,12,Los materiales deben estar lim,Papel / Cartón / Plástico / Metal / Vidrio
Point (97654.37658759999612812 105801.91592299999319948),Blanco Encalada 5277,Villa Urquiza,12,Los materiales deben estar lim,Papel / Cartón / Plástico / Metal / Vidrio
Point (97480.28546100000676233 105677.82078500000352506),Blanco Encalada 5451,Villa Urquiza,12,Los materiales deben estar lim,Papel / Cartón / Plástico / Metal / Vidrio
Point (97056.29208379999909084 106542.63713499999721535),"Bonorino, Martiniano 3156",Villa Urquiza,12,Los materiales deben estar lim,Papel / Cartón / Plástico / Metal / Vidrio
Point (97414.34767249999276828 106328.76681400000234134),Bucarelli 2831,Villa Urquiza,12,Los materiales deben estar lim,Papel / Cartón / Plástico / Metal / Vidrio
Point (97629.73045069999352563 105350.21202700000139885),Burela 2061,Villa Urquiza,12,Los materiales deben estar lim,Papel / Cartón / Plástico / Metal / Vidrio
Point (97146.95152349999989383 106058.19582100000116043),Burela 2782,Villa Urquiza,12,Los materiales deben estar lim,Papel / Cartón / Plástico / Metal / Vidrio
Point (97040.86788760000490583 106218.755671999999322),Burela 2958,Villa Urquiza,12,Los materiales deben estar lim,Papel / Cartón / Plástico / Metal / Vidrio
Point (96471.40757929999381304 107067.57921100000385195),Burela 3642,Villa Urquiza,12,Los materiales deben estar lim,Papel / Cartón / Plástico / Metal / Vidrio
Point (97562.46647959999972954 106547.11394500000460539),Capdevila 2949,Villa Urquiza,12,Los materiales deben estar lim,Papel / Cartón / Plástico / Metal / Vidrio
Point (97400.30945879999489989 106798.55361299999640323),Capdevila 3187,Villa Urquiza,12,Los materiales deben estar lim,Papel / Cartón / Plástico / Metal / Vidrio
Point (97665.01561679999576882 105060.12572799999907147),Ceretti 1882,Villa Urquiza,12,Los materiales deben estar lim,Papel / Cartón / Plástico / Metal / Vidrio
Point (97459.50753250000707339 105378.79655100000672974),Ceretti 2126,Villa Urquiza,12,Los materiales deben estar lim,Papel / Cartón / Plástico / Metal / Vidrio
Point (97375.16140700000687502 105514.06603800000448246),Ceretti 2237,Villa Urquiza,12,Los materiales deben estar lim,Papel / Cartón / Plástico / Metal / Vidrio
Point (97133.69455949999974109 105877.32898000000568572),Ceretti 2621,Villa Urquiza,12,Los materiales deben estar lim,Papel / Cartón / Plástico / Metal / Vidrio
Point (97010.61558250000234693 106062.72369199999957345),Ceretti 2843,Villa Urquiza,12,Los materiales deben estar lim,Papel / Cartón / Plástico / Metal / Vidrio
Point (96809.24629710000590421 106364.51644799999485258),Ceretti 3153,Villa Urquiza,12,Los materiales deben estar lim,Papel / Cartón / Plástico / Metal / Vidrio
Point (98666.46213759999955073 105753.05201200000010431),Combatientes De Malvinas Av. 3658,Villa Urquiza,12,Los materiales deben estar lim,Papel / Cartón / Plástico / Metal / Vidrio
Point (96848.93204800000239629 106173.49349500000244007),Congreso Av. 5733,Villa Urquiza,12,Los materiales deben estar lim,Papel / Cartón / Plástico / Metal / Vidrio
Point (96611.26228979999723379 106022.40968700000667013),Congreso Av. 5973,Villa Urquiza,12,Los materiales deben estar lim,Papel / Cartón / Plástico / Metal / Vidrio
Point (97490.05329529999289662 106091.37207899999339134),Cullen 5341,Villa Urquiza,12,Los materiales deben estar lim,Papel / Cartón / Plástico / Metal / Vidrio
Point (97298.53955719999794383 105963.99837499999557622),Cullen 5539,Villa Urquiza,12,Los materiales deben estar lim,Papel / Cartón / Plástico / Metal / Vidrio
Point (97081.92598980000184383 106716.25470299999869894),De La Tecnica 5450,Villa Urquiza,12,Los materiales deben estar lim,Papel / Cartón / Plástico / Metal / Vidrio
Point (97373.20667660000617616 105241.04341199999907985),De Los Constituyentes Av. 4525,Villa Urquiza,12,Los materiales deben estar lim,Papel / Cartón / Plástico / Metal / Vidrio
Point (96958.805724799996824 105647.40697399999771733),De Los Constituyentes Av. 5011,Villa Urquiza,12,Los materiales deben estar lim,Papel / Cartón / Plástico / Metal / Vidrio
Point (97990.86481759999878705 106104.1710319999983767),Diaz Colodrero 2350,Villa Urquiza,12,Los materiales deben estar lim,Papel / Cartón / Plástico / Metal / Vidrio
Point (97866.29682519999914803 106286.06767099999706261),Diaz Colodrero 2560,Villa Urquiza,12,Los materiales deben estar lim,Papel / Cartón / Plástico / Metal / Vidrio
Point (97648.58004450000589713 106613.97375000000465661),Diaz Colodrero 2950,Villa Urquiza,12,Los materiales deben estar lim,Papel / Cartón / Plástico / Metal / Vidrio
Point (98881.68814880000718404 106306.39969999999448191),Donado 2150,Villa Urquiza,12,Los materiales deben estar lim,Papel / Cartón / Plástico / Metal / Vidrio
Point (98419.80635199999960605 106919.38814100000308827),Donado 2764,Villa Urquiza,12,Los materiales deben estar lim,Papel / Cartón / Plástico / Metal / Vidrio
Point (99120.25358999999298248 106238.46506800000497606),Echeverria 4110,Villa Urquiza,12,Los materiales deben estar lim,Papel / Cartón / Plástico / Metal / Vidrio
Point (98654.34704530000453815 105870.27137800000491552),Echeverria 4769,Villa Urquiza,12,Los materiales deben estar lim,Papel / Cartón / Plástico / Metal / Vidrio
Point (98311.12385509999876376 105547.93508100000326522),Echeverria 5087,Villa Urquiza,12,Los materiales deben estar lim,Papel / Cartón / Plástico / Metal / Vidrio
Point (98141.63869859999977052 105431.10274800000479445),Echeverria 5243,Villa Urquiza,12,Los materiales deben estar lim,Papel / Cartón / Plástico / Metal / Vidrio
Point (97971.03341620000719558 105313.96361900000192691),Echeverria 5439,Villa Urquiza,12,Los materiales deben estar lim,Papel / Cartón / Plástico / Metal / Vidrio
Point (97769.78512950000003912 105175.65334099999745376),Echeverria 5683,Villa Urquiza,12,Los materiales deben estar lim,Papel / Cartón / Plástico / Metal / Vidrio
Point (99308.90403079999668989 106425.20586899999761954),Estomba 2032,Villa Urquiza,12,Los materiales deben estar lim,Papel / Cartón / Plástico / Metal / Vidrio
Point (99152.05922090000240132 106648.30453799999668263),Estomba 2250,Villa Urquiza,12,Los materiales deben estar lim,Papel / Cartón / Plástico / Metal / Vidrio
Point (99024.27683740000065882 106833.16584600000351202),Estomba 2450,Villa Urquiza,12,Los materiales deben estar lim,Papel / Cartón / Plástico / Metal / Vidrio
Point (98554.77689720000489615 105833.47659900000144262),Fernandez Blanco 2027,Villa Urquiza,12,Los materiales deben estar lim,Papel / Cartón / Plástico / Metal / Vidrio
Point (98257.93762949999654666 106178.5978389999945648),Fernandez Blanco 2368,Villa Urquiza,12,Los materiales deben estar lim,Papel / Cartón / Plástico / Metal / Vidrio
Point (97629.34080760000506416 107136.24912900000344962),Galvan 3295,Villa Urquiza,12,Los materiales deben estar lim,Papel / Cartón / Plástico / Metal / Vidrio
Point (98580.31063459999859333 106892.67971300000499468),Holmberg 2695,Villa Urquiza,12,Los materiales deben estar lim,Papel / Cartón / Plástico / Metal / Vidrio
Point (98432.21501070000522304 107094.34786599999642931),Holmberg 2887,Villa Urquiza,12,Los materiales deben estar lim,Papel / Cartón / Plástico / Metal / Vidrio
Point (98179.31602850000490434 107547.58999700000276789),Holmberg 3375,Villa Urquiza,12,Los materiales deben estar lim,Papel / Cartón / Plástico / Metal / Vidrio
Point (98303.883141300000716 107375.46834599999419879),Ibera 4164,Villa Urquiza,12,Los materiales deben estar lim,Papel / Cartón / Plástico / Metal / Vidrio
Point (97983.61881499999435619 107183.15729600000486244),Ibera 4598,Villa Urquiza,12,Los materiales deben estar lim,Papel / Cartón / Plástico / Metal / Vidrio
Point (96947.8726909999968484 106548.44632600000477396),Ibera 5610,Villa Urquiza,12,Los materiales deben estar lim,Papel / Cartón / Plástico / Metal / Vidrio
Point (96802.10986690000572708 106454.48434900000574999),Ibera 5756,Villa Urquiza,12,Los materiales deben estar lim,Papel / Cartón / Plástico / Metal / Vidrio
Point (96596.97929059999296442 106325.02104399999370798),Ibera 5910,Villa Urquiza,12,Los materiales deben estar lim,Papel / Cartón / Plástico / Metal / Vidrio
Point (98381.19583599999896251 105808.68748500000219792),Juramento 4939,Villa Urquiza,12,Los materiales deben estar lim,Papel / Cartón / Plástico / Metal / Vidrio
Point (98181.43991739999910351 105637.65869199999724515),Juramento 5115,Villa Urquiza,12,Los materiales deben estar lim,Papel / Cartón / Plástico / Metal / Vidrio
Point (97965.90735949999361765 105491.49036500000511296),Juramento 5347,Villa Urquiza,12,Los materiales deben estar lim,Papel / Cartón / Plástico / Metal / Vidrio
Point (97823.30154060000495519 105398.22864400000253227),Juramento 5519,Villa Urquiza,12,Los materiales deben estar lim,Papel / Cartón / Plástico / Metal / Vidrio
Point (97641.74820800000452437 105186.70941300000413321),La Gloria 1958,Villa Urquiza,12,Los materiales deben estar lim,Papel / Cartón / Plástico / Metal / Vidrio
Point (97227.72759189999487717 107455.77713899999798741),"Larralde, Crisologo Av. 5145",Villa Urquiza,12,Los materiales deben estar lim,Papel / Cartón / Plástico / Metal / Vidrio
Point (96341.11403559999598656 106945.04207900000619702),"Larralde, Crisologo Av. 5975",Villa Urquiza,12,Los materiales deben estar lim,Papel / Cartón / Plástico / Metal / Vidrio
Point (95985.28731939999852329 106726.23007099999813363),"Larralde, Crisologo Av. 6275",Villa Urquiza,12,Los materiales deben estar lim,Papel / Cartón / Plástico / Metal / Vidrio
Point (98859.85266249999403954 105970.22380900000280235),Lugones 1940,Villa Urquiza,12,Los materiales deben estar lim,Papel / Cartón / Plástico / Metal / Vidrio
Point (98734.95450769999297336 106140.43955799999821465),Lugones 2108,Villa Urquiza,12,Los materiales deben estar lim,Papel / Cartón / Plástico / Metal / Vidrio
Point (98578.82953630000702105 106353.69831199999316595),Lugones 2320,Villa Urquiza,12,Los materiales deben estar lim,Papel / Cartón / Plástico / Metal / Vidrio
Point (98286.25389789999462664 106753.09944999999424908),Lugones 2724,Villa Urquiza,12,Los materiales deben estar lim,Papel / Cartón / Plástico / Metal / Vidrio
Point (98142.97083370000473224 106948.39335699999355711),Lugones 2952,Villa Urquiza,12,Los materiales deben estar lim,Papel / Cartón / Plástico / Metal / Vidrio
Point (98387.31304269999964163 106017.98939400000381283),Mendoza 4838,Villa Urquiza,12,Los materiales deben estar lim,Papel / Cartón / Plástico / Metal / Vidrio
Point (97736.77596990000165533 105504.54519499999878462),Mendoza 5550,Villa Urquiza,12,Los materiales deben estar lim,Papel / Cartón / Plástico / Metal / Vidrio
Point (98081.86444590000610333 105733.86223499999323394),Mendoza Av. 5152,Villa Urquiza,12,Los materiales deben estar lim,Papel / Cartón / Plástico / Metal / Vidrio
Point (97889.54842229999485426 105633.94328000000678003),Mendoza Av. 5331,Villa Urquiza,12,Los materiales deben estar lim,Papel / Cartón / Plástico / Metal / Vidrio
Point (98706.56879839999601245 106039.86533400000189431),Miller 2063,Villa Urquiza,12,Los materiales deben estar lim,Papel / Cartón / Plástico / Metal / Vidrio
Point (98537.13711330000660382 106192.67539000000397209),Miller 2243,Villa Urquiza,12,Los materiales deben estar lim,Papel / Cartón / Plástico / Metal / Vidrio
Point (98427.57336929999291897 106396.85965399999986403),Miller 2445,Villa Urquiza,12,Los materiales deben estar lim,Papel / Cartón / Plástico / Metal / Vidrio
Point (98254.02644030000374187 106634.36255900000105612),Miller 2679,Villa Urquiza,12,Los materiales deben estar lim,Papel / Cartón / Plástico / Metal / Vidrio
Point (98118.95854510000208393 106818.49044999999750871),Miller 2851,Villa Urquiza,12,Los materiales deben estar lim,Papel / Cartón / Plástico / Metal / Vidrio
Point (98663.88655009999638423 106639.9997330000041984),Monroe 4286,Villa Urquiza,12,Los materiales deben estar lim,Papel / Cartón / Plástico / Metal / Vidrio
Point (98510.96514850000676233 106547.93836200000077952),Monroe 4447,Villa Urquiza,12,Los materiales deben estar lim,Papel / Cartón / Plástico / Metal / Vidrio
Point (98132.95759109999926295 106278.54343299999891315),Monroe 4867,Villa Urquiza,12,Los materiales deben estar lim,Papel / Cartón / Plástico / Metal / Vidrio
Point (97755.41021630000614095 106001.8993110000010347),Monroe 5244,Villa Urquiza,12,Los materiales deben estar lim,Papel / Cartón / Plástico / Metal / Vidrio
Point (97495.16823029999795835 105832.33686700000544079),Monroe 5473,Villa Urquiza,12,Los materiales deben estar lim,Papel / Cartón / Plástico / Metal / Vidrio
Point (97187.8427114999940386 105614.48494500000379048),Monroe 5755,Villa Urquiza,12,Los materiales deben estar lim,Papel / Cartón / Plástico / Metal / Vidrio
Point (98610.00828350000665523 107104.89026000000012573),Nahuel Huapi 4015,Villa Urquiza,12,Los materiales deben estar lim,Papel / Cartón / Plástico / Metal / Vidrio
Point (97750.26886140000715386 106492.2898189999978058),Nahuel Huapi 5000,Villa Urquiza,12,Los materiales deben estar lim,Papel / Cartón / Plástico / Metal / Vidrio
Point (96917.32293660000141244 105953.36517600000661332),Nahuel Huapi 5787,Villa Urquiza,12,Los materiales deben estar lim,Papel / Cartón / Plástico / Metal / Vidrio
Point (98917.45800149999558926 106541.17490500000712927),Olazabal Av. 4050,Villa Urquiza,12,Los materiales deben estar lim,Papel / Cartón / Plástico / Metal / Vidrio
Point (98807.19008909999683965 106478.74345300000277348),Olazabal Av. 4189,Villa Urquiza,12,Los materiales deben estar lim,Papel / Cartón / Plástico / Metal / Vidrio
Point (98039.31134780000138562 105940.44775900000240654),Olazabal Av. 4945,Villa Urquiza,12,Los materiales deben estar lim,Papel / Cartón / Plástico / Metal / Vidrio
Point (97897.20105849999526981 105824.60909500000707339),Olazabal Av. 5142,Villa Urquiza,12,Los materiales deben estar lim,Papel / Cartón / Plástico / Metal / Vidrio
Point (97704.29274869999790099 105690.10814700000628363),Olazabal Av. 5322,Villa Urquiza,12,Los materiales deben estar lim,Papel / Cartón / Plástico / Metal / Vidrio
Point (97525.97921600000699982 105563.88314000000536907),Olazabal Av. 5480,Villa Urquiza,12,Los materiales deben estar lim,Papel / Cartón / Plástico / Metal / Vidrio
Point (97989.48510540000279434 107498.5278249999973923),"Pedraza, Manuela 4497",Villa Urquiza,12,Los materiales deben estar lim,Papel / Cartón / Plástico / Metal / Vidrio
Point (97823.30802359999506734 107394.65523999999277294),"Pedraza, Manuela 4696",Villa Urquiza,12,Los materiales deben estar lim,Papel / Cartón / Plástico / Metal / Vidrio
Point (97651.86477369999920484 107295.42234099999768659),"Pedraza, Manuela 4898",Villa Urquiza,12,Los materiales deben estar lim,Papel / Cartón / Plástico / Metal / Vidrio
Point (97486.38013980000687297 107200.13454899999487679),"Pedraza, Manuela 5078",Villa Urquiza,12,Los materiales deben estar lim,Papel / Cartón / Plástico / Metal / Vidrio
Point (97281.22390090000408236 107083.09091299999272451),"Pedraza, Manuela 5258",Villa Urquiza,12,Los materiales deben estar lim,Papel / Cartón / Plástico / Metal / Vidrio
Point (97051.33062530000461265 106939.81123599999409635),"Pedraza, Manuela 5472",Villa Urquiza,12,Los materiales deben estar lim,Papel / Cartón / Plástico / Metal / Vidrio
Point (96750.29231069999514148 106738.82894799999485258),"Pedraza, Manuela 5774",Villa Urquiza,12,Los materiales deben estar lim,Papel / Cartón / Plástico / Metal / Vidrio
Point (96332.18213580000156071 106458.56380499999795575),"Pedraza, Manuela 6140",Villa Urquiza,12,Los materiales deben estar lim,Papel / Cartón / Plástico / Metal / Vidrio
Point (96902.90485419999458827 106966.28404300000693183),Piran 5555,Villa Urquiza,12,Los materiales deben estar lim,Papel / Cartón / Plástico / Metal / Vidrio
Point (96497.69753049999417271 106698.40954900000360794),Piran 5949,Villa Urquiza,12,Los materiales deben estar lim,Papel / Cartón / Plástico / Metal / Vidrio
Point (99113.22892470000078902 106343.21605499999714084),Plaza 2074,Villa Urquiza,12,Los materiales deben estar lim,Papel / Cartón / Plástico / Metal / Vidrio
Point (98988.67001600000367034 106520.87138500000583008),Plaza 2246,Villa Urquiza,12,Los materiales deben estar lim,Papel / Cartón / Plástico / Metal / Vidrio
Point (98830.20609589999367017 106718.95649799999955576),Plaza 2474,Villa Urquiza,12,Los materiales deben estar lim,Papel / Cartón / Plástico / Metal / Vidrio
Point (98695.28587380000681151 106897.43442499999946449),Plaza 2630,Villa Urquiza,12,Los materiales deben estar lim,Papel / Cartón / Plástico / Metal / Vidrio
Point (98446.61106280000240076 107239.33368599999812432),Plaza 3030,Villa Urquiza,12,Los materiales deben estar lim,Papel / Cartón / Plástico / Metal / Vidrio
Point (98210.60091449999890756 107182.01355200000398327),Quesada 4369,Villa Urquiza,12,Los materiales deben estar lim,Papel / Cartón / Plástico / Metal / Vidrio
Point (98001.85869140000431798 107050.84678700000222307),Quesada 4653,Villa Urquiza,12,Los materiales deben estar lim,Papel / Cartón / Plástico / Metal / Vidrio
Point (97726.02254039999388624 106878.94400299999688286),Quesada 4957,Villa Urquiza,12,Los materiales deben estar lim,Papel / Cartón / Plástico / Metal / Vidrio
Point (97529.40561170000000857 106756.133520999996108),Quesada 5123,Villa Urquiza,12,Los materiales deben estar lim,Papel / Cartón / Plástico / Metal / Vidrio
Point (97268.19165560000692494 106589.93726200000673998),Quesada 5379,Villa Urquiza,12,Los materiales deben estar lim,Papel / Cartón / Plástico / Metal / Vidrio
Point (96989.30492949999461416 106411.07739099999889731),Quesada 5649,Villa Urquiza,12,Los materiales deben estar lim,Papel / Cartón / Plástico / Metal / Vidrio
Point (97543.6196265000035055 106235.24448300000221934),"Rivera, Pedro I., Dr. 5248",Villa Urquiza,12,Los materiales deben estar lim,Papel / Cartón / Plástico / Metal / Vidrio
Point (98845.53670579999743495 106950.18971799999417271),Roosevelt Franklin D. 3983,Villa Urquiza,12,Los materiales deben estar lim,Papel / Cartón / Plástico / Metal / Vidrio
Point (98356.02065619999484625 106583.20631799999682698),Roosevelt Franklin D. 4550,Villa Urquiza,12,Los materiales deben estar lim,Papel / Cartón / Plástico / Metal / Vidrio
Point (97434.76501689999713562 105939.77690799999982119),Roosevelt Franklin D. Av. 5463,Villa Urquiza,12,Los materiales deben estar lim,Papel / Cartón / Plástico / Metal / Vidrio
Point (97254.16752309999719728 105787.49384399999689776),Roosevelt Franklin D. Av. 5652,Villa Urquiza,12,Los materiales deben estar lim,Papel / Cartón / Plástico / Metal / Vidrio
Point (99385.03360389999579638 106285.48545500000182074),"Sucre, Antonio Jose De, Mcal. 3915",Villa Urquiza,12,Los materiales deben estar lim,Papel / Cartón / Plástico / Metal / Vidrio
Point (99006.36854929999390151 106020.28721799999766517),"Sucre, Antonio Jose De, Mcal. 4363",Villa Urquiza,12,Los materiales deben estar lim,Papel / Cartón / Plástico / Metal / Vidrio
Point (98086.98604740000155289 107412.16065499999967869),"Tamborini, Jose Pascual 4351",Villa Urquiza,12,Los materiales deben estar lim,Papel / Cartón / Plástico / Metal / Vidrio
Point (97836.41696620000584517 107270.25010499999916647),"Tamborini, Jose Pascual 4651",Villa Urquiza,12,Los materiales deben estar lim,Papel / Cartón / Plástico / Metal / Vidrio
Point (97466.67491839999274816 107064.76007299999764655),"Tamborini, Jose Pascual 5033",Villa Urquiza,12,Los materiales deben estar lim,Papel / Cartón / Plástico / Metal / Vidrio
Point (97245.40071430000534747 106910.82188200000382494),"Tamborini, Jose Pascual 5265",Villa Urquiza,12,Los materiales deben estar lim,Papel / Cartón / Plástico / Metal / Vidrio
Point (96818.4145221000071615 106635.88106099999276921),"Tamborini, Jose Pascual 5671",Villa Urquiza,12,Los materiales deben estar lim,Papel / Cartón / Plástico / Metal / Vidrio
Point (96622.0721213000069838 106509.4407809999975143),"Tamborini, Jose Pascual 5847",Villa Urquiza,12,Los materiales deben estar lim,Papel / Cartón / Plástico / Metal / Vidrio
Point (96486.56386280000151601 106422.46525399999518413),"Tamborini, Jose Pascual 5959",Villa Urquiza,12,Los materiales deben estar lim,Papel / Cartón / Plástico / Metal / Vidrio
Point (96261.26585379999596626 106266.9594340000039665),"Tamborini, Jose Pascual 6198",Villa Urquiza,12,Los materiales deben estar lim,Papel / Cartón / Plástico / Metal / Vidrio
Point (98491.39122889999998733 105604.63361200000508688),Triunvirato Av. 4160,Villa Urquiza,12,Los materiales deben estar lim,Papel / Cartón / Plástico / Metal / Vidrio
Point (98256.56286869999894407 105796.20222799999464769),Triunvirato Av. 4344,Villa Urquiza,12,Los materiales deben estar lim,Papel / Cartón / Plástico / Metal / Vidrio
Point (97052.24851089999719989 107099.9888070000015432),Triunvirato Av. 5770,Villa Urquiza,12,Los materiales deben estar lim,Papel / Cartón / Plástico / Metal / Vidrio
Point (99271.89278219999687281 106313.11513200000626966),Tronador 1981,Villa Urquiza,12,Los materiales deben estar lim,Papel / Cartón / Plástico / Metal / Vidrio
Point (99151.81663830000616144 106482.9889100000000326),Tronador 2137,Villa Urquiza,12,Los materiales deben estar lim,Papel / Cartón / Plástico / Metal / Vidrio
Point (98987.55799260000640061 106718.50561999999627005),Tronador 2375,Villa Urquiza,12,Los materiales deben estar lim,Papel / Cartón / Plástico / Metal / Vidrio
Point (98275.74180040000646841 106414.89033399999607354),Valdenegro 2524,Villa Urquiza,12,Los materiales deben estar lim,Papel / Cartón / Plástico / Metal / Vidrio
Point (98100.23507640000025276 106654.40964899999380577),Valdenegro 2750,Villa Urquiza,12,Los materiales deben estar lim,Papel / Cartón / Plástico / Metal / Vidrio
Point (97979.88428729999577627 106818.38105199999699835),Valdenegro 2910,Villa Urquiza,12,Los materiales deben estar lim,Papel / Cartón / Plástico / Metal / Vidrio
Point (97828.14819799999531824 107022.05391800000506919),Valdenegro 3150,Villa Urquiza,12,Los materiales deben estar lim,Papel / Cartón / Plástico / Metal / Vidrio
Point (96185.56931639999675099 106570.3250969999935478),Zado 3550,Villa Urquiza,12,Los materiales deben estar lim,Papel / Cartón / Plástico / Metal / Vidrio
