id,nombre,tipo,materiales,horario,observacio,direccion,barrio,comuna,geometry
9996,Estación Lugano,Con Atención,Aceite vegetal usado (en botellas cerradas) - Bolsas de comida para perro - Botella de AMOR - Cápsulas de café - Pilas - RAEES,Horario de atención Martes a Viernes de 14 a 19 y Sábados de 10 a 18 h.,Aceite usado en botella de plástico cerrada y en frio. Fuera de ese horario pueden dejar su reciclables en las bocas de recepción que funcionan las 24 hs.,Murguiondo 4121,Villa Lugano,Comuna 8,POINT (-58.47612114749537 -34.67666632437466)
99911,Parque Las Heras,Con Atención,Aceite vegetal usado (en botellas cerradas) - Bolsas de comida para perro - Botella de AMOR - Cápsulas de café - Pilas - RAEES,Horario de atención Martes a Viernes de 14 a 19 y Sábados de 10 a 18 h.,Aceite usado en botella de plástico cerrada y en frio. Fuera de ese horario pueden dejar su reciclables en las bocas de recepción que funcionan las 24 hs.,"Diaz, Cnel. Av. 2437",Recoleta,Comuna 2,POINT (-58.40676659357997 -34.58448273224166)
99914,Parque Saavedra,Con Atención,Aceite vegetal usado (en botellas cerradas) - Bolsas de comida para perro - Botella de AMOR - Cápsulas de café - Pilas - RAEES,Horario de atención Martes a Viernes de 14 a 19 y Sábados de 10 a 18 h.,Aceite usado en botella de plástico cerrada y en frio. Fuera de ese horario pueden dejar su reciclables en las bocas de recepción que funcionan las 24 hs.,"Paroissien y Perez, Roque",Saavedra,Comuna 12,POINT (-58.48205963517308 -34.55178375679957)
99917,Parque Santojanni,Con Atención,Aceite vegetal usado (en botellas cerradas) - Bolsas de comida para perro - Botella de AMOR - Cápsulas de café - Pilas - RAEES,Horario de atención Martes a Viernes de 14 a 19 y Sábados de 10 a 18 h.,Aceite usado en botella de plástico cerrada y en frio. Fuera de ese horario pueden dejar su reciclables en las bocas de recepción que funcionan las 24 hs.,"De La Torre, Lisandro y Acassuso",Liniers,Comuna 9,POINT (-58.51589050401845 -34.65042251639289)
99924,Plaza Almagro,Con Atención,Aceite vegetal usado (en botellas cerradas) - Bolsas de comida para perro - Botella de AMOR - Cápsulas de café - Pilas - RAEES,Horario de atención Martes a Viernes de 14 a 19 y Sábados de 10 a 18 h.,Aceite usado en botella de plástico cerrada y en frio. Fuera de ese horario pueden dejar su reciclables en las bocas de recepción que funcionan las 24 hs.,Bulnes y Sarmiento,Almagro,Comuna 5,POINT (-58.418357794620604 -34.60527986109268)
99930,Plaza Benito Nazar,Con Atención,Aceite vegetal usado (en botellas cerradas) - Bolsas de comida para perro - Botella de AMOR - Cápsulas de café - Pilas - RAEES,Horario de atención Martes a Viernes de 14 a 19 y Sábados de 10 a 18 h.,Aceite usado en botella de plástico cerrada y en frio. Fuera de ese horario pueden dejar su reciclables en las bocas de recepción que funcionan las 24 hs.,Antezana y Olaya,Villa Crespo,Comuna 15,POINT (-58.444662659712804 -34.60489839654926)
99935,Plaza Colombia,Con Atención,Aceite vegetal usado (en botellas cerradas) - Bolsas de comida para perro - Botella de AMOR - Cápsulas de café - Cartón - Metal - Orgánicos - Papel - Pilas - Plástico - RAEES - Telgopor - Tetra-brik - Vidrio,Horario de atención Martes a Viernes de 14 a 19 y Sábados de 10 a 18 h.,Aceite usado en botella de plástico cerrada y en frio. Fuera de ese horario pueden dejar su reciclables en las bocas de recepción que funcionan las 24 hs.,"Brandsen y Montes De Oca, Manuel Av.",Barracas,Comuna 4,POINT (-58.37444211428307 -34.63786971772978)
99938,Plaza de La Misericordia,Con Atención,Aceite vegetal usado (en botellas cerradas) - Bolsas de comida para perro - Botella de AMOR - Cápsulas de café - Pilas - RAEES,Horario de atención Martes a Viernes de 14 a 19 y Sábados de 10 a 18 h.,Aceite usado en botella de plástico cerrada y en frio. Fuera de ese horario pueden dejar su reciclables en las bocas de recepción que funcionan las 24 hs.,"Bilbao, Francisco y Lautaro",Flores,Comuna 7,POINT (-58.454993640235365 -34.63288795950816)
99941,Plaza Don Bosco,Con Atención,Aceite vegetal usado (en botellas cerradas) - Bolsas de comida para perro - Botella de AMOR - Cápsulas de café - Pilas - RAEES,Horario de atención Martes a Viernes de 14 a 19 y Sábados de 10 a 18 h.,Aceite usado en botella de plástico cerrada y en frio. Fuera de ese horario pueden dejar su reciclables en las bocas de recepción que funcionan las 24 hs.,"Lope De Vega Av. y Gonzalez, Elpidio",Monte Castro,Comuna 10,POINT (-58.508309341820365 -34.62682935871767)
99943,Plaza Echeverría,Con Atención,Aceite vegetal usado (en botellas cerradas) - Bolsas de comida para perro - Botella de AMOR - Cápsulas de café - Pilas - RAEES,Horario de atención Martes a Viernes de 14 a 19 y Sábados de 10 a 18 h.,Aceite usado en botella de plástico cerrada y en frio. Fuera de ese horario pueden dejar su reciclables en las bocas de recepción que funcionan las 24 hs.,"Rivera, Pedro I., Dr. y Bauness",Villa Urquiza,Comuna 12,POINT (-58.48955761728068 -34.57272105189643)
99948,Plaza Irlanda,Con Atención,Aceite vegetal usado (en botellas cerradas) - Bolsas de comida para perro - Botella de AMOR - Cápsulas de café - Pilas - RAEES,Horario de atención Martes a Viernes de 14 a 19 y Sábados de 10 a 18 h.,Aceite usado en botella de plástico cerrada y en frio. Fuera de ese horario pueden dejar su reciclables en las bocas de recepción que funcionan las 24 hs.,"Alvarez, Donato, Tte. Gral. y Gaona Av.",Caballito,Comuna 6,POINT (-58.45942942302662 -34.61387671985942)
99953,Plaza Manuel Belgrano,Con Atención,Aceite vegetal usado (en botellas cerradas) - Bolsas de comida para perro - Botella de AMOR - Cápsulas de café - Pilas - RAEES,Horario de atención Martes a Viernes de 14 a 19 y Sábados de 10 a 18 h.,Aceite usado en botella de plástico cerrada y en frio. Fuera de ese horario pueden dejar su reciclables en las bocas de recepción que funcionan las 24 hs.,Echeverria y Cuba,Belgrano,Comuna 13,POINT (-58.453948087391126 -34.56184758803644)
99956,Plaza Mariano Boedo,Con Atención,Aceite vegetal usado (en botellas cerradas) - Bolsas de comida para perro - Botella de AMOR - Cápsulas de café - Pilas - RAEES,Horario de atención Martes a Viernes de 14 a 19 y Sábados de 10 a 18 h.,Aceite usado en botella de plástico cerrada y en frio. Fuera de ese horario pueden dejar su reciclables en las bocas de recepción que funcionan las 24 hs.,Sanchez De Loria y Estados Unidos,Boedo,Comuna 5,POINT (-58.41244151193153 -34.621881152120245)
99959,Plaza Monseñor De Andrea,Con Atención,Aceite vegetal usado (en botellas cerradas) - Bolsas de comida para perro - Botella de AMOR - Cápsulas de café - Pilas - RAEES,Horario de atención Martes a Viernes de 14 a 19 y Sábados de 10 a 18 h.,Aceite usado en botella de plástico cerrada y en frio. Fuera de ese horario pueden dejar su reciclables en las bocas de recepción que funcionan las 24 hs.,"Cabrera, Jose A. y Anchorena, Tomas Manuel De, Dr.",Recoleta,Comuna 2,POINT (-58.40756368859171 -34.59698661481715)
99965,Plaza Rivadavia,Con Atención,Aceite vegetal usado (en botellas cerradas) - Bolsas de comida para perro - Botella de AMOR - Cápsulas de café - Pilas - RAEES,Horario de atención Martes a Viernes de 14 a 19 y Sábados de 10 a 18 h.,Aceite usado en botella de plástico cerrada y en frio. Fuera de ese horario pueden dejar su reciclables en las bocas de recepción que funcionan las 24 hs.,"Rivadavia Av. y Balcarce, Florencio",Caballito,Comuna 6,POINT (-58.434739712462445 -34.61753532697676)
99968,Plaza Rosario Vera Peñalozza,Con Atención,Aceite vegetal usado (en botellas cerradas) - Bolsas de comida para perro - Botella de AMOR - Cápsulas de café - Pilas - RAEES,Horario de atención Martes a Viernes de 14 a 19 y Sábados de 10 a 18 h.,Aceite usado en botella de plástico cerrada y en frio. Fuera de ese horario pueden dejar su reciclables en las bocas de recepción que funcionan las 24 hs.,San Juan Av. y Chacabuco,San Telmo,Comuna 1,POINT (-58.375652111778244 -34.62200078776617)
99973,Plaza Velez Sarsfield,Con Atención,Aceite vegetal usado (en botellas cerradas) - Bolsas de comida para perro - Botella de AMOR - Cápsulas de café - Pilas - RAEES,Horario de atención Martes a Viernes de 14 a 19 y Sábados de 10 a 18 h.,Aceite usado en botella de plástico cerrada y en frio. Fuera de ese horario pueden dejar su reciclables en las bocas de recepción que funcionan las 24 hs.,Chivilcoy y Bogota,Floresta,Comuna 10,POINT (-58.48320021310982 -34.63055777272983)
1,Centro Verde Yerbal,Centro de Clasificación RSU,RSU (Residuos Sólidos Urbanos),,,Yerbal 1481,Caballito,6,POINT (-58.45249769 -34.62354366)
2,Centro Verde Cortejarena,Centro de Clasificación RSU,RSU (Residuos Sólidos Urbanos),,,"Cortejarena, Jose A. 3151",Parque Patricios,4,POINT (-58.40659321 -34.64358277)
3,Centro Verde Constituyentes,Centro de Clasificación RSU,RSU (Residuos Sólidos Urbanos),,,De Los Constituyentes Av. 6259,Villa Urquiza,12,POINT (-58.50843108 -34.57022595)
4,Centro Verde Nuñez,Centro de Clasificación RSU,RSU (Residuos Sólidos Urbanos),,,"Paz, Gral. Av. 98",Nuñez,13,POINT (-58.46203398 -34.53478254)
5,Centro Verde Retiro,Centro de Clasificación RSU,RSU (Residuos Sólidos Urbanos),,,Padre Carlos Mugica 510,Retiro,1,POINT (-58.39666328 -34.57418907)
6,Centro Verde Varela,Centro de Clasificación RSU,RSU (Residuos Sólidos Urbanos),,,Varela Av. 2505,Villa Soldati,8,POINT (-58.44165504 -34.65329046)
7,Centro Verde De La Rosa,Centro de Clasificación RSU,RSU (Residuos Sólidos Urbanos),,,"De La Rosa, Jose I., Dr. 6245",Villa Soldati,8,POINT (-58.45170464 -34.66348563)
8,Centro Verde Chilavert,Centro de Clasificación RSU,RSU (Residuos Sólidos Urbanos),,,"Chilavert, Martiniano, Coronel 2745",Villa Soldati,8,POINT (-58.43982793 -34.65468205)
9,Centro Verde Barracas,Centro de Clasificación RSU,RSU (Residuos Sólidos Urbanos),,,Herrera 2124,Barracas,4,POINT (-58.37400166 -34.65091654)
10,Centro Verde Solís,Centro de Clasificación RSU,RSU (Residuos Sólidos Urbanos),,,Solis 1919,Constitución,4,POINT (-58.389465 -34.630628)
11,Centro Verde Corrales,Centro de Clasificación RSU,RSU (Residuos Sólidos Urbanos),,,Corrales 1763,Pompeya,4,POINT (-58.427855 -34.652591)
12,Centro Verde Saavedra,Centro de Clasificación RSU,RSU (Residuos Sólidos Urbanos),,,Arias 4383,Saavedra,13,POINT (-58.491732 -34.550236)
13,Centro Verde José Martí,Centro de Clasificación RSU,RSU (Residuos Sólidos Urbanos),,,"Marti, Jose 3329",Villa Soldati,8,POINT (-58.440244 -34.663154)
14,Centro Verde Balbastro,Centro de Clasificación RSU,RSU (Residuos Sólidos Urbanos),,,Balbastro 3209,Villa Soldati,8,POINT (-58.457814 -34.650675)
15,Contenedor Verde,Contenedor Verde,Papel / Cartón / Plástico / Metal / Vidrio,,,Navarro 2429,Agronomia,15,POINT (-149.01529604189165 -46.442255901741085)
16,Contenedor Verde,Contenedor Verde,Papel / Cartón / Plástico / Metal / Vidrio,,,Argerich 3916,Agronomia,15,POINT (-149.01738939214388 -46.43705579126403)
17,Contenedor Verde,Contenedor Verde,Papel / Cartón / Plástico / Metal / Vidrio,,,"Artigas, Jose Gervasio, Gral. 3556",Agronomia,15,POINT (-149.0162287795111 -46.44197409281906)
18,Contenedor Verde,Contenedor Verde,Papel / Cartón / Plástico / Metal / Vidrio,,,"Artigas, Jose Gervasio, Gral. 3706",Agronomia,15,POINT (-149.01500132324566 -46.44130817556053)
19,Contenedor Verde,Contenedor Verde,Papel / Cartón / Plástico / Metal / Vidrio,,,"Artigas, Jose Gervasio, Gral. 3914",Agronomia,15,POINT (-149.0134638120684 -46.440468366351375)
20,Contenedor Verde,Contenedor Verde,Papel / Cartón / Plástico / Metal / Vidrio,,,"Artigas, Jose Gervasio, Gral. 4124",Agronomia,15,POINT (-149.0119473684316 -46.439644732909215)
21,Contenedor Verde,Contenedor Verde,Papel / Cartón / Plástico / Metal / Vidrio,,,Asuncion 2240,Agronomia,15,POINT (-149.011683123598 -46.44234358792117)
22,Contenedor Verde,Contenedor Verde,Papel / Cartón / Plástico / Metal / Vidrio,,,Asuncion 3097,Agronomia,15,POINT (-149.01830116951095 -46.43643596713511)
23,Contenedor Verde,Contenedor Verde,Papel / Cartón / Plástico / Metal / Vidrio,,,"Beiro, Francisco Av. 2963",Agronomia,15,POINT (-149.02006648517428 -46.43914818568087)
24,Contenedor Verde,Contenedor Verde,Papel / Cartón / Plástico / Metal / Vidrio,,,Caracas 3525,Agronomia,15,POINT (-149.0148250982259 -46.44343845959664)
25,Contenedor Verde,Contenedor Verde,Papel / Cartón / Plástico / Metal / Vidrio,,,"Carril, Salvador Maria Del Av. 2276",Agronomia,15,POINT (-149.01050718313647 -46.44133673534795)
26,Contenedor Verde,Contenedor Verde,Papel / Cartón / Plástico / Metal / Vidrio,,,Condarco 3750,Agronomia,15,POINT (-149.01625755533934 -46.439829118859954)
27,Contenedor Verde,Contenedor Verde,Papel / Cartón / Plástico / Metal / Vidrio,,,Condarco 3950,Agronomia,15,POINT (-149.01479729259003 -46.439070803771905)
28,Contenedor Verde,Contenedor Verde,Papel / Cartón / Plástico / Metal / Vidrio,,,"Cortazar, Julio 3664",Agronomia,15,POINT (-149.02105105781527 -46.44367193524428)
29,Contenedor Verde,Contenedor Verde,Papel / Cartón / Plástico / Metal / Vidrio,,,Cuenca 3807,Agronomia,15,POINT (-149.01984006050066 -46.43593952866596)
30,Contenedor Verde,Contenedor Verde,Papel / Cartón / Plástico / Metal / Vidrio,,,Estado Plurinacional De Bolivia 3541,Agronomia,15,POINT (-149.01707279690316 -46.441417849907204)
31,Contenedor Verde,Contenedor Verde,Papel / Cartón / Plástico / Metal / Vidrio,,,Estado Plurinacional De Bolivia 3795,Agronomia,15,POINT (-149.0151718478632 -46.44038705978656)
32,Contenedor Verde,Contenedor Verde,Papel / Cartón / Plástico / Metal / Vidrio,,,Helguera 3995,Agronomia,15,POINT (-149.0177770066937 -46.43607923576323)
33,Contenedor Verde,Contenedor Verde,Papel / Cartón / Plástico / Metal / Vidrio,,,Llerena 3195,Agronomia,15,POINT (-149.01431110859966 -46.44740827827816)
34,Contenedor Verde,Contenedor Verde,Papel / Cartón / Plástico / Metal / Vidrio,,,Melincue 2424,Agronomia,15,POINT (-149.02162111763707 -46.44531088722733)
35,Contenedor Verde,Contenedor Verde,Papel / Cartón / Plástico / Metal / Vidrio,,,"Moran, Pedro 2247",Agronomia,15,POINT (-149.01237336681294 -46.44266202505855)
36,Contenedor Verde,Contenedor Verde,Papel / Cartón / Plástico / Metal / Vidrio,,,"Moran, Pedro 2873",Agronomia,15,POINT (-149.01701275078636 -46.438581300116155)
37,Contenedor Verde,Contenedor Verde,Papel / Cartón / Plástico / Metal / Vidrio,,,"Moran, Pedro 3066",Agronomia,15,POINT (-149.01878272300314 -46.43711048984994)
38,Contenedor Verde,Contenedor Verde,Papel / Cartón / Plástico / Metal / Vidrio,,,Navarro 3005,Agronomia,15,POINT (-149.01980843019348 -46.43828216987478)
39,Contenedor Verde,Contenedor Verde,Papel / Cartón / Plástico / Metal / Vidrio,,,Nazca Av. 3650,Agronomia,15,POINT (-149.01853828074834 -46.438904198733326)
40,Contenedor Verde,Contenedor Verde,Papel / Cartón / Plástico / Metal / Vidrio,,,Nazca Av. 4043,Agronomia,15,POINT (-149.01564765319347 -46.437414989219505)
41,Contenedor Verde,Contenedor Verde,Papel / Cartón / Plástico / Metal / Vidrio,,,Nazca Av. 4141,Agronomia,15,POINT (-149.01493918497292 -46.43702960844471)
42,Contenedor Verde,Contenedor Verde,Papel / Cartón / Plástico / Metal / Vidrio,,,Nueva York 2187,Agronomia,15,POINT (-149.010488155861 -46.44230644237428)
43,Contenedor Verde,Contenedor Verde,Papel / Cartón / Plástico / Metal / Vidrio,,,Nueva York 2343,Agronomia,15,POINT (-149.01168351685175 -46.44125565673751)
44,Contenedor Verde,Contenedor Verde,Papel / Cartón / Plástico / Metal / Vidrio,,,Nueva York 2643,Agronomia,15,POINT (-149.01394454952583 -46.43926902469918)
45,Contenedor Verde,Contenedor Verde,Papel / Cartón / Plástico / Metal / Vidrio,,,Nueva York 3211,Agronomia,15,POINT (-149.0187071628826 -46.435070477119154)
46,Contenedor Verde,Contenedor Verde,Papel / Cartón / Plástico / Metal / Vidrio,,,"Solano Lopez, F., Mariscal 2140",Agronomia,15,POINT (-149.0121646795857 -46.44401875714595)
47,Contenedor Verde,Contenedor Verde,Papel / Cartón / Plástico / Metal / Vidrio,,,"Solano Lopez, F., Mariscal 2266",Agronomia,15,POINT (-149.0133464584941 -46.44297959623105)
48,Contenedor Verde,Contenedor Verde,Papel / Cartón / Plástico / Metal / Vidrio,,,"Solano Lopez, F., Mariscal 3041",Agronomia,15,POINT (-149.0193424936976 -46.43761414885187)
49,Contenedor Verde,Contenedor Verde,Papel / Cartón / Plástico / Metal / Vidrio,,,"Solano Lopez, F., Mariscal 3159",Agronomia,15,POINT (-149.02034662552816 -46.43673370280768)
50,Contenedor Verde,Contenedor Verde,Papel / Cartón / Plástico / Metal / Vidrio,,,Terrada 3599,Agronomia,15,POINT (-149.0181813082006 -46.43987152826547)
51,Contenedor Verde,Contenedor Verde,Papel / Cartón / Plástico / Metal / Vidrio,,,Terrada 3847,Agronomia,15,POINT (-149.0162056862967 -46.438797958540185)
52,Contenedor Verde,Contenedor Verde,Papel / Cartón / Plástico / Metal / Vidrio,,,Tinogasta 2426,Agronomia,15,POINT (-149.01955203548005 -46.444251084968144)
53,Contenedor Verde,Contenedor Verde,Papel / Cartón / Plástico / Metal / Vidrio,,,Venecia 3148,Agronomia,15,POINT (-149.02143430583578 -46.4430494116213)
54,Contenedor Verde,Contenedor Verde,Papel / Cartón / Plástico / Metal / Vidrio,,,Zamudio 3225,Agronomia,15,POINT (-149.02127412528145 -46.44585081679182)
55,Contenedor Verde,Contenedor Verde,Papel / Cartón / Plástico / Metal / Vidrio,,,Zamudio 3849,Agronomia,15,POINT (-149.0131913949562 -46.44147081884633)
56,Contenedor Verde,Contenedor Verde,Papel / Cartón / Plástico / Metal / Vidrio,,,Rawson 362,Almagro,5,POINT (-149.03159491407095 -46.4805151302274)
57,Contenedor Verde,Contenedor Verde,Papel / Cartón / Plástico / Metal / Vidrio,,,Sarmiento 3465,Almagro,5,POINT (-149.02946655014026 -46.48757299929467)
58,Contenedor Verde,Contenedor Verde,Papel / Cartón / Plástico / Metal / Vidrio,,,Sarmiento 3669,Almagro,5,POINT (-149.0290999841678 -46.48625101411089)
59,Contenedor Verde,Contenedor Verde,Papel / Cartón / Plástico / Metal / Vidrio,,,Sarmiento 4075,Almagro,5,POINT (-149.02836762916044 -46.48284442232172)
60,Contenedor Verde,Contenedor Verde,Papel / Cartón / Plástico / Metal / Vidrio,,,Sarmiento 4271,Almagro,5,POINT (-149.0280781138353 -46.481280373317674)
61,Contenedor Verde,Contenedor Verde,Papel / Cartón / Plástico / Metal / Vidrio,,,Sarmiento 4429,Almagro,5,POINT (-149.02792281740986 -46.47956255293812)
62,Contenedor Verde,Contenedor Verde,Papel / Cartón / Plástico / Metal / Vidrio,,,Sarmiento 4625,Almagro,5,POINT (-149.0277628181196 -46.47771867957897)
63,Contenedor Verde,Contenedor Verde,Papel / Cartón / Plástico / Metal / Vidrio,,,Mu?iz 178,Almagro,5,POINT (-149.04007265858363 -46.479990239975805)
64,Contenedor Verde,Contenedor Verde,Papel / Cartón / Plástico / Metal / Vidrio,,,Mu?iz 454,Almagro,5,POINT (-149.0432105300112 -46.48015987341134)
65,Contenedor Verde,Contenedor Verde,Papel / Cartón / Plástico / Metal / Vidrio,,,Mu?iz 360,Almagro,5,POINT (-149.04212996871013 -46.48006748865092)
66,Contenedor Verde,Contenedor Verde,Papel / Cartón / Plástico / Metal / Vidrio,,,"Acu?a De Figueroa, Francisco 1044",Almagro,5,POINT (-149.02234558681684 -46.482908263024946)
67,Contenedor Verde,Contenedor Verde,Papel / Cartón / Plástico / Metal / Vidrio,,,Aguirre 17,Almagro,5,POINT (-149.02520526386314 -46.47699437040857)
68,Contenedor Verde,Contenedor Verde,Papel / Cartón / Plástico / Metal / Vidrio,,,Estado De Israel Av. 4323,Almagro,5,POINT (-149.02136539193305 -46.479884432892604)
69,Contenedor Verde,Contenedor Verde,Papel / Cartón / Plástico / Metal / Vidrio,,,Agrelo 3949,Almagro,5,POINT (-149.04319351387048 -46.48362521856186)
70,Contenedor Verde,Contenedor Verde,Papel / Cartón / Plástico / Metal / Vidrio,,,Agrelo 4173,Almagro,5,POINT (-149.04355015964128 -46.4813785656782)
71,Contenedor Verde,Contenedor Verde,Papel / Cartón / Plástico / Metal / Vidrio,,,Avda Belgrano 3358,Almagro,5,POINT (-149.0395947445036 -46.48816833400007)
72,Contenedor Verde,Contenedor Verde,Papel / Cartón / Plástico / Metal / Vidrio,,,Avda Belgrano 3926,Almagro,5,POINT (-149.0400313609689 -46.48315540504663)
73,Contenedor Verde,Contenedor Verde,Papel / Cartón / Plástico / Metal / Vidrio,,,Avda Hipolito Yrigoyen 3737,Almagro,5,POINT (-149.03839982127636 -46.48484070980807)
74,Contenedor Verde,Contenedor Verde,Papel / Cartón / Plástico / Metal / Vidrio,,,Avda Hipolito Yrigoyen 4141,Almagro,5,POINT (-149.0389957215193 -46.481346100017305)
75,Contenedor Verde,Contenedor Verde,Papel / Cartón / Plástico / Metal / Vidrio,,,Avda La Plata 271,Almagro,5,POINT (-149.04234013511004 -46.479200782158806)
76,Contenedor Verde,Contenedor Verde,Papel / Cartón / Plástico / Metal / Vidrio,,,Avda La Plata 358,Almagro,5,POINT (-149.04344834777484 -46.479479927385114)
77,Contenedor Verde,Contenedor Verde,Papel / Cartón / Plástico / Metal / Vidrio,,,Avda La Plata 451,Almagro,5,POINT (-149.04464409864434 -46.47950942942846)
78,Contenedor Verde,Contenedor Verde,Papel / Cartón / Plástico / Metal / Vidrio,,,Avda La Plata 558,Almagro,5,POINT (-149.04612364312968 -46.4798268190013)
79,Contenedor Verde,Contenedor Verde,Papel / Cartón / Plástico / Metal / Vidrio,,,Avda La Plata 93,Almagro,5,POINT (-149.04066010322157 -46.47896243986725)
80,Contenedor Verde,Contenedor Verde,Papel / Cartón / Plástico / Metal / Vidrio,,,Billinghurst 45,Almagro,5,POINT (-149.0340241822742 -46.48682033976123)
81,Contenedor Verde,Contenedor Verde,Papel / Cartón / Plástico / Metal / Vidrio,,,Billinghurst 945,Almagro,5,POINT (-149.0220757979059 -46.48727431594449)
82,Contenedor Verde,Contenedor Verde,Papel / Cartón / Plástico / Metal / Vidrio,,,"Bocayuva, Quintino 289",Almagro,5,POINT (-149.03984609389227 -46.48262687770165)
83,Contenedor Verde,Contenedor Verde,Papel / Cartón / Plástico / Metal / Vidrio,,,"Bocayuva, Quintino 516",Almagro,5,POINT (-149.0422810262588 -46.482935699164194)
84,Contenedor Verde,Contenedor Verde,Papel / Cartón / Plástico / Metal / Vidrio,,,Boedo 145,Almagro,5,POINT (-149.03702028763215 -46.485770472045694)
85,Contenedor Verde,Contenedor Verde,Papel / Cartón / Plástico / Metal / Vidrio,,,Boedo 423,Almagro,5,POINT (-149.04180982755278 -46.48628718405854)
86,Contenedor Verde,Contenedor Verde,Papel / Cartón / Plástico / Metal / Vidrio,,,Castro Barros 689,Almagro,5,POINT (-149.04414629712 -46.48465951442027)
87,Contenedor Verde,Contenedor Verde,Papel / Cartón / Plástico / Metal / Vidrio,,,Castro Barros Av. 321,Almagro,5,POINT (-149.040359629644 -46.48434338331761)
88,Contenedor Verde,Contenedor Verde,Papel / Cartón / Plástico / Metal / Vidrio,,,Castro Barros Av. 33,Almagro,5,POINT (-149.0359459867127 -46.48375553309916)
89,Contenedor Verde,Contenedor Verde,Papel / Cartón / Plástico / Metal / Vidrio,,,Colombres 294,Almagro,5,POINT (-149.03970299532563 -46.48533447475453)
90,Contenedor Verde,Contenedor Verde,Papel / Cartón / Plástico / Metal / Vidrio,,,Colombres 450,Almagro,5,POINT (-149.04229056681126 -46.48551086971029)
91,Contenedor Verde,Contenedor Verde,Papel / Cartón / Plástico / Metal / Vidrio,,,Colombres 54,Almagro,5,POINT (-149.03603432877932 -46.4847341955741)
92,Contenedor Verde,Contenedor Verde,Papel / Cartón / Plástico / Metal / Vidrio,,,Colombres 652,Almagro,5,POINT (-149.04481107638813 -46.485633370050344)
93,Contenedor Verde,Contenedor Verde,Papel / Cartón / Plástico / Metal / Vidrio,,,Cordoba Av. 3293,Almagro,5,POINT (-149.0210048275701 -46.4882985121364)
94,Contenedor Verde,Contenedor Verde,Papel / Cartón / Plástico / Metal / Vidrio,,,Cordoba Av. 3451,Almagro,5,POINT (-149.02096308847754 -46.486962325113154)
95,Contenedor Verde,Contenedor Verde,Papel / Cartón / Plástico / Metal / Vidrio,,,Cordoba Av. 3521,Almagro,5,POINT (-149.0209563084851 -46.48631040377308)
96,Contenedor Verde,Contenedor Verde,Papel / Cartón / Plástico / Metal / Vidrio,,,Cordoba Av. 3767,Almagro,5,POINT (-149.0209455039211 -46.48429390255757)
97,Contenedor Verde,Contenedor Verde,Papel / Cartón / Plástico / Metal / Vidrio,,,Cordoba Av. 3973,Almagro,5,POINT (-149.0209433567874 -46.482404075922254)
98,Contenedor Verde,Contenedor Verde,Papel / Cartón / Plástico / Metal / Vidrio,,,Corrientes Av. 3572,Almagro,5,POINT (-149.02744792937534 -46.48706809975519)
99,Contenedor Verde,Contenedor Verde,Papel / Cartón / Plástico / Metal / Vidrio,,,Corrientes Av. 3790,Almagro,5,POINT (-149.02708065265642 -46.4854847472459)
100,Contenedor Verde,Contenedor Verde,Papel / Cartón / Plástico / Metal / Vidrio,,,Corrientes Av. 3974,Almagro,5,POINT (-149.02684837572835 -46.48385212212659)
101,Contenedor Verde,Contenedor Verde,Papel / Cartón / Plástico / Metal / Vidrio,,,Corrientes Av. 4144,Almagro,5,POINT (-149.02662662066868 -46.48225169543536)
102,Contenedor Verde,Contenedor Verde,Papel / Cartón / Plástico / Metal / Vidrio,,,Corrientes Av. 4370,Almagro,5,POINT (-149.026343401706 -46.480249790608376)
103,Contenedor Verde,Contenedor Verde,Papel / Cartón / Plástico / Metal / Vidrio,,,Corrientes Av. 4534,Almagro,5,POINT (-149.02612659666244 -46.478710262972285)
104,Contenedor Verde,Contenedor Verde,Papel / Cartón / Plástico / Metal / Vidrio,,,Corrientes Av. 4680,Almagro,5,POINT (-149.02590345684368 -46.47718311672477)
105,Contenedor Verde,Contenedor Verde,Papel / Cartón / Plástico / Metal / Vidrio,,,Diaz Velez Av. 3762,Almagro,5,POINT (-149.03241634752453 -46.48450998334336)
106,Contenedor Verde,Contenedor Verde,Papel / Cartón / Plástico / Metal / Vidrio,,,Diaz Velez Av. 3974,Almagro,5,POINT (-149.03252210992707 -46.48282271092535)
107,Contenedor Verde,Contenedor Verde,Papel / Cartón / Plástico / Metal / Vidrio,,,Diaz Velez Av. 4144,Almagro,5,POINT (-149.03264365947376 -46.48103684581995)
108,Contenedor Verde,Contenedor Verde,Papel / Cartón / Plástico / Metal / Vidrio,,,Diaz Velez Av. 4364,Almagro,5,POINT (-149.03278804385138 -46.479118675119494)
109,Contenedor Verde,Contenedor Verde,Papel / Cartón / Plástico / Metal / Vidrio,,,Don Bosco 3474,Almagro,5,POINT (-149.03570492000705 -46.48733744917763)
110,Contenedor Verde,Contenedor Verde,Papel / Cartón / Plástico / Metal / Vidrio,,,Don Bosco 4112,Almagro,5,POINT (-149.03779330368997 -46.48225785033544)
111,Contenedor Verde,Contenedor Verde,Papel / Cartón / Plástico / Metal / Vidrio,,,Gascon 37,Almagro,5,POINT (-149.0360680767239 -46.48200720220425)
112,Contenedor Verde,Contenedor Verde,Papel / Cartón / Plástico / Metal / Vidrio,,,Guardia Vieja 3549,Almagro,5,POINT (-149.02524731215195 -46.48730362738254)
113,Contenedor Verde,Contenedor Verde,Papel / Cartón / Plástico / Metal / Vidrio,,,Guardia Vieja 3741,Almagro,5,POINT (-149.02456579460363 -46.485992112102856)
114,Contenedor Verde,Contenedor Verde,Papel / Cartón / Plástico / Metal / Vidrio,,,Guardia Vieja 3941,Almagro,5,POINT (-149.0241428702308 -46.484288047892655)
115,Contenedor Verde,Contenedor Verde,Papel / Cartón / Plástico / Metal / Vidrio,,,Guardia Vieja 4143,Almagro,5,POINT (-149.02389222373023 -46.482421569741994)
116,Contenedor Verde,Contenedor Verde,Papel / Cartón / Plástico / Metal / Vidrio,,,Guardia Vieja 4327,Almagro,5,POINT (-149.0236555890071 -46.4807107922807)
117,Contenedor Verde,Contenedor Verde,Papel / Cartón / Plástico / Metal / Vidrio,,,Guardia Vieja 4527,Almagro,5,POINT (-149.023427992388 -46.47898394041674)
118,Contenedor Verde,Contenedor Verde,Papel / Cartón / Plástico / Metal / Vidrio,,,Humahuaca 3608,Almagro,5,POINT (-149.02608268534524 -46.48679467038342)
119,Contenedor Verde,Contenedor Verde,Papel / Cartón / Plástico / Metal / Vidrio,,,Humahuaca 3806,Almagro,5,POINT (-149.02567272787957 -46.48534344163414)
120,Contenedor Verde,Contenedor Verde,Papel / Cartón / Plástico / Metal / Vidrio,,,Humahuaca 4056,Almagro,5,POINT (-149.02532188906528 -46.48317037358535)
121,Contenedor Verde,Contenedor Verde,Papel / Cartón / Plástico / Metal / Vidrio,,,Humahuaca 4206,Almagro,5,POINT (-149.02516133434767 -46.481717130463366)
122,Contenedor Verde,Contenedor Verde,Papel / Cartón / Plástico / Metal / Vidrio,,,Humahuaca 4434,Almagro,5,POINT (-149.0248600431262 -46.47955352249095)
123,Contenedor Verde,Contenedor Verde,Papel / Cartón / Plástico / Metal / Vidrio,,,Lambare 806,Almagro,5,POINT (-149.0294974164626 -46.477838381261016)
124,Contenedor Verde,Contenedor Verde,Papel / Cartón / Plástico / Metal / Vidrio,,,Lavalle 3367,Almagro,5,POINT (-149.02457487695844 -46.48807723206612)
125,Contenedor Verde,Contenedor Verde,Papel / Cartón / Plástico / Metal / Vidrio,,,Lavalle 3585,Almagro,5,POINT (-149.0238136980743 -46.48663820376367)
126,Contenedor Verde,Contenedor Verde,Papel / Cartón / Plástico / Metal / Vidrio,,,Lezica 4250,Almagro,5,POINT (-149.03650405732694 -46.480634230915776)
127,Contenedor Verde,Contenedor Verde,Papel / Cartón / Plástico / Metal / Vidrio,,,Liniers Virrey 276,Almagro,5,POINT (-149.03783563919393 -46.48762855221564)
128,Contenedor Verde,Contenedor Verde,Papel / Cartón / Plástico / Metal / Vidrio,,,Liniers Virrey 566,Almagro,5,POINT (-149.04177224170868 -46.48797334753691)
129,Contenedor Verde,Contenedor Verde,Papel / Cartón / Plástico / Metal / Vidrio,,,"Marmol, Jose 275",Almagro,5,POINT (-149.04100659739234 -46.48086657809721)
130,Contenedor Verde,Contenedor Verde,Papel / Cartón / Plástico / Metal / Vidrio,,,"Marmol, Jose 34",Almagro,5,POINT (-149.03828946033374 -46.4807739565386)
131,Contenedor Verde,Contenedor Verde,Papel / Cartón / Plástico / Metal / Vidrio,,,"Marmol, Jose 635",Almagro,5,POINT (-149.04542843278168 -46.48127764997241)
132,Contenedor Verde,Contenedor Verde,Papel / Cartón / Plástico / Metal / Vidrio,,,Maza 318,Almagro,5,POINT (-149.0386565923365 -46.486854470802875)
133,Contenedor Verde,Contenedor Verde,Papel / Cartón / Plástico / Metal / Vidrio,,,Maza 41,Almagro,5,POINT (-149.0354537582127 -46.48605722640181)
134,Contenedor Verde,Contenedor Verde,Papel / Cartón / Plástico / Metal / Vidrio,,,Maza 456,Almagro,5,POINT (-149.04058858029188 -46.487058939247866)
135,Contenedor Verde,Contenedor Verde,Papel / Cartón / Plástico / Metal / Vidrio,,,Maza 689,Almagro,5,POINT (-149.04378270911667 -46.48728512792903)
136,Contenedor Verde,Contenedor Verde,Papel / Cartón / Plástico / Metal / Vidrio,,,Mexico 4388,Almagro,5,POINT (-149.04525666576163 -46.47981365137343)
137,Contenedor Verde,Contenedor Verde,Papel / Cartón / Plástico / Metal / Vidrio,,,"Mitre, Bartolome 3680",Almagro,5,POINT (-149.0334713310074 -46.48532754408201)
138,Contenedor Verde,Contenedor Verde,Papel / Cartón / Plástico / Metal / Vidrio,,,"Mitre, Bartolome 4042",Almagro,5,POINT (-149.0339689904854 -46.48216880192423)
139,Contenedor Verde,Contenedor Verde,Papel / Cartón / Plástico / Metal / Vidrio,,,"Mitre, Bartolome 4266",Almagro,5,POINT (-149.03451994741204 -46.480159783894315)
140,Contenedor Verde,Contenedor Verde,Papel / Cartón / Plástico / Metal / Vidrio,,,"Mitre, Bartolome 4420",Almagro,5,POINT (-149.03490313477258 -46.47878410189741)
141,Contenedor Verde,Contenedor Verde,Papel / Cartón / Plástico / Metal / Vidrio,,,"Peron, Juan Domingo, Tte. General 4075",Almagro,5,POINT (-149.02968080976876 -46.481829091917234)
142,Contenedor Verde,Contenedor Verde,Papel / Cartón / Plástico / Metal / Vidrio,,,"Peron, Juan Domingo, Tte. General 4271",Almagro,5,POINT (-149.0297056980823 -46.48000796658518)
143,Contenedor Verde,Contenedor Verde,Papel / Cartón / Plástico / Metal / Vidrio,,,"Peron, Juan Domingo, Tte. Gral 3421",Almagro,5,POINT (-149.03068778362484 -46.487243118576224)
144,Contenedor Verde,Contenedor Verde,Papel / Cartón / Plástico / Metal / Vidrio,,,"Peron, Juan Domingo, Tte. Gral 3647",Almagro,5,POINT (-149.03045369545592 -46.485485501398756)
145,Contenedor Verde,Contenedor Verde,Papel / Cartón / Plástico / Metal / Vidrio,,,Potosi 3993,Almagro,5,POINT (-149.03100718262306 -46.48263955495142)
146,Contenedor Verde,Contenedor Verde,Papel / Cartón / Plástico / Metal / Vidrio,,,Potosi 4025,Almagro,5,POINT (-149.03102666717248 -46.48202661734889)
147,Contenedor Verde,Contenedor Verde,Papel / Cartón / Plástico / Metal / Vidrio,,,Potosi 4366,Almagro,5,POINT (-149.03116802026642 -46.47917849048508)
148,Contenedor Verde,Contenedor Verde,Papel / Cartón / Plástico / Metal / Vidrio,,,Querandies 4403,Almagro,5,POINT (-149.03569742030595 -46.47898422988782)
149,Contenedor Verde,Contenedor Verde,Papel / Cartón / Plástico / Metal / Vidrio,,,Quintino Bocayuva 642,Almagro,5,POINT (-149.04379756145775 -46.483047951042984)
150,Contenedor Verde,Contenedor Verde,Papel / Cartón / Plástico / Metal / Vidrio,,,Rocamora 4286,Almagro,5,POINT (-149.02262539144417 -46.48119635207971)
151,Contenedor Verde,Contenedor Verde,Papel / Cartón / Plástico / Metal / Vidrio,,,Rocamora 4452,Almagro,5,POINT (-149.0226723301929 -46.47971694195865)
152,Contenedor Verde,Contenedor Verde,Papel / Cartón / Plástico / Metal / Vidrio,,,"Salguero, Jeronimo 285",Almagro,5,POINT (-149.03131563805758 -46.48430438534228)
153,Contenedor Verde,Contenedor Verde,Papel / Cartón / Plástico / Metal / Vidrio,,,"Salguero, Jeronimo 29",Almagro,5,POINT (-149.03458801338425 -46.484478995395605)
154,Contenedor Verde,Contenedor Verde,Papel / Cartón / Plástico / Metal / Vidrio,,,Treinta y Tres Orientales 247,Almagro,5,POINT (-149.0408055976402 -46.48171655111745)
155,Contenedor Verde,Contenedor Verde,Papel / Cartón / Plástico / Metal / Vidrio,,,Treinta y Tres Orientales 587,Almagro,5,POINT (-149.04457721696377 -46.48194178953657)
156,Contenedor Verde,Contenedor Verde,Papel / Cartón / Plástico / Metal / Vidrio,,,Tucuman 3450,Almagro,5,POINT (-149.02310114781267 -46.48758650264314)
157,Contenedor Verde,Contenedor Verde,Papel / Cartón / Plástico / Metal / Vidrio,,,Tucuman 3637,Almagro,5,POINT (-149.02233266980878 -46.48613490481881)
158,Contenedor Verde,Contenedor Verde,Papel / Cartón / Plástico / Metal / Vidrio,,,Tucuman 3893,Almagro,5,POINT (-149.02144490710896 -46.48409693917463)
159,Contenedor Verde,Contenedor Verde,Papel / Cartón / Plástico / Metal / Vidrio,,,Venezuela 3852,Almagro,5,POINT (-149.04191493358164 -46.48430618353517)
160,Contenedor Verde,Contenedor Verde,Papel / Cartón / Plástico / Metal / Vidrio,,,Venezuela 4222,Almagro,5,POINT (-149.04236267877826 -46.481626777058786)
161,Contenedor Verde,Contenedor Verde,Papel / Cartón / Plástico / Metal / Vidrio,,,Yapeyu 183,Almagro,5,POINT (-149.03803928082058 -46.483244434405954)
162,Contenedor Verde,Contenedor Verde,Papel / Cartón / Plástico / Metal / Vidrio,,,Yapeyu 413,Almagro,5,POINT (-149.0411930487728 -46.48345714995399)
163,Contenedor Verde,Contenedor Verde,Papel / Cartón / Plástico / Metal / Vidrio,,,Yapeyu 737,Almagro,5,POINT (-149.0449981937279 -46.4838647150662)
164,Contenedor Verde,Contenedor Verde,Papel / Cartón / Plástico / Metal / Vidrio,,,Yatay 573,Almagro,5,POINT (-149.02909530403838 -46.47886449671955)
165,Contenedor Verde,Contenedor Verde,Papel / Cartón / Plástico / Metal / Vidrio,,,Yatay 87,Almagro,5,POINT (-149.03764807535023 -46.47951259909559)
166,Contenedor Verde,Contenedor Verde,Papel / Cartón / Plástico / Metal / Vidrio,,,Moreno 3019,Balvanera,3,POINT (-149.0377830715012 -46.49097259311662)
167,Contenedor Verde,Contenedor Verde,Papel / Cartón / Plástico / Metal / Vidrio,,,Moreno 3191,Balvanera,3,POINT (-149.037886335072 -46.489768442479864)
168,Contenedor Verde,Contenedor Verde,Papel / Cartón / Plástico / Metal / Vidrio,,,Sarmiento 3333,Balvanera,3,POINT (-149.02978819058532 -46.488581168160195)
169,Contenedor Verde,Contenedor Verde,Papel / Cartón / Plástico / Metal / Vidrio,,,Moreno 1891,Balvanera,3,POINT (-149.03620261950445 -46.50048022101723)
170,Contenedor Verde,Contenedor Verde,Papel / Cartón / Plástico / Metal / Vidrio,,,Moreno 2277,Balvanera,3,POINT (-149.03665931284735 -46.49732176606789)
171,Contenedor Verde,Contenedor Verde,Papel / Cartón / Plástico / Metal / Vidrio,,,Moreno 2381,Balvanera,3,POINT (-149.0368199774917 -46.49636403649477)
172,Contenedor Verde,Contenedor Verde,Papel / Cartón / Plástico / Metal / Vidrio,,,Moreno 2415,Balvanera,3,POINT (-149.03681709198133 -46.49603702679297)
173,Contenedor Verde,Contenedor Verde,Papel / Cartón / Plástico / Metal / Vidrio,,,Moreno 2679,Balvanera,3,POINT (-149.0370627349537 -46.494011574491175)
174,Contenedor Verde,Contenedor Verde,Papel / Cartón / Plástico / Metal / Vidrio,,,Sarmiento 2965,Balvanera,3,POINT (-149.03008784408232 -46.4914422246323)
175,Contenedor Verde,Contenedor Verde,Papel / Cartón / Plástico / Metal / Vidrio,,,Jean Jures 424,Balvanera,3,POINT (-149.02844003030017 -46.4906105099657)
176,Contenedor Verde,Contenedor Verde,Papel / Cartón / Plástico / Metal / Vidrio,,,Ag?ero 909,Balvanera,3,POINT (-149.02239820821856 -46.4898238588815)
177,Contenedor Verde,Contenedor Verde,Papel / Cartón / Plástico / Metal / Vidrio,,,Aguero 610,Balvanera,3,POINT (-149.02609702862708 -46.48930768435687)
178,Contenedor Verde,Contenedor Verde,Papel / Cartón / Plástico / Metal / Vidrio,,,"Alsina, Adolfo 1936",Balvanera,3,POINT (-149.0351124091987 -46.50000437922337)
179,Contenedor Verde,Contenedor Verde,Papel / Cartón / Plástico / Metal / Vidrio,,,"Alsina, Adolfo 2916",Balvanera,3,POINT (-149.03630336730242 -46.49198989097976)
180,Contenedor Verde,Contenedor Verde,Papel / Cartón / Plástico / Metal / Vidrio,,,Av. Jujuy 467,Balvanera,3,POINT (-149.03924825562808 -46.493510671407925)
181,Contenedor Verde,Contenedor Verde,Papel / Cartón / Plástico / Metal / Vidrio,,,Chile 2056,Balvanera,3,POINT (-149.0409272043576 -46.499143642991505)
182,Contenedor Verde,Contenedor Verde,Papel / Cartón / Plástico / Metal / Vidrio,,,Chile 2556,Balvanera,3,POINT (-149.0416569372989 -46.495335592727635)
183,Contenedor Verde,Contenedor Verde,Papel / Cartón / Plástico / Metal / Vidrio,,,Corrientes Av. 2856,Balvanera,3,POINT (-149.0278915913248 -46.492514091643436)
184,Contenedor Verde,Contenedor Verde,Papel / Cartón / Plástico / Metal / Vidrio,,,Mexico 1844,Balvanera,3,POINT (-149.03939937529861 -46.500932148331906)
185,Contenedor Verde,Contenedor Verde,Papel / Cartón / Plástico / Metal / Vidrio,,,Republica Bolivariana De Venezuela 2455,Balvanera,3,POINT (-149.03921592633657 -46.49506182307834)
186,Contenedor Verde,Contenedor Verde,Papel / Cartón / Plástico / Metal / Vidrio,,,Riobamba 324,Balvanera,3,POINT (-149.02866200252265 -46.49995191388693)
187,Contenedor Verde,Contenedor Verde,Papel / Cartón / Plástico / Metal / Vidrio,,,"Uriburu Jose E., Pres. 383",Balvanera,3,POINT (-149.02811697044532 -46.497333989864956)
188,Contenedor Verde,Contenedor Verde,Papel / Cartón / Plástico / Metal / Vidrio,,,Venezuela 2011,Balvanera,3,POINT (-149.03874583341351 -46.499463589932965)
189,Contenedor Verde,Contenedor Verde,Papel / Cartón / Plástico / Metal / Vidrio,,,Viamonte 2002,Balvanera,3,POINT (-149.02392732826354 -46.498666369819425)
190,Contenedor Verde,Contenedor Verde,Papel / Cartón / Plástico / Metal / Vidrio,,,Viamonte 2538,Balvanera,3,POINT (-149.02413827648482 -46.49441972996807)
191,Contenedor Verde,Contenedor Verde,Papel / Cartón / Plástico / Metal / Vidrio,,,"Alsina, Adolfo 2184",Balvanera,3,POINT (-149.03540156795393 -46.49801232379208)
192,Contenedor Verde,Contenedor Verde,Papel / Cartón / Plástico / Metal / Vidrio,,,"Alsina, Adolfo 2340",Balvanera,3,POINT (-149.03558825385176 -46.496625004705784)
193,Contenedor Verde,Contenedor Verde,Papel / Cartón / Plástico / Metal / Vidrio,,,"Alsina, Adolfo 2550",Balvanera,3,POINT (-149.03590495873772 -46.49490475920124)
194,Contenedor Verde,Contenedor Verde,Papel / Cartón / Plástico / Metal / Vidrio,,,"Alsina, Adolfo 3190",Balvanera,3,POINT (-149.03681382220552 -46.48972621529063)
195,Contenedor Verde,Contenedor Verde,Papel / Cartón / Plástico / Metal / Vidrio,,,"Anchorena, Tomas Manuel De, Dr. 589",Balvanera,3,POINT (-149.02607515347475 -46.49028590250411)
196,Contenedor Verde,Contenedor Verde,Papel / Cartón / Plástico / Metal / Vidrio,,,"Anchorena, Tomas Manuel De, Dr. 661",Balvanera,3,POINT (-149.0246732931228 -46.49055120379865)
197,Contenedor Verde,Contenedor Verde,Papel / Cartón / Plástico / Metal / Vidrio,,,"Anchorena, Tomas Manuel De, Dr. 889",Balvanera,3,POINT (-149.02146871530775 -46.49114715217327)
198,Contenedor Verde,Contenedor Verde,Papel / Cartón / Plástico / Metal / Vidrio,,,Belgrano Av. 1980,Balvanera,3,POINT (-149.03766733655297 -46.49973369474755)
199,Contenedor Verde,Contenedor Verde,Papel / Cartón / Plástico / Metal / Vidrio,,,Belgrano Av. 2184,Balvanera,3,POINT (-149.0378935028956 -46.49810488314557)
200,Contenedor Verde,Contenedor Verde,Papel / Cartón / Plástico / Metal / Vidrio,,,Belgrano Av. 2370,Balvanera,3,POINT (-149.03811695554444 -46.49641142940709)
201,Contenedor Verde,Contenedor Verde,Papel / Cartón / Plástico / Metal / Vidrio,,,Belgrano Av. 2616,Balvanera,3,POINT (-149.03839712684544 -46.494411275031666)
202,Contenedor Verde,Contenedor Verde,Papel / Cartón / Plástico / Metal / Vidrio,,,Belgrano Av. 2850,Balvanera,3,POINT (-149.0386239009197 -46.49303712657648)
203,Contenedor Verde,Contenedor Verde,Papel / Cartón / Plástico / Metal / Vidrio,,,Belgrano Av. 2990,Balvanera,3,POINT (-149.0390122516894 -46.491535436679506)
204,Contenedor Verde,Contenedor Verde,Papel / Cartón / Plástico / Metal / Vidrio,,,Belgrano Av. 3020,Balvanera,3,POINT (-149.0391180161395 -46.491127742578584)
205,Contenedor Verde,Contenedor Verde,Papel / Cartón / Plástico / Metal / Vidrio,,,Belgrano Av. 3270,Balvanera,3,POINT (-149.0394786454742 -46.489005715073134)
206,Contenedor Verde,Contenedor Verde,Papel / Cartón / Plástico / Metal / Vidrio,,,Boulogne Sur Mer 694,Balvanera,3,POINT (-149.02513419528447 -46.49254167248583)
207,Contenedor Verde,Contenedor Verde,Papel / Cartón / Plástico / Metal / Vidrio,,,Boulogne Sur Mer 863,Balvanera,3,POINT (-149.02329123314195 -46.49290169440427)
208,Contenedor Verde,Contenedor Verde,Papel / Cartón / Plástico / Metal / Vidrio,,,Chile 1908,Balvanera,3,POINT (-149.0407290761749 -46.50035579577667)
209,Contenedor Verde,Contenedor Verde,Papel / Cartón / Plástico / Metal / Vidrio,,,Chile 2392,Balvanera,3,POINT (-149.04142385607136 -46.496439824357665)
210,Contenedor Verde,Contenedor Verde,Papel / Cartón / Plástico / Metal / Vidrio,,,Cordoba Av. 2445,Balvanera,3,POINT (-149.02228865367692 -46.4950142189876)
211,Contenedor Verde,Contenedor Verde,Papel / Cartón / Plástico / Metal / Vidrio,,,Cordoba Av. 2993,Balvanera,3,POINT (-149.02106273514352 -46.490605301640386)
212,Contenedor Verde,Contenedor Verde,Papel / Cartón / Plástico / Metal / Vidrio,,,Corrientes Av. 1962,Balvanera,3,POINT (-149.02766290890406 -46.49940423912689)
213,Contenedor Verde,Contenedor Verde,Papel / Cartón / Plástico / Metal / Vidrio,,,Corrientes Av. 2176,Balvanera,3,POINT (-149.02781424269347 -46.49753821608179)
214,Contenedor Verde,Contenedor Verde,Papel / Cartón / Plástico / Metal / Vidrio,,,Corrientes Av. 3230,Balvanera,3,POINT (-149.02751857304665 -46.48971589173751)
215,Contenedor Verde,Contenedor Verde,Papel / Cartón / Plástico / Metal / Vidrio,,,Ecuador 780,Balvanera,3,POINT (-149.02417779685348 -46.492071529399844)
216,Contenedor Verde,Contenedor Verde,Papel / Cartón / Plástico / Metal / Vidrio,,,Ecuador 972,Balvanera,3,POINT (-149.021573117603 -46.49258430543331)
217,Contenedor Verde,Contenedor Verde,Papel / Cartón / Plástico / Metal / Vidrio,,,Gallo 789,Balvanera,3,POINT (-149.02378219436008 -46.488775640549335)
218,Contenedor Verde,Contenedor Verde,Papel / Cartón / Plástico / Metal / Vidrio,,,Gallo 943,Balvanera,3,POINT (-149.02210187932565 -46.48891085879409)
219,Contenedor Verde,Contenedor Verde,Papel / Cartón / Plástico / Metal / Vidrio,,,"Gomez, Valentin 2824",Balvanera,3,POINT (-149.02890667663414 -46.492621428883226)
220,Contenedor Verde,Contenedor Verde,Papel / Cartón / Plástico / Metal / Vidrio,,,"Gomez, Valentin 3294",Balvanera,3,POINT (-149.02863083066364 -46.48905940753709)
221,Contenedor Verde,Contenedor Verde,Papel / Cartón / Plástico / Metal / Vidrio,,,"Jaures, Jean 738",Balvanera,3,POINT (-149.02480701661923 -46.49136347887806)
222,Contenedor Verde,Contenedor Verde,Papel / Cartón / Plástico / Metal / Vidrio,,,"Jaures, Jean 858",Balvanera,3,POINT (-149.02363321131625 -46.491596805214336)
223,Contenedor Verde,Contenedor Verde,Papel / Cartón / Plástico / Metal / Vidrio,,,Jujuy Av. 240,Balvanera,3,POINT (-149.03657629401295 -46.49313978328077)
224,Contenedor Verde,Contenedor Verde,Papel / Cartón / Plástico / Metal / Vidrio,,,Lavalle 1981,Balvanera,3,POINT (-149.02625236152727 -46.499123291223874)
225,Contenedor Verde,Contenedor Verde,Papel / Cartón / Plástico / Metal / Vidrio,,,Lavalle 2125,Balvanera,3,POINT (-149.02633838233857 -46.497782949665236)
226,Contenedor Verde,Contenedor Verde,Papel / Cartón / Plástico / Metal / Vidrio,,,Lavalle 2361,Balvanera,3,POINT (-149.02651780111745 -46.49598195479082)
227,Contenedor Verde,Contenedor Verde,Papel / Cartón / Plástico / Metal / Vidrio,,,Lavalle 2535,Balvanera,3,POINT (-149.02658042427507 -46.494601987378644)
228,Contenedor Verde,Contenedor Verde,Papel / Cartón / Plástico / Metal / Vidrio,,,Lavalle 2713,Balvanera,3,POINT (-149.02652225237293 -46.492967194854224)
229,Contenedor Verde,Contenedor Verde,Papel / Cartón / Plástico / Metal / Vidrio,,,Lavalle 2975,Balvanera,3,POINT (-149.02621772973026 -46.49128616672264)
230,Contenedor Verde,Contenedor Verde,Papel / Cartón / Plástico / Metal / Vidrio,,,Lavalle 3193,Balvanera,3,POINT (-149.02536131667586 -46.489507950957616)
231,Contenedor Verde,Contenedor Verde,Papel / Cartón / Plástico / Metal / Vidrio,,,Mexico 2024,Balvanera,3,POINT (-149.03964290382845 -46.499375005941864)
232,Contenedor Verde,Contenedor Verde,Papel / Cartón / Plástico / Metal / Vidrio,,,Mexico 2094,Balvanera,3,POINT (-149.03973159971468 -46.49880174717727)
233,Contenedor Verde,Contenedor Verde,Papel / Cartón / Plástico / Metal / Vidrio,,,Mexico 2266,Balvanera,3,POINT (-149.04008902839558 -46.49710824761501)
234,Contenedor Verde,Contenedor Verde,Papel / Cartón / Plástico / Metal / Vidrio,,,Mexico 2458,Balvanera,3,POINT (-149.04036611969374 -46.4959543405858)
235,Contenedor Verde,Contenedor Verde,Papel / Cartón / Plástico / Metal / Vidrio,,,Mexico 2768,Balvanera,3,POINT (-149.0413224037118 -46.49337287342814)
236,Contenedor Verde,Contenedor Verde,Papel / Cartón / Plástico / Metal / Vidrio,,,Mexico 2980,Balvanera,3,POINT (-149.04224807840797 -46.49181341407994)
237,Contenedor Verde,Contenedor Verde,Papel / Cartón / Plástico / Metal / Vidrio,,,Mexico 3120,Balvanera,3,POINT (-149.04291719696732 -46.49065445965003)
238,Contenedor Verde,Contenedor Verde,Papel / Cartón / Plástico / Metal / Vidrio,,,"Mitre, Bartolome 1918",Balvanera,3,POINT (-149.0313763682847 -46.49997522770623)
239,Contenedor Verde,Contenedor Verde,Papel / Cartón / Plástico / Metal / Vidrio,,,"Peron, Juan Domingo, Tte. General 2121",Balvanera,3,POINT (-149.03041074783505 -46.49813244829571)
240,Contenedor Verde,Contenedor Verde,Papel / Cartón / Plástico / Metal / Vidrio,,,Republica Bolivariana De Venezuela 2151,Balvanera,3,POINT (-149.03894267761666 -46.498212335453275)
241,Contenedor Verde,Contenedor Verde,Papel / Cartón / Plástico / Metal / Vidrio,,,Republica Bolivariana De Venezuela 2815,Balvanera,3,POINT (-149.0400201772161 -46.49272582455535)
242,Contenedor Verde,Contenedor Verde,Papel / Cartón / Plástico / Metal / Vidrio,,,Republica Bolivariana De Venezuela 3083,Balvanera,3,POINT (-149.04052876802996 -46.490929514522975)
243,Contenedor Verde,Contenedor Verde,Papel / Cartón / Plástico / Metal / Vidrio,,,Republica Bolivariana De Venezuela 3287,Balvanera,3,POINT (-149.04062954057116 -46.488912707722704)
244,Contenedor Verde,Contenedor Verde,Papel / Cartón / Plástico / Metal / Vidrio,,,Rivadavia Av. 1923,Balvanera,3,POINT (-149.03256401299686 -46.49997683154111)
245,Contenedor Verde,Contenedor Verde,Papel / Cartón / Plástico / Metal / Vidrio,,,Rivadavia Av. 2153,Balvanera,3,POINT (-149.03284911009027 -46.49815665979759)
246,Contenedor Verde,Contenedor Verde,Papel / Cartón / Plástico / Metal / Vidrio,,,Rivadavia Av. 2379,Balvanera,3,POINT (-149.03317623328414 -46.49622552483723)
247,Contenedor Verde,Contenedor Verde,Papel / Cartón / Plástico / Metal / Vidrio,,,Rivadavia Av. 2515,Balvanera,3,POINT (-149.03333024433527 -46.495062697463496)
248,Contenedor Verde,Contenedor Verde,Papel / Cartón / Plástico / Metal / Vidrio,,,Rivadavia Av. 2675,Balvanera,3,POINT (-149.0334941109686 -46.49378754634496)
249,Contenedor Verde,Contenedor Verde,Papel / Cartón / Plástico / Metal / Vidrio,,,Rivadavia Av. 3165,Balvanera,3,POINT (-149.0341337076066 -46.48964256765052)
250,Contenedor Verde,Contenedor Verde,Papel / Cartón / Plástico / Metal / Vidrio,,,San Luis 3336,Balvanera,3,POINT (-149.02249184906975 -46.48845177340494)
251,Contenedor Verde,Contenedor Verde,Papel / Cartón / Plástico / Metal / Vidrio,,,Sanchez De Loria 271,Balvanera,3,POINT (-149.03697085151344 -46.48838314685892)
252,Contenedor Verde,Contenedor Verde,Papel / Cartón / Plástico / Metal / Vidrio,,,Sanchez De Loria 721,Balvanera,3,POINT (-149.04253775406573 -46.48879557094249)
253,Contenedor Verde,Contenedor Verde,Papel / Cartón / Plástico / Metal / Vidrio,,,Viamonte 2280,Balvanera,3,POINT (-149.02417177077845 -46.49642387321752)
254,Contenedor Verde,Contenedor Verde,Papel / Cartón / Plástico / Metal / Vidrio,,,Viamonte 2378,Balvanera,3,POINT (-149.02424188908606 -46.49575359687164)
255,Contenedor Verde,Contenedor Verde,Papel / Cartón / Plástico / Metal / Vidrio,,,"Yrigoyen, Hipolito 1864",Balvanera,3,POINT (-149.03379493756225 -46.500646166261404)
256,Contenedor Verde,Contenedor Verde,Papel / Cartón / Plástico / Metal / Vidrio,,,"Yrigoyen, Hipolito 2064",Balvanera,3,POINT (-149.03402274454174 -46.49891147495494)
257,Contenedor Verde,Contenedor Verde,Papel / Cartón / Plástico / Metal / Vidrio,,,"Yrigoyen, Hipolito 2230",Balvanera,3,POINT (-149.03425782305328 -46.497385221993135)
258,Contenedor Verde,Contenedor Verde,Papel / Cartón / Plástico / Metal / Vidrio,,,"Yrigoyen, Hipolito 2440",Balvanera,3,POINT (-149.03452931709887 -46.49574110648046)
259,Contenedor Verde,Contenedor Verde,Papel / Cartón / Plástico / Metal / Vidrio,,,"Yrigoyen, Hipolito 2670",Balvanera,3,POINT (-149.0348027538685 -46.49389871761367)
260,Contenedor Verde,Contenedor Verde,Papel / Cartón / Plástico / Metal / Vidrio,,,"Yrigoyen, Hipolito 2836",Balvanera,3,POINT (-149.0350177786967 -46.49243642393513)
261,Contenedor Verde,Contenedor Verde,Papel / Cartón / Plástico / Metal / Vidrio,,,"Yrigoyen, Hipolito 3024",Balvanera,3,POINT (-149.03522139623112 -46.490843051942655)
262,Contenedor Verde,Contenedor Verde,Papel / Cartón / Plástico / Metal / Vidrio,,,Gualeguay 1289,Barracas,4,POINT (-149.0567722537037 -46.51400583006002)
263,Contenedor Verde,Contenedor Verde,Papel / Cartón / Plástico / Metal / Vidrio,,,Gualeguay 1451,Barracas,4,POINT (-149.05711558062004 -46.51278973381826)
264,Contenedor Verde,Contenedor Verde,Papel / Cartón / Plástico / Metal / Vidrio,,,Jorge 2250,Barracas,4,POINT (-149.07760720190652 -46.51018436751094)
265,Contenedor Verde,Contenedor Verde,Papel / Cartón / Plástico / Metal / Vidrio,,,Suarez 1592,Barracas,4,POINT (-149.06293872888142 -46.512817894091725)
266,Contenedor Verde,Contenedor Verde,Papel / Cartón / Plástico / Metal / Vidrio,,,Suarez 3175,Barracas,4,POINT (-149.06964859163355 -46.500548492486885)
267,Contenedor Verde,Contenedor Verde,Papel / Cartón / Plástico / Metal / Vidrio,,,Piedras|1568|pr3158|,Barracas,4,POINT (-149.05080897285717 -46.511092544766065)
268,Contenedor Verde,Contenedor Verde,Papel / Cartón / Plástico / Metal / Vidrio,,,Caseros Av.|1946|pr3172,Barracas,4,POINT (-149.05842212202208 -46.50310028020677)
269,Contenedor Verde,Contenedor Verde,Papel / Cartón / Plástico / Metal / Vidrio,,,Caseros Av.|946|pr3235,Barracas,4,POINT (-149.0523604983456 -46.51017428609621)
270,Contenedor Verde,Contenedor Verde,Papel / Cartón / Plástico / Metal / Vidrio,,,Caseros Av.|523|pr1374|,Barracas,4,POINT (-149.05042486744296 -46.51273634417115)
271,Contenedor Verde,Contenedor Verde,Papel / Cartón / Plástico / Metal / Vidrio,,,Caseros Av.|1561|pr3171,Barracas,4,POINT (-149.05686688904663 -46.50573408696977)
272,Contenedor Verde,Contenedor Verde,Papel / Cartón / Plástico / Metal / Vidrio,,,"Villafa?e, Wenceslao 1455",Barracas,4,POINT (-149.05904601564276 -46.513068344571145)
273,Contenedor Verde,Contenedor Verde,Papel / Cartón / Plástico / Metal / Vidrio,,,"Villafa?e, Wenceslao 1247",Barracas,4,POINT (-149.0587058533537 -46.51426912124596)
274,Contenedor Verde,Contenedor Verde,Papel / Cartón / Plástico / Metal / Vidrio,,,Alvarado 1961,Barracas,4,POINT (-149.07040889694062 -46.51084091022649)
275,Contenedor Verde,Contenedor Verde,Papel / Cartón / Plástico / Metal / Vidrio,,,Alvarado 2295,Barracas,4,POINT (-149.07170716627823 -46.5088542908882)
276,Contenedor Verde,Contenedor Verde,Papel / Cartón / Plástico / Metal / Vidrio,,,Alvarado 2465,Barracas,4,POINT (-149.07221296106172 -46.5077473037907)
277,Contenedor Verde,Contenedor Verde,Papel / Cartón / Plástico / Metal / Vidrio,,,Alvarado 2795,Barracas,4,POINT (-149.07319125011443 -46.50538448659149)
278,Contenedor Verde,Contenedor Verde,Papel / Cartón / Plástico / Metal / Vidrio,,,"Arata, Pedro N. 1523",Barracas,4,POINT (-149.07734095798506 -46.50094323236833)
279,Contenedor Verde,Contenedor Verde,Papel / Cartón / Plástico / Metal / Vidrio,,,Australia Av. 2571,Barracas,4,POINT (-149.07095355299288 -46.50668602059635)
280,Contenedor Verde,Contenedor Verde,Papel / Cartón / Plástico / Metal / Vidrio,,,Australia Av. 2924,Barracas,4,POINT (-149.07190622011052 -46.503993437802926)
281,Contenedor Verde,Contenedor Verde,Papel / Cartón / Plástico / Metal / Vidrio,,,Azara 1194,Barracas,4,POINT (-149.06765114570482 -46.514547601159)
282,Contenedor Verde,Contenedor Verde,Papel / Cartón / Plástico / Metal / Vidrio,,,Azara 637,Barracas,4,POINT (-149.0621933058774 -46.513785581507264)
283,Contenedor Verde,Contenedor Verde,Papel / Cartón / Plástico / Metal / Vidrio,,,California 2000,Barracas,4,POINT (-149.07256184675327 -46.51092414795574)
284,Contenedor Verde,Contenedor Verde,Papel / Cartón / Plástico / Metal / Vidrio,,,California 2506,Barracas,4,POINT (-149.0740281790591 -46.50774538583942)
285,Contenedor Verde,Contenedor Verde,Papel / Cartón / Plástico / Metal / Vidrio,,,California 2760,Barracas,4,POINT (-149.0746561962257 -46.50591029897357)
286,Contenedor Verde,Contenedor Verde,Papel / Cartón / Plástico / Metal / Vidrio,,,Chubut 1219,Barracas,4,POINT (-149.07401157130874 -46.501903562686635)
287,Contenedor Verde,Contenedor Verde,Papel / Cartón / Plástico / Metal / Vidrio,,,Cruz Del Sud 2988,Barracas,4,POINT (-149.0817659225578 -46.50400751633433)
288,Contenedor Verde,Contenedor Verde,Papel / Cartón / Plástico / Metal / Vidrio,,,"Cruz, Osvaldo 3802",Barracas,4,POINT (-149.08167753738726 -46.4953689415541)
289,Contenedor Verde,Contenedor Verde,Papel / Cartón / Plástico / Metal / Vidrio,,,"Cruz, Osvaldo Av. 2579",Barracas,4,POINT (-149.07922298267474 -46.50779557830413)
290,Contenedor Verde,Contenedor Verde,Papel / Cartón / Plástico / Metal / Vidrio,,,Finochietto Enrique Dr. 1822,Barracas,4,POINT (-149.05994138655174 -46.503181943170446)
291,Contenedor Verde,Contenedor Verde,Papel / Cartón / Plástico / Metal / Vidrio,,,Finochietto Enrique Dr. 2028,Barracas,4,POINT (-149.06010099916654 -46.502303680405376)
292,Contenedor Verde,Contenedor Verde,Papel / Cartón / Plástico / Metal / Vidrio,,,Finochietto Enrique Dr. 582,Barracas,4,POINT (-149.0520910856071 -46.51260034704317)
293,Contenedor Verde,Contenedor Verde,Papel / Cartón / Plástico / Metal / Vidrio,,,Finochietto Enrique Dr. 670,Barracas,4,POINT (-149.05242560282008 -46.51206060550148)
294,Contenedor Verde,Contenedor Verde,Papel / Cartón / Plástico / Metal / Vidrio,,,"Hornos, Gral. 1650",Barracas,4,POINT (-149.07031093254474 -46.51200061791989)
295,Contenedor Verde,Contenedor Verde,Papel / Cartón / Plástico / Metal / Vidrio,,,"Hornos, Gral. 530",Barracas,4,POINT (-149.0581516996804 -46.51031062304098)
296,Contenedor Verde,Contenedor Verde,Papel / Cartón / Plástico / Metal / Vidrio,,,"Iriarte, Gral. 1395",Barracas,4,POINT (-149.07224691903676 -46.515251578401106)
297,Contenedor Verde,Contenedor Verde,Papel / Cartón / Plástico / Metal / Vidrio,,,"Iriarte, Gral. 1931",Barracas,4,POINT (-149.0736811077111 -46.51114614398838)
298,Contenedor Verde,Contenedor Verde,Papel / Cartón / Plástico / Metal / Vidrio,,,"Iriarte, Gral. Av. 2839",Barracas,4,POINT (-149.0757532721803 -46.50516095517202)
299,Contenedor Verde,Contenedor Verde,Papel / Cartón / Plástico / Metal / Vidrio,,,"Iriarte, Gral. Av. 3196",Barracas,4,POINT (-149.0767873028993 -46.501693718611264)
300,Contenedor Verde,Contenedor Verde,Papel / Cartón / Plástico / Metal / Vidrio,,,Isabel La Catolica 1660,Barracas,4,POINT (-149.07250711547647 -46.51392109493241)
301,Contenedor Verde,Contenedor Verde,Papel / Cartón / Plástico / Metal / Vidrio,,,Isabel La Catolica 174,Barracas,4,POINT (-149.05817480732193 -46.512119670809206)
302,Contenedor Verde,Contenedor Verde,Papel / Cartón / Plástico / Metal / Vidrio,,,Isabel La Catolica 960,Barracas,4,POINT (-149.06558748291442 -46.513076686155635)
303,Contenedor Verde,Contenedor Verde,Papel / Cartón / Plástico / Metal / Vidrio,,,Ituzaingo 545,Barracas,4,POINT (-149.0530765915522 -46.51305008412172)
304,Contenedor Verde,Contenedor Verde,Papel / Cartón / Plástico / Metal / Vidrio,,,Ituzaingo 763,Barracas,4,POINT (-149.05501185789447 -46.511646185286224)
305,Contenedor Verde,Contenedor Verde,Papel / Cartón / Plástico / Metal / Vidrio,,,"Jovellanos, Gaspar M. De 110",Barracas,4,POINT (-149.05592120350167 -46.512134379731904)
306,Contenedor Verde,Contenedor Verde,Papel / Cartón / Plástico / Metal / Vidrio,,,"Jovellanos, Gaspar M. De 1240",Barracas,4,POINT (-149.06832445370262 -46.51403851419591)
307,Contenedor Verde,Contenedor Verde,Papel / Cartón / Plástico / Metal / Vidrio,,,Lanin 150,Barracas,4,POINT (-149.065369995042 -46.509368134041395)
308,Contenedor Verde,Contenedor Verde,Papel / Cartón / Plástico / Metal / Vidrio,,,Los Patos 1897,Barracas,4,POINT (-149.06208225172006 -46.50348577986869)
309,Contenedor Verde,Contenedor Verde,Papel / Cartón / Plástico / Metal / Vidrio,,,Luzuriaga 696,Barracas,4,POINT (-149.06645755178496 -46.5039033156329)
310,Contenedor Verde,Contenedor Verde,Papel / Cartón / Plástico / Metal / Vidrio,,,Luzuriaga 870,Barracas,4,POINT (-149.06860053729167 -46.503880355390734)
311,Contenedor Verde,Contenedor Verde,Papel / Cartón / Plástico / Metal / Vidrio,,,Mirave 3348,Barracas,4,POINT (-149.06941490482345 -46.49886477445453)
312,Contenedor Verde,Contenedor Verde,Papel / Cartón / Plástico / Metal / Vidrio,,,Mirave 3590,Barracas,4,POINT (-149.0711344060066 -46.49667357189391)
313,Contenedor Verde,Contenedor Verde,Papel / Cartón / Plástico / Metal / Vidrio,,,Monasterio 651,Barracas,4,POINT (-149.06859265428247 -46.50091803192459)
314,Contenedor Verde,Contenedor Verde,Papel / Cartón / Plástico / Metal / Vidrio,,,"Montes De Oca, Manuel Av. 1160",Barracas,4,POINT (-149.0659194545487 -46.51238877146559)
315,Contenedor Verde,Contenedor Verde,Papel / Cartón / Plástico / Metal / Vidrio,,,"Montes De Oca, Manuel Av. 1418",Barracas,4,POINT (-149.0684897521085 -46.51275991668627)
316,Contenedor Verde,Contenedor Verde,Papel / Cartón / Plástico / Metal / Vidrio,,,"Montes De Oca, Manuel Av. 1640",Barracas,4,POINT (-149.07066762499784 -46.513029463331286)
317,Contenedor Verde,Contenedor Verde,Papel / Cartón / Plástico / Metal / Vidrio,,,"Montes De Oca, Manuel Av. 1792",Barracas,4,POINT (-149.07281137779154 -46.513297001166315)
318,Contenedor Verde,Contenedor Verde,Papel / Cartón / Plástico / Metal / Vidrio,,,"Montes De Oca, Manuel Av. 367",Barracas,4,POINT (-149.05694669283878 -46.510999162252034)
319,Contenedor Verde,Contenedor Verde,Papel / Cartón / Plástico / Metal / Vidrio,,,"Montes De Oca, Manuel Av. 650",Barracas,4,POINT (-149.06011338334474 -46.51167455854893)
320,Contenedor Verde,Contenedor Verde,Papel / Cartón / Plástico / Metal / Vidrio,,,Olavarria 1621,Barracas,4,POINT (-149.06395658690798 -46.51264342863741)
321,Contenedor Verde,Contenedor Verde,Papel / Cartón / Plástico / Metal / Vidrio,,,Orma 3227,Barracas,4,POINT (-149.08681302425063 -46.50196007049739)
322,Contenedor Verde,Contenedor Verde,Papel / Cartón / Plástico / Metal / Vidrio,,,Orma 3267,Barracas,4,POINT (-149.08686048491208 -46.50158276709996)
323,Contenedor Verde,Contenedor Verde,Papel / Cartón / Plástico / Metal / Vidrio,,,Orma 3317,Barracas,4,POINT (-149.0869198090913 -46.50111114105819)
324,Contenedor Verde,Contenedor Verde,Papel / Cartón / Plástico / Metal / Vidrio,,,Piedras 1948,Barracas,4,POINT (-149.05449892694773 -46.51324613252199)
325,Contenedor Verde,Contenedor Verde,Papel / Cartón / Plástico / Metal / Vidrio,,,Pinzon 1497,Barracas,4,POINT (-149.06110773097691 -46.51315742637986)
326,Contenedor Verde,Contenedor Verde,Papel / Cartón / Plástico / Metal / Vidrio,,,"Quinquela Martin, Benito 2072",Barracas,4,POINT (-149.06966205059135 -46.5097525304502)
327,Contenedor Verde,Contenedor Verde,Papel / Cartón / Plástico / Metal / Vidrio,,,Rio Cuarto 2250,Barracas,4,POINT (-149.07567375851292 -46.50983263738572)
328,Contenedor Verde,Contenedor Verde,Papel / Cartón / Plástico / Metal / Vidrio,,,Rio Cuarto 2560,Barracas,4,POINT (-149.07656444263245 -46.507970166358604)
329,Contenedor Verde,Contenedor Verde,Papel / Cartón / Plástico / Metal / Vidrio,,,Rio Cuarto 2820,Barracas,4,POINT (-149.07756836681673 -46.505705190329586)
330,Contenedor Verde,Contenedor Verde,Papel / Cartón / Plástico / Metal / Vidrio,,,Rio Cuarto 3172,Barracas,4,POINT (-149.0780717077078 -46.50188602770008)
331,Contenedor Verde,Contenedor Verde,Papel / Cartón / Plástico / Metal / Vidrio,,,Rocha 1521,Barracas,4,POINT (-149.06675201225232 -46.51365360534065)
332,Contenedor Verde,Contenedor Verde,Papel / Cartón / Plástico / Metal / Vidrio,,,Ruy Diaz De Guzman 895,Barracas,4,POINT (-149.06350244490255 -46.5144856368152)
333,Contenedor Verde,Contenedor Verde,Papel / Cartón / Plástico / Metal / Vidrio,,,"Salmun Feijoo, Jose Aaron 476",Barracas,4,POINT (-149.06220009582728 -46.509327223735106)
334,Contenedor Verde,Contenedor Verde,Papel / Cartón / Plástico / Metal / Vidrio,,,"Salmun Feijoo, Jose Aaron 928",Barracas,4,POINT (-149.067203744079 -46.50999733624511)
335,Contenedor Verde,Contenedor Verde,Papel / Cartón / Plástico / Metal / Vidrio,,,"Salvadores, Cnel. 1527",Barracas,4,POINT (-149.06993945974168 -46.51398533248025)
336,Contenedor Verde,Contenedor Verde,Papel / Cartón / Plástico / Metal / Vidrio,,,San Antonio 569,Barracas,4,POINT (-149.07389467087899 -46.50988800761819)
337,Contenedor Verde,Contenedor Verde,Papel / Cartón / Plástico / Metal / Vidrio,,,Santa Elena 308,Barracas,4,POINT (-149.07153167559284 -46.505917067407665)
338,Contenedor Verde,Contenedor Verde,Papel / Cartón / Plástico / Metal / Vidrio,,,Santa Elena 618,Barracas,4,POINT (-149.07560714704368 -46.50680789885179)
339,Contenedor Verde,Contenedor Verde,Papel / Cartón / Plástico / Metal / Vidrio,,,Santo Domingo 2420,Barracas,4,POINT (-149.07747600091002 -46.50873225750113)
340,Contenedor Verde,Contenedor Verde,Papel / Cartón / Plástico / Metal / Vidrio,,,Santo Domingo 2678,Barracas,4,POINT (-149.07856855354123 -46.506470655665)
341,Contenedor Verde,Contenedor Verde,Papel / Cartón / Plástico / Metal / Vidrio,,,Santo Domingo 2994,Barracas,4,POINT (-149.07930393009434 -46.503851794941404)
342,Contenedor Verde,Contenedor Verde,Papel / Cartón / Plástico / Metal / Vidrio,,,Tacuari 1743,Barracas,4,POINT (-149.05225425901594 -46.510800711505304)
343,Contenedor Verde,Contenedor Verde,Papel / Cartón / Plástico / Metal / Vidrio,,,Tacuari 1891,Barracas,4,POINT (-149.05423325354855 -46.51185238480686)
344,Contenedor Verde,Contenedor Verde,Papel / Cartón / Plástico / Metal / Vidrio,,,"Unamuno, Miguel De 1641",Barracas,4,POINT (-149.07849528367734 -46.50133476786643)
345,Contenedor Verde,Contenedor Verde,Papel / Cartón / Plástico / Metal / Vidrio,,,"Valle, Aristobulo Del 1610",Barracas,4,POINT (-149.06048313604202 -46.5122310857024)
346,Contenedor Verde,Contenedor Verde,Papel / Cartón / Plástico / Metal / Vidrio,,,"Valle, Aristobulo Del 1782",Barracas,4,POINT (-149.0605657944226 -46.51094145437885)
347,Contenedor Verde,Contenedor Verde,Papel / Cartón / Plástico / Metal / Vidrio,,,Vieytes 1543,Barracas,4,POINT (-149.07610494260254 -46.511065183526576)
348,Contenedor Verde,Contenedor Verde,Papel / Cartón / Plástico / Metal / Vidrio,,,Cuba 2120,Belgrano,13,POINT (-148.98293514797524 -46.46252534391245)
349,Contenedor Verde,Contenedor Verde,Papel / Cartón / Plástico / Metal / Vidrio,,,Cuba 2338,Belgrano,13,POINT (-148.9808840279021 -46.46145786760429)
350,Contenedor Verde,Contenedor Verde,Papel / Cartón / Plástico / Metal / Vidrio,,,Cuba 2560,Belgrano,13,POINT (-148.97869394224819 -46.46030474348106)
351,Contenedor Verde,Contenedor Verde,Papel / Cartón / Plástico / Metal / Vidrio,,,Cuba 2774,Belgrano,13,POINT (-148.97666399736985 -46.45925340160094)
352,Contenedor Verde,Contenedor Verde,Papel / Cartón / Plástico / Metal / Vidrio,,,Cuba 2824,Belgrano,13,POINT (-148.97601933766953 -46.45891923611778)
353,Contenedor Verde,Contenedor Verde,Papel / Cartón / Plástico / Metal / Vidrio,,,"Hernandez, Jose 2277",Belgrano,13,POINT (-148.9872374087269 -46.46436634687739)
354,Contenedor Verde,Contenedor Verde,Papel / Cartón / Plástico / Metal / Vidrio,,,Jose Hernandez 2043,Belgrano,13,POINT (-148.98607484200008 -46.46543502194435)
355,Contenedor Verde,Contenedor Verde,Papel / Cartón / Plástico / Metal / Vidrio,,,Mendoza 1390,Belgrano,13,POINT (-148.97679108241627 -46.46702900240885)
356,Contenedor Verde,Contenedor Verde,Papel / Cartón / Plástico / Metal / Vidrio,,,Mendoza 1660,Belgrano,13,POINT (-148.97879627530355 -46.46519300985984)
357,Contenedor Verde,Contenedor Verde,Papel / Cartón / Plástico / Metal / Vidrio,,,Mendoza 2132,Belgrano,13,POINT (-148.9817508441829 -46.46251058289981)
358,Contenedor Verde,Contenedor Verde,Papel / Cartón / Plástico / Metal / Vidrio,,,Mendoza 3228,Belgrano,13,POINT (-148.98856336232248 -46.456255544165785)
359,Contenedor Verde,Contenedor Verde,Papel / Cartón / Plástico / Metal / Vidrio,,,Monta?eses 2160,Belgrano,13,POINT (-148.9787666789432 -46.46577906482808)
360,Contenedor Verde,Contenedor Verde,Papel / Cartón / Plástico / Metal / Vidrio,,,Monta?eses 1982,Belgrano,13,POINT (-148.9805765134307 -46.466725262430025)
361,Contenedor Verde,Contenedor Verde,Papel / Cartón / Plástico / Metal / Vidrio,,,Casta?eda 1990,Belgrano,13,POINT (-148.97395614679635 -46.472598366190375)
362,Contenedor Verde,Contenedor Verde,Papel / Cartón / Plástico / Metal / Vidrio,,,Casta?eda 2020,Belgrano,13,POINT (-148.97357326342748 -46.472453377564705)
363,Contenedor Verde,Contenedor Verde,Papel / Cartón / Plástico / Metal / Vidrio,,,Arribe?os 1521,Belgrano,13,POINT (-148.9856939616391 -46.468177152714574)
364,Contenedor Verde,Contenedor Verde,Papel / Cartón / Plástico / Metal / Vidrio,,,Arribe?os 1795,Belgrano,13,POINT (-148.98319714783767 -46.46688363197748)
365,Contenedor Verde,Contenedor Verde,Papel / Cartón / Plástico / Metal / Vidrio,,,Arribe?os 2699,Belgrano,13,POINT (-148.97450119596914 -46.462583296542064)
366,Contenedor Verde,Contenedor Verde,Papel / Cartón / Plástico / Metal / Vidrio,,,Conde 2546,Belgrano,13,POINT (-148.98580971415788 -46.45409799643494)
367,Contenedor Verde,Contenedor Verde,Papel / Cartón / Plástico / Metal / Vidrio,,,11 De Septiembre De 1888 1482,Belgrano,13,POINT (-148.98683385435837 -46.46784472965546)
368,Contenedor Verde,Contenedor Verde,Papel / Cartón / Plástico / Metal / Vidrio,,,11 De Septiembre De 1888 1650,Belgrano,13,POINT (-148.98511161294405 -46.46695599389546)
369,Contenedor Verde,Contenedor Verde,Papel / Cartón / Plástico / Metal / Vidrio,,,11 De Septiembre De 1888 2207,Belgrano,13,POINT (-148.979622972612 -46.46419275362646)
370,Contenedor Verde,Contenedor Verde,Papel / Cartón / Plástico / Metal / Vidrio,,,11 De Septiembre De 1888 2430,Belgrano,13,POINT (-148.977539657726 -46.46312882533858)
371,Contenedor Verde,Contenedor Verde,Papel / Cartón / Plástico / Metal / Vidrio,,,11 De Septiembre De 1888 2802,Belgrano,13,POINT (-148.97400293947652 -46.46134850197085)
372,Contenedor Verde,Contenedor Verde,Papel / Cartón / Plástico / Metal / Vidrio,,,3 De Febrero 1535,Belgrano,13,POINT (-148.98684088918142 -46.46709635261889)
373,Contenedor Verde,Contenedor Verde,Papel / Cartón / Plástico / Metal / Vidrio,,,3 De Febrero 1731,Belgrano,13,POINT (-148.98487973353767 -46.466087088155646)
374,Contenedor Verde,Contenedor Verde,Papel / Cartón / Plástico / Metal / Vidrio,,,3 De Febrero 1981,Belgrano,13,POINT (-148.98257019538207 -46.46488008578066)
375,Contenedor Verde,Contenedor Verde,Papel / Cartón / Plástico / Metal / Vidrio,,,3 De Febrero 2191,Belgrano,13,POINT (-148.98051197489 -46.46380837388557)
376,Contenedor Verde,Contenedor Verde,Papel / Cartón / Plástico / Metal / Vidrio,,,3 De Febrero 2305,Belgrano,13,POINT (-148.97923933590846 -46.46315516590269)
377,Contenedor Verde,Contenedor Verde,Papel / Cartón / Plástico / Metal / Vidrio,,,3 De Febrero 2463,Belgrano,13,POINT (-148.97785855909055 -46.462437482904846)
378,Contenedor Verde,Contenedor Verde,Papel / Cartón / Plástico / Metal / Vidrio,,,3 De Febrero 2775,Belgrano,13,POINT (-148.97503677147526 -46.460976929226646)
379,Contenedor Verde,Contenedor Verde,Papel / Cartón / Plástico / Metal / Vidrio,,,Amenabar 1691,Belgrano,13,POINT (-148.98934381536284 -46.46242112537483)
380,Contenedor Verde,Contenedor Verde,Papel / Cartón / Plástico / Metal / Vidrio,,,Amenabar 1895,Belgrano,13,POINT (-148.9875324074625 -46.46147373699495)
381,Contenedor Verde,Contenedor Verde,Papel / Cartón / Plástico / Metal / Vidrio,,,Amenabar 2065,Belgrano,13,POINT (-148.98590917260537 -46.4606344260901)
382,Contenedor Verde,Contenedor Verde,Papel / Cartón / Plástico / Metal / Vidrio,,,Arcos 1757,Belgrano,13,POINT (-148.98580394549822 -46.464912996963)
383,Contenedor Verde,Contenedor Verde,Papel / Cartón / Plástico / Metal / Vidrio,,,Arcos 2273,Belgrano,13,POINT (-148.9809115606677 -46.462377681823114)
384,Contenedor Verde,Contenedor Verde,Papel / Cartón / Plástico / Metal / Vidrio,,,Arcos 2447,Belgrano,13,POINT (-148.97914883905165 -46.46145852286901)
385,Contenedor Verde,Contenedor Verde,Papel / Cartón / Plástico / Metal / Vidrio,,,Arcos 2645,Belgrano,13,POINT (-148.97728774952478 -46.46048729805003)
386,Contenedor Verde,Contenedor Verde,Papel / Cartón / Plástico / Metal / Vidrio,,,Artilleros 1997,Belgrano,13,POINT (-148.97744825273253 -46.46930536706755)
387,Contenedor Verde,Contenedor Verde,Papel / Cartón / Plástico / Metal / Vidrio,,,Artilleros 2049,Belgrano,13,POINT (-148.9769837150707 -46.46906498953335)
388,Contenedor Verde,Contenedor Verde,Papel / Cartón / Plástico / Metal / Vidrio,,,Artilleros 2347,Belgrano,13,POINT (-148.97421672288002 -46.46763350057789)
389,Contenedor Verde,Contenedor Verde,Papel / Cartón / Plástico / Metal / Vidrio,,,"Balbin, Ricardo, Dr. Av. 2393",Belgrano,13,POINT (-148.98530601325365 -46.4566635098964)
390,Contenedor Verde,Contenedor Verde,Papel / Cartón / Plástico / Metal / Vidrio,,,"Barilari, Atilio S., Alte. 1317",Belgrano,13,POINT (-148.97193936810123 -46.46478635996359)
391,Contenedor Verde,Contenedor Verde,Papel / Cartón / Plástico / Metal / Vidrio,,,"Barilari, Atilio S., Alte. 1425",Belgrano,13,POINT (-148.97260452771494 -46.46422960609034)
392,Contenedor Verde,Contenedor Verde,Papel / Cartón / Plástico / Metal / Vidrio,,,"Bavio, Ernesto A. 2894",Belgrano,13,POINT (-148.96942694955794 -46.466372195883054)
393,Contenedor Verde,Contenedor Verde,Papel / Cartón / Plástico / Metal / Vidrio,,,Blanco Encalada 1180,Belgrano,13,POINT (-148.97339026026893 -46.46741405773079)
394,Contenedor Verde,Contenedor Verde,Papel / Cartón / Plástico / Metal / Vidrio,,,Blanco Encalada 1336,Belgrano,13,POINT (-148.9745291221544 -46.466366639622564)
395,Contenedor Verde,Contenedor Verde,Papel / Cartón / Plástico / Metal / Vidrio,,,Blanco Encalada 1726,Belgrano,13,POINT (-148.97744342440615 -46.46369338801518)
396,Contenedor Verde,Contenedor Verde,Papel / Cartón / Plástico / Metal / Vidrio,,,Blanco Encalada 2096,Belgrano,13,POINT (-148.97954434279427 -46.46178284929822)
397,Contenedor Verde,Contenedor Verde,Papel / Cartón / Plástico / Metal / Vidrio,,,Blanco Encalada 2488,Belgrano,13,POINT (-148.98197825272172 -46.45955319245146)
398,Contenedor Verde,Contenedor Verde,Papel / Cartón / Plástico / Metal / Vidrio,,,Blanco Encalada 2662,Belgrano,13,POINT (-148.98298500986309 -46.458631133653505)
399,Contenedor Verde,Contenedor Verde,Papel / Cartón / Plástico / Metal / Vidrio,,,Blanco Encalada 2854,Belgrano,13,POINT (-148.98410987904214 -46.45755083583407)
400,Contenedor Verde,Contenedor Verde,Papel / Cartón / Plástico / Metal / Vidrio,,,Blanco Encalada 3225,Belgrano,13,POINT (-148.98655881848444 -46.45527104820714)
401,Contenedor Verde,Contenedor Verde,Papel / Cartón / Plástico / Metal / Vidrio,,,Blanco Encalada 3485,Belgrano,13,POINT (-148.98853890852908 -46.45344854718016)
402,Contenedor Verde,Contenedor Verde,Papel / Cartón / Plástico / Metal / Vidrio,,,Blanco Encalada 3500,Belgrano,13,POINT (-148.98878285966512 -46.453267704522034)
403,Contenedor Verde,Contenedor Verde,Papel / Cartón / Plástico / Metal / Vidrio,,,Cabildo Av. 1543,Belgrano,13,POINT (-148.98887787394523 -46.46479472319998)
404,Contenedor Verde,Contenedor Verde,Papel / Cartón / Plástico / Metal / Vidrio,,,Cabildo Av. 1851,Belgrano,13,POINT (-148.98670014216523 -46.46283301137484)
405,Contenedor Verde,Contenedor Verde,Papel / Cartón / Plástico / Metal / Vidrio,,,Cabildo Av. 2060,Belgrano,13,POINT (-148.98475752429883 -46.46163042077308)
406,Contenedor Verde,Contenedor Verde,Papel / Cartón / Plástico / Metal / Vidrio,,,Cabildo Av. 2151,Belgrano,13,POINT (-148.98377890561284 -46.4613216466304)
407,Contenedor Verde,Contenedor Verde,Papel / Cartón / Plástico / Metal / Vidrio,,,Cabildo Av. 2166,Belgrano,13,POINT (-148.98373780286272 -46.461101293700224)
408,Contenedor Verde,Contenedor Verde,Papel / Cartón / Plástico / Metal / Vidrio,,,Cabildo Av. 2555,Belgrano,13,POINT (-148.97985358260982 -46.4592743736655)
409,Contenedor Verde,Contenedor Verde,Papel / Cartón / Plástico / Metal / Vidrio,,,Cabildo Av. 2782,Belgrano,13,POINT (-148.97855138544438 -46.45830816777267)
410,Contenedor Verde,Contenedor Verde,Papel / Cartón / Plástico / Metal / Vidrio,,,"Campos, Luis M. Av. 1545",Belgrano,13,POINT (-148.98447539885353 -46.46912289658892)
411,Contenedor Verde,Contenedor Verde,Papel / Cartón / Plástico / Metal / Vidrio,,,"Campos, Luis M. Av. 1616",Belgrano,13,POINT (-148.9838273380022 -46.468533443017925)
412,Contenedor Verde,Contenedor Verde,Papel / Cartón / Plástico / Metal / Vidrio,,,Cazadores 1894,Belgrano,13,POINT (-148.97795993032665 -46.47053579450738)
413,Contenedor Verde,Contenedor Verde,Papel / Cartón / Plástico / Metal / Vidrio,,,Cazadores 2120,Belgrano,13,POINT (-148.97555102866656 -46.469296823379466)
414,Contenedor Verde,Contenedor Verde,Papel / Cartón / Plástico / Metal / Vidrio,,,Cazadores 2220,Belgrano,13,POINT (-148.97442789133734 -46.46872317728452)
415,Contenedor Verde,Contenedor Verde,Papel / Cartón / Plástico / Metal / Vidrio,,,Cazadores 2474,Belgrano,13,POINT (-148.97215255866124 -46.467556413529174)
416,Contenedor Verde,Contenedor Verde,Papel / Cartón / Plástico / Metal / Vidrio,,,Ciudad De La Paz 1928,Belgrano,13,POINT (-148.98665088967394 -46.46177701252942)
417,Contenedor Verde,Contenedor Verde,Papel / Cartón / Plástico / Metal / Vidrio,,,Ciudad De La Paz 2138,Belgrano,13,POINT (-148.9843464414551 -46.46058094617035)
418,Contenedor Verde,Contenedor Verde,Papel / Cartón / Plástico / Metal / Vidrio,,,Ciudad De La Paz 2352,Belgrano,13,POINT (-148.98245047716665 -46.459600070203244)
419,Contenedor Verde,Contenedor Verde,Papel / Cartón / Plástico / Metal / Vidrio,,,Ciudad De La Paz 2544,Belgrano,13,POINT (-148.98076482053938 -46.45873700857074)
420,Contenedor Verde,Contenedor Verde,Papel / Cartón / Plástico / Metal / Vidrio,,,Conde 1762,Belgrano,13,POINT (-148.99344281929996 -46.45806919666826)
421,Contenedor Verde,Contenedor Verde,Papel / Cartón / Plástico / Metal / Vidrio,,,Conde 1982,Belgrano,13,POINT (-148.99112646122035 -46.45686652622296)
422,Contenedor Verde,Contenedor Verde,Papel / Cartón / Plástico / Metal / Vidrio,,,Conde 2298,Belgrano,13,POINT (-148.9881584229379 -46.45533358973591)
423,Contenedor Verde,Contenedor Verde,Papel / Cartón / Plástico / Metal / Vidrio,,,Conesa 1816,Belgrano,13,POINT (-148.99065798212177 -46.45957034059543)
424,Contenedor Verde,Contenedor Verde,Papel / Cartón / Plástico / Metal / Vidrio,,,Conesa 2080,Belgrano,13,POINT (-148.98827100361262 -46.45832809791494)
425,Contenedor Verde,Contenedor Verde,Papel / Cartón / Plástico / Metal / Vidrio,,,Conesa 2210,Belgrano,13,POINT (-148.98680776167464 -46.457565369676644)
426,Contenedor Verde,Contenedor Verde,Papel / Cartón / Plástico / Metal / Vidrio,,,Congreso 1534,Belgrano,13,POINT (-148.97256482476286 -46.46314956067606)
427,Contenedor Verde,Contenedor Verde,Papel / Cartón / Plástico / Metal / Vidrio,,,Congreso Av. 1710,Belgrano,13,POINT (-148.97371440655613 -46.461961035022576)
428,Contenedor Verde,Contenedor Verde,Papel / Cartón / Plástico / Metal / Vidrio,,,Congreso Av. 2610,Belgrano,13,POINT (-148.97873444209412 -46.45674289755602)
429,Contenedor Verde,Contenedor Verde,Papel / Cartón / Plástico / Metal / Vidrio,,,Congreso Av. 2788,Belgrano,13,POINT (-148.97957544974113 -46.45587153134141)
430,Contenedor Verde,Contenedor Verde,Papel / Cartón / Plástico / Metal / Vidrio,,,Congreso Av. 2975,Belgrano,13,POINT (-148.9805697998684 -46.454674179353574)
431,Contenedor Verde,Contenedor Verde,Papel / Cartón / Plástico / Metal / Vidrio,,,Congreso Av. 3047,Belgrano,13,POINT (-148.98099148915978 -46.45423575088513)
432,Contenedor Verde,Contenedor Verde,Papel / Cartón / Plástico / Metal / Vidrio,,,Cramer Av. 1721,Belgrano,13,POINT (-148.99101729179327 -46.46082484196326)
433,Contenedor Verde,Contenedor Verde,Papel / Cartón / Plástico / Metal / Vidrio,,,Cramer Av. 1982,Belgrano,13,POINT (-148.98856539277006 -46.45938239025459)
434,Contenedor Verde,Contenedor Verde,Papel / Cartón / Plástico / Metal / Vidrio,,,Cramer Av. 2055,Belgrano,13,POINT (-148.9877182647607 -46.459098189464605)
435,Contenedor Verde,Contenedor Verde,Papel / Cartón / Plástico / Metal / Vidrio,,,Cramer Av. 2153,Belgrano,13,POINT (-148.98670040255686 -46.45856594513654)
436,Contenedor Verde,Contenedor Verde,Papel / Cartón / Plástico / Metal / Vidrio,,,Cramer Av. 2395,Belgrano,13,POINT (-148.98448119481517 -46.45741061328986)
437,Contenedor Verde,Contenedor Verde,Papel / Cartón / Plástico / Metal / Vidrio,,,Cramer Av. 2669,Belgrano,13,POINT (-148.9820838548648 -46.456173698747065)
438,Contenedor Verde,Contenedor Verde,Papel / Cartón / Plástico / Metal / Vidrio,,,Cramer Av. 2742,Belgrano,13,POINT (-148.98147639346837 -46.455756606170276)
439,Contenedor Verde,Contenedor Verde,Papel / Cartón / Plástico / Metal / Vidrio,,,Cuba 2090,Belgrano,13,POINT (-148.9832591051335 -46.46269441221354)
440,Contenedor Verde,Contenedor Verde,Papel / Cartón / Plástico / Metal / Vidrio,,,Del Pino Virrey 3205,Belgrano,13,POINT (-148.9934330794816 -46.4590104950148)
441,Contenedor Verde,Contenedor Verde,Papel / Cartón / Plástico / Metal / Vidrio,,,Dragones 2190,Belgrano,13,POINT (-148.9735283094645 -46.470295779062525)
442,Contenedor Verde,Contenedor Verde,Papel / Cartón / Plástico / Metal / Vidrio,,,Dragones 2310,Belgrano,13,POINT (-148.9721651005779 -46.469591121109005)
443,Contenedor Verde,Contenedor Verde,Papel / Cartón / Plástico / Metal / Vidrio,,,Echeverria 1048,Belgrano,13,POINT (-148.9764041020047 -46.47018081495732)
444,Contenedor Verde,Contenedor Verde,Papel / Cartón / Plástico / Metal / Vidrio,,,Echeverria 1228,Belgrano,13,POINT (-148.97764879719088 -46.469050383968295)
445,Contenedor Verde,Contenedor Verde,Papel / Cartón / Plástico / Metal / Vidrio,,,Echeverria 1520,Belgrano,13,POINT (-148.97982695088797 -46.467072252814695)
446,Contenedor Verde,Contenedor Verde,Papel / Cartón / Plástico / Metal / Vidrio,,,Echeverria 1860,Belgrano,13,POINT (-148.98205089400471 -46.465038375261614)
447,Contenedor Verde,Contenedor Verde,Papel / Cartón / Plástico / Metal / Vidrio,,,Echeverria 1990,Belgrano,13,POINT (-148.9828545217257 -46.464298890274335)
448,Contenedor Verde,Contenedor Verde,Papel / Cartón / Plástico / Metal / Vidrio,,,"Freire, Ramon, Cap. Gral. 1845",Belgrano,13,POINT (-148.99180100203873 -46.45833371970662)
449,Contenedor Verde,Contenedor Verde,Papel / Cartón / Plástico / Metal / Vidrio,,,"Freire, Ramon, Cap. Gral. 2321",Belgrano,13,POINT (-148.98708008593977 -46.45586272737593)
450,Contenedor Verde,Contenedor Verde,Papel / Cartón / Plástico / Metal / Vidrio,,,Hernandez Jose 1310,Belgrano,13,POINT (-148.98085458444794 -46.470355183065855)
451,Contenedor Verde,Contenedor Verde,Papel / Cartón / Plástico / Metal / Vidrio,,,"Hernandez, Jose 2449",Belgrano,13,POINT (-148.9882925177747 -46.46319464343851)
452,Contenedor Verde,Contenedor Verde,Papel / Cartón / Plástico / Metal / Vidrio,,,"Hernandez, Jose 2713",Belgrano,13,POINT (-148.98990771174417 -46.46175382902446)
453,Contenedor Verde,Contenedor Verde,Papel / Cartón / Plástico / Metal / Vidrio,,,"Hernandez, Rafael 2820",Belgrano,13,POINT (-148.97152351686603 -46.4647058423685)
454,Contenedor Verde,Contenedor Verde,Papel / Cartón / Plástico / Metal / Vidrio,,,"Hernandez, Rafael 2998",Belgrano,13,POINT (-148.97117586431085 -46.46320268713006)
455,Contenedor Verde,Contenedor Verde,Papel / Cartón / Plástico / Metal / Vidrio,,,Husares 1959,Belgrano,13,POINT (-148.97642176857872 -46.4708423506252)
456,Contenedor Verde,Contenedor Verde,Papel / Cartón / Plástico / Metal / Vidrio,,,Husares 2013,Belgrano,13,POINT (-148.9757406366751 -46.470487569247915)
457,Contenedor Verde,Contenedor Verde,Papel / Cartón / Plástico / Metal / Vidrio,,,Husares 2235,Belgrano,13,POINT (-148.97361343084737 -46.46938151255056)
458,Contenedor Verde,Contenedor Verde,Papel / Cartón / Plástico / Metal / Vidrio,,,Husares 2477,Belgrano,13,POINT (-148.9712316780945 -46.46816434607406)
459,Contenedor Verde,Contenedor Verde,Papel / Cartón / Plástico / Metal / Vidrio,,,Juramento 1459,Belgrano,13,POINT (-148.97823855817657 -46.466996177372174)
460,Contenedor Verde,Contenedor Verde,Papel / Cartón / Plástico / Metal / Vidrio,,,Juramento 1597,Belgrano,13,POINT (-148.9791940581945 -46.466145610297104)
461,Contenedor Verde,Contenedor Verde,Papel / Cartón / Plástico / Metal / Vidrio,,,Juramento 2937,Belgrano,13,POINT (-148.9874768971429 -46.45856324200947)
462,Contenedor Verde,Contenedor Verde,Papel / Cartón / Plástico / Metal / Vidrio,,,Juramento Av. 2433,Belgrano,13,POINT (-148.9845940128726 -46.46121022618735)
463,Contenedor Verde,Contenedor Verde,Papel / Cartón / Plástico / Metal / Vidrio,,,Juramento Av. 2769,Belgrano,13,POINT (-148.98638277234502 -46.45956470813293)
464,Contenedor Verde,Contenedor Verde,Papel / Cartón / Plástico / Metal / Vidrio,,,Juramento Av. 3123,Belgrano,13,POINT (-148.9887406596614 -46.45740631136787)
465,Contenedor Verde,Contenedor Verde,Papel / Cartón / Plástico / Metal / Vidrio,,,La Pampa 1290,Belgrano,13,POINT (-148.98000487465617 -46.469721972513106)
466,Contenedor Verde,Contenedor Verde,Papel / Cartón / Plástico / Metal / Vidrio,,,La Pampa 1635,Belgrano,13,POINT (-148.98264247718924 -46.46724083406882)
467,Contenedor Verde,Contenedor Verde,Papel / Cartón / Plástico / Metal / Vidrio,,,La Pampa 2274,Belgrano,13,POINT (-148.9865205886482 -46.46374024209482)
468,Contenedor Verde,Contenedor Verde,Papel / Cartón / Plástico / Metal / Vidrio,,,La Pampa 3278,Belgrano,13,POINT (-148.99269078067107 -46.457978632797825)
469,Contenedor Verde,Contenedor Verde,Papel / Cartón / Plástico / Metal / Vidrio,,,La Pampa 3602,Belgrano,13,POINT (-148.99476561579934 -46.456065168163796)
470,Contenedor Verde,Contenedor Verde,Papel / Cartón / Plástico / Metal / Vidrio,,,La Pampa 3654,Belgrano,13,POINT (-148.99508696068008 -46.455765198234765)
471,Contenedor Verde,Contenedor Verde,Papel / Cartón / Plástico / Metal / Vidrio,,,La Pampa 816,Belgrano,13,POINT (-148.97662250612052 -46.4728009559309)
472,Contenedor Verde,Contenedor Verde,Papel / Cartón / Plástico / Metal / Vidrio,,,"Loreto, Virrey 1627",Belgrano,13,POINT (-148.98512823756096 -46.46905233418496)
473,Contenedor Verde,Contenedor Verde,Papel / Cartón / Plástico / Metal / Vidrio,,,"Loreto, Virrey 2171",Belgrano,13,POINT (-148.98807011615426 -46.466342059765786)
474,Contenedor Verde,Contenedor Verde,Papel / Cartón / Plástico / Metal / Vidrio,,,"Loreto, Virrey 2375",Belgrano,13,POINT (-148.9893674767671 -46.465774058509204)
475,Contenedor Verde,Contenedor Verde,Papel / Cartón / Plástico / Metal / Vidrio,,,"Martinez, Enrique, Gral. 2010",Belgrano,13,POINT (-148.992843474398 -46.45489598158363)
476,Contenedor Verde,Contenedor Verde,Papel / Cartón / Plástico / Metal / Vidrio,,,"Martinez, Enrique, Gral. 2339",Belgrano,13,POINT (-148.9894972422174 -46.453319542802795)
477,Contenedor Verde,Contenedor Verde,Papel / Cartón / Plástico / Metal / Vidrio,,,Melian Av. 1961,Belgrano,13,POINT (-148.99264550294723 -46.45587880753939)
478,Contenedor Verde,Contenedor Verde,Papel / Cartón / Plástico / Metal / Vidrio,,,Melian Av. 2167,Belgrano,13,POINT (-148.99084795885645 -46.45465653479642)
479,Contenedor Verde,Contenedor Verde,Papel / Cartón / Plástico / Metal / Vidrio,,,Melian Av. 2457,Belgrano,13,POINT (-148.98843776126301 -46.45293930432607)
480,Contenedor Verde,Contenedor Verde,Papel / Cartón / Plástico / Metal / Vidrio,,,Migueletes 1660,Belgrano,13,POINT (-148.98222322556728 -46.4696361787986)
481,Contenedor Verde,Contenedor Verde,Papel / Cartón / Plástico / Metal / Vidrio,,,Migueletes 1987,Belgrano,13,POINT (-148.97894898242498 -46.46801988132497)
482,Contenedor Verde,Contenedor Verde,Papel / Cartón / Plástico / Metal / Vidrio,,,Migueletes 2251,Belgrano,13,POINT (-148.9764058812084 -46.4667028325808)
483,Contenedor Verde,Contenedor Verde,Papel / Cartón / Plástico / Metal / Vidrio,,,Moldes 1760,Belgrano,13,POINT (-148.9894377819337 -46.4615767885733)
484,Contenedor Verde,Contenedor Verde,Papel / Cartón / Plástico / Metal / Vidrio,,,Moldes 1946,Belgrano,13,POINT (-148.98761389398624 -46.460630575240614)
485,Contenedor Verde,Contenedor Verde,Papel / Cartón / Plástico / Metal / Vidrio,,,Moldes 2176,Belgrano,13,POINT (-148.98531310171165 -46.45943630030914)
486,Contenedor Verde,Contenedor Verde,Papel / Cartón / Plástico / Metal / Vidrio,,,Monroe 1205,Belgrano,13,POINT (-148.97267366602784 -46.46656709052258)
487,Contenedor Verde,Contenedor Verde,Papel / Cartón / Plástico / Metal / Vidrio,,,Monroe 1815,Belgrano,13,POINT (-148.9769189944846 -46.46274392870703)
488,Contenedor Verde,Contenedor Verde,Papel / Cartón / Plástico / Metal / Vidrio,,,Monroe 2705,Belgrano,13,POINT (-148.98230490863276 -46.45775459504517)
489,Contenedor Verde,Contenedor Verde,Papel / Cartón / Plástico / Metal / Vidrio,,,Monroe 915,Belgrano,13,POINT (-148.9704765744925 -46.46858520444616)
490,Contenedor Verde,Contenedor Verde,Papel / Cartón / Plástico / Metal / Vidrio,,,Monroe Av. 1307,Belgrano,13,POINT (-148.97336664266126 -46.46593326065399)
491,Contenedor Verde,Contenedor Verde,Papel / Cartón / Plástico / Metal / Vidrio,,,Monroe Av. 2517,Belgrano,13,POINT (-148.9812040098745 -46.45876181556346)
492,Contenedor Verde,Contenedor Verde,Papel / Cartón / Plástico / Metal / Vidrio,,,Monroe Av. 2909,Belgrano,13,POINT (-148.98348638862183 -46.45667073774403)
493,Contenedor Verde,Contenedor Verde,Papel / Cartón / Plástico / Metal / Vidrio,,,"Naon, Romulo 2068",Belgrano,13,POINT (-148.99356010442588 -46.45359350928342)
494,Contenedor Verde,Contenedor Verde,Papel / Cartón / Plástico / Metal / Vidrio,,,"Naon, Romulo 2212",Belgrano,13,POINT (-148.9920688899307 -46.45283421356101)
495,Contenedor Verde,Contenedor Verde,Papel / Cartón / Plástico / Metal / Vidrio,,,"Naon, Romulo 2385",Belgrano,13,POINT (-148.9904047043292 -46.452100675846225)
496,Contenedor Verde,Contenedor Verde,Papel / Cartón / Plástico / Metal / Vidrio,,,O'higgins 1592,Belgrano,13,POINT (-148.98700174621112 -46.46628565009141)
497,Contenedor Verde,Contenedor Verde,Papel / Cartón / Plástico / Metal / Vidrio,,,O'higgins 1632,Belgrano,13,POINT (-148.98654431247238 -46.4660486578921)
498,Contenedor Verde,Contenedor Verde,Papel / Cartón / Plástico / Metal / Vidrio,,,O'higgins 1824,Belgrano,13,POINT (-148.98448661832717 -46.464988480071824)
499,Contenedor Verde,Contenedor Verde,Papel / Cartón / Plástico / Metal / Vidrio,,,O'higgins 2022,Belgrano,13,POINT (-148.98257268513606 -46.463994001414775)
500,Contenedor Verde,Contenedor Verde,Papel / Cartón / Plástico / Metal / Vidrio,,,O'higgins 2340,Belgrano,13,POINT (-148.9797322569755 -46.46252347199377)
501,Contenedor Verde,Contenedor Verde,Papel / Cartón / Plástico / Metal / Vidrio,,,O'higgins 2490,Belgrano,13,POINT (-148.97825301024932 -46.461751728218985)
502,Contenedor Verde,Contenedor Verde,Papel / Cartón / Plástico / Metal / Vidrio,,,Olazabal 1419,Belgrano,13,POINT (-148.97599047059393 -46.46631941694461)
503,Contenedor Verde,Contenedor Verde,Papel / Cartón / Plástico / Metal / Vidrio,,,Olazabal 1517,Belgrano,13,POINT (-148.9767234318165 -46.465692117004274)
504,Contenedor Verde,Contenedor Verde,Papel / Cartón / Plástico / Metal / Vidrio,,,Olazabal 1683,Belgrano,13,POINT (-148.9779775763268 -46.464499277107684)
505,Contenedor Verde,Contenedor Verde,Papel / Cartón / Plástico / Metal / Vidrio,,,Olazabal 2571,Belgrano,13,POINT (-148.9833456927101 -46.45958803861182)
506,Contenedor Verde,Contenedor Verde,Papel / Cartón / Plástico / Metal / Vidrio,,,Olazabal 2877,Belgrano,13,POINT (-148.9851116965112 -46.45797203458833)
507,Contenedor Verde,Contenedor Verde,Papel / Cartón / Plástico / Metal / Vidrio,,,"Pino, Virrey Del 3543",Belgrano,13,POINT (-148.99582969960443 -46.456567471245194)
508,Contenedor Verde,Contenedor Verde,Papel / Cartón / Plástico / Metal / Vidrio,,,"Plaza, Victorino De La, Dr. 1030",Belgrano,13,POINT (-148.9697208778433 -46.466288136311725)
509,Contenedor Verde,Contenedor Verde,Papel / Cartón / Plástico / Metal / Vidrio,,,"Plaza, Victorino De La, Dr. 1110",Belgrano,13,POINT (-148.97076347511953 -46.46617399085651)
510,Contenedor Verde,Contenedor Verde,Papel / Cartón / Plástico / Metal / Vidrio,,,"Plaza, Victorino De La, Dr. 1602",Belgrano,13,POINT (-148.97119965799772 -46.46421171448741)
511,Contenedor Verde,Contenedor Verde,Papel / Cartón / Plástico / Metal / Vidrio,,,"Plaza, Victorino De La, Dr. 1798",Belgrano,13,POINT (-148.96908015994086 -46.464441238081626)
512,Contenedor Verde,Contenedor Verde,Papel / Cartón / Plástico / Metal / Vidrio,,,Quinteros Lidoro 1228,Belgrano,13,POINT (-148.97220651924164 -46.46512375915183)
513,Contenedor Verde,Contenedor Verde,Papel / Cartón / Plástico / Metal / Vidrio,,,"Quinteros, Lidoro J. Av. 1049",Belgrano,13,POINT (-148.96971379460044 -46.46526654096807)
514,Contenedor Verde,Contenedor Verde,Papel / Cartón / Plástico / Metal / Vidrio,,,Ramsay 1905,Belgrano,13,POINT (-148.9753256096835 -46.47234994624685)
515,Contenedor Verde,Contenedor Verde,Papel / Cartón / Plástico / Metal / Vidrio,,,"Riccheri, Pablo, Tte. Gral. 2751",Belgrano,13,POINT (-148.97060493237953 -46.46629143233658)
516,Contenedor Verde,Contenedor Verde,Papel / Cartón / Plástico / Metal / Vidrio,,,"Riccheri, Pablo, Tte. Gral. 3087",Belgrano,13,POINT (-148.9699898659923 -46.4637613842047)
517,Contenedor Verde,Contenedor Verde,Papel / Cartón / Plástico / Metal / Vidrio,,,"Rivera, Pedro I., Dr. 2749",Belgrano,13,POINT (-148.9809027229693 -46.456810873001224)
518,Contenedor Verde,Contenedor Verde,Papel / Cartón / Plástico / Metal / Vidrio,,,"Rivera, Pedro I., Dr. 2867",Belgrano,13,POINT (-148.98155225180398 -46.4561843020525)
519,Contenedor Verde,Contenedor Verde,Papel / Cartón / Plástico / Metal / Vidrio,,,"Rivera, Pedro I., Dr. 3013",Belgrano,13,POINT (-148.98250941454936 -46.455256045901216)
520,Contenedor Verde,Contenedor Verde,Papel / Cartón / Plástico / Metal / Vidrio,,,Roosevelt Franklin D. 1656,Belgrano,13,POINT (-148.9749900972775 -46.463270448422975)
521,Contenedor Verde,Contenedor Verde,Papel / Cartón / Plástico / Metal / Vidrio,,,Roosevelt Franklin D. 1790,Belgrano,13,POINT (-148.97585634142328 -46.46249239742881)
522,Contenedor Verde,Contenedor Verde,Papel / Cartón / Plástico / Metal / Vidrio,,,Roosevelt Franklin D. 2402,Belgrano,13,POINT (-148.9798564961162 -46.4590558256399)
523,Contenedor Verde,Contenedor Verde,Papel / Cartón / Plástico / Metal / Vidrio,,,Roosevelt Franklin D. 2660,Belgrano,13,POINT (-148.98134636704347 -46.45765284887318)
524,Contenedor Verde,Contenedor Verde,Papel / Cartón / Plástico / Metal / Vidrio,,,Roosevelt Franklin D. 2846,Belgrano,13,POINT (-148.98227700256083 -46.456775150715586)
525,Contenedor Verde,Contenedor Verde,Papel / Cartón / Plástico / Metal / Vidrio,,,Roosevelt Franklin D. 2982,Belgrano,13,POINT (-148.9830972992826 -46.456001832965846)
526,Contenedor Verde,Contenedor Verde,Papel / Cartón / Plástico / Metal / Vidrio,,,"Solier, Daniel De, Alte. 1010",Belgrano,13,POINT (-148.96925760948326 -46.464924122646664)
527,Contenedor Verde,Contenedor Verde,Papel / Cartón / Plástico / Metal / Vidrio,,,"Sourigues, Carlos, Cnel. 2592",Belgrano,13,POINT (-148.97277659013074 -46.46576963110113)
528,Contenedor Verde,Contenedor Verde,Papel / Cartón / Plástico / Metal / Vidrio,,,"Sucre, Antonio Jose De, Mcal. 1285",Belgrano,13,POINT (-148.97892365500783 -46.46921420737862)
529,Contenedor Verde,Contenedor Verde,Papel / Cartón / Plástico / Metal / Vidrio,,,"Sucre, Antonio Jose De, Mcal. 2365",Belgrano,13,POINT (-148.98598154295973 -46.46273174830141)
530,Contenedor Verde,Contenedor Verde,Papel / Cartón / Plástico / Metal / Vidrio,,,"Sucre, Antonio Jose De, Mcal. 2765",Belgrano,13,POINT (-148.98837623749813 -46.46053252466086)
531,Contenedor Verde,Contenedor Verde,Papel / Cartón / Plástico / Metal / Vidrio,,,"Sucre, Antonio Jose De, Mcal. 765",Belgrano,13,POINT (-148.97506893178956 -46.47270440437726)
532,Contenedor Verde,Contenedor Verde,Papel / Cartón / Plástico / Metal / Vidrio,,,Superi 1679,Belgrano,13,POINT (-148.9948871290406 -46.45795587681814)
533,Contenedor Verde,Contenedor Verde,Papel / Cartón / Plástico / Metal / Vidrio,,,Superi 1925,Belgrano,13,POINT (-148.99232409404016 -46.45662018002096)
534,Contenedor Verde,Contenedor Verde,Papel / Cartón / Plástico / Metal / Vidrio,,,Superi 2007,Belgrano,13,POINT (-148.9914575825264 -46.456168931442484)
535,Contenedor Verde,Contenedor Verde,Papel / Cartón / Plástico / Metal / Vidrio,,,Superi 2137,Belgrano,13,POINT (-148.99028301582769 -46.45555813608261)
536,Contenedor Verde,Contenedor Verde,Papel / Cartón / Plástico / Metal / Vidrio,,,"Udaondo, Guillermo Av. 1294",Belgrano,13,POINT (-148.9685755941739 -46.4636923379173)
537,Contenedor Verde,Contenedor Verde,Papel / Cartón / Plástico / Metal / Vidrio,,,"Ugarte, Manuel 1655",Belgrano,13,POINT (-148.97409963963133 -46.46280603217753)
538,Contenedor Verde,Contenedor Verde,Papel / Cartón / Plástico / Metal / Vidrio,,,"Ugarte, Manuel 1809",Belgrano,13,POINT (-148.97515966933645 -46.461759316302775)
539,Contenedor Verde,Contenedor Verde,Papel / Cartón / Plástico / Metal / Vidrio,,,"Ugarte, Manuel 2175",Belgrano,13,POINT (-148.9770677378436 -46.459849614644504)
540,Contenedor Verde,Contenedor Verde,Papel / Cartón / Plástico / Metal / Vidrio,,,"Ugarte, Manuel 2524",Belgrano,13,POINT (-148.97904128707484 -46.45760903736719)
541,Contenedor Verde,Contenedor Verde,Papel / Cartón / Plástico / Metal / Vidrio,,,"Ugarte, Manuel 2672",Belgrano,13,POINT (-148.9796870813247 -46.456958678165556)
542,Contenedor Verde,Contenedor Verde,Papel / Cartón / Plástico / Metal / Vidrio,,,Vidal 2095,Belgrano,13,POINT (-148.98678383469598 -46.45944682886526)
543,Contenedor Verde,Contenedor Verde,Papel / Cartón / Plástico / Metal / Vidrio,,,Vidal 2209,Belgrano,13,POINT (-148.98552304130715 -46.45879447876289)
544,Contenedor Verde,Contenedor Verde,Papel / Cartón / Plástico / Metal / Vidrio,,,Vidal 2865,Belgrano,13,POINT (-148.979939472905 -46.45589681558563)
545,Contenedor Verde,Contenedor Verde,Papel / Cartón / Plástico / Metal / Vidrio,,,Vuelta De Obligado 1771,Belgrano,13,POINT (-148.98687006446147 -46.46376887133388)
546,Contenedor Verde,Contenedor Verde,Papel / Cartón / Plástico / Metal / Vidrio,,,Vuelta De Obligado 1931,Belgrano,13,POINT (-148.9852435918647 -46.462941281751675)
547,Contenedor Verde,Contenedor Verde,Papel / Cartón / Plástico / Metal / Vidrio,,,Vuelta De Obligado 2405,Belgrano,13,POINT (-148.98075322186594 -46.46057655858471)
548,Contenedor Verde,Contenedor Verde,Papel / Cartón / Plástico / Metal / Vidrio,,,Vuelta De Obligado 2661,Belgrano,13,POINT (-148.97828370777233 -46.45933102461177)
549,Contenedor Verde,Contenedor Verde,Papel / Cartón / Plástico / Metal / Vidrio,,,Washington 1945,Belgrano,13,POINT (-148.99402572820927 -46.45478608650159)
550,Contenedor Verde,Contenedor Verde,Papel / Cartón / Plástico / Metal / Vidrio,,,Washington 2161,Belgrano,13,POINT (-148.9919075891892 -46.453698327783435)
551,Contenedor Verde,Contenedor Verde,Papel / Cartón / Plástico / Metal / Vidrio,,,Washington 2360,Belgrano,13,POINT (-148.99003757377542 -46.45266756105602)
552,Contenedor Verde,Contenedor Verde,Papel / Cartón / Plástico / Metal / Vidrio,,,Zapiola 1796,Belgrano,13,POINT (-148.99164368823088 -46.45913386568669)
553,Contenedor Verde,Contenedor Verde,Papel / Cartón / Plástico / Metal / Vidrio,,,Zapiola 1981,Belgrano,13,POINT (-148.9897411662824 -46.458205819586624)
554,Contenedor Verde,Contenedor Verde,Papel / Cartón / Plástico / Metal / Vidrio,,,Zapiola 2163,Belgrano,13,POINT (-148.98791780193247 -46.45725993150002)
555,Contenedor Verde,Contenedor Verde,Papel / Cartón / Plástico / Metal / Vidrio,,,Zapiola 2338,Belgrano,13,POINT (-148.98627691358303 -46.456328204176884)
556,Contenedor Verde,Contenedor Verde,Papel / Cartón / Plástico / Metal / Vidrio,,,Zapiola 2704,Belgrano,13,POINT (-148.98286253936126 -46.454750196332725)
557,Contenedor Verde,Contenedor Verde,Papel / Cartón / Plástico / Metal / Vidrio,,,Suarez 432,La Boca,4,POINT (-149.05944762903394 -46.5211652374698)
558,Contenedor Verde,Contenedor Verde,Papel / Cartón / Plástico / Metal / Vidrio,,,Suarez 722,La Boca,4,POINT (-149.0613449806189 -46.5186234719603)
559,Contenedor Verde,Contenedor Verde,Papel / Cartón / Plástico / Metal / Vidrio,,,Suarez 980,La Boca,4,POINT (-149.06213144270544 -46.51710568492737)
560,Contenedor Verde,Contenedor Verde,Papel / Cartón / Plástico / Metal / Vidrio,,,Paseo Colon Av.|1458|pr1742|,La Boca,4,POINT (-149.04845007834106 -46.51578645888836)
561,Contenedor Verde,Contenedor Verde,Papel / Cartón / Plástico / Metal / Vidrio,,,"Garcia, Martin Av.|378|pr3712",La Boca,4,POINT (-149.05308200007772 -46.514425013704646)
562,Contenedor Verde,Contenedor Verde,Papel / Cartón / Plástico / Metal / Vidrio,,,"Villafa?e, Wenceslao 541",La Boca,4,POINT (-149.05667997216995 -46.518920877962735)
563,Contenedor Verde,Contenedor Verde,Papel / Cartón / Plástico / Metal / Vidrio,,,"Villafa?e, Wenceslao 181",La Boca,4,POINT (-149.0544194776538 -46.521907595110264)
564,Contenedor Verde,Contenedor Verde,Papel / Cartón / Plástico / Metal / Vidrio,,,Alvar Nu?ez 335,La Boca,4,POINT (-149.0692991830638 -46.51839859552403)
565,Contenedor Verde,Contenedor Verde,Papel / Cartón / Plástico / Metal / Vidrio,,,Alvar Nu?ez 150,La Boca,4,POINT (-149.06738728960423 -46.517866659997395)
566,Contenedor Verde,Contenedor Verde,Papel / Cartón / Plástico / Metal / Vidrio,,,20 De Setiembre 230,La Boca,4,POINT (-149.05266270877144 -46.519436678163395)
567,Contenedor Verde,Contenedor Verde,Papel / Cartón / Plástico / Metal / Vidrio,,,"Blanes, Juan Manuel 131",La Boca,4,POINT (-149.05201714964105 -46.520636793252066)
568,Contenedor Verde,Contenedor Verde,Papel / Cartón / Plástico / Metal / Vidrio,,,Brandsen 1003,La Boca,4,POINT (-149.06117021950035 -46.5166071755517)
569,Contenedor Verde,Contenedor Verde,Papel / Cartón / Plástico / Metal / Vidrio,,,Brandsen 395,La Boca,4,POINT (-149.05823383953225 -46.521209773986776)
570,Contenedor Verde,Contenedor Verde,Papel / Cartón / Plástico / Metal / Vidrio,,,Brandsen 651,La Boca,4,POINT (-149.0600832742741 -46.51875942709069)
571,Contenedor Verde,Contenedor Verde,Papel / Cartón / Plástico / Metal / Vidrio,,,"Brin, Ministro 1383",La Boca,4,POINT (-149.05955619188438 -46.52346799014061)
572,Contenedor Verde,Contenedor Verde,Papel / Cartón / Plástico / Metal / Vidrio,,,"Brin, Ministro 921",La Boca,4,POINT (-149.05573750370127 -46.52215919752757)
573,Contenedor Verde,Contenedor Verde,Papel / Cartón / Plástico / Metal / Vidrio,,,"Brown, Alte. Av. 1335",La Boca,4,POINT (-149.06045308987484 -46.521690031427525)
574,Contenedor Verde,Contenedor Verde,Papel / Cartón / Plástico / Metal / Vidrio,,,"Brown, Alte. Av. 489",La Boca,4,POINT (-149.05366405576268 -46.517952425421754)
575,Contenedor Verde,Contenedor Verde,Papel / Cartón / Plástico / Metal / Vidrio,,,"Brown, Alte. Av. 739",La Boca,4,POINT (-149.05533299404524 -46.519465998354114)
576,Contenedor Verde,Contenedor Verde,Papel / Cartón / Plástico / Metal / Vidrio,,,"Brown, Alte. Av. 941",La Boca,4,POINT (-149.0570967127703 -46.520500627840924)
577,Contenedor Verde,Contenedor Verde,Papel / Cartón / Plástico / Metal / Vidrio,,,Caboto 250,La Boca,4,POINT (-149.05045097590292 -46.51948947158561)
578,Contenedor Verde,Contenedor Verde,Papel / Cartón / Plástico / Metal / Vidrio,,,California 890,La Boca,4,POINT (-149.0691214639533 -46.51955419802932)
579,Contenedor Verde,Contenedor Verde,Papel / Cartón / Plástico / Metal / Vidrio,,,Hernandarias 1434,La Boca,4,POINT (-149.06645994898065 -46.516432359603996)
580,Contenedor Verde,Contenedor Verde,Papel / Cartón / Plástico / Metal / Vidrio,,,Hernandarias 1862,La Boca,4,POINT (-149.0706413777609 -46.51682917939908)
581,Contenedor Verde,Contenedor Verde,Papel / Cartón / Plástico / Metal / Vidrio,,,Hernandarias 246,La Boca,4,POINT (-149.05520610350126 -46.515120951890985)
582,Contenedor Verde,Contenedor Verde,Papel / Cartón / Plástico / Metal / Vidrio,,,Hernandarias 408,La Boca,4,POINT (-149.056689322875 -46.51538190874719)
583,Contenedor Verde,Contenedor Verde,Papel / Cartón / Plástico / Metal / Vidrio,,,Hernandarias 674,La Boca,4,POINT (-149.05918677796691 -46.51568272961738)
584,Contenedor Verde,Contenedor Verde,Papel / Cartón / Plástico / Metal / Vidrio,,,Irala 159,La Boca,4,POINT (-149.0540767441788 -46.515432221926254)
585,Contenedor Verde,Contenedor Verde,Papel / Cartón / Plástico / Metal / Vidrio,,,"Melo, Carlos F. 193",La Boca,4,POINT (-149.064397603831 -46.51779431519742)
586,Contenedor Verde,Contenedor Verde,Papel / Cartón / Plástico / Metal / Vidrio,,,"Melo, Carlos F. 325",La Boca,4,POINT (-149.0657275015212 -46.51823626605503)
587,Contenedor Verde,Contenedor Verde,Papel / Cartón / Plástico / Metal / Vidrio,,,Necochea 190,La Boca,4,POINT (-149.05086718955602 -46.51706729513012)
588,Contenedor Verde,Contenedor Verde,Papel / Cartón / Plástico / Metal / Vidrio,,,Necochea 756,La Boca,4,POINT (-149.0544163697766 -46.52027422281151)
589,Contenedor Verde,Contenedor Verde,Papel / Cartón / Plástico / Metal / Vidrio,,,Necochea 862,La Boca,4,POINT (-149.05553178828393 -46.521074946685864)
590,Contenedor Verde,Contenedor Verde,Papel / Cartón / Plástico / Metal / Vidrio,,,Olavarria 1062,La Boca,4,POINT (-149.0632456587133 -46.51637932788171)
591,Contenedor Verde,Contenedor Verde,Papel / Cartón / Plástico / Metal / Vidrio,,,"Palacios, Alfredo L. 1219",La Boca,4,POINT (-149.06818397549958 -46.51643817036707)
592,Contenedor Verde,Contenedor Verde,Papel / Cartón / Plástico / Metal / Vidrio,,,Palos 362,La Boca,4,POINT (-149.05855462691773 -46.51891099364938)
593,Contenedor Verde,Contenedor Verde,Papel / Cartón / Plástico / Metal / Vidrio,,,Palos 560,La Boca,4,POINT (-149.0602130994516 -46.51952522272479)
594,Contenedor Verde,Contenedor Verde,Papel / Cartón / Plástico / Metal / Vidrio,,,Palos 690,La Boca,4,POINT (-149.06121882589903 -46.51988660037874)
595,Contenedor Verde,Contenedor Verde,Papel / Cartón / Plástico / Metal / Vidrio,,,"Quinquela Martin, Benito 1290",La Boca,4,POINT (-149.0674535046196 -46.51568672634382)
596,Contenedor Verde,Contenedor Verde,Papel / Cartón / Plástico / Metal / Vidrio,,,Regimiento De Patricios Av. 153,La Boca,4,POINT (-149.05530507681843 -46.514270354313275)
597,Contenedor Verde,Contenedor Verde,Papel / Cartón / Plástico / Metal / Vidrio,,,Regimiento De Patricios Av. 643,La Boca,4,POINT (-149.06019000035158 -46.514706583885484)
598,Contenedor Verde,Contenedor Verde,Papel / Cartón / Plástico / Metal / Vidrio,,,Regimiento De Patricios Av. 807,La Boca,4,POINT (-149.06178338585653 -46.514871921224206)
599,Contenedor Verde,Contenedor Verde,Papel / Cartón / Plástico / Metal / Vidrio,,,"Rodriguez, Martin 1081",La Boca,4,POINT (-149.06146139491582 -46.52097977117945)
600,Contenedor Verde,Contenedor Verde,Papel / Cartón / Plástico / Metal / Vidrio,,,"Rodriguez, Martin 725",La Boca,4,POINT (-149.05846230312937 -46.51988336973349)
601,Contenedor Verde,Contenedor Verde,Papel / Cartón / Plástico / Metal / Vidrio,,,"Salvadores, Cnel. 1325",La Boca,4,POINT (-149.06939538607645 -46.515381826948925)
602,Contenedor Verde,Contenedor Verde,Papel / Cartón / Plástico / Metal / Vidrio,,,"Salvadores, Cnel. 851",La Boca,4,POINT (-149.06774642266888 -46.51951067647972)
603,Contenedor Verde,Contenedor Verde,Papel / Cartón / Plástico / Metal / Vidrio,,,"Valle Iberlucea Del, Dr. 1061",La Boca,4,POINT (-149.06171397682934 -46.51893974367878)
604,Contenedor Verde,Contenedor Verde,Papel / Cartón / Plástico / Metal / Vidrio,,,"Valle, Aristobulo Del 590",La Boca,4,POINT (-149.05792846603492 -46.51885714704839)
605,Contenedor Verde,Contenedor Verde,Papel / Cartón / Plástico / Metal / Vidrio,,,"Valle, Aristobulo Del 626",La Boca,4,POINT (-149.05820808926313 -46.51848820537329)
606,Contenedor Verde,Contenedor Verde,Papel / Cartón / Plástico / Metal / Vidrio,,,Castro 1032,Boedo,5,POINT (-149.04976598311043 -46.4843149009593)
607,Contenedor Verde,Contenedor Verde,Papel / Cartón / Plástico / Metal / Vidrio,,,Castro 1212,Boedo,5,POINT (-149.05238685378353 -46.48469189191614)
608,Contenedor Verde,Contenedor Verde,Papel / Cartón / Plástico / Metal / Vidrio,,,Castro 1396,Boedo,5,POINT (-149.05394154202838 -46.4849344886823)
609,Contenedor Verde,Contenedor Verde,Papel / Cartón / Plástico / Metal / Vidrio,,,Castro 1534,Boedo,5,POINT (-149.05588435064547 -46.48518907294259)
610,Contenedor Verde,Contenedor Verde,Papel / Cartón / Plástico / Metal / Vidrio,,,Castro 1860,Boedo,5,POINT (-149.0603080234225 -46.48515533824355)
611,Contenedor Verde,Contenedor Verde,Papel / Cartón / Plástico / Metal / Vidrio,,,Castro 2126,Boedo,5,POINT (-149.06284826390893 -46.48538102380908)
612,Contenedor Verde,Contenedor Verde,Papel / Cartón / Plástico / Metal / Vidrio,,,Mu?iz 1906,Boedo,5,POINT (-149.06232537807824 -46.482951827757766)
613,Contenedor Verde,Contenedor Verde,Papel / Cartón / Plástico / Metal / Vidrio,,,Mu?iz 2088,Boedo,5,POINT (-149.06400473104046 -46.4832258462677)
614,Contenedor Verde,Contenedor Verde,Papel / Cartón / Plástico / Metal / Vidrio,,,Mu?iz 1458,Boedo,5,POINT (-149.05563250024764 -46.481871371812595)
615,Contenedor Verde,Contenedor Verde,Papel / Cartón / Plástico / Metal / Vidrio,,,Mu?iz 758,Boedo,5,POINT (-149.04742839558472 -46.48066261801886)
616,Contenedor Verde,Contenedor Verde,Papel / Cartón / Plástico / Metal / Vidrio,,,Humberto 1? 3379,Boedo,5,POINT (-149.04855134910372 -46.488488070275025)
617,Contenedor Verde,Contenedor Verde,Papel / Cartón / Plástico / Metal / Vidrio,,,Alzaga 2044,Boedo,5,POINT (-149.06075680910388 -46.48778262708796)
618,Contenedor Verde,Contenedor Verde,Papel / Cartón / Plástico / Metal / Vidrio,,,Avda Boedo 1217,Boedo,5,POINT (-149.05284307824755 -46.48700023183163)
619,Contenedor Verde,Contenedor Verde,Papel / Cartón / Plástico / Metal / Vidrio,,,Avda Carlos Calvo 3881,Boedo,5,POINT (-149.0491858174546 -46.48455084868368)
620,Contenedor Verde,Contenedor Verde,Papel / Cartón / Plástico / Metal / Vidrio,,,Avda Carlos Calvo 4063,Boedo,5,POINT (-149.04942235971697 -46.48291632769155)
621,Contenedor Verde,Contenedor Verde,Papel / Cartón / Plástico / Metal / Vidrio,,,Avda Carlos Calvo 4243,Boedo,5,POINT (-149.0496369817859 -46.48146416698985)
622,Contenedor Verde,Contenedor Verde,Papel / Cartón / Plástico / Metal / Vidrio,,,Avda Chiclana 3369,Boedo,5,POINT (-149.05975730313085 -46.48948766015256)
623,Contenedor Verde,Contenedor Verde,Papel / Cartón / Plástico / Metal / Vidrio,,,Avda Chiclana 3629,Boedo,5,POINT (-149.06171699292972 -46.48775547584345)
624,Contenedor Verde,Contenedor Verde,Papel / Cartón / Plástico / Metal / Vidrio,,,Avda Independencia 3345,Boedo,5,POINT (-149.04486919901672 -46.48854934031525)
625,Contenedor Verde,Contenedor Verde,Papel / Cartón / Plástico / Metal / Vidrio,,,Avda Independencia 3545,Boedo,5,POINT (-149.04515322044932 -46.487005005950664)
626,Contenedor Verde,Contenedor Verde,Papel / Cartón / Plástico / Metal / Vidrio,,,Avda Independencia 3719,Boedo,5,POINT (-149.04541135863263 -46.48543253206431)
627,Contenedor Verde,Contenedor Verde,Papel / Cartón / Plástico / Metal / Vidrio,,,Avda Independencia 3969,Boedo,5,POINT (-149.04571978526937 -46.48348374711267)
628,Contenedor Verde,Contenedor Verde,Papel / Cartón / Plástico / Metal / Vidrio,,,Avda Independencia 4141,Boedo,5,POINT (-149.0460108081943 -46.48186865480186)
629,Contenedor Verde,Contenedor Verde,Papel / Cartón / Plástico / Metal / Vidrio,,,Avda Independencia 4329,Boedo,5,POINT (-149.04646276727726 -46.48028886688562)
630,Contenedor Verde,Contenedor Verde,Papel / Cartón / Plástico / Metal / Vidrio,,,Avda La Plata 1248,Boedo,5,POINT (-149.05482955358212 -46.481033170964416)
631,Contenedor Verde,Contenedor Verde,Papel / Cartón / Plástico / Metal / Vidrio,,,Avda La Plata 2134,Boedo,5,POINT (-149.06487803769375 -46.48264812338951)
632,Contenedor Verde,Contenedor Verde,Papel / Cartón / Plástico / Metal / Vidrio,,,Avda La Plata 611,Boedo,5,POINT (-149.04698472332348 -46.47980719940923)
633,Contenedor Verde,Contenedor Verde,Papel / Cartón / Plástico / Metal / Vidrio,,,Avda La Plata 751,Boedo,5,POINT (-149.0490979389603 -46.48008415776331)
634,Contenedor Verde,Contenedor Verde,Papel / Cartón / Plástico / Metal / Vidrio,,,Avda Pavon 3720,Boedo,5,POINT (-149.05517853431238 -46.48651997377245)
635,Contenedor Verde,Contenedor Verde,Papel / Cartón / Plástico / Metal / Vidrio,,,Avda Pavon 3861,Boedo,5,POINT (-149.05521689304163 -46.48558003794337)
636,Contenedor Verde,Contenedor Verde,Papel / Cartón / Plástico / Metal / Vidrio,,,Avda Pavon 4060,Boedo,5,POINT (-149.05580572688632 -46.4839094073245)
637,Contenedor Verde,Contenedor Verde,Papel / Cartón / Plástico / Metal / Vidrio,,,Avda Pavon 4271,Boedo,5,POINT (-149.0561564304673 -46.482177864288765)
638,Contenedor Verde,Contenedor Verde,Papel / Cartón / Plástico / Metal / Vidrio,,,Avda San Juan 3444,Boedo,5,POINT (-149.04978108055496 -46.4881195337048)
639,Contenedor Verde,Contenedor Verde,Papel / Cartón / Plástico / Metal / Vidrio,,,Avda San Juan 3684,Boedo,5,POINT (-149.05028359317677 -46.4861572206005)
640,Contenedor Verde,Contenedor Verde,Papel / Cartón / Plástico / Metal / Vidrio,,,Avda San Juan 3826,Boedo,5,POINT (-149.05062487457408 -46.48499023252945)
641,Contenedor Verde,Contenedor Verde,Papel / Cartón / Plástico / Metal / Vidrio,,,Avda San Juan 4092,Boedo,5,POINT (-149.05120450988667 -46.48300609554243)
642,Contenedor Verde,Contenedor Verde,Papel / Cartón / Plástico / Metal / Vidrio,,,Avda San Juan 4256,Boedo,5,POINT (-149.0515959253242 -46.48166833617894)
643,Contenedor Verde,Contenedor Verde,Papel / Cartón / Plástico / Metal / Vidrio,,,"Bocayuva, Quintino 1148",Boedo,5,POINT (-149.05163437335065 -46.4838110629653)
644,Contenedor Verde,Contenedor Verde,Papel / Cartón / Plástico / Metal / Vidrio,,,"Bocayuva, Quintino 1410",Boedo,5,POINT (-149.05450316379336 -46.48424192723316)
645,Contenedor Verde,Contenedor Verde,Papel / Cartón / Plástico / Metal / Vidrio,,,"Bocayuva, Quintino 1778",Boedo,5,POINT (-149.05932948760733 -46.48439116526917)
646,Contenedor Verde,Contenedor Verde,Papel / Cartón / Plástico / Metal / Vidrio,,,"Bocayuva, Quintino 870",Boedo,5,POINT (-149.04694556777517 -46.483279516941494)
647,Contenedor Verde,Contenedor Verde,Papel / Cartón / Plástico / Metal / Vidrio,,,Boedo Av. 1421,Boedo,5,POINT (-149.05536983130062 -46.48703320214099)
648,Contenedor Verde,Contenedor Verde,Papel / Cartón / Plástico / Metal / Vidrio,,,Boedo Av. 1753,Boedo,5,POINT (-149.05976684349636 -46.48695878316158)
649,Contenedor Verde,Contenedor Verde,Papel / Cartón / Plástico / Metal / Vidrio,,,Boedo Av. 2029,Boedo,5,POINT (-149.06323712564853 -46.48706848090235)
650,Contenedor Verde,Contenedor Verde,Papel / Cartón / Plástico / Metal / Vidrio,,,Boedo Av. 777,Boedo,5,POINT (-149.0463729214819 -46.48660531133785)
651,Contenedor Verde,Contenedor Verde,Papel / Cartón / Plástico / Metal / Vidrio,,,Boedo Av. 919,Boedo,5,POINT (-149.04895419229163 -46.4867754543616)
652,Contenedor Verde,Contenedor Verde,Papel / Cartón / Plástico / Metal / Vidrio,,,Castro Barros 1171,Boedo,5,POINT (-149.05142662093235 -46.48537932059455)
653,Contenedor Verde,Contenedor Verde,Papel / Cartón / Plástico / Metal / Vidrio,,,Castro Barros 1423,Boedo,5,POINT (-149.0542577544924 -46.48580171000483)
654,Contenedor Verde,Contenedor Verde,Papel / Cartón / Plástico / Metal / Vidrio,,,Castro Barros 1796,Boedo,5,POINT (-149.0591359905084 -46.486011972353396)
655,Contenedor Verde,Contenedor Verde,Papel / Cartón / Plástico / Metal / Vidrio,,,Castro Barros 2013,Boedo,5,POINT (-149.06154475706748 -46.485983935271015)
656,Contenedor Verde,Contenedor Verde,Papel / Cartón / Plástico / Metal / Vidrio,,,Castro Barros 981,Boedo,5,POINT (-149.048756564136 -46.485025666344)
657,Contenedor Verde,Contenedor Verde,Papel / Cartón / Plástico / Metal / Vidrio,,,Cochabamba 3475,Boedo,5,POINT (-149.05128541783654 -46.48802057249565)
658,Contenedor Verde,Contenedor Verde,Papel / Cartón / Plástico / Metal / Vidrio,,,Cochabamba 3619,Boedo,5,POINT (-149.05157174347818 -46.48677176964427)
659,Contenedor Verde,Contenedor Verde,Papel / Cartón / Plástico / Metal / Vidrio,,,Cochabamba 4383,Boedo,5,POINT (-149.0530745887135 -46.48101142897805)
660,Contenedor Verde,Contenedor Verde,Papel / Cartón / Plástico / Metal / Vidrio,,,Colombres 1310,Boedo,5,POINT (-149.05390493563985 -46.4865543362318)
661,Contenedor Verde,Contenedor Verde,Papel / Cartón / Plástico / Metal / Vidrio,,,Colombres 1540,Boedo,5,POINT (-149.05680206914627 -46.486735613298904)
662,Contenedor Verde,Contenedor Verde,Papel / Cartón / Plástico / Metal / Vidrio,,,Colombres 753,Boedo,5,POINT (-149.04637121697488 -46.48567750522747)
663,Contenedor Verde,Contenedor Verde,Papel / Cartón / Plástico / Metal / Vidrio,,,Constitucion 3542,Boedo,5,POINT (-149.05252173348174 -46.48752093494463)
664,Contenedor Verde,Contenedor Verde,Papel / Cartón / Plástico / Metal / Vidrio,,,Estados Unidos 3908,Boedo,5,POINT (-149.04741061657973 -46.48410445473711)
665,Contenedor Verde,Contenedor Verde,Papel / Cartón / Plástico / Metal / Vidrio,,,Estrada 16,Boedo,5,POINT (-149.0555354440997 -46.480855893090066)
666,Contenedor Verde,Contenedor Verde,Papel / Cartón / Plástico / Metal / Vidrio,,,"Garay, Juan De Av. 3479",Boedo,5,POINT (-149.0556405272511 -46.48811871989594)
667,Contenedor Verde,Contenedor Verde,Papel / Cartón / Plástico / Metal / Vidrio,,,"Garay, Juan De Av. 3719",Boedo,5,POINT (-149.0562726412102 -46.486546183506675)
668,Contenedor Verde,Contenedor Verde,Papel / Cartón / Plástico / Metal / Vidrio,,,"Garay, Juan De Av. 3997",Boedo,5,POINT (-149.05672610082163 -46.48446503554296)
669,Contenedor Verde,Contenedor Verde,Papel / Cartón / Plástico / Metal / Vidrio,,,"Garay, Juan De Av. 4353",Boedo,5,POINT (-149.0572754807246 -46.48174074099813)
670,Contenedor Verde,Contenedor Verde,Papel / Cartón / Plástico / Metal / Vidrio,,,Inclan 3904,Boedo,5,POINT (-149.05817071698004 -46.48502902840775)
671,Contenedor Verde,Contenedor Verde,Papel / Cartón / Plástico / Metal / Vidrio,,,Jose Marmol 1441,Boedo,5,POINT (-149.0565083744759 -46.48281827150268)
672,Contenedor Verde,Contenedor Verde,Papel / Cartón / Plástico / Metal / Vidrio,,,Juan Bautista Jantin 2126,Boedo,5,POINT (-149.06277467256393 -46.48587674199394)
673,Contenedor Verde,Contenedor Verde,Papel / Cartón / Plástico / Metal / Vidrio,,,Las Casas 3528,Boedo,5,POINT (-149.05988595988762 -46.487944282386124)
674,Contenedor Verde,Contenedor Verde,Papel / Cartón / Plástico / Metal / Vidrio,,,Las Casas 3651,Boedo,5,POINT (-149.06043039822862 -46.48658213099826)
675,Contenedor Verde,Contenedor Verde,Papel / Cartón / Plástico / Metal / Vidrio,,,Liniers Virrey 1400,Boedo,5,POINT (-149.05219472783764 -46.48860813573849)
676,Contenedor Verde,Contenedor Verde,Papel / Cartón / Plástico / Metal / Vidrio,,,Liniers Virrey 1774,Boedo,5,POINT (-149.05639705069993 -46.48889917018838)
677,Contenedor Verde,Contenedor Verde,Papel / Cartón / Plástico / Metal / Vidrio,,,Liniers Virrey 2004,Boedo,5,POINT (-149.0591917563708 -46.489086615737534)
678,Contenedor Verde,Contenedor Verde,Papel / Cartón / Plástico / Metal / Vidrio,,,"Marmol, Jose 1215",Boedo,5,POINT (-149.0541267170119 -46.48246848949864)
679,Contenedor Verde,Contenedor Verde,Papel / Cartón / Plástico / Metal / Vidrio,,,"Marmol, Jose 1551",Boedo,5,POINT (-149.0578331483601 -46.48302915331618)
680,Contenedor Verde,Contenedor Verde,Papel / Cartón / Plástico / Metal / Vidrio,,,"Marmol, Jose 2029",Boedo,5,POINT (-149.06333620324838 -46.483917986819115)
681,Contenedor Verde,Contenedor Verde,Papel / Cartón / Plástico / Metal / Vidrio,,,"Marmol, Jose 975",Boedo,5,POINT (-149.0508592454027 -46.48198525267997)
682,Contenedor Verde,Contenedor Verde,Papel / Cartón / Plástico / Metal / Vidrio,,,Maza 1056,Boedo,5,POINT (-149.04866325012534 -46.48771266303341)
683,Contenedor Verde,Contenedor Verde,Papel / Cartón / Plástico / Metal / Vidrio,,,Maza 1248,Boedo,5,POINT (-149.05047087474986 -46.48780815938242)
684,Contenedor Verde,Contenedor Verde,Papel / Cartón / Plástico / Metal / Vidrio,,,Maza 1510,Boedo,5,POINT (-149.05370343229592 -46.48791933134659)
685,Contenedor Verde,Contenedor Verde,Papel / Cartón / Plástico / Metal / Vidrio,,,Maza 1870,Boedo,5,POINT (-149.0580932169423 -46.488024645491834)
686,Contenedor Verde,Contenedor Verde,Papel / Cartón / Plástico / Metal / Vidrio,,,Maza 2196,Boedo,5,POINT (-149.06204266194442 -46.488630774833574)
687,Contenedor Verde,Contenedor Verde,Papel / Cartón / Plástico / Metal / Vidrio,,,Maza 876,Boedo,5,POINT (-149.0462876090559 -46.48754365297518)
688,Contenedor Verde,Contenedor Verde,Papel / Cartón / Plástico / Metal / Vidrio,,,Rondeau 3629,Boedo,5,POINT (-149.06227307358063 -46.48666223713621)
689,Contenedor Verde,Contenedor Verde,Papel / Cartón / Plástico / Metal / Vidrio,,,Salcedo 3355,Boedo,5,POINT (-149.0579935805256 -46.48923678168963)
690,Contenedor Verde,Contenedor Verde,Papel / Cartón / Plástico / Metal / Vidrio,,,Salcedo 4143,Boedo,5,POINT (-149.05971063724704 -46.483711714624064)
691,Contenedor Verde,Contenedor Verde,Papel / Cartón / Plástico / Metal / Vidrio,,,San Ignacio 3655,Boedo,5,POINT (-149.04786120330127 -46.486189427551295)
692,Contenedor Verde,Contenedor Verde,Papel / Cartón / Plástico / Metal / Vidrio,,,San Juan Av. 4144,Boedo,5,POINT (-149.0513482256496 -46.482522762143105)
693,Contenedor Verde,Contenedor Verde,Papel / Cartón / Plástico / Metal / Vidrio,,,Saraza 402,Boedo,5,POINT (-149.06211897050895 -46.482048584067826)
694,Contenedor Verde,Contenedor Verde,Papel / Cartón / Plástico / Metal / Vidrio,,,Tarija 4136,Boedo,5,POINT (-149.05469637633777 -46.483111182745944)
695,Contenedor Verde,Contenedor Verde,Papel / Cartón / Plástico / Metal / Vidrio,,,Treinta y Tres Orientales 1141,Boedo,5,POINT (-149.0530158847631 -46.483119856107514)
696,Contenedor Verde,Contenedor Verde,Papel / Cartón / Plástico / Metal / Vidrio,,,Treinta y Tres Orientales 1489,Boedo,5,POINT (-149.05675950173816 -46.48363799423783)
697,Contenedor Verde,Contenedor Verde,Papel / Cartón / Plástico / Metal / Vidrio,,,Treinta y Tres Orientales 1911,Boedo,5,POINT (-149.06124549325645 -46.48422765335109)
698,Contenedor Verde,Contenedor Verde,Papel / Cartón / Plástico / Metal / Vidrio,,,Treinta y Tres Orientales 2157,Boedo,5,POINT (-149.06325306296907 -46.484661811793416)
699,Contenedor Verde,Contenedor Verde,Papel / Cartón / Plástico / Metal / Vidrio,,,Treinta y Tres Orientales 853,Boedo,5,POINT (-149.048660507466 -46.48250583160186)
700,Contenedor Verde,Contenedor Verde,Papel / Cartón / Plástico / Metal / Vidrio,,,Vernet Av. 21,Boedo,5,POINT (-149.0574441245667 -46.48110541873117)
701,Contenedor Verde,Contenedor Verde,Papel / Cartón / Plástico / Metal / Vidrio,,,Virrey Liniers 2162,Boedo,5,POINT (-149.06078053314886 -46.48941059619865)
702,Contenedor Verde,Contenedor Verde,Papel / Cartón / Plástico / Metal / Vidrio,,,Virrey Liniers 924,Boedo,5,POINT (-149.0467781255 -46.488324235860794)
703,Contenedor Verde,Contenedor Verde,Papel / Cartón / Plástico / Metal / Vidrio,,,Zelarrayan 502,Boedo,5,POINT (-149.06461864736963 -46.482451584949764)
704,Contenedor Verde,Contenedor Verde,Papel / Cartón / Plástico / Metal / Vidrio,,,Espinosa 1045,Caballito,6,POINT (-149.0358752593773 -46.465273813050196)
705,Contenedor Verde,Contenedor Verde,Papel / Cartón / Plástico / Metal / Vidrio,,,Espinosa 1405,Caballito,6,POINT (-149.0320722931067 -46.463596594314595)
706,Contenedor Verde,Contenedor Verde,Papel / Cartón / Plástico / Metal / Vidrio,,,Franklin 1712,Caballito,6,POINT (-149.03971873028095 -46.46089785927812)
707,Contenedor Verde,Contenedor Verde,Papel / Cartón / Plástico / Metal / Vidrio,,,Valle 1048,Caballito,6,POINT (-149.0502620570978 -46.47115247810484)
708,Contenedor Verde,Contenedor Verde,Papel / Cartón / Plástico / Metal / Vidrio,,,Valle 114,Caballito,6,POINT (-149.04859338887198 -46.47901421926914)
709,Contenedor Verde,Contenedor Verde,Papel / Cartón / Plástico / Metal / Vidrio,,,Valle 1418,Caballito,6,POINT (-149.05175009491666 -46.4679463930016)
710,Contenedor Verde,Contenedor Verde,Papel / Cartón / Plástico / Metal / Vidrio,,,Valle 304,Caballito,6,POINT (-149.04903058764873 -46.477391527221236)
711,Contenedor Verde,Contenedor Verde,Papel / Cartón / Plástico / Metal / Vidrio,,,Valle 688,Caballito,6,POINT (-149.04965904419907 -46.47409416587258)
712,Contenedor Verde,Contenedor Verde,Papel / Cartón / Plástico / Metal / Vidrio,,,Valle 822,Caballito,6,POINT (-149.0499347637195 -46.472762999483905)
713,Contenedor Verde,Contenedor Verde,Papel / Cartón / Plástico / Metal / Vidrio,,,Nicasio Oro?o 848,Caballito,6,POINT (-149.03939739273477 -46.464077650862976)
714,Contenedor Verde,Contenedor Verde,Papel / Cartón / Plástico / Metal / Vidrio,,,Nicasio Oro?o 1190,Caballito,6,POINT (-149.0361457091447 -46.462377015823755)
715,Contenedor Verde,Contenedor Verde,Papel / Cartón / Plástico / Metal / Vidrio,,,"Oro?o, Nicasio 1840",Caballito,6,POINT (-149.0297410341066 -46.45974563366806)
716,Contenedor Verde,Contenedor Verde,Papel / Cartón / Plástico / Metal / Vidrio,,,"Frias ,eustaquio, Tte General 132",Caballito,6,POINT (-149.02747250463386 -46.4742481623045)
717,Contenedor Verde,Contenedor Verde,Papel / Cartón / Plástico / Metal / Vidrio,,,Olaya 1151,Caballito,6,POINT (-149.03026111055834 -46.47023110766129)
718,Contenedor Verde,Contenedor Verde,Papel / Cartón / Plástico / Metal / Vidrio,,,San Martin Av. 1220,Caballito,6,POINT (-149.03180620952998 -46.46811245619322)
719,Contenedor Verde,Contenedor Verde,Papel / Cartón / Plástico / Metal / Vidrio,,,"Virasoro, Valentin 1121",Caballito,6,POINT (-149.03085951026065 -46.46966547828033)
720,Contenedor Verde,Contenedor Verde,Papel / Cartón / Plástico / Metal / Vidrio,,,Acoyte 909,Caballito,6,POINT (-149.0317658388808 -46.472251848130966)
721,Contenedor Verde,Contenedor Verde,Papel / Cartón / Plástico / Metal / Vidrio,,,Acoyte Av. 264,Caballito,6,POINT (-149.03951999891518 -46.473746782254274)
722,Contenedor Verde,Contenedor Verde,Papel / Cartón / Plástico / Metal / Vidrio,,,Acoyte Av. 465,Caballito,6,POINT (-149.03757961174173 -46.473495556884274)
723,Contenedor Verde,Contenedor Verde,Papel / Cartón / Plástico / Metal / Vidrio,,,Acoyte Av. 587,Caballito,6,POINT (-149.03623749912416 -46.47312131661123)
724,Contenedor Verde,Contenedor Verde,Papel / Cartón / Plástico / Metal / Vidrio,,,Acoyte Av. 755,Caballito,6,POINT (-149.0338600925057 -46.47249936979065)
725,Contenedor Verde,Contenedor Verde,Papel / Cartón / Plástico / Metal / Vidrio,,,Acoyte Av. 90,Caballito,6,POINT (-149.04184116860182 -46.474188662984254)
726,Contenedor Verde,Contenedor Verde,Papel / Cartón / Plástico / Metal / Vidrio,,,"Alberdi, Juan Bautista Av. 1073",Caballito,6,POINT (-149.0477946629458 -46.47057342103097)
727,Contenedor Verde,Contenedor Verde,Papel / Cartón / Plástico / Metal / Vidrio,,,"Alberdi, Juan Bautista Av. 1175",Caballito,6,POINT (-149.04845812370428 -46.46984838295912)
728,Contenedor Verde,Contenedor Verde,Papel / Cartón / Plástico / Metal / Vidrio,,,"Alberdi, Juan Bautista Av. 1275",Caballito,6,POINT (-149.0493540758125 -46.46900410878917)
729,Contenedor Verde,Contenedor Verde,Papel / Cartón / Plástico / Metal / Vidrio,,,"Alberdi, Juan Bautista Av. 1367",Caballito,6,POINT (-149.0500306608045 -46.46833145154408)
730,Contenedor Verde,Contenedor Verde,Papel / Cartón / Plástico / Metal / Vidrio,,,"Alberdi, Juan Bautista Av. 1449",Caballito,6,POINT (-149.05071999307168 -46.46758042139537)
731,Contenedor Verde,Contenedor Verde,Papel / Cartón / Plástico / Metal / Vidrio,,,"Alberdi, Juan Bautista Av. 149",Caballito,6,POINT (-149.04699097329222 -46.47858196197188)
732,Contenedor Verde,Contenedor Verde,Papel / Cartón / Plástico / Metal / Vidrio,,,"Alberdi, Juan Bautista Av. 1537",Caballito,6,POINT (-149.0514617779761 -46.466764736575996)
733,Contenedor Verde,Contenedor Verde,Papel / Cartón / Plástico / Metal / Vidrio,,,"Alberdi, Juan Bautista Av. 1643",Caballito,6,POINT (-149.05259073292808 -46.46555959782671)
734,Contenedor Verde,Contenedor Verde,Papel / Cartón / Plástico / Metal / Vidrio,,,"Alberdi, Juan Bautista Av. 217",Caballito,6,POINT (-149.04722384190146 -46.47782610475865)
735,Contenedor Verde,Contenedor Verde,Papel / Cartón / Plástico / Metal / Vidrio,,,"Alberdi, Juan Bautista Av. 431",Caballito,6,POINT (-149.0476476703547 -46.47621613604467)
736,Contenedor Verde,Contenedor Verde,Papel / Cartón / Plástico / Metal / Vidrio,,,"Alberdi, Juan Bautista Av. 529",Caballito,6,POINT (-149.04782370376515 -46.475427582585674)
737,Contenedor Verde,Contenedor Verde,Papel / Cartón / Plástico / Metal / Vidrio,,,"Alberdi, Juan Bautista Av. 647",Caballito,6,POINT (-149.04800429677223 -46.47440283941914)
738,Contenedor Verde,Contenedor Verde,Papel / Cartón / Plástico / Metal / Vidrio,,,"Alberdi, Juan Bautista Av. 727",Caballito,6,POINT (-149.0479404913181 -46.473640332101425)
739,Contenedor Verde,Contenedor Verde,Papel / Cartón / Plástico / Metal / Vidrio,,,"Alberdi, Juan Bautista Av. 857",Caballito,6,POINT (-149.04779013423743 -46.4725229361628)
740,Contenedor Verde,Contenedor Verde,Papel / Cartón / Plástico / Metal / Vidrio,,,"Alberdi, Juan Bautista Av. 989",Caballito,6,POINT (-149.04768372801752 -46.47142719101876)
741,Contenedor Verde,Contenedor Verde,Papel / Cartón / Plástico / Metal / Vidrio,,,"Alvarez, Donato, Tte. Gral. 559",Caballito,6,POINT (-149.04432773831215 -46.462368378777704)
742,Contenedor Verde,Contenedor Verde,Papel / Cartón / Plástico / Metal / Vidrio,,,"Aranguren, Juan F., Dr. 1125",Caballito,6,POINT (-149.04187794938596 -46.46713102074884)
743,Contenedor Verde,Contenedor Verde,Papel / Cartón / Plástico / Metal / Vidrio,,,"Aranguren, Juan F., Dr. 1361",Caballito,6,POINT (-149.04298608378272 -46.46557556412122)
744,Contenedor Verde,Contenedor Verde,Papel / Cartón / Plástico / Metal / Vidrio,,,"Aranguren, Juan F., Dr. 1579",Caballito,6,POINT (-149.04412704250407 -46.463973913411195)
745,Contenedor Verde,Contenedor Verde,Papel / Cartón / Plástico / Metal / Vidrio,,,"Aranguren, Juan F., Dr. 219",Caballito,6,POINT (-149.03513300250424 -46.47586028825081)
746,Contenedor Verde,Contenedor Verde,Papel / Cartón / Plástico / Metal / Vidrio,,,"Aranguren, Juan F., Dr. 443",Caballito,6,POINT (-149.03651765238305 -46.47404328594114)
747,Contenedor Verde,Contenedor Verde,Papel / Cartón / Plástico / Metal / Vidrio,,,"Aranguren, Juan F., Dr. 45",Caballito,6,POINT (-149.0338878960066 -46.47749445266853)
748,Contenedor Verde,Contenedor Verde,Papel / Cartón / Plástico / Metal / Vidrio,,,"Aranguren, Juan F., Dr. 555",Caballito,6,POINT (-149.03761772021824 -46.4727464407581)
749,Contenedor Verde,Contenedor Verde,Papel / Cartón / Plástico / Metal / Vidrio,,,"Aranguren, Juan F., Dr. 761",Caballito,6,POINT (-149.0393173610844 -46.4705028296281)
750,Contenedor Verde,Contenedor Verde,Papel / Cartón / Plástico / Metal / Vidrio,,,"Araoz Alfaro, Gregorio, Dr 360",Caballito,6,POINT (-149.03989029427836 -46.47486034152006)
751,Contenedor Verde,Contenedor Verde,Papel / Cartón / Plástico / Metal / Vidrio,,,Arengreen 1190,Caballito,6,POINT (-149.0378408155881 -46.467087850626356)
752,Contenedor Verde,Contenedor Verde,Papel / Cartón / Plástico / Metal / Vidrio,,,Arengreen 1338,Caballito,6,POINT (-149.03864864407768 -46.46602189080527)
753,Contenedor Verde,Contenedor Verde,Papel / Cartón / Plástico / Metal / Vidrio,,,Arengreen 889,Caballito,6,POINT (-149.03609747628394 -46.46933233213697)
754,Contenedor Verde,Contenedor Verde,Papel / Cartón / Plástico / Metal / Vidrio,,,Avda Jose Maria Moreno 136,Caballito,6,POINT (-149.04443154875693 -46.47508854990446)
755,Contenedor Verde,Contenedor Verde,Papel / Cartón / Plástico / Metal / Vidrio,,,Avda Jose Maria Moreno 362,Caballito,6,POINT (-149.0469372623498 -46.47563876374446)
756,Contenedor Verde,Contenedor Verde,Papel / Cartón / Plástico / Metal / Vidrio,,,Avda Jose Maria Moreno 437,Caballito,6,POINT (-149.0484976708348 -46.47575695627665)
757,Contenedor Verde,Contenedor Verde,Papel / Cartón / Plástico / Metal / Vidrio,,,Avda Jose Maria Moreno 464,Caballito,6,POINT (-149.04865874087162 -46.47586600469569)
758,Contenedor Verde,Contenedor Verde,Papel / Cartón / Plástico / Metal / Vidrio,,,Avda Jose Maria Moreno 57,Caballito,6,POINT (-149.04345164481865 -46.474695458063444)
759,Contenedor Verde,Contenedor Verde,Papel / Cartón / Plástico / Metal / Vidrio,,,Avda Jose Maria Moreno 674,Caballito,6,POINT (-149.05147068342455 -46.47614096234077)
760,Contenedor Verde,Contenedor Verde,Papel / Cartón / Plástico / Metal / Vidrio,,,Avda Jose Maria Moreno 717,Caballito,6,POINT (-149.0519732183249 -46.47611763723488)
761,Contenedor Verde,Contenedor Verde,Papel / Cartón / Plástico / Metal / Vidrio,,,Avellaneda 1082,Caballito,6,POINT (-149.04221995720107 -46.46871564241357)
762,Contenedor Verde,Contenedor Verde,Papel / Cartón / Plástico / Metal / Vidrio,,,Avellaneda 372,Caballito,6,POINT (-149.03752506160265 -46.47504114318506)
763,Contenedor Verde,Contenedor Verde,Papel / Cartón / Plástico / Metal / Vidrio,,,Avellaneda 60,Caballito,6,POINT (-149.03542710808918 -46.47772721123407)
764,Contenedor Verde,Contenedor Verde,Papel / Cartón / Plástico / Metal / Vidrio,,,Avellaneda Av. 1220,Caballito,6,POINT (-149.04297772178316 -46.46743044291941)
765,Contenedor Verde,Contenedor Verde,Papel / Cartón / Plástico / Metal / Vidrio,,,Avellaneda Av. 1520,Caballito,6,POINT (-149.045158869124 -46.464751426855244)
766,Contenedor Verde,Contenedor Verde,Papel / Cartón / Plástico / Metal / Vidrio,,,Avellaneda Av. 1666,Caballito,6,POINT (-149.04584745611302 -46.46376127367856)
767,Contenedor Verde,Contenedor Verde,Papel / Cartón / Plástico / Metal / Vidrio,,,Bacacay 625,Caballito,6,POINT (-149.04132809851572 -46.47297445030613)
768,Contenedor Verde,Contenedor Verde,Papel / Cartón / Plástico / Metal / Vidrio,,,Beauchef 834,Caballito,6,POINT (-149.05202935657064 -46.4771348168809)
769,Contenedor Verde,Contenedor Verde,Papel / Cartón / Plástico / Metal / Vidrio,,,"Belaustegui, Luis, Dr. 1104",Caballito,6,POINT (-149.02992789210987 -46.4624824047551)
770,Contenedor Verde,Contenedor Verde,Papel / Cartón / Plástico / Metal / Vidrio,,,"Belaustegui, Luis, Dr. 1368",Caballito,6,POINT (-149.0314254132534 -46.460755281662586)
771,Contenedor Verde,Contenedor Verde,Papel / Cartón / Plástico / Metal / Vidrio,,,"Belaustegui, Luis, Dr. 1516",Caballito,6,POINT (-149.0324210220341 -46.459633435361674)
772,Contenedor Verde,Contenedor Verde,Papel / Cartón / Plástico / Metal / Vidrio,,,"Biedma, Jose Juan 935",Caballito,6,POINT (-149.03881940422852 -46.46333620534624)
773,Contenedor Verde,Contenedor Verde,Papel / Cartón / Plástico / Metal / Vidrio,,,Bogota 347,Caballito,6,POINT (-149.03860141715379 -46.47435651904367)
774,Contenedor Verde,Contenedor Verde,Papel / Cartón / Plástico / Metal / Vidrio,,,Bogota 840,Caballito,6,POINT (-149.04230835269666 -46.47043799777091)
775,Contenedor Verde,Contenedor Verde,Papel / Cartón / Plástico / Metal / Vidrio,,,"Bonifacio, Jose 995",Caballito,6,POINT (-149.05288201408644 -46.471963903256366)
776,Contenedor Verde,Contenedor Verde,Papel / Cartón / Plástico / Metal / Vidrio,,,Campichuelo 263,Caballito,6,POINT (-149.0382062201448 -46.47589805378839)
777,Contenedor Verde,Contenedor Verde,Papel / Cartón / Plástico / Metal / Vidrio,,,Cangallo 33,Caballito,6,POINT (-149.03003308751792 -46.477489147565116)
778,Contenedor Verde,Contenedor Verde,Papel / Cartón / Plástico / Metal / Vidrio,,,Chaco 178,Caballito,6,POINT (-149.0420241438483 -46.47769364399127)
779,Contenedor Verde,Contenedor Verde,Papel / Cartón / Plástico / Metal / Vidrio,,,Coronel Ramon l Falcon 1376,Caballito,6,POINT (-149.04950891008923 -46.46778962210856)
780,Contenedor Verde,Contenedor Verde,Papel / Cartón / Plástico / Metal / Vidrio,,,Coronel Ramon l Falcon 1618,Caballito,6,POINT (-149.05136176560754 -46.465560821518764)
781,Contenedor Verde,Contenedor Verde,Papel / Cartón / Plástico / Metal / Vidrio,,,Cucha Cucha 1380,Caballito,6,POINT (-149.03104832185466 -46.4649698350684)
782,Contenedor Verde,Contenedor Verde,Papel / Cartón / Plástico / Metal / Vidrio,,,Del Barco Centenera 573,Caballito,6,POINT (-149.051050397328 -46.47224666728927)
783,Contenedor Verde,Contenedor Verde,Papel / Cartón / Plástico / Metal / Vidrio,,,Del Barco Centenera 649,Caballito,6,POINT (-149.05215615249497 -46.472162695712925)
784,Contenedor Verde,Contenedor Verde,Papel / Cartón / Plástico / Metal / Vidrio,,,Diaz Velez Av. 4646,Caballito,6,POINT (-149.03287862026204 -46.476970120727)
785,Contenedor Verde,Contenedor Verde,Papel / Cartón / Plástico / Metal / Vidrio,,,Diaz Velez Av. 4830,Caballito,6,POINT (-149.03293714209912 -46.475273651442784)
786,Contenedor Verde,Contenedor Verde,Papel / Cartón / Plástico / Metal / Vidrio,,,Diaz Velez Av. 5020,Caballito,6,POINT (-149.03303989737057 -46.47368697879676)
787,Contenedor Verde,Contenedor Verde,Papel / Cartón / Plástico / Metal / Vidrio,,,Diaz Velez Av. 5242,Caballito,6,POINT (-149.03310602127033 -46.47192585458303)
788,Contenedor Verde,Contenedor Verde,Papel / Cartón / Plástico / Metal / Vidrio,,,Diaz Velez Av. 5312,Caballito,6,POINT (-149.03265549655464 -46.47121803130471)
789,Contenedor Verde,Contenedor Verde,Papel / Cartón / Plástico / Metal / Vidrio,,,Diaz Velez Av. 5484,Caballito,6,POINT (-149.03242951248012 -46.4703432640332)
790,Contenedor Verde,Contenedor Verde,Papel / Cartón / Plástico / Metal / Vidrio,,,Diaz Velez Av. 5570,Caballito,6,POINT (-149.03222604741708 -46.46943440873526)
791,Contenedor Verde,Contenedor Verde,Papel / Cartón / Plástico / Metal / Vidrio,,,Eduardo Acevedo 253,Caballito,6,POINT (-149.0372133822876 -46.47773959114862)
792,Contenedor Verde,Contenedor Verde,Papel / Cartón / Plástico / Metal / Vidrio,,,Emilio Mitre 366,Caballito,6,POINT (-149.05136413713896 -46.470669188038826)
793,Contenedor Verde,Contenedor Verde,Papel / Cartón / Plástico / Metal / Vidrio,,,Escribano 123,Caballito,6,POINT (-149.0351729302169 -46.476868703514604)
794,Contenedor Verde,Contenedor Verde,Papel / Cartón / Plástico / Metal / Vidrio,,,Espinosa 853,Caballito,6,POINT (-149.03780776096886 -46.46597672620005)
795,Contenedor Verde,Contenedor Verde,Papel / Cartón / Plástico / Metal / Vidrio,,,Estivao 133,Caballito,6,POINT (-149.03162882579858 -46.477006678725765)
796,Contenedor Verde,Contenedor Verde,Papel / Cartón / Plástico / Metal / Vidrio,,,Felipe Vallese 437,Caballito,6,POINT (-149.0353091112918 -46.47232634747843)
797,Contenedor Verde,Contenedor Verde,Papel / Cartón / Plástico / Metal / Vidrio,,,Felipe Vallese 761,Caballito,6,POINT (-149.03705140777188 -46.46989009576407)
798,Contenedor Verde,Contenedor Verde,Papel / Cartón / Plástico / Metal / Vidrio,,,"Figueroa, D. Apolinario, Coronel 1084",Caballito,6,POINT (-149.03385359334075 -46.46460879627781)
799,Contenedor Verde,Contenedor Verde,Papel / Cartón / Plástico / Metal / Vidrio,,,"Figueroa, D. Apolinario, Coronel 1242",Caballito,6,POINT (-149.0350848949451 -46.46341363104559)
800,Contenedor Verde,Contenedor Verde,Papel / Cartón / Plástico / Metal / Vidrio,,,"Figueroa, D. Apolinario, Coronel 856",Caballito,6,POINT (-149.03207900649423 -46.46602963677224)
801,Contenedor Verde,Contenedor Verde,Papel / Cartón / Plástico / Metal / Vidrio,,,"Flores, Venancio, Gral. 126",Caballito,6,POINT (-149.03876255011738 -46.47676580704585)
802,Contenedor Verde,Contenedor Verde,Papel / Cartón / Plástico / Metal / Vidrio,,,Formosa 238,Caballito,6,POINT (-149.0456753136902 -46.477452139912955)
803,Contenedor Verde,Contenedor Verde,Papel / Cartón / Plástico / Metal / Vidrio,,,Formosa 629,Caballito,6,POINT (-149.0468881096461 -46.47427855606725)
804,Contenedor Verde,Contenedor Verde,Papel / Cartón / Plástico / Metal / Vidrio,,,Fragata Pres. Sarmiento 1471,Caballito,6,POINT (-149.0325054076845 -46.46181863324994)
805,Contenedor Verde,Contenedor Verde,Papel / Cartón / Plástico / Metal / Vidrio,,,Fragata Pres. Sarmiento 1681,Caballito,6,POINT (-149.03005166687382 -46.46077769841221)
806,Contenedor Verde,Contenedor Verde,Papel / Cartón / Plástico / Metal / Vidrio,,,Fragata Pres. Sarmiento 20,Caballito,6,POINT (-149.0481619226005 -46.46761308452955)
807,Contenedor Verde,Contenedor Verde,Papel / Cartón / Plástico / Metal / Vidrio,,,Fragata Pres. Sarmiento 771,Caballito,6,POINT (-149.0398990276582 -46.46499200170506)
808,Contenedor Verde,Contenedor Verde,Papel / Cartón / Plástico / Metal / Vidrio,,,Franklin 1024,Caballito,6,POINT (-149.03507927308115 -46.467217742974654)
809,Contenedor Verde,Contenedor Verde,Papel / Cartón / Plástico / Metal / Vidrio,,,Franklin 1130,Caballito,6,POINT (-149.03597482076412 -46.465992165002476)
810,Contenedor Verde,Contenedor Verde,Papel / Cartón / Plástico / Metal / Vidrio,,,Franklin 1310,Caballito,6,POINT (-149.03708533313193 -46.46451141263206)
811,Contenedor Verde,Contenedor Verde,Papel / Cartón / Plástico / Metal / Vidrio,,,Franklin 1408,Caballito,6,POINT (-149.03762220829898 -46.463812207863775)
812,Contenedor Verde,Contenedor Verde,Papel / Cartón / Plástico / Metal / Vidrio,,,Franklin 856,Caballito,6,POINT (-149.03378724241696 -46.469024362942456)
813,Contenedor Verde,Contenedor Verde,Papel / Cartón / Plástico / Metal / Vidrio,,,"Gainza, Martin De, Gral. 1040",Caballito,6,POINT (-149.0336853901668 -46.46835119477347)
814,Contenedor Verde,Contenedor Verde,Papel / Cartón / Plástico / Metal / Vidrio,,,"Gainza, Martin De, Gral. 588",Caballito,6,POINT (-149.0399461414044 -46.46841087008267)
815,Contenedor Verde,Contenedor Verde,Papel / Cartón / Plástico / Metal / Vidrio,,,"Gainza, Martin De, Gral. 716",Caballito,6,POINT (-149.03770219951366 -46.468446240650756)
816,Contenedor Verde,Contenedor Verde,Papel / Cartón / Plástico / Metal / Vidrio,,,"Gainza, Martin De, Gral. 934",Caballito,6,POINT (-149.03495275731575 -46.46835005240885)
817,Contenedor Verde,Contenedor Verde,Papel / Cartón / Plástico / Metal / Vidrio,,,Galicia 1026,Caballito,6,POINT (-149.03174320882977 -46.46408491606528)
818,Contenedor Verde,Contenedor Verde,Papel / Cartón / Plástico / Metal / Vidrio,,,Galicia 1202,Caballito,6,POINT (-149.03297508275756 -46.46284733267492)
819,Contenedor Verde,Contenedor Verde,Papel / Cartón / Plástico / Metal / Vidrio,,,Galicia 1370,Caballito,6,POINT (-149.03392499883563 -46.46174233734911)
820,Contenedor Verde,Contenedor Verde,Papel / Cartón / Plástico / Metal / Vidrio,,,Galicia 1550,Caballito,6,POINT (-149.034859558117 -46.46060705535722)
821,Contenedor Verde,Contenedor Verde,Papel / Cartón / Plástico / Metal / Vidrio,,,Gaona Av. 1345,Caballito,6,POINT (-149.03285169705856 -46.467253209394705)
822,Contenedor Verde,Contenedor Verde,Papel / Cartón / Plástico / Metal / Vidrio,,,Gaona Av. 1547,Caballito,6,POINT (-149.03407951813915 -46.46602223135281)
823,Contenedor Verde,Contenedor Verde,Papel / Cartón / Plástico / Metal / Vidrio,,,Gaona Av. 1747,Caballito,6,POINT (-149.03550866611985 -46.46458304589843)
824,Contenedor Verde,Contenedor Verde,Papel / Cartón / Plástico / Metal / Vidrio,,,Gaona Av. 1951,Caballito,6,POINT (-149.03682186004488 -46.463139376945435)
825,Contenedor Verde,Contenedor Verde,Papel / Cartón / Plástico / Metal / Vidrio,,,Gaona Av. 2067,Caballito,6,POINT (-149.03740807838292 -46.462376811220544)
826,Contenedor Verde,Contenedor Verde,Papel / Cartón / Plástico / Metal / Vidrio,,,"Garcia Lorca, Federico 287",Caballito,6,POINT (-149.04336030500198 -46.469307140450105)
827,Contenedor Verde,Contenedor Verde,Papel / Cartón / Plástico / Metal / Vidrio,,,"Goyena, Pedro Av. 1024",Caballito,6,POINT (-149.05179246584638 -46.471500618050506)
828,Contenedor Verde,Contenedor Verde,Papel / Cartón / Plástico / Metal / Vidrio,,,"Goyena, Pedro Av. 1120",Caballito,6,POINT (-149.05208226052372 -46.470416149619346)
829,Contenedor Verde,Contenedor Verde,Papel / Cartón / Plástico / Metal / Vidrio,,,"Goyena, Pedro Av. 135",Caballito,6,POINT (-149.05004894007357 -46.47908014941824)
830,Contenedor Verde,Contenedor Verde,Papel / Cartón / Plástico / Metal / Vidrio,,,"Goyena, Pedro Av. 1353",Caballito,6,POINT (-149.0524958844738 -46.46877193740859)
831,Contenedor Verde,Contenedor Verde,Papel / Cartón / Plástico / Metal / Vidrio,,,"Goyena, Pedro Av. 1460",Caballito,6,POINT (-149.05298660499824 -46.467984650794975)
832,Contenedor Verde,Contenedor Verde,Papel / Cartón / Plástico / Metal / Vidrio,,,"Goyena, Pedro Av. 1533",Caballito,6,POINT (-149.05313237063956 -46.467176904372344)
833,Contenedor Verde,Contenedor Verde,Papel / Cartón / Plástico / Metal / Vidrio,,,"Goyena, Pedro Av. 1590",Caballito,6,POINT (-149.05351633381449 -46.46658542698668)
834,Contenedor Verde,Contenedor Verde,Papel / Cartón / Plástico / Metal / Vidrio,,,"Goyena, Pedro Av. 1642",Caballito,6,POINT (-149.0537688982869 -46.465883253794225)
835,Contenedor Verde,Contenedor Verde,Papel / Cartón / Plástico / Metal / Vidrio,,,"Goyena, Pedro Av. 234",Caballito,6,POINT (-149.0503956629417 -46.478261639080685)
836,Contenedor Verde,Contenedor Verde,Papel / Cartón / Plástico / Metal / Vidrio,,,"Goyena, Pedro Av. 33",Caballito,6,POINT (-149.04988827783157 -46.47984370943834)
837,Contenedor Verde,Contenedor Verde,Papel / Cartón / Plástico / Metal / Vidrio,,,"Goyena, Pedro Av. 369",Caballito,6,POINT (-149.05044907554 -46.47724017695707)
838,Contenedor Verde,Contenedor Verde,Papel / Cartón / Plástico / Metal / Vidrio,,,"Goyena, Pedro Av. 410",Caballito,6,POINT (-149.05072243950588 -46.47676291236135)
839,Contenedor Verde,Contenedor Verde,Papel / Cartón / Plástico / Metal / Vidrio,,,"Goyena, Pedro Av. 560",Caballito,6,POINT (-149.05097976665348 -46.47532165629763)
840,Contenedor Verde,Contenedor Verde,Papel / Cartón / Plástico / Metal / Vidrio,,,"Goyena, Pedro Av. 659",Caballito,6,POINT (-149.05094293755286 -46.4743739060006)
841,Contenedor Verde,Contenedor Verde,Papel / Cartón / Plástico / Metal / Vidrio,,,"Goyena, Pedro Av. 728",Caballito,6,POINT (-149.05124275785838 -46.47369278393832)
842,Contenedor Verde,Contenedor Verde,Papel / Cartón / Plástico / Metal / Vidrio,,,"Goyena, Pedro Av. 841",Caballito,6,POINT (-149.05131062908328 -46.472737922074494)
843,Contenedor Verde,Contenedor Verde,Papel / Cartón / Plástico / Metal / Vidrio,,,Guayaquil 291,Caballito,6,POINT (-149.04455992739736 -46.47689663079466)
844,Contenedor Verde,Contenedor Verde,Papel / Cartón / Plástico / Metal / Vidrio,,,Guayaquil 630,Caballito,6,POINT (-149.04605318913758 -46.47405742061233)
845,Contenedor Verde,Contenedor Verde,Papel / Cartón / Plástico / Metal / Vidrio,,,Guayaquil 77,Caballito,6,POINT (-149.04405361199872 -46.478818155902786)
846,Contenedor Verde,Contenedor Verde,Papel / Cartón / Plástico / Metal / Vidrio,,,Guayaquil 864,Caballito,6,POINT (-149.04675454178854 -46.472369773078334)
847,Contenedor Verde,Contenedor Verde,Papel / Cartón / Plástico / Metal / Vidrio,,,Hidalgo 334,Caballito,6,POINT (-149.03994508805144 -46.472815706177556)
848,Contenedor Verde,Contenedor Verde,Papel / Cartón / Plástico / Metal / Vidrio,,,Hidalgo 806,Caballito,6,POINT (-149.03430702324715 -46.47159878337137)
849,Contenedor Verde,Contenedor Verde,Papel / Cartón / Plástico / Metal / Vidrio,,,Hortiguera 287,Caballito,6,POINT (-149.0508518817715 -46.46888160360763)
850,Contenedor Verde,Contenedor Verde,Papel / Cartón / Plástico / Metal / Vidrio,,,Hortiguera 51,Caballito,6,POINT (-149.04866811527162 -46.46831885736968)
851,Contenedor Verde,Contenedor Verde,Papel / Cartón / Plástico / Metal / Vidrio,,,Hualfin 1149,Caballito,6,POINT (-149.04906061702886 -46.47006715501546)
852,Contenedor Verde,Contenedor Verde,Papel / Cartón / Plástico / Metal / Vidrio,,,Hualfin 909,Caballito,6,POINT (-149.04876571490118 -46.471958672258076)
853,Contenedor Verde,Contenedor Verde,Papel / Cartón / Plástico / Metal / Vidrio,,,"Jauretche, Arturo 222",Caballito,6,POINT (-149.03475311935603 -46.47464039166565)
854,Contenedor Verde,Contenedor Verde,Papel / Cartón / Plástico / Metal / Vidrio,,,"Jauretche, Arturo 26",Caballito,6,POINT (-149.0335413289846 -46.476206764841685)
855,Contenedor Verde,Contenedor Verde,Papel / Cartón / Plástico / Metal / Vidrio,,,Jose Bonifacio 1239,Caballito,6,POINT (-149.05347050046413 -46.46995750010389)
856,Contenedor Verde,Contenedor Verde,Papel / Cartón / Plástico / Metal / Vidrio,,,Jose Bonifacio 1555,Caballito,6,POINT (-149.05434001423933 -46.467129069344715)
857,Contenedor Verde,Contenedor Verde,Papel / Cartón / Plástico / Metal / Vidrio,,,Jose Bonifacio 275,Caballito,6,POINT (-149.05112827897852 -46.478020729271655)
858,Contenedor Verde,Contenedor Verde,Papel / Cartón / Plástico / Metal / Vidrio,,,Jose Bonifacio 547,Caballito,6,POINT (-149.0518270416489 -46.47565759620711)
859,Contenedor Verde,Contenedor Verde,Papel / Cartón / Plástico / Metal / Vidrio,,,Jose Bonifacio 795,Caballito,6,POINT (-149.05248375678164 -46.473400466514526)
860,Contenedor Verde,Contenedor Verde,Papel / Cartón / Plástico / Metal / Vidrio,,,Jose Juan Biedma 631,Caballito,6,POINT (-149.04198043953085 -46.464055418914526)
861,Contenedor Verde,Contenedor Verde,Papel / Cartón / Plástico / Metal / Vidrio,,,Juana De Ibarbourou 1040,Caballito,6,POINT (-149.02797275441847 -46.47528055968527)
862,Contenedor Verde,Contenedor Verde,Papel / Cartón / Plástico / Metal / Vidrio,,,La Nave 1085,Caballito,6,POINT (-149.05258896022477 -46.47089855411213)
863,Contenedor Verde,Contenedor Verde,Papel / Cartón / Plástico / Metal / Vidrio,,,Luis Viale 1311,Caballito,6,POINT (-149.03435186606674 -46.462368814100365)
864,Contenedor Verde,Contenedor Verde,Papel / Cartón / Plástico / Metal / Vidrio,,,"Machado, Antonio 642",Caballito,6,POINT (-149.03065915070877 -46.47179668881278)
865,Contenedor Verde,Contenedor Verde,Papel / Cartón / Plástico / Metal / Vidrio,,,"Machado, Antonio 97",Caballito,6,POINT (-149.0281406088848 -46.47630871757638)
866,Contenedor Verde,Contenedor Verde,Papel / Cartón / Plástico / Metal / Vidrio,,,"Marechal, Leopoldo 944",Caballito,6,POINT (-149.0313011460375 -46.47337821060811)
867,Contenedor Verde,Contenedor Verde,Papel / Cartón / Plástico / Metal / Vidrio,,,Mendez De Andes 1240,Caballito,6,POINT (-149.0418418400591 -46.465243956787184)
868,Contenedor Verde,Contenedor Verde,Papel / Cartón / Plástico / Metal / Vidrio,,,Mendez De Andes 1466,Caballito,6,POINT (-149.0427203274733 -46.463690550746385)
869,Contenedor Verde,Contenedor Verde,Papel / Cartón / Plástico / Metal / Vidrio,,,Mendez De Andes 634,Caballito,6,POINT (-149.0380334678474 -46.47073259663363)
870,Contenedor Verde,Contenedor Verde,Papel / Cartón / Plástico / Metal / Vidrio,,,Mendez De Andes 924,Caballito,6,POINT (-149.0403963118038 -46.46737143763835)
871,Contenedor Verde,Contenedor Verde,Papel / Cartón / Plástico / Metal / Vidrio,,,Miro 45,Caballito,6,POINT (-149.04979471100103 -46.46675127369634)
872,Contenedor Verde,Contenedor Verde,Papel / Cartón / Plástico / Metal / Vidrio,,,"Mitre, Emilio 228",Caballito,6,POINT (-149.04946033229922 -46.47056155793492)
873,Contenedor Verde,Contenedor Verde,Papel / Cartón / Plástico / Metal / Vidrio,,,Morelos 324,Caballito,6,POINT (-149.0468674645681 -46.463735775822876)
874,Contenedor Verde,Contenedor Verde,Papel / Cartón / Plástico / Metal / Vidrio,,,Morelos 542,Caballito,6,POINT (-149.0441001588906 -46.462977168478155)
875,Contenedor Verde,Contenedor Verde,Papel / Cartón / Plástico / Metal / Vidrio,,,"Moreno, Jose Maria Av. 274",Caballito,6,POINT (-149.04567387701047 -46.47538003651753)
876,Contenedor Verde,Contenedor Verde,Papel / Cartón / Plástico / Metal / Vidrio,,,Neuquen 1009,Caballito,6,POINT (-149.04060965725932 -46.46820767477291)
877,Contenedor Verde,Contenedor Verde,Papel / Cartón / Plástico / Metal / Vidrio,,,Neuquen 1214,Caballito,6,POINT (-149.0405787572216 -46.46611539643005)
878,Contenedor Verde,Contenedor Verde,Papel / Cartón / Plástico / Metal / Vidrio,,,Neuquen 1420,Caballito,6,POINT (-149.04054354712417 -46.464299644451415)
879,Contenedor Verde,Contenedor Verde,Papel / Cartón / Plástico / Metal / Vidrio,,,Neuquen 1608,Caballito,6,POINT (-149.04068606113668 -46.46269007017933)
880,Contenedor Verde,Contenedor Verde,Papel / Cartón / Plástico / Metal / Vidrio,,,Neuquen 744,Caballito,6,POINT (-149.04059316682017 -46.47145226145173)
881,Contenedor Verde,Contenedor Verde,Papel / Cartón / Plástico / Metal / Vidrio,,,Neuquen 875,Caballito,6,POINT (-149.04055883812015 -46.46964498097786)
882,Contenedor Verde,Contenedor Verde,Papel / Cartón / Plástico / Metal / Vidrio,,,Olaya 1056,Caballito,6,POINT (-149.031484734322 -46.470598845294646)
883,Contenedor Verde,Contenedor Verde,Papel / Cartón / Plástico / Metal / Vidrio,,,Otamendi 366,Caballito,6,POINT (-149.03675273846915 -46.476527449880805)
884,Contenedor Verde,Contenedor Verde,Papel / Cartón / Plástico / Metal / Vidrio,,,Otamendi 48,Caballito,6,POINT (-149.04008740985773 -46.47728714531008)
885,Contenedor Verde,Contenedor Verde,Papel / Cartón / Plástico / Metal / Vidrio,,,Paysandu 840,Caballito,6,POINT (-149.03859750761407 -46.46523575106529)
886,Contenedor Verde,Contenedor Verde,Papel / Cartón / Plástico / Metal / Vidrio,,,Planes 1119,Caballito,6,POINT (-149.0365217929853 -46.4668868448026)
887,Contenedor Verde,Contenedor Verde,Papel / Cartón / Plástico / Metal / Vidrio,,,Planes 1327,Caballito,6,POINT (-149.03812034917226 -46.4647639153021)
888,Contenedor Verde,Contenedor Verde,Papel / Cartón / Plástico / Metal / Vidrio,,,Planes 845,Caballito,6,POINT (-149.03464317857106 -46.4695451605095)
889,Contenedor Verde,Contenedor Verde,Papel / Cartón / Plástico / Metal / Vidrio,,,Puan 560,Caballito,6,POINT (-149.05455448337366 -46.46890282841198)
890,Contenedor Verde,Contenedor Verde,Papel / Cartón / Plástico / Metal / Vidrio,,,"Pueyrredon, Honorio, Dr. Av. 1046",Caballito,6,POINT (-149.03288021820896 -46.46932167636802)
891,Contenedor Verde,Contenedor Verde,Papel / Cartón / Plástico / Metal / Vidrio,,,"Pueyrredon, Honorio, Dr. Av. 414",Caballito,6,POINT (-149.03916456456827 -46.471859540157816)
892,Contenedor Verde,Contenedor Verde,Papel / Cartón / Plástico / Metal / Vidrio,,,"Pueyrredon, Honorio, Dr. Av. 527",Caballito,6,POINT (-149.03803848976753 -46.471832965729185)
893,Contenedor Verde,Contenedor Verde,Papel / Cartón / Plástico / Metal / Vidrio,,,"Pueyrredon, Honorio, Dr. Av. 620",Caballito,6,POINT (-149.03719724631014 -46.471274832176086)
894,Contenedor Verde,Contenedor Verde,Papel / Cartón / Plástico / Metal / Vidrio,,,"Pueyrredon, Honorio, Dr. Av. 741",Caballito,6,POINT (-149.0356972312092 -46.47091947220314)
895,Contenedor Verde,Contenedor Verde,Papel / Cartón / Plástico / Metal / Vidrio,,,"Pueyrredon, Honorio, Dr. Av. 832",Caballito,6,POINT (-149.03498681878332 -46.47029025813929)
896,Contenedor Verde,Contenedor Verde,Papel / Cartón / Plástico / Metal / Vidrio,,,"Pueyrredon, Honorio, Dr. Av. 977",Caballito,6,POINT (-149.03350734823485 -46.46991262937203)
897,Contenedor Verde,Contenedor Verde,Papel / Cartón / Plástico / Metal / Vidrio,,,Pujol 1275,Caballito,6,POINT (-149.03235710344984 -46.46484740097788)
898,Contenedor Verde,Contenedor Verde,Papel / Cartón / Plástico / Metal / Vidrio,,,Pujol 1502,Caballito,6,POINT (-149.0301967618704 -46.46350135015509)
899,Contenedor Verde,Contenedor Verde,Papel / Cartón / Plástico / Metal / Vidrio,,,"Repetto, Nicolas, Dr. 687",Caballito,6,POINT (-149.03823094882748 -46.46878756591254)
900,Contenedor Verde,Contenedor Verde,Papel / Cartón / Plástico / Metal / Vidrio,,,"Repetto, Nicolas, Dr. 75",Caballito,6,POINT (-149.0450848095417 -46.47061435830282)
901,Contenedor Verde,Contenedor Verde,Papel / Cartón / Plástico / Metal / Vidrio,,,"Repetto, Nicolas, Dr. 817",Caballito,6,POINT (-149.036726074025 -46.4682043440508)
902,Contenedor Verde,Contenedor Verde,Papel / Cartón / Plástico / Metal / Vidrio,,,Riglos 135,Caballito,6,POINT (-149.04490804481946 -46.474136505378524)
903,Contenedor Verde,Contenedor Verde,Papel / Cartón / Plástico / Metal / Vidrio,,,Rivadavia Av. 4623,Caballito,6,POINT (-149.03988084732075 -46.47815001506776)
904,Contenedor Verde,Contenedor Verde,Papel / Cartón / Plástico / Metal / Vidrio,,,Rivadavia Av. 4785,Caballito,6,POINT (-149.04090496415856 -46.47689516180714)
905,Contenedor Verde,Contenedor Verde,Papel / Cartón / Plástico / Metal / Vidrio,,,Rivadavia Av. 5129,Caballito,6,POINT (-149.04359094661183 -46.47362570597561)
906,Contenedor Verde,Contenedor Verde,Papel / Cartón / Plástico / Metal / Vidrio,,,Rivadavia Av. 5337,Caballito,6,POINT (-149.04486240611118 -46.47207871358515)
907,Contenedor Verde,Contenedor Verde,Papel / Cartón / Plástico / Metal / Vidrio,,,Rivadavia Av. 5611,Caballito,6,POINT (-149.04669833033105 -46.46977286820528)
908,Contenedor Verde,Contenedor Verde,Papel / Cartón / Plástico / Metal / Vidrio,,,Rivadavia Av. 5779,Caballito,6,POINT (-149.04767423542924 -46.468492666625615)
909,Contenedor Verde,Contenedor Verde,Papel / Cartón / Plástico / Metal / Vidrio,,,Rivadavia Av. 6095,Caballito,6,POINT (-149.04987479138512 -46.465508835579826)
910,Contenedor Verde,Contenedor Verde,Papel / Cartón / Plástico / Metal / Vidrio,,,Rojas 628,Caballito,6,POINT (-149.03827607875056 -46.469766191446425)
911,Contenedor Verde,Contenedor Verde,Papel / Cartón / Plástico / Metal / Vidrio,,,Rojas 936,Caballito,6,POINT (-149.0346843770176 -46.4687604498029)
912,Contenedor Verde,Contenedor Verde,Papel / Cartón / Plástico / Metal / Vidrio,,,San Jose De Calasanz 196,Caballito,6,POINT (-149.04615919138632 -46.473550056285426)
913,Contenedor Verde,Contenedor Verde,Papel / Cartón / Plástico / Metal / Vidrio,,,San Jose De Calasanz 760,Caballito,6,POINT (-149.0530179308334 -46.474275845010595)
914,Contenedor Verde,Contenedor Verde,Papel / Cartón / Plástico / Metal / Vidrio,,,"Segui, F. J., Alte. 1295",Caballito,6,POINT (-149.03557560927462 -46.46125899047463)
915,Contenedor Verde,Contenedor Verde,Papel / Cartón / Plástico / Metal / Vidrio,,,"Segui, F. J., Alte. 1465",Caballito,6,POINT (-149.0336917723815 -46.46044999725002)
916,Contenedor Verde,Contenedor Verde,Papel / Cartón / Plástico / Metal / Vidrio,,,"Segui, F. J., Alte. 1659",Caballito,6,POINT (-149.03158995995807 -46.45959689035578)
917,Contenedor Verde,Contenedor Verde,Papel / Cartón / Plástico / Metal / Vidrio,,,Senillosa 211,Caballito,6,POINT (-149.0432883843831 -46.47848850461552)
918,Contenedor Verde,Contenedor Verde,Papel / Cartón / Plástico / Metal / Vidrio,,,Senillosa 425,Caballito,6,POINT (-149.04583448028706 -46.47882159672364)
919,Contenedor Verde,Contenedor Verde,Papel / Cartón / Plástico / Metal / Vidrio,,,Senillosa 843,Caballito,6,POINT (-149.05127592407104 -46.47955386524645)
920,Contenedor Verde,Contenedor Verde,Papel / Cartón / Plástico / Metal / Vidrio,,,Senillosa 93,Caballito,6,POINT (-149.04143636634805 -46.47859918146668)
921,Contenedor Verde,Contenedor Verde,Papel / Cartón / Plástico / Metal / Vidrio,,,Tres Arroyos 1187,Caballito,6,POINT (-149.0313260603144 -46.46244519611501)
922,Contenedor Verde,Contenedor Verde,Papel / Cartón / Plástico / Metal / Vidrio,,,Tres Arroyos 1442,Caballito,6,POINT (-149.03295629798086 -46.46066405442484)
923,Contenedor Verde,Contenedor Verde,Papel / Cartón / Plástico / Metal / Vidrio,,,Tres Arroyos 1689,Caballito,6,POINT (-149.03406684533525 -46.4594393182944)
924,Contenedor Verde,Contenedor Verde,Papel / Cartón / Plástico / Metal / Vidrio,,,Valentin Virasoro 887,Caballito,6,POINT (-149.03407578758515 -46.47090402759549)
925,Contenedor Verde,Contenedor Verde,Papel / Cartón / Plástico / Metal / Vidrio,,,"Vallese, Felipe 1589",Caballito,6,POINT (-149.04194343767253 -46.46261291846701)
926,Contenedor Verde,Contenedor Verde,Papel / Cartón / Plástico / Metal / Vidrio,,,"Vallese, Felipe 989",Caballito,6,POINT (-149.0388079424016 -46.46744162695835)
927,Contenedor Verde,Contenedor Verde,Papel / Cartón / Plástico / Metal / Vidrio,,,"Viale, Luis 1181",Caballito,6,POINT (-149.03351544217537 -46.463416153231336)
928,Contenedor Verde,Contenedor Verde,Papel / Cartón / Plástico / Metal / Vidrio,,,Victor Martinez 314,Caballito,6,POINT (-149.0507782357109 -46.46989174866873)
929,Contenedor Verde,Contenedor Verde,Papel / Cartón / Plástico / Metal / Vidrio,,,Viel 221,Caballito,6,POINT (-149.04389551096165 -46.476488061826096)
930,Contenedor Verde,Contenedor Verde,Papel / Cartón / Plástico / Metal / Vidrio,,,Yerbal 1185,Caballito,6,POINT (-149.0463567525308 -46.46830448997063)
931,Contenedor Verde,Contenedor Verde,Papel / Cartón / Plástico / Metal / Vidrio,,,Yerbal 1451,Caballito,6,POINT (-149.04803946232536 -46.466162141808745)
932,Contenedor Verde,Contenedor Verde,Papel / Cartón / Plástico / Metal / Vidrio,,,Yerbal 1621,Caballito,6,POINT (-149.0490246201101 -46.46473619431392)
933,Contenedor Verde,Contenedor Verde,Papel / Cartón / Plástico / Metal / Vidrio,,,Yerbal 525,Caballito,6,POINT (-149.04234540676202 -46.473279554200396)
934,Contenedor Verde,Contenedor Verde,Papel / Cartón / Plástico / Metal / Vidrio,,,Yerbal 653,Caballito,6,POINT (-149.04307337253488 -46.472416280224515)
935,Contenedor Verde,Contenedor Verde,Papel / Cartón / Plástico / Metal / Vidrio,,,Yerbal 985,Caballito,6,POINT (-149.0451995285959 -46.469793740181444)
936,Contenedor Verde,Contenedor Verde,Papel / Cartón / Plástico / Metal / Vidrio,,,Aguirre 1447,Chacarita,15,POINT (-149.01267369348628 -46.4697955692654)
937,Contenedor Verde,Contenedor Verde,Papel / Cartón / Plástico / Metal / Vidrio,,,Castillo 1302,Chacarita,15,POINT (-149.0121276485908 -46.47166023266473)
938,Contenedor Verde,Contenedor Verde,Papel / Cartón / Plástico / Metal / Vidrio,,,Castillo 1488,Chacarita,15,POINT (-149.01095173786106 -46.47064459974722)
939,Contenedor Verde,Contenedor Verde,Papel / Cartón / Plástico / Metal / Vidrio,,,Castillo 1748,Chacarita,15,POINT (-149.0091719609496 -46.46911469863686)
940,Contenedor Verde,Contenedor Verde,Papel / Cartón / Plástico / Metal / Vidrio,,,Fraga 1080,Chacarita,15,POINT (-149.00648783292053 -46.46077116306335)
941,Contenedor Verde,Contenedor Verde,Papel / Cartón / Plástico / Metal / Vidrio,,,Fraga 411,Chacarita,15,POINT (-149.0090475592073 -46.46584108575215)
942,Contenedor Verde,Contenedor Verde,Papel / Cartón / Plástico / Metal / Vidrio,,,Fraga 671,Chacarita,15,POINT (-149.00779763479574 -46.464125651223604)
943,Contenedor Verde,Contenedor Verde,Papel / Cartón / Plástico / Metal / Vidrio,,,Fraga 879,Chacarita,15,POINT (-149.00729073899507 -46.46239439710124)
944,Contenedor Verde,Contenedor Verde,Papel / Cartón / Plástico / Metal / Vidrio,,,Fraga 982,Chacarita,15,POINT (-149.0070143955468 -46.461757562926515)
945,Contenedor Verde,Contenedor Verde,Papel / Cartón / Plástico / Metal / Vidrio,,,Guevara 29,Chacarita,15,POINT (-149.011816931105 -46.4681333362308)
946,Contenedor Verde,Contenedor Verde,Papel / Cartón / Plástico / Metal / Vidrio,,,Guevara 365,Chacarita,15,POINT (-149.0104043590581 -46.46605409942957)
947,Contenedor Verde,Contenedor Verde,Papel / Cartón / Plástico / Metal / Vidrio,,,Guzman 50,Chacarita,15,POINT (-149.01581406263838 -46.46654364797904)
948,Contenedor Verde,Contenedor Verde,Papel / Cartón / Plástico / Metal / Vidrio,,,Aguirre 1595,Chacarita,15,POINT (-149.01154117629818 -46.46900928027326)
949,Contenedor Verde,Contenedor Verde,Papel / Cartón / Plástico / Metal / Vidrio,,,"Arenal, Concepcion 3456",Chacarita,15,POINT (-149.00638267713347 -46.46822539919377)
950,Contenedor Verde,Contenedor Verde,Papel / Cartón / Plástico / Metal / Vidrio,,,"Arenal, Concepcion 4373",Chacarita,15,POINT (-149.01644901787245 -46.46478716635388)
951,Contenedor Verde,Contenedor Verde,Papel / Cartón / Plástico / Metal / Vidrio,,,"Arenal, Concepcion 4465",Chacarita,15,POINT (-149.0173388924669 -46.46424418806449)
952,Contenedor Verde,Contenedor Verde,Papel / Cartón / Plástico / Metal / Vidrio,,,"Arenal, Concepcion 4653",Chacarita,15,POINT (-149.0190255075191 -46.46322899084578)
953,Contenedor Verde,Contenedor Verde,Papel / Cartón / Plástico / Metal / Vidrio,,,Bonpland 921,Chacarita,15,POINT (-149.01280620434096 -46.46912671121751)
954,Contenedor Verde,Contenedor Verde,Papel / Cartón / Plástico / Metal / Vidrio,,,Caldas 1335,Chacarita,15,POINT (-149.01106658574605 -46.45728767312295)
955,Contenedor Verde,Contenedor Verde,Papel / Cartón / Plástico / Metal / Vidrio,,,"Carranza, Angel Justiniano 1264",Chacarita,15,POINT (-149.00951886506022 -46.47022847460074)
956,Contenedor Verde,Contenedor Verde,Papel / Cartón / Plástico / Metal / Vidrio,,,Cespedes 3950,Chacarita,15,POINT (-149.0072406979325 -46.461229700519205)
957,Contenedor Verde,Contenedor Verde,Papel / Cartón / Plástico / Metal / Vidrio,,,Charlone 1322,Chacarita,15,POINT (-149.00406987345275 -46.459245466742004)
958,Contenedor Verde,Contenedor Verde,Papel / Cartón / Plástico / Metal / Vidrio,,,Charlone 266,Chacarita,15,POINT (-149.00726585298924 -46.46663859202523)
959,Contenedor Verde,Contenedor Verde,Papel / Cartón / Plástico / Metal / Vidrio,,,Charlone 74,Chacarita,15,POINT (-149.00823200157728 -46.467996319043955)
960,Contenedor Verde,Contenedor Verde,Papel / Cartón / Plástico / Metal / Vidrio,,,Charlone 759,Chacarita,15,POINT (-149.00503105850962 -46.463347521771034)
961,Contenedor Verde,Contenedor Verde,Papel / Cartón / Plástico / Metal / Vidrio,,,Charlone 912,Chacarita,15,POINT (-149.0044775627803 -46.46201609686105)
962,Contenedor Verde,Contenedor Verde,Papel / Cartón / Plástico / Metal / Vidrio,,,Cordoba Av. 6245,Chacarita,15,POINT (-149.00610238899253 -46.46700732771059)
963,Contenedor Verde,Contenedor Verde,Papel / Cartón / Plástico / Metal / Vidrio,,,Cordoba Av. 6437,Chacarita,15,POINT (-149.0053382161008 -46.46575743620917)
964,Contenedor Verde,Contenedor Verde,Papel / Cartón / Plástico / Metal / Vidrio,,,Corrientes Av. 6647,Chacarita,15,POINT (-149.01154955234225 -46.464801035064816)
965,Contenedor Verde,Contenedor Verde,Papel / Cartón / Plástico / Metal / Vidrio,,,Dorrego Av. 1224,Chacarita,15,POINT (-149.01069708823135 -46.46857042111887)
966,Contenedor Verde,Contenedor Verde,Papel / Cartón / Plástico / Metal / Vidrio,,,"Dumont, Santos 4522",Chacarita,15,POINT (-149.01728414428695 -46.46342982926528)
967,Contenedor Verde,Contenedor Verde,Papel / Cartón / Plástico / Metal / Vidrio,,,Elcano Av. 3654,Chacarita,15,POINT (-149.002266988725 -46.459549406774336)
968,Contenedor Verde,Contenedor Verde,Papel / Cartón / Plástico / Metal / Vidrio,,,Elcano Av. 4140,Chacarita,15,POINT (-149.00784352130725 -46.45959157704501)
969,Contenedor Verde,Contenedor Verde,Papel / Cartón / Plástico / Metal / Vidrio,,,Fitz Roy 1262,Chacarita,15,POINT (-149.011081810019 -46.47155599462389)
970,Contenedor Verde,Contenedor Verde,Papel / Cartón / Plástico / Metal / Vidrio,,,Forest 1094,Chacarita,15,POINT (-149.00326403982208 -46.46060307177906)
971,Contenedor Verde,Contenedor Verde,Papel / Cartón / Plástico / Metal / Vidrio,,,Fraga 235,Chacarita,15,POINT (-149.00984480601986 -46.46700038620799)
972,Contenedor Verde,Contenedor Verde,Papel / Cartón / Plástico / Metal / Vidrio,,,"Garcia, Teodoro 3850",Chacarita,15,POINT (-149.00672260208694 -46.4633304393649)
973,Contenedor Verde,Contenedor Verde,Papel / Cartón / Plástico / Metal / Vidrio,,,"Garcia, Teodoro 3921",Chacarita,15,POINT (-149.00774441925546 -46.462940038863294)
974,Contenedor Verde,Contenedor Verde,Papel / Cartón / Plástico / Metal / Vidrio,,,Giribone 1043,Chacarita,15,POINT (-149.0031037525667 -46.461623775390535)
975,Contenedor Verde,Contenedor Verde,Papel / Cartón / Plástico / Metal / Vidrio,,,Giribone 689,Chacarita,15,POINT (-149.00445274625392 -46.46421934106765)
976,Contenedor Verde,Contenedor Verde,Papel / Cartón / Plástico / Metal / Vidrio,,,Leiva 4059,Chacarita,15,POINT (-149.013467757729 -46.46709788970844)
977,Contenedor Verde,Contenedor Verde,Papel / Cartón / Plástico / Metal / Vidrio,,,Leiva 4450,Chacarita,15,POINT (-149.01791963263983 -46.46490788266898)
978,Contenedor Verde,Contenedor Verde,Papel / Cartón / Plástico / Metal / Vidrio,,,"Lemos, Juan Gregorio, Gral. 236",Chacarita,15,POINT (-149.01205199870734 -46.466523199164946)
979,Contenedor Verde,Contenedor Verde,Papel / Cartón / Plástico / Metal / Vidrio,,,"Loreto, Virrey 3684",Chacarita,15,POINT (-149.00264325111746 -46.460555926985556)
980,Contenedor Verde,Contenedor Verde,Papel / Cartón / Plástico / Metal / Vidrio,,,Loyola 1490,Chacarita,15,POINT (-149.01198362774548 -46.47029021270148)
981,Contenedor Verde,Contenedor Verde,Papel / Cartón / Plástico / Metal / Vidrio,,,Loyola 1620,Chacarita,15,POINT (-149.010621508354 -46.46921109474823)
982,Contenedor Verde,Contenedor Verde,Papel / Cartón / Plástico / Metal / Vidrio,,,Maure 3971,Chacarita,15,POINT (-149.00936337560879 -46.46490347606744)
983,Contenedor Verde,Contenedor Verde,Papel / Cartón / Plástico / Metal / Vidrio,,,Montenegro 139,Chacarita,15,POINT (-149.02064371731169 -46.462785753872254)
984,Contenedor Verde,Contenedor Verde,Papel / Cartón / Plástico / Metal / Vidrio,,,"Newbery, Jorge Av. 4328",Chacarita,15,POINT (-149.01494669225502 -46.46391761422674)
985,Contenedor Verde,Contenedor Verde,Papel / Cartón / Plástico / Metal / Vidrio,,,"Newbery, Jorge Av. 4528",Chacarita,15,POINT (-149.01671781548924 -46.46291084634648)
986,Contenedor Verde,Contenedor Verde,Papel / Cartón / Plástico / Metal / Vidrio,,,"Newbery, Jorge Av. 4762",Chacarita,15,POINT (-149.01878326605512 -46.46171436617675)
987,Contenedor Verde,Contenedor Verde,Papel / Cartón / Plástico / Metal / Vidrio,,,Olleros 3510,Chacarita,15,POINT (-149.00405169180567 -46.465806664261244)
988,Contenedor Verde,Contenedor Verde,Papel / Cartón / Plástico / Metal / Vidrio,,,Olleros 4116,Chacarita,15,POINT (-149.009878430409 -46.46398513724608)
989,Contenedor Verde,Contenedor Verde,Papel / Cartón / Plástico / Metal / Vidrio,,,Palpa 3595,Chacarita,15,POINT (-149.0037703094154 -46.4633131009101)
990,Contenedor Verde,Contenedor Verde,Papel / Cartón / Plástico / Metal / Vidrio,,,Rodney 42,Chacarita,15,POINT (-149.01697640411152 -46.46594487345738)
991,Contenedor Verde,Contenedor Verde,Papel / Cartón / Plástico / Metal / Vidrio,,,Roseti 1145,Chacarita,15,POINT (-149.00511614357083 -46.46051131992178)
992,Contenedor Verde,Contenedor Verde,Papel / Cartón / Plástico / Metal / Vidrio,,,Roseti 216,Chacarita,15,POINT (-149.00894570457461 -46.46727448157324)
993,Contenedor Verde,Contenedor Verde,Papel / Cartón / Plástico / Metal / Vidrio,,,Roseti 524,Chacarita,15,POINT (-149.0074378842004 -46.46523515970762)
994,Contenedor Verde,Contenedor Verde,Papel / Cartón / Plástico / Metal / Vidrio,,,Roseti 925,Chacarita,15,POINT (-149.00565275402784 -46.46244455228371)
995,Contenedor Verde,Contenedor Verde,Papel / Cartón / Plástico / Metal / Vidrio,,,Triunvirato Av. 2650,Chacarita,15,POINT (-149.00856739782924 -46.460138343420084)
996,Contenedor Verde,Contenedor Verde,Papel / Cartón / Plástico / Metal / Vidrio,,,Triunvirato Av. 2750,Chacarita,15,POINT (-149.00876375469332 -46.459098963004756)
997,Contenedor Verde,Contenedor Verde,Papel / Cartón / Plástico / Metal / Vidrio,,,Villarroel 1485,Chacarita,15,POINT (-149.01465778531437 -46.46809473023552)
998,Contenedor Verde,Contenedor Verde,Papel / Cartón / Plástico / Metal / Vidrio,,,Alvarez Thomas Av. 1029,Chacarita,15,POINT (-149.00184621864875 -46.46212351926059)
999,Contenedor Verde,Contenedor Verde,Papel / Cartón / Plástico / Metal / Vidrio,,,Alvarez Thomas Av. 140,Chacarita,15,POINT (-149.00545864188229 -46.468026345085036)
1000,Contenedor Verde,Contenedor Verde,Papel / Cartón / Plástico / Metal / Vidrio,,,Alvarez Thomas Av. 311,Chacarita,15,POINT (-149.00434572395602 -46.46669670941725)
1001,Contenedor Verde,Contenedor Verde,Papel / Cartón / Plástico / Metal / Vidrio,,,Alvarez Thomas Av. 664,Chacarita,15,POINT (-149.00340835798846 -46.46477350906161)
1002,Contenedor Verde,Contenedor Verde,Papel / Cartón / Plástico / Metal / Vidrio,,,Alvarez Thomas Av. 920,Chacarita,15,POINT (-149.00232367255077 -46.46269417081396)
1003,Contenedor Verde,Contenedor Verde,Papel / Cartón / Plástico / Metal / Vidrio,,,Guevara 1015,Chacarita,15,POINT (-149.00766517167992 -46.46092624659379)
1004,Contenedor Verde,Contenedor Verde,Papel / Cartón / Plástico / Metal / Vidrio,,,Nu?ez 3831,Coghlan,12,POINT (-148.97967134711521 -46.44739261411365)
1005,Contenedor Verde,Contenedor Verde,Papel / Cartón / Plástico / Metal / Vidrio,,,Nu?ez 4147,Coghlan,12,POINT (-148.98136632736094 -46.4457478708067)
1006,Contenedor Verde,Contenedor Verde,Papel / Cartón / Plástico / Metal / Vidrio,,,Nu?ez 3554,Coghlan,12,POINT (-148.97823751581612 -46.448901415406674)
1007,Contenedor Verde,Contenedor Verde,Papel / Cartón / Plástico / Metal / Vidrio,,,Nu?ez 3260,Coghlan,12,POINT (-148.9765388683175 -46.45054181005241)
1008,Contenedor Verde,Contenedor Verde,Papel / Cartón / Plástico / Metal / Vidrio,,,Azurduy Juana 3275,Coghlan,12,POINT (-148.97735139478655 -46.45080079259917)
1009,Contenedor Verde,Contenedor Verde,Papel / Cartón / Plástico / Metal / Vidrio,,,Azurduy Juana 3411,Coghlan,12,POINT (-148.97812520868845 -46.45002272419408)
1010,Contenedor Verde,Contenedor Verde,Papel / Cartón / Plástico / Metal / Vidrio,,,Balbin Ricardo Dr. Av. 3227,Coghlan,12,POINT (-148.98059560488278 -46.44986675574991)
1011,Contenedor Verde,Contenedor Verde,Papel / Cartón / Plástico / Metal / Vidrio,,,Conde 2702,Coghlan,12,POINT (-148.98434856117447 -46.45333343162664)
1012,Contenedor Verde,Contenedor Verde,Papel / Cartón / Plástico / Metal / Vidrio,,,Conde 3522,Coghlan,12,POINT (-148.97707662091676 -46.449627606995286)
1013,Contenedor Verde,Contenedor Verde,Papel / Cartón / Plástico / Metal / Vidrio,,,Congreso Av. 3270,Coghlan,12,POINT (-148.9823537726129 -46.452979128718276)
1014,Contenedor Verde,Contenedor Verde,Papel / Cartón / Plástico / Metal / Vidrio,,,"Freire, Ramon, Cap. Gral. 2627",Coghlan,12,POINT (-148.98437399468307 -46.45441854614074)
1015,Contenedor Verde,Contenedor Verde,Papel / Cartón / Plástico / Metal / Vidrio,,,Ibera 3193,Coghlan,12,POINT (-148.9797925723617 -46.45243904534691)
1016,Contenedor Verde,Contenedor Verde,Papel / Cartón / Plástico / Metal / Vidrio,,,Ibera 3995,Coghlan,12,POINT (-148.9845804938314 -46.44767804470981)
1017,Contenedor Verde,Contenedor Verde,Papel / Cartón / Plástico / Metal / Vidrio,,,Melian Av. 2843,Coghlan,12,POINT (-148.98488780671502 -46.450959713795406)
1018,Contenedor Verde,Contenedor Verde,Papel / Cartón / Plástico / Metal / Vidrio,,,Melian Av. 3079,Coghlan,12,POINT (-148.98268295247652 -46.449894703921096)
1019,Contenedor Verde,Contenedor Verde,Papel / Cartón / Plástico / Metal / Vidrio,,,"Naon, Romulo 2852",Coghlan,12,POINT (-148.98607669819825 -46.44974670076618)
1020,Contenedor Verde,Contenedor Verde,Papel / Cartón / Plástico / Metal / Vidrio,,,"Pedraza, Manuela 3372",Coghlan,12,POINT (-148.97856152349988 -46.45070372263406)
1021,Contenedor Verde,Contenedor Verde,Papel / Cartón / Plástico / Metal / Vidrio,,,"Pedraza, Manuela 3864",Coghlan,12,POINT (-148.98124608020768 -46.44797173057513)
1022,Contenedor Verde,Contenedor Verde,Papel / Cartón / Plástico / Metal / Vidrio,,,"Pedraza, Manuela 4073",Coghlan,12,POINT (-148.98229444226536 -46.446825807757975)
1023,Contenedor Verde,Contenedor Verde,Papel / Cartón / Plástico / Metal / Vidrio,,,"Perez, Roque 2750",Coghlan,12,POINT (-148.98523178046875 -46.451932451847426)
1024,Contenedor Verde,Contenedor Verde,Papel / Cartón / Plástico / Metal / Vidrio,,,"Perez, Roque 2948",Coghlan,12,POINT (-148.98344096249403 -46.45096430431285)
1025,Contenedor Verde,Contenedor Verde,Papel / Cartón / Plástico / Metal / Vidrio,,,"Perez, Roque 3182",Coghlan,12,POINT (-148.98127141882532 -46.44996734905674)
1026,Contenedor Verde,Contenedor Verde,Papel / Cartón / Plástico / Metal / Vidrio,,,Pinto 3271,Coghlan,12,POINT (-148.9780784036997 -46.451713375076466)
1027,Contenedor Verde,Contenedor Verde,Papel / Cartón / Plástico / Metal / Vidrio,,,Quesada 3248,Coghlan,12,POINT (-148.98120070998 -46.4525803809348)
1028,Contenedor Verde,Contenedor Verde,Papel / Cartón / Plástico / Metal / Vidrio,,,Quesada 3980,Coghlan,12,POINT (-148.98554896874933 -46.44814009648906)
1029,Contenedor Verde,Contenedor Verde,Papel / Cartón / Plástico / Metal / Vidrio,,,"Rivera, Pedro I., Dr. 3944",Coghlan,12,POINT (-148.98848049146102 -46.44970972350756)
1030,Contenedor Verde,Contenedor Verde,Papel / Cartón / Plástico / Metal / Vidrio,,,Superi 2617,Coghlan,12,POINT (-148.98566476902357 -46.45314976121402)
1031,Contenedor Verde,Contenedor Verde,Papel / Cartón / Plástico / Metal / Vidrio,,,Superi 2895,Coghlan,12,POINT (-148.98353504863013 -46.45203503635127)
1032,Contenedor Verde,Contenedor Verde,Papel / Cartón / Plástico / Metal / Vidrio,,,Superi 3055,Coghlan,12,POINT (-148.98190644023984 -46.451180157203275)
1033,Contenedor Verde,Contenedor Verde,Papel / Cartón / Plástico / Metal / Vidrio,,,Superi 3253,Coghlan,12,POINT (-148.97992921368885 -46.45022382960503)
1034,Contenedor Verde,Contenedor Verde,Papel / Cartón / Plástico / Metal / Vidrio,,,"Tamborini, Jose Pascual 3249",Coghlan,12,POINT (-148.9794080718553 -46.45148594154595)
1035,Contenedor Verde,Contenedor Verde,Papel / Cartón / Plástico / Metal / Vidrio,,,"Tamborini, Jose Pascual 3635",Coghlan,12,POINT (-148.98175859049775 -46.44907824340825)
1036,Contenedor Verde,Contenedor Verde,Papel / Cartón / Plástico / Metal / Vidrio,,,"Tamborini, Jose Pascual 3885",Coghlan,12,POINT (-148.98279299811384 -46.447986365846056)
1037,Contenedor Verde,Contenedor Verde,Papel / Cartón / Plástico / Metal / Vidrio,,,"Tamborini, Jose Pascual 4051",Coghlan,12,POINT (-148.9839721174113 -46.44680094788391)
1038,Contenedor Verde,Contenedor Verde,Papel / Cartón / Plástico / Metal / Vidrio,,,"Ugarte, Manuel 3126",Coghlan,12,POINT (-148.98237055613185 -46.4542473740723)
1039,Contenedor Verde,Contenedor Verde,Papel / Cartón / Plástico / Metal / Vidrio,,,Washington 2735,Coghlan,12,POINT (-148.98651576214414 -46.45090473465888)
1040,Contenedor Verde,Contenedor Verde,Papel / Cartón / Plástico / Metal / Vidrio,,,Washington 2971,Coghlan,12,POINT (-148.98438426038592 -46.44982703047633)
1041,Contenedor Verde,Contenedor Verde,Papel / Cartón / Plástico / Metal / Vidrio,,,Zabala 2606,Colegiales,13,POINT (-148.99261793847418 -46.46523991145406)
1042,Contenedor Verde,Contenedor Verde,Papel / Cartón / Plástico / Metal / Vidrio,,,Amenabar 1005,Colegiales,13,POINT (-148.99336538395445 -46.466253422700774)
1043,Contenedor Verde,Contenedor Verde,Papel / Cartón / Plástico / Metal / Vidrio,,,Amenabar 477,Colegiales,13,POINT (-148.99653050285153 -46.46934636512771)
1044,Contenedor Verde,Contenedor Verde,Papel / Cartón / Plástico / Metal / Vidrio,,,Arredondo Virrey 3525,Colegiales,13,POINT (-149.000438504899 -46.46039041968812)
1045,Contenedor Verde,Contenedor Verde,Papel / Cartón / Plástico / Metal / Vidrio,,,"Arredondo, Virrey 2480",Colegiales,13,POINT (-148.99043825819734 -46.4646965214616)
1046,Contenedor Verde,Contenedor Verde,Papel / Cartón / Plástico / Metal / Vidrio,,,"Arredondo, Virrey 2821",Colegiales,13,POINT (-148.9937161667822 -46.46323717283447)
1047,Contenedor Verde,Contenedor Verde,Papel / Cartón / Plástico / Metal / Vidrio,,,"Aviles, Virrey 2913",Colegiales,13,POINT (-148.9931357813412 -46.46180750999747)
1048,Contenedor Verde,Contenedor Verde,Papel / Cartón / Plástico / Metal / Vidrio,,,"Aviles, Virrey 3055",Colegiales,13,POINT (-148.99476766062324 -46.46113073137409)
1049,Contenedor Verde,Contenedor Verde,Papel / Cartón / Plástico / Metal / Vidrio,,,Cabildo Av. 1115,Colegiales,13,POINT (-148.99109293982244 -46.46731590183611)
1050,Contenedor Verde,Contenedor Verde,Papel / Cartón / Plástico / Metal / Vidrio,,,Cabildo Av. 1295,Colegiales,13,POINT (-148.99026912467053 -46.466351049016694)
1051,Contenedor Verde,Contenedor Verde,Papel / Cartón / Plástico / Metal / Vidrio,,,Cabildo Av. 1382,Colegiales,13,POINT (-148.99000282920568 -46.46574605234914)
1052,Contenedor Verde,Contenedor Verde,Papel / Cartón / Plástico / Metal / Vidrio,,,Cabildo Av. 666,Colegiales,13,POINT (-148.99316430767027 -46.46952495833829)
1053,Contenedor Verde,Contenedor Verde,Papel / Cartón / Plástico / Metal / Vidrio,,,Cabildo Av. 853,Colegiales,13,POINT (-148.9921005966858 -46.46854464844484)
1054,Contenedor Verde,Contenedor Verde,Papel / Cartón / Plástico / Metal / Vidrio,,,Cabildo Av. 936,Colegiales,13,POINT (-148.9918503940208 -46.46791188562744)
1055,Contenedor Verde,Contenedor Verde,Papel / Cartón / Plástico / Metal / Vidrio,,,Cespedes 2685,Colegiales,13,POINT (-148.99345837767254 -46.46553760203817)
1056,Contenedor Verde,Contenedor Verde,Papel / Cartón / Plástico / Metal / Vidrio,,,Cespedes 2986,Colegiales,13,POINT (-148.99672815138186 -46.46465711147967)
1057,Contenedor Verde,Contenedor Verde,Papel / Cartón / Plástico / Metal / Vidrio,,,Cespedes 3004,Colegiales,13,POINT (-148.9970503120418 -46.46454942168213)
1058,Contenedor Verde,Contenedor Verde,Papel / Cartón / Plástico / Metal / Vidrio,,,Ciudad De La Paz 526,Colegiales,13,POINT (-148.99542249452745 -46.46933556840879)
1059,Contenedor Verde,Contenedor Verde,Papel / Cartón / Plástico / Metal / Vidrio,,,Conde 1078,Colegiales,13,POINT (-148.99854854319685 -46.46301666123208)
1060,Contenedor Verde,Contenedor Verde,Papel / Cartón / Plástico / Metal / Vidrio,,,Conde 1222,Colegiales,13,POINT (-148.99776543821926 -46.46201862766555)
1061,Contenedor Verde,Contenedor Verde,Papel / Cartón / Plástico / Metal / Vidrio,,,Conde 1408,Colegiales,13,POINT (-148.99694967061097 -46.46098731605835)
1062,Contenedor Verde,Contenedor Verde,Papel / Cartón / Plástico / Metal / Vidrio,,,Conde 1562,Colegiales,13,POINT (-148.99586425975613 -46.459595166824535)
1063,Contenedor Verde,Contenedor Verde,Papel / Cartón / Plástico / Metal / Vidrio,,,Conde 426,Colegiales,13,POINT (-149.00200236191407 -46.46742604362395)
1064,Contenedor Verde,Contenedor Verde,Papel / Cartón / Plástico / Metal / Vidrio,,,Conde 628,Colegiales,13,POINT (-149.00120444299216 -46.46646225390027)
1065,Contenedor Verde,Contenedor Verde,Papel / Cartón / Plástico / Metal / Vidrio,,,Conde 830,Colegiales,13,POINT (-149.00021943054688 -46.46523643533428)
1066,Contenedor Verde,Contenedor Verde,Papel / Cartón / Plástico / Metal / Vidrio,,,Conesa 1115,Colegiales,13,POINT (-148.99505192104502 -46.46406698851017)
1067,Contenedor Verde,Contenedor Verde,Papel / Cartón / Plástico / Metal / Vidrio,,,Conesa 1389,Colegiales,13,POINT (-148.99388716860602 -46.46261363944734)
1068,Contenedor Verde,Contenedor Verde,Papel / Cartón / Plástico / Metal / Vidrio,,,Conesa 397,Colegiales,13,POINT (-148.99891146241106 -46.46903354602448)
1069,Contenedor Verde,Contenedor Verde,Papel / Cartón / Plástico / Metal / Vidrio,,,Conesa 591,Colegiales,13,POINT (-148.99803744127144 -46.4678627374323)
1070,Contenedor Verde,Contenedor Verde,Papel / Cartón / Plástico / Metal / Vidrio,,,Conesa 937,Colegiales,13,POINT (-148.99623050802055 -46.46553484894572)
1071,Contenedor Verde,Contenedor Verde,Papel / Cartón / Plástico / Metal / Vidrio,,,Cramer 1012,Colegiales,13,POINT (-148.99488358965482 -46.465432447877085)
1072,Contenedor Verde,Contenedor Verde,Papel / Cartón / Plástico / Metal / Vidrio,,,Cramer 590,Colegiales,13,POINT (-148.9968640783567 -46.468214518204)
1073,Contenedor Verde,Contenedor Verde,Papel / Cartón / Plástico / Metal / Vidrio,,,Cramer 814,Colegiales,13,POINT (-148.99572057796004 -46.4666307725528)
1074,Contenedor Verde,Contenedor Verde,Papel / Cartón / Plástico / Metal / Vidrio,,,Delgado 1486,Colegiales,13,POINT (-148.9989963300839 -46.45867781876825)
1075,Contenedor Verde,Contenedor Verde,Papel / Cartón / Plástico / Metal / Vidrio,,,Delgado 580,Colegiales,13,POINT (-149.00308076740023 -46.465661832533705)
1076,Contenedor Verde,Contenedor Verde,Papel / Cartón / Plástico / Metal / Vidrio,,,Delgado 966,Colegiales,13,POINT (-149.00050021408725 -46.46227166819043)
1077,Contenedor Verde,Contenedor Verde,Papel / Cartón / Plástico / Metal / Vidrio,,,"Dumont, Santos 3249",Colegiales,13,POINT (-149.00304856044377 -46.4681473872649)
1078,Contenedor Verde,Contenedor Verde,Papel / Cartón / Plástico / Metal / Vidrio,,,Elcano Av. 2956,Colegiales,13,POINT (-148.99305511699305 -46.460916292391126)
1079,Contenedor Verde,Contenedor Verde,Papel / Cartón / Plástico / Metal / Vidrio,,,Elcano Av. 3156,Colegiales,13,POINT (-148.9956054051967 -46.46021913311089)
1080,Contenedor Verde,Contenedor Verde,Papel / Cartón / Plástico / Metal / Vidrio,,,Forest Av. 1274,Colegiales,13,POINT (-149.0004326342731 -46.4590290134759)
1081,Contenedor Verde,Contenedor Verde,Papel / Cartón / Plástico / Metal / Vidrio,,,"Freire, Ramon, Cap. Gral. 1055",Colegiales,13,POINT (-148.99760095479985 -46.46360274710737)
1082,Contenedor Verde,Contenedor Verde,Papel / Cartón / Plástico / Metal / Vidrio,,,"Freire, Ramon, Cap. Gral. 1321",Colegiales,13,POINT (-148.99617855908727 -46.46199750010702)
1083,Contenedor Verde,Contenedor Verde,Papel / Cartón / Plástico / Metal / Vidrio,,,"Freire, Ramon, Cap. Gral. 1621",Colegiales,13,POINT (-148.99404131642115 -46.459712462718684)
1084,Contenedor Verde,Contenedor Verde,Papel / Cartón / Plástico / Metal / Vidrio,,,"Freire, Ramon, Cap. Gral. 321",Colegiales,13,POINT (-149.00130952036255 -46.46836086605729)
1085,Contenedor Verde,Contenedor Verde,Papel / Cartón / Plástico / Metal / Vidrio,,,"Freire, Ramon, Cap. Gral. 589",Colegiales,13,POINT (-149.00028958308914 -46.46712685662774)
1086,Contenedor Verde,Contenedor Verde,Papel / Cartón / Plástico / Metal / Vidrio,,,"Garcia, Teodoro 2477",Colegiales,13,POINT (-148.9931020910282 -46.46779181310668)
1087,Contenedor Verde,Contenedor Verde,Papel / Cartón / Plástico / Metal / Vidrio,,,"Garcia, Teodoro 2951",Colegiales,13,POINT (-148.99763071293972 -46.46616330786065)
1088,Contenedor Verde,Contenedor Verde,Papel / Cartón / Plástico / Metal / Vidrio,,,"Lacroze, Federico Av. 2474",Colegiales,13,POINT (-148.99377074858484 -46.46836240390552)
1089,Contenedor Verde,Contenedor Verde,Papel / Cartón / Plástico / Metal / Vidrio,,,"Lacroze, Federico Av. 2557",Colegiales,13,POINT (-148.99458957308673 -46.467962137356416)
1090,Contenedor Verde,Contenedor Verde,Papel / Cartón / Plástico / Metal / Vidrio,,,"Loreto, Virrey 2523",Colegiales,13,POINT (-148.99139464770838 -46.464927551109696)
1091,Contenedor Verde,Contenedor Verde,Papel / Cartón / Plástico / Metal / Vidrio,,,"Loreto, Virrey 3318",Colegiales,13,POINT (-148.9986136325849 -46.461939698498966)
1092,Contenedor Verde,Contenedor Verde,Papel / Cartón / Plástico / Metal / Vidrio,,,"Loreto, Virrey 3524",Colegiales,13,POINT (-149.0004881196867 -46.461147185681845)
1093,Contenedor Verde,Contenedor Verde,Papel / Cartón / Plástico / Metal / Vidrio,,,"Martinez, Enrique, Gral. 1211",Colegiales,13,POINT (-148.99883988625962 -46.46101688134305)
1094,Contenedor Verde,Contenedor Verde,Papel / Cartón / Plástico / Metal / Vidrio,,,"Martinez, Enrique, Gral. 1355",Colegiales,13,POINT (-148.9987758984725 -46.46002036697825)
1095,Contenedor Verde,Contenedor Verde,Papel / Cartón / Plástico / Metal / Vidrio,,,"Martinez, Enrique, Gral. 1463",Colegiales,13,POINT (-148.99765431078114 -46.458782294709636)
1096,Contenedor Verde,Contenedor Verde,Papel / Cartón / Plástico / Metal / Vidrio,,,"Martinez, Enrique, Gral. 365",Colegiales,13,POINT (-149.0027617926833 -46.46697537371336)
1097,Contenedor Verde,Contenedor Verde,Papel / Cartón / Plástico / Metal / Vidrio,,,"Martinez, Enrique, Gral. 445",Colegiales,13,POINT (-149.00243868122743 -46.46657465512855)
1098,Contenedor Verde,Contenedor Verde,Papel / Cartón / Plástico / Metal / Vidrio,,,"Martinez, Enrique, Gral. 647",Colegiales,13,POINT (-149.00154237418482 -46.46545911750689)
1099,Contenedor Verde,Contenedor Verde,Papel / Cartón / Plástico / Metal / Vidrio,,,"Martinez, Enrique, Gral. 853",Colegiales,13,POINT (-149.00040920479694 -46.46404394726009)
1100,Contenedor Verde,Contenedor Verde,Papel / Cartón / Plástico / Metal / Vidrio,,,Maure 2823,Colegiales,13,POINT (-148.99760867924022 -46.46855744538454)
1101,Contenedor Verde,Contenedor Verde,Papel / Cartón / Plástico / Metal / Vidrio,,,Moldes 1256,Colegiales,13,POINT (-148.9924406959414 -46.46412551288454)
1102,Contenedor Verde,Contenedor Verde,Papel / Cartón / Plástico / Metal / Vidrio,,,Moldes 1390,Colegiales,13,POINT (-148.991899496483 -46.46349615441833)
1103,Contenedor Verde,Contenedor Verde,Papel / Cartón / Plástico / Metal / Vidrio,,,Moldes 1466,Colegiales,13,POINT (-148.99136055110552 -46.46293134452255)
1104,Contenedor Verde,Contenedor Verde,Papel / Cartón / Plástico / Metal / Vidrio,,,Moldes 773,Colegiales,13,POINT (-148.99465626709295 -46.46674869773799)
1105,Contenedor Verde,Contenedor Verde,Papel / Cartón / Plástico / Metal / Vidrio,,,Moldes 920,Colegiales,13,POINT (-148.99408347156907 -46.46593275163666)
1106,Contenedor Verde,Contenedor Verde,Papel / Cartón / Plástico / Metal / Vidrio,,,"Olaguer y Feliu, Virrey 2521",Colegiales,13,POINT (-148.99027049750782 -46.463896453540144)
1107,Contenedor Verde,Contenedor Verde,Papel / Cartón / Plástico / Metal / Vidrio,,,"Olaguer y Feliu, Virrey 3166",Colegiales,13,POINT (-148.9965256202648 -46.461369985295036)
1108,Contenedor Verde,Contenedor Verde,Papel / Cartón / Plástico / Metal / Vidrio,,,"Olaguer y Feliu, Virrey 3490",Colegiales,13,POINT (-148.99979450523517 -46.46001568469386)
1109,Contenedor Verde,Contenedor Verde,Papel / Cartón / Plástico / Metal / Vidrio,,,Olleros 2631,Colegiales,13,POINT (-148.99501497551216 -46.46861472626083)
1110,Contenedor Verde,Contenedor Verde,Papel / Cartón / Plástico / Metal / Vidrio,,,Palpa 2516,Colegiales,13,POINT (-148.9933301976966 -46.46703886319031)
1111,Contenedor Verde,Contenedor Verde,Papel / Cartón / Plástico / Metal / Vidrio,,,Palpa 3098,Colegiales,13,POINT (-148.99876653172177 -46.46523821872551)
1112,Contenedor Verde,Contenedor Verde,Papel / Cartón / Plástico / Metal / Vidrio,,,Palpa 3332,Colegiales,13,POINT (-149.00136295185857 -46.46448384258522)
1113,Contenedor Verde,Contenedor Verde,Papel / Cartón / Plástico / Metal / Vidrio,,,"Perez, Gregoria 3395",Colegiales,13,POINT (-149.0004333042042 -46.46262054549744)
1114,Contenedor Verde,Contenedor Verde,Papel / Cartón / Plástico / Metal / Vidrio,,,"Perez, Gregoria 3495",Colegiales,13,POINT (-149.00172019592046 -46.46226977724829)
1115,Contenedor Verde,Contenedor Verde,Papel / Cartón / Plástico / Metal / Vidrio,,,"Pino, Virrey Del 2484",Colegiales,13,POINT (-148.98929701412044 -46.463502377317305)
1116,Contenedor Verde,Contenedor Verde,Papel / Cartón / Plástico / Metal / Vidrio,,,"Pino, Virrey Del 2640",Colegiales,13,POINT (-148.99028785686932 -46.46257573152541)
1117,Contenedor Verde,Contenedor Verde,Papel / Cartón / Plástico / Metal / Vidrio,,,"Pino, Virrey Del 2832",Colegiales,13,POINT (-148.99134968717868 -46.46158962849391)
1118,Contenedor Verde,Contenedor Verde,Papel / Cartón / Plástico / Metal / Vidrio,,,Superi 1215,Colegiales,13,POINT (-148.99800008963408 -46.461297606116624)
1119,Contenedor Verde,Contenedor Verde,Papel / Cartón / Plástico / Metal / Vidrio,,,Superi 1485,Colegiales,13,POINT (-148.99649217908532 -46.45894166345449)
1120,Contenedor Verde,Contenedor Verde,Papel / Cartón / Plástico / Metal / Vidrio,,,Zabala 2452,Colegiales,13,POINT (-148.9910492636764 -46.46589988673413)
1121,Contenedor Verde,Contenedor Verde,Papel / Cartón / Plástico / Metal / Vidrio,,,Zabala 3275,Colegiales,13,POINT (-148.9990681206147 -46.462490224638735)
1122,Contenedor Verde,Contenedor Verde,Papel / Cartón / Plástico / Metal / Vidrio,,,Zapata 521,Colegiales,13,POINT (-148.99460808941225 -46.46985435089124)
1123,Contenedor Verde,Contenedor Verde,Papel / Cartón / Plástico / Metal / Vidrio,,,Zapata 631,Colegiales,13,POINT (-148.9935535774881 -46.468820080798764)
1124,Contenedor Verde,Contenedor Verde,Papel / Cartón / Plástico / Metal / Vidrio,,,Zapiola 1036,Colegiales,13,POINT (-148.99674878448582 -46.46429259475328)
1125,Contenedor Verde,Contenedor Verde,Papel / Cartón / Plástico / Metal / Vidrio,,,Zapiola 1228,Colegiales,13,POINT (-148.99557235178668 -46.46288537650664)
1126,Contenedor Verde,Contenedor Verde,Papel / Cartón / Plástico / Metal / Vidrio,,,Zapiola 1480,Colegiales,13,POINT (-148.99438042450635 -46.46159523003746)
1127,Contenedor Verde,Contenedor Verde,Papel / Cartón / Plástico / Metal / Vidrio,,,Zapiola 420,Colegiales,13,POINT (-148.99988874096795 -46.46817505795962)
1128,Contenedor Verde,Contenedor Verde,Papel / Cartón / Plástico / Metal / Vidrio,,,Zapiola 582,Colegiales,13,POINT (-148.99936464470755 -46.46741857364415)
1129,Contenedor Verde,Contenedor Verde,Papel / Cartón / Plástico / Metal / Vidrio,,,Zapiola 872,Colegiales,13,POINT (-148.99799998531557 -46.465619771039236)
1130,Contenedor Verde,Contenedor Verde,Papel / Cartón / Plástico / Metal / Vidrio,,,Pavon|1792|pr3155,Constitucion,1,POINT (-149.05046142311488 -46.501951052372455)
1131,Contenedor Verde,Contenedor Verde,Papel / Cartón / Plástico / Metal / Vidrio,,,Pavon|1466|pr3154,Constitucion,1,POINT (-149.05020198581408 -46.50458675240781)
1132,Contenedor Verde,Contenedor Verde,Papel / Cartón / Plástico / Metal / Vidrio,,,San Juan Av.|1370|pr2519|,Constitucion,1,POINT (-149.04625909865345 -46.505251416142976)
1133,Contenedor Verde,Contenedor Verde,Papel / Cartón / Plástico / Metal / Vidrio,,,San Juan Av.|1768|pr4199,Constitucion,1,POINT (-149.0467122018709 -46.50197903048528)
1134,Contenedor Verde,Contenedor Verde,Papel / Cartón / Plástico / Metal / Vidrio,,,San Juan Av.|1554|pr3214,Constitucion,1,POINT (-149.04647146413285 -46.503698338392255)
1135,Contenedor Verde,Contenedor Verde,Papel / Cartón / Plástico / Metal / Vidrio,,,"Saenz Pe?a, Luis, Pres.|1079|pr3210",Constitucion,1,POINT (-149.04470315998756 -46.5040907054247)
1136,Contenedor Verde,Contenedor Verde,Papel / Cartón / Plástico / Metal / Vidrio,,,Salta|954|pr3134,Constitucion,1,POINT (-149.0428390742004 -46.50667059025936)
1137,Contenedor Verde,Contenedor Verde,Papel / Cartón / Plástico / Metal / Vidrio,,,Pavon|1246|pr3221|,Constitucion,1,POINT (-149.04999641143615 -46.506559248377876)
1138,Contenedor Verde,Contenedor Verde,Papel / Cartón / Plástico / Metal / Vidrio,,,Solis|855|pr3206,Constitucion,1,POINT (-149.04230069079233 -46.502217186817454)
1139,Contenedor Verde,Contenedor Verde,Papel / Cartón / Plástico / Metal / Vidrio,,,"Irigoyen, Bernardo De|1618|pr1334|",Constitucion,1,POINT (-149.0516155018839 -46.50958009621282)
1140,Contenedor Verde,Contenedor Verde,Papel / Cartón / Plástico / Metal / Vidrio,,,"Irigoyen, Bernardo De|826|pr1077|",Constitucion,1,POINT (-149.0412840658089 -46.50851753245509)
1141,Contenedor Verde,Contenedor Verde,Papel / Cartón / Plástico / Metal / Vidrio,,,"Irigoyen, Bernardo De|1368|pr3222",Constitucion,1,POINT (-149.0484646571171 -46.50886377925083)
1142,Contenedor Verde,Contenedor Verde,Papel / Cartón / Plástico / Metal / Vidrio,,,Independencia Av.|1470|pr3626,Constitucion,1,POINT (-149.0415962134574 -46.50422198291834)
1143,Contenedor Verde,Contenedor Verde,Papel / Cartón / Plástico / Metal / Vidrio,,,Independencia Av.|1327|pr3199,Constitucion,1,POINT (-149.0412822603589 -46.50558315018617)
1144,Contenedor Verde,Contenedor Verde,Papel / Cartón / Plástico / Metal / Vidrio,,,Independencia Av.|1181|pr3128,Constitucion,1,POINT (-149.0411640740612 -46.50678851368266)
1145,Contenedor Verde,Contenedor Verde,Papel / Cartón / Plástico / Metal / Vidrio,,,Humberto 1?|1379|pr3157,Constitucion,1,POINT (-149.04482773426935 -46.505213693109496)
1146,Contenedor Verde,Contenedor Verde,Papel / Cartón / Plástico / Metal / Vidrio,,,Humberto 1?|1171|pr3138,Constitucion,1,POINT (-149.04462641887378 -46.50697223975492)
1147,Contenedor Verde,Contenedor Verde,Papel / Cartón / Plástico / Metal / Vidrio,,,Humberto 1? 1823,Constitucion,1,POINT (-149.04543001276127 -46.501273770569476)
1148,Contenedor Verde,Contenedor Verde,Papel / Cartón / Plástico / Metal / Vidrio,,,"Garay, Juan De Av.|1648|pr3227",Constitucion,1,POINT (-149.0513837924765 -46.50324216028221)
1149,Contenedor Verde,Contenedor Verde,Papel / Cartón / Plástico / Metal / Vidrio,,,"Garay, Juan De Av.|1307|pr3156",Constitucion,1,POINT (-149.0510329833184 -46.50589271408493)
1150,Contenedor Verde,Contenedor Verde,Papel / Cartón / Plástico / Metal / Vidrio,,,Estados Unidos|868|pr2999,Constitucion,1,POINT (-149.04204585305962 -46.509438457878055)
1151,Contenedor Verde,Contenedor Verde,Papel / Cartón / Plástico / Metal / Vidrio,,,Estados Unidos|1232|pr3753|,Constitucion,1,POINT (-149.0422197434292 -46.50631714310145)
1152,Contenedor Verde,Contenedor Verde,Papel / Cartón / Plástico / Metal / Vidrio,,,Estados Unidos|1678|pr4195,Constitucion,1,POINT (-149.0427150070249 -46.502494188038035)
1153,Contenedor Verde,Contenedor Verde,Papel / Cartón / Plástico / Metal / Vidrio,,,Entre Rios Av.|2052|pr4215|,Constitucion,1,POINT (-149.05646596822837 -46.502344422812875)
1154,Contenedor Verde,Contenedor Verde,Papel / Cartón / Plástico / Metal / Vidrio,,,Entre Rios Av.|1686|pr1465|,Constitucion,1,POINT (-149.05214119425426 -46.501983969439564)
1155,Contenedor Verde,Contenedor Verde,Papel / Cartón / Plástico / Metal / Vidrio,,,"Echague, Pedro|1728|pr3228",Constitucion,1,POINT (-149.05467284347966 -46.502705227465725)
1156,Contenedor Verde,Contenedor Verde,Papel / Cartón / Plástico / Metal / Vidrio,,,"Echague, Pedro|1578|pr3160",Constitucion,1,POINT (-149.05438492695743 -46.50397090086023)
1157,Contenedor Verde,Contenedor Verde,Papel / Cartón / Plástico / Metal / Vidrio,,,"Echague, Pedro|1308|pr3275",Constitucion,1,POINT (-149.05405577526753 -46.50596173440912)
1158,Contenedor Verde,Contenedor Verde,Papel / Cartón / Plástico / Metal / Vidrio,,,Constitucion|1771|pr3153,Constitucion,1,POINT (-149.04917470078212 -46.502079602662334)
1159,Contenedor Verde,Contenedor Verde,Papel / Cartón / Plástico / Metal / Vidrio,,,Cochabamba|1652|pr3150|,Constitucion,1,POINT (-149.047922703293 -46.503058532405404)
1160,Contenedor Verde,Contenedor Verde,Papel / Cartón / Plástico / Metal / Vidrio,,,Constitucion|1615|pr3152,Constitucion,1,POINT (-149.04892329792736 -46.503271988066814)
1161,Contenedor Verde,Contenedor Verde,Papel / Cartón / Plástico / Metal / Vidrio,,,Cochabamba|1456|pr3234,Constitucion,1,POINT (-149.04793504824963 -46.50465681146087)
1162,Contenedor Verde,Contenedor Verde,Papel / Cartón / Plástico / Metal / Vidrio,,,Cochabamba|1236|pr3147,Constitucion,1,POINT (-149.0478336077451 -46.50641644255464)
1163,Contenedor Verde,Contenedor Verde,Papel / Cartón / Plástico / Metal / Vidrio,,,"Cevallos, Virrey|1407|pr1501|",Constitucion,1,POINT (-149.04907045643722 -46.50346970119125)
1164,Contenedor Verde,Contenedor Verde,Papel / Cartón / Plástico / Metal / Vidrio,,,"Calvo, Carlos|953|pr3133",Constitucion,1,POINT (-149.04327472432206 -46.50879755921005)
1165,Contenedor Verde,Contenedor Verde,Papel / Cartón / Plástico / Metal / Vidrio,,,"Calvo, Carlos|1427|pr3135",Constitucion,1,POINT (-149.04355393632932 -46.504674152310976)
1166,Contenedor Verde,Contenedor Verde,Papel / Cartón / Plástico / Metal / Vidrio,,,Brasil|1246|pr3226,Constitucion,1,POINT (-149.05215196247138 -46.5063365285957)
1167,Contenedor Verde,Contenedor Verde,Papel / Cartón / Plástico / Metal / Vidrio,,,Brasil Av.|964|pr3697,Constitucion,1,POINT (-149.05123452261702 -46.50969718809444)
1168,Contenedor Verde,Contenedor Verde,Papel / Cartón / Plástico / Metal / Vidrio,,,15 De Noviembre De 1889|1251|pr3229,Constitucion,1,POINT (-149.05510333992225 -46.506466828571895)
1169,Contenedor Verde,Contenedor Verde,Papel / Cartón / Plástico / Metal / Vidrio,,,15 De Noviembre De 1889|1669|pr3162,Constitucion,1,POINT (-149.05567252206595 -46.50343329245807)
1170,Contenedor Verde,Contenedor Verde,Papel / Cartón / Plástico / Metal / Vidrio,,,15 De Noviembre De 1889|1448|pr3161,Constitucion,1,POINT (-149.05548026199284 -46.5049040651192)
1171,Contenedor Verde,Contenedor Verde,Papel / Cartón / Plástico / Metal / Vidrio,,,Franklin 1926,Flores,7,POINT (-149.04067650295417 -46.459363695580244)
1172,Contenedor Verde,Contenedor Verde,Papel / Cartón / Plástico / Metal / Vidrio,,,Franklin 2140,Flores,7,POINT (-149.0417786060817 -46.4577080733165)
1173,Contenedor Verde,Contenedor Verde,Papel / Cartón / Plástico / Metal / Vidrio,,,Franklin 2330,Flores,7,POINT (-149.04275713328994 -46.456448788299404)
1174,Contenedor Verde,Contenedor Verde,Papel / Cartón / Plástico / Metal / Vidrio,,,Remedios 2737,Flores,7,POINT (-149.06323106757418 -46.45817777791518)
1175,Contenedor Verde,Contenedor Verde,Papel / Cartón / Plástico / Metal / Vidrio,,,Remedios 2953,Flores,7,POINT (-149.06411284803522 -46.4563918519077)
1176,Contenedor Verde,Contenedor Verde,Papel / Cartón / Plástico / Metal / Vidrio,,,Remedios 3177,Flores,7,POINT (-149.06491769580825 -46.454767903730485)
1177,Contenedor Verde,Contenedor Verde,Papel / Cartón / Plástico / Metal / Vidrio,,,Saraza 2332,Flores,7,POINT (-149.07013921257393 -46.46838333886011)
1178,Contenedor Verde,Contenedor Verde,Papel / Cartón / Plástico / Metal / Vidrio,,,"Bonorino, Esteban, Cnel. Av. 2100 r",Flores,7,POINT (-149.07396665966033 -46.471786354440106)
1179,Contenedor Verde,Contenedor Verde,Papel / Cartón / Plástico / Metal / Vidrio,,,"Alberdi, Juan Bautista Av. 1925",Flores,7,POINT (-149.05488574852563 -46.46316345980246)
1180,Contenedor Verde,Contenedor Verde,Papel / Cartón / Plástico / Metal / Vidrio,,,"Alberdi, Juan Bautista Av. 2145",Flores,7,POINT (-149.05570169348138 -46.46178655287145)
1181,Contenedor Verde,Contenedor Verde,Papel / Cartón / Plástico / Metal / Vidrio,,,"Alberdi, Juan Bautista Av. 2345",Flores,7,POINT (-149.05662904625052 -46.46019476522318)
1182,Contenedor Verde,Contenedor Verde,Papel / Cartón / Plástico / Metal / Vidrio,,,"Alberdi, Juan Bautista Av. 2555",Flores,7,POINT (-149.05765103751682 -46.4583942050477)
1183,Contenedor Verde,Contenedor Verde,Papel / Cartón / Plástico / Metal / Vidrio,,,"Alberdi, Juan Bautista Av. 2787",Flores,7,POINT (-149.0587215580643 -46.456530121997034)
1184,Contenedor Verde,Contenedor Verde,Papel / Cartón / Plástico / Metal / Vidrio,,,"Alberdi, Juan Bautista Av. 2959",Flores,7,POINT (-149.05948553675586 -46.4550541407716)
1185,Contenedor Verde,Contenedor Verde,Papel / Cartón / Plástico / Metal / Vidrio,,,"Alberdi, Juan Bautista Av. 3141",Flores,7,POINT (-149.0602908751387 -46.4536745656571)
1186,Contenedor Verde,Contenedor Verde,Papel / Cartón / Plástico / Metal / Vidrio,,,"Alvarez, Crisostomo 2711",Flores,7,POINT (-149.0704033190376 -46.46353811562994)
1187,Contenedor Verde,Contenedor Verde,Papel / Cartón / Plástico / Metal / Vidrio,,,"Alvarez, Crisostomo 2811",Flores,7,POINT (-149.07132443446136 -46.4628577742871)
1188,Contenedor Verde,Contenedor Verde,Papel / Cartón / Plástico / Metal / Vidrio,,,"Alvarez, Crisostomo 2985",Flores,7,POINT (-149.07256726246047 -46.46193853236668)
1189,Contenedor Verde,Contenedor Verde,Papel / Cartón / Plástico / Metal / Vidrio,,,"Alvarez, Crisostomo 3173",Flores,7,POINT (-149.07420050746686 -46.4607020947078)
1190,Contenedor Verde,Contenedor Verde,Papel / Cartón / Plástico / Metal / Vidrio,,,"Alvarez, Crisostomo 3347",Flores,7,POINT (-149.07564633164816 -46.459758927135525)
1191,Contenedor Verde,Contenedor Verde,Papel / Cartón / Plástico / Metal / Vidrio,,,Andres Lamas 1001,Flores,7,POINT (-149.04086046707906 -46.45883282100472)
1192,Contenedor Verde,Contenedor Verde,Papel / Cartón / Plástico / Metal / Vidrio,,,"Aranguren, Juan F., Dr. 1915",Flores,7,POINT (-149.04587948509084 -46.46122731301974)
1193,Contenedor Verde,Contenedor Verde,Papel / Cartón / Plástico / Metal / Vidrio,,,"Aranguren, Juan F., Dr. 2015",Flores,7,POINT (-149.04662962990705 -46.46007147647523)
1194,Contenedor Verde,Contenedor Verde,Papel / Cartón / Plástico / Metal / Vidrio,,,"Aranguren, Juan F., Dr. 2211",Flores,7,POINT (-149.04757648700266 -46.458740271907246)
1195,Contenedor Verde,Contenedor Verde,Papel / Cartón / Plástico / Metal / Vidrio,,,"Aranguren, Juan F., Dr. 2551",Flores,7,POINT (-149.04913743355877 -46.456136697733044)
1196,Contenedor Verde,Contenedor Verde,Papel / Cartón / Plástico / Metal / Vidrio,,,"Aranguren, Juan F., Dr. 2833",Flores,7,POINT (-149.05048526049495 -46.453827084528996)
1197,Contenedor Verde,Contenedor Verde,Papel / Cartón / Plástico / Metal / Vidrio,,,"Aranguren, Juan F., Dr. 3053",Flores,7,POINT (-149.05145957446496 -46.451939203815876)
1198,Contenedor Verde,Contenedor Verde,Papel / Cartón / Plástico / Metal / Vidrio,,,Argerich 464,Flores,7,POINT (-149.0530643010538 -46.452850987334024)
1199,Contenedor Verde,Contenedor Verde,Papel / Cartón / Plástico / Metal / Vidrio,,,Asamblea Av. 1814,Flores,7,POINT (-149.06499763283463 -46.46699080609122)
1200,Contenedor Verde,Contenedor Verde,Papel / Cartón / Plástico / Metal / Vidrio,,,Asamblea Av. 2144,Flores,7,POINT (-149.0685190645692 -46.46527634121791)
1201,Contenedor Verde,Contenedor Verde,Papel / Cartón / Plástico / Metal / Vidrio,,,Avellaneda Av. 1944,Flores,7,POINT (-149.0473857110518 -46.461434961714865)
1202,Contenedor Verde,Contenedor Verde,Papel / Cartón / Plástico / Metal / Vidrio,,,Avellaneda Av. 2146,Flores,7,POINT (-149.04857235620872 -46.45960362882862)
1203,Contenedor Verde,Contenedor Verde,Papel / Cartón / Plástico / Metal / Vidrio,,,Avellaneda Av. 2340,Flores,7,POINT (-149.04942277955035 -46.45829779635494)
1204,Contenedor Verde,Contenedor Verde,Papel / Cartón / Plástico / Metal / Vidrio,,,Avellaneda Av. 2558,Flores,7,POINT (-149.05050065870017 -46.45650359930877)
1205,Contenedor Verde,Contenedor Verde,Papel / Cartón / Plástico / Metal / Vidrio,,,Avellaneda Av. 2748,Flores,7,POINT (-149.05142756759045 -46.45491974910602)
1206,Contenedor Verde,Contenedor Verde,Papel / Cartón / Plástico / Metal / Vidrio,,,Bacacay 1827,Flores,7,POINT (-149.04953171568872 -46.462221051795865)
1207,Contenedor Verde,Contenedor Verde,Papel / Cartón / Plástico / Metal / Vidrio,,,Bacacay 2145,Flores,7,POINT (-149.05072830858074 -46.46037551622886)
1208,Contenedor Verde,Contenedor Verde,Papel / Cartón / Plástico / Metal / Vidrio,,,Bacacay 2319,Flores,7,POINT (-149.05156591818144 -46.45905943899112)
1209,Contenedor Verde,Contenedor Verde,Papel / Cartón / Plástico / Metal / Vidrio,,,Bacacay 2511,Flores,7,POINT (-149.05243591700278 -46.457397890079456)
1210,Contenedor Verde,Contenedor Verde,Papel / Cartón / Plástico / Metal / Vidrio,,,Bacacay 2787,Flores,7,POINT (-149.05369888485458 -46.45516755631395)
1211,Contenedor Verde,Contenedor Verde,Papel / Cartón / Plástico / Metal / Vidrio,,,Balbastro 2237,Flores,7,POINT (-149.06841007175115 -46.46833955637243)
1212,Contenedor Verde,Contenedor Verde,Papel / Cartón / Plástico / Metal / Vidrio,,,Balbastro 2691,Flores,7,POINT (-149.0726281651889 -46.46534084541011)
1213,Contenedor Verde,Contenedor Verde,Papel / Cartón / Plástico / Metal / Vidrio,,,Balbastro 2791,Flores,7,POINT (-149.07257038062994 -46.46435407894816)
1214,Contenedor Verde,Contenedor Verde,Papel / Cartón / Plástico / Metal / Vidrio,,,Balbastro 2855,Flores,7,POINT (-149.07329178612616 -46.463610128121715)
1215,Contenedor Verde,Contenedor Verde,Papel / Cartón / Plástico / Metal / Vidrio,,,Balbastro 2933,Flores,7,POINT (-149.07400266276292 -46.46325129365444)
1216,Contenedor Verde,Contenedor Verde,Papel / Cartón / Plástico / Metal / Vidrio,,,"Bilbao, Francisco 2187",Flores,7,POINT (-149.05922810548225 -46.462516943817974)
1217,Contenedor Verde,Contenedor Verde,Papel / Cartón / Plástico / Metal / Vidrio,,,"Bilbao, Francisco 2381",Flores,7,POINT (-149.0604095759283 -46.46094808535777)
1218,Contenedor Verde,Contenedor Verde,Papel / Cartón / Plástico / Metal / Vidrio,,,"Bilbao, Francisco 2595",Flores,7,POINT (-149.06240729311025 -46.45975586089848)
1219,Contenedor Verde,Contenedor Verde,Papel / Cartón / Plástico / Metal / Vidrio,,,"Bilbao, Francisco Av. 3095",Flores,7,POINT (-149.06515108610722 -46.45736988052406)
1220,Contenedor Verde,Contenedor Verde,Papel / Cartón / Plástico / Metal / Vidrio,,,"Bilbao, Francisco Av. 3185",Flores,7,POINT (-149.0660747520554 -46.45659619732348)
1221,Contenedor Verde,Contenedor Verde,Papel / Cartón / Plástico / Metal / Vidrio,,,Bogota 1812,Flores,7,POINT (-149.04768129788252 -46.46301741692083)
1222,Contenedor Verde,Contenedor Verde,Papel / Cartón / Plástico / Metal / Vidrio,,,Bogota 2216,Flores,7,POINT (-149.04996609455287 -46.459512890887545)
1223,Contenedor Verde,Contenedor Verde,Papel / Cartón / Plástico / Metal / Vidrio,,,Bogota 2472,Flores,7,POINT (-149.05114049512247 -46.457466257322594)
1224,Contenedor Verde,Contenedor Verde,Papel / Cartón / Plástico / Metal / Vidrio,,,Bogota 2656,Flores,7,POINT (-149.0520345393874 -46.45594564030383)
1225,Contenedor Verde,Contenedor Verde,Papel / Cartón / Plástico / Metal / Vidrio,,,Bogota 2850,Flores,7,POINT (-149.0529176484429 -46.45445492063546)
1226,Contenedor Verde,Contenedor Verde,Papel / Cartón / Plástico / Metal / Vidrio,,,Bogota 3110,Flores,7,POINT (-149.05415824497072 -46.45217408603054)
1227,Contenedor Verde,Contenedor Verde,Papel / Cartón / Plástico / Metal / Vidrio,,,Bolivia 1001,Flores,7,POINT (-149.0451487167803 -46.45465037283924)
1228,Contenedor Verde,Contenedor Verde,Papel / Cartón / Plástico / Metal / Vidrio,,,"Bonifacio, Jose 1871",Flores,7,POINT (-149.05577127260796 -46.463981243512364)
1229,Contenedor Verde,Contenedor Verde,Papel / Cartón / Plástico / Metal / Vidrio,,,"Bonifacio, Jose 2075",Flores,7,POINT (-149.05653496151342 -46.462715769078535)
1230,Contenedor Verde,Contenedor Verde,Papel / Cartón / Plástico / Metal / Vidrio,,,"Bonifacio, Jose 2291",Flores,7,POINT (-149.0574764788438 -46.461134362814406)
1231,Contenedor Verde,Contenedor Verde,Papel / Cartón / Plástico / Metal / Vidrio,,,"Bonifacio, Jose 2649",Flores,7,POINT (-149.05927694057448 -46.45795809426942)
1232,Contenedor Verde,Contenedor Verde,Papel / Cartón / Plástico / Metal / Vidrio,,,"Bonifacio, Jose 2895",Flores,7,POINT (-149.0603562843681 -46.45607231557429)
1233,Contenedor Verde,Contenedor Verde,Papel / Cartón / Plástico / Metal / Vidrio,,,"Bonifacio, Jose 3095",Flores,7,POINT (-149.06129192618752 -46.45447949978746)
1234,Contenedor Verde,Contenedor Verde,Papel / Cartón / Plástico / Metal / Vidrio,,,"Bonorino, Esteban, Cnel. Av 1250",Flores,7,POINT (-149.06695697320146 -46.46648210588064)
1235,Contenedor Verde,Contenedor Verde,Papel / Cartón / Plástico / Metal / Vidrio,,,Calcena 270,Flores,7,POINT (-149.04842482808684 -46.46247892175419)
1236,Contenedor Verde,Contenedor Verde,Papel / Cartón / Plástico / Metal / Vidrio,,,Camacua 340,Flores,7,POINT (-149.05717300075085 -46.46261388678387)
1237,Contenedor Verde,Contenedor Verde,Papel / Cartón / Plástico / Metal / Vidrio,,,Condarco 536,Flores,7,POINT (-149.0506374469727 -46.45513771987455)
1238,Contenedor Verde,Contenedor Verde,Papel / Cartón / Plástico / Metal / Vidrio,,,Condarco 780,Flores,7,POINT (-149.0481421690688 -46.45447015975395)
1239,Contenedor Verde,Contenedor Verde,Papel / Cartón / Plástico / Metal / Vidrio,,,"Diaz, Avelino 2144",Flores,7,POINT (-149.06690570512137 -46.46827408417223)
1240,Contenedor Verde,Contenedor Verde,Papel / Cartón / Plástico / Metal / Vidrio,,,"Diaz, Avelino 2348",Flores,7,POINT (-149.06911572385505 -46.46689860594228)
1241,Contenedor Verde,Contenedor Verde,Papel / Cartón / Plástico / Metal / Vidrio,,,"Diaz, Avelino 2552",Flores,7,POINT (-149.0709314358952 -46.465741252212474)
1242,Contenedor Verde,Contenedor Verde,Papel / Cartón / Plástico / Metal / Vidrio,,,Directorio Av. 2356,Flores,7,POINT (-149.0591294458237 -46.46076537973935)
1243,Contenedor Verde,Contenedor Verde,Papel / Cartón / Plástico / Metal / Vidrio,,,Directorio Av. 2560,Flores,7,POINT (-149.0600984041386 -46.45906299562328)
1244,Contenedor Verde,Contenedor Verde,Papel / Cartón / Plástico / Metal / Vidrio,,,Directorio Av. 2748,Flores,7,POINT (-149.06097535732246 -46.45749781502569)
1245,Contenedor Verde,Contenedor Verde,Papel / Cartón / Plástico / Metal / Vidrio,,,Directorio Av. 2950,Flores,7,POINT (-149.06188090644494 -46.45588327162298)
1246,Contenedor Verde,Contenedor Verde,Papel / Cartón / Plástico / Metal / Vidrio,,,Directorio Av. 3122,Flores,7,POINT (-149.06266174799623 -46.45448984547542)
1247,Contenedor Verde,Contenedor Verde,Papel / Cartón / Plástico / Metal / Vidrio,,,Echeandia 2730,Flores,7,POINT (-149.06860346658058 -46.462208452782214)
1248,Contenedor Verde,Contenedor Verde,Papel / Cartón / Plástico / Metal / Vidrio,,,Echeandia 2988,Flores,7,POINT (-149.0706930511091 -46.46067089501468)
1249,Contenedor Verde,Contenedor Verde,Papel / Cartón / Plástico / Metal / Vidrio,,,"Falcon, Ramon., Cnel. 1856",Flores,7,POINT (-149.05337692478716 -46.46345431238544)
1250,Contenedor Verde,Contenedor Verde,Papel / Cartón / Plástico / Metal / Vidrio,,,"Falcon, Ramon., Cnel. 2008",Flores,7,POINT (-149.0540752078888 -46.46230247001596)
1251,Contenedor Verde,Contenedor Verde,Papel / Cartón / Plástico / Metal / Vidrio,,,"Falcon, Ramon., Cnel. 2287",Flores,7,POINT (-149.05513177279292 -46.460363092574944)
1252,Contenedor Verde,Contenedor Verde,Papel / Cartón / Plástico / Metal / Vidrio,,,"Falcon, Ramon., Cnel. 2626",Flores,7,POINT (-149.0568824553833 -46.457462229293114)
1253,Contenedor Verde,Contenedor Verde,Papel / Cartón / Plástico / Metal / Vidrio,,,"Falcon, Ramon., Cnel. 2834",Flores,7,POINT (-149.05776871472816 -46.45592836124013)
1254,Contenedor Verde,Contenedor Verde,Papel / Cartón / Plástico / Metal / Vidrio,,,"Falcon, Ramon., Cnel. 3056",Flores,7,POINT (-149.0587710145751 -46.45404053843124)
1255,Contenedor Verde,Contenedor Verde,Papel / Cartón / Plástico / Metal / Vidrio,,,"Fernandez Moreno, Baldomero 2107",Flores,7,POINT (-149.06065070429534 -46.4641921859651)
1256,Contenedor Verde,Contenedor Verde,Papel / Cartón / Plástico / Metal / Vidrio,,,"Fernandez Moreno, Baldomero 2337",Flores,7,POINT (-149.0618344203401 -46.462700586066)
1257,Contenedor Verde,Contenedor Verde,Papel / Cartón / Plástico / Metal / Vidrio,,,"Fernandez Moreno, Baldomero 2391",Flores,7,POINT (-149.06292944480705 -46.46205333206791)
1258,Contenedor Verde,Contenedor Verde,Papel / Cartón / Plástico / Metal / Vidrio,,,"Fernandez Moreno, Baldomero 2525",Flores,7,POINT (-149.0641624557595 -46.461351604066905)
1259,Contenedor Verde,Contenedor Verde,Papel / Cartón / Plástico / Metal / Vidrio,,,"Fernandez Moreno, Baldomero 2705",Flores,7,POINT (-149.06526547164228 -46.46058353041082)
1260,Contenedor Verde,Contenedor Verde,Papel / Cartón / Plástico / Metal / Vidrio,,,"Fernandez Moreno, Baldomero 3095",Flores,7,POINT (-149.06725435674687 -46.459041214242056)
1261,Contenedor Verde,Contenedor Verde,Papel / Cartón / Plástico / Metal / Vidrio,,,"Fernandez Moreno, Baldomero 3249",Flores,7,POINT (-149.06877389462977 -46.457753452430445)
1262,Contenedor Verde,Contenedor Verde,Papel / Cartón / Plástico / Metal / Vidrio,,,Fray Cayetano Rodriguez 1101,Flores,7,POINT (-149.04337908866708 -46.45544092987646)
1263,Contenedor Verde,Contenedor Verde,Papel / Cartón / Plástico / Metal / Vidrio,,,Gavilan 1101,Flores,7,POINT (-149.0419584505505 -46.457264967781946)
1264,Contenedor Verde,Contenedor Verde,Papel / Cartón / Plástico / Metal / Vidrio,,,"Goyena, Pedro Av. 1750",Flores,7,POINT (-149.05418352126694 -46.464755119833995)
1265,Contenedor Verde,Contenedor Verde,Papel / Cartón / Plástico / Metal / Vidrio,,,"Laferrere, Gregorio 2242",Flores,7,POINT (-149.06019602904 -46.46307104237229)
1266,Contenedor Verde,Contenedor Verde,Papel / Cartón / Plástico / Metal / Vidrio,,,"Laferrere, Gregorio 2370",Flores,7,POINT (-149.06156902227906 -46.461926826548826)
1267,Contenedor Verde,Contenedor Verde,Papel / Cartón / Plástico / Metal / Vidrio,,,"Laferrere, Gregorio 2430",Flores,7,POINT (-149.06261816191125 -46.46127740434547)
1268,Contenedor Verde,Contenedor Verde,Papel / Cartón / Plástico / Metal / Vidrio,,,"Laferrere, Gregorio 2640",Flores,7,POINT (-149.06386373316076 -46.46021820633151)
1269,Contenedor Verde,Contenedor Verde,Papel / Cartón / Plástico / Metal / Vidrio,,,"Laferrere, Gregorio 2896",Flores,7,POINT (-149.06507094637706 -46.459271227476215)
1270,Contenedor Verde,Contenedor Verde,Papel / Cartón / Plástico / Metal / Vidrio,,,"Laferrere, Gregorio 3262",Flores,7,POINT (-149.06701441913557 -46.457690483102816)
1271,Contenedor Verde,Contenedor Verde,Papel / Cartón / Plástico / Metal / Vidrio,,,"Laferrere, Gregorio 3460",Flores,7,POINT (-149.06858116372493 -46.456329882918034)
1272,Contenedor Verde,Contenedor Verde,Papel / Cartón / Plástico / Metal / Vidrio,,,Lafuente Av. 1560,Flores,7,POINT (-149.0744426759479 -46.46280851307916)
1273,Contenedor Verde,Contenedor Verde,Papel / Cartón / Plástico / Metal / Vidrio,,,Manco Capac 1505,Flores,7,POINT (-149.07439924691894 -46.46208308557692)
1274,Contenedor Verde,Contenedor Verde,Papel / Cartón / Plástico / Metal / Vidrio,,,"Marti, Jose 1454",Flores,7,POINT (-149.07256415408307 -46.46009531346661)
1275,Contenedor Verde,Contenedor Verde,Papel / Cartón / Plástico / Metal / Vidrio,,,"Marti, Jose 750",Flores,7,POINT (-149.06644026146142 -46.45573980213615)
1276,Contenedor Verde,Contenedor Verde,Papel / Cartón / Plástico / Metal / Vidrio,,,Membrillar 538,Flores,7,POINT (-149.06029316841267 -46.46179196490136)
1277,Contenedor Verde,Contenedor Verde,Papel / Cartón / Plástico / Metal / Vidrio,,,Membrillar 716,Flores,7,POINT (-149.06257188974908 -46.462505715476254)
1278,Contenedor Verde,Contenedor Verde,Papel / Cartón / Plástico / Metal / Vidrio,,,Mendez De Andes 1870,Flores,7,POINT (-149.04484463948296 -46.4608882322812)
1279,Contenedor Verde,Contenedor Verde,Papel / Cartón / Plástico / Metal / Vidrio,,,Moron 2370,Flores,7,POINT (-149.04721191460527 -46.457414816509726)
1280,Contenedor Verde,Contenedor Verde,Papel / Cartón / Plástico / Metal / Vidrio,,,Moron 2968,Flores,7,POINT (-149.05016008560955 -46.452378622842495)
1281,Contenedor Verde,Contenedor Verde,Papel / Cartón / Plástico / Metal / Vidrio,,,Moron 3122,Flores,7,POINT (-149.0506834944383 -46.45125622273217)
1282,Contenedor Verde,Contenedor Verde,Papel / Cartón / Plástico / Metal / Vidrio,,,Neuquen 1996,Flores,7,POINT (-149.04164131697993 -46.459970388689115)
1283,Contenedor Verde,Contenedor Verde,Papel / Cartón / Plástico / Metal / Vidrio,,,Neuquen 2148,Flores,7,POINT (-149.04240447651011 -46.45864588936078)
1284,Contenedor Verde,Contenedor Verde,Papel / Cartón / Plástico / Metal / Vidrio,,,Neuquen 2246,Flores,7,POINT (-149.04313638095405 -46.45770773826292)
1285,Contenedor Verde,Contenedor Verde,Papel / Cartón / Plástico / Metal / Vidrio,,,Neuquen 2408,Flores,7,POINT (-149.0443576530211 -46.456142995415064)
1286,Contenedor Verde,Contenedor Verde,Papel / Cartón / Plástico / Metal / Vidrio,,,Neuquen 2540,Flores,7,POINT (-149.04498771275635 -46.45517709951231)
1287,Contenedor Verde,Contenedor Verde,Papel / Cartón / Plástico / Metal / Vidrio,,,Neuquen 2756,Flores,7,POINT (-149.0460150062202 -46.45340718198451)
1288,Contenedor Verde,Contenedor Verde,Papel / Cartón / Plástico / Metal / Vidrio,,,Neuquen 2920,Flores,7,POINT (-149.04687220409673 -46.451935037473035)
1289,Contenedor Verde,Contenedor Verde,Papel / Cartón / Plástico / Metal / Vidrio,,,Neuquen 2951,Flores,7,POINT (-149.04695857996768 -46.45163883700904)
1290,Contenedor Verde,Contenedor Verde,Papel / Cartón / Plástico / Metal / Vidrio,,,Paez 1785,Flores,7,POINT (-149.04192354690574 -46.46095678919603)
1291,Contenedor Verde,Contenedor Verde,Papel / Cartón / Plástico / Metal / Vidrio,,,Paez 1959,Flores,7,POINT (-149.04299265006108 -46.45974222958032)
1292,Contenedor Verde,Contenedor Verde,Papel / Cartón / Plástico / Metal / Vidrio,,,Paez 2195,Flores,7,POINT (-149.04410000060747 -46.4579717102385)
1293,Contenedor Verde,Contenedor Verde,Papel / Cartón / Plástico / Metal / Vidrio,,,Paez 2395,Flores,7,POINT (-149.04510999578264 -46.45667064751384)
1294,Contenedor Verde,Contenedor Verde,Papel / Cartón / Plástico / Metal / Vidrio,,,Paez 2567,Flores,7,POINT (-149.04608318284582 -46.45521088051332)
1295,Contenedor Verde,Contenedor Verde,Papel / Cartón / Plástico / Metal / Vidrio,,,Paez 2607,Flores,7,POINT (-149.04630301207803 -46.45483259995314)
1296,Contenedor Verde,Contenedor Verde,Papel / Cartón / Plástico / Metal / Vidrio,,,Paez 2836,Flores,7,POINT (-149.04742872757564 -46.453039716360315)
1297,Contenedor Verde,Contenedor Verde,Papel / Cartón / Plástico / Metal / Vidrio,,,Paez 3040,Flores,7,POINT (-149.04837933951598 -46.451208223804116)
1298,Contenedor Verde,Contenedor Verde,Papel / Cartón / Plástico / Metal / Vidrio,,,Pedernera 134,Flores,7,POINT (-149.0566196811414 -46.45866506761471)
1299,Contenedor Verde,Contenedor Verde,Papel / Cartón / Plástico / Metal / Vidrio,,,Pergamino 1889,Flores,7,POINT (-149.07657713963928 -46.46087403385155)
1300,Contenedor Verde,Contenedor Verde,Papel / Cartón / Plástico / Metal / Vidrio,,,"Peron, Eva Av. 2159",Flores,7,POINT (-149.06363183250096 -46.46551841530461)
1301,Contenedor Verde,Contenedor Verde,Papel / Cartón / Plástico / Metal / Vidrio,,,"Peron, Eva Av. 2311",Flores,7,POINT (-149.06473134604255 -46.46450456187547)
1302,Contenedor Verde,Contenedor Verde,Papel / Cartón / Plástico / Metal / Vidrio,,,"Peron, Eva Av. 2494",Flores,7,POINT (-149.06648631207835 -46.46352917904524)
1303,Contenedor Verde,Contenedor Verde,Papel / Cartón / Plástico / Metal / Vidrio,,,"Peron, Eva Av. 2515",Flores,7,POINT (-149.06668747188615 -46.463207638126256)
1304,Contenedor Verde,Contenedor Verde,Papel / Cartón / Plástico / Metal / Vidrio,,,"Peron, Eva Av. 3051",Flores,7,POINT (-149.06874219120863 -46.46084368075239)
1305,Contenedor Verde,Contenedor Verde,Papel / Cartón / Plástico / Metal / Vidrio,,,Primera Junta 2050,Flores,7,POINT (-149.06156307280247 -46.464814513289056)
1306,Contenedor Verde,Contenedor Verde,Papel / Cartón / Plástico / Metal / Vidrio,,,Primera Junta 2282,Flores,7,POINT (-149.06228054079781 -46.46361277890345)
1307,Contenedor Verde,Contenedor Verde,Papel / Cartón / Plástico / Metal / Vidrio,,,Primera Junta 2322,Flores,7,POINT (-149.0626465968946 -46.46332407473838)
1308,Contenedor Verde,Contenedor Verde,Papel / Cartón / Plástico / Metal / Vidrio,,,Primera Junta 2393,Flores,7,POINT (-149.06377462026302 -46.46262529134237)
1309,Contenedor Verde,Contenedor Verde,Papel / Cartón / Plástico / Metal / Vidrio,,,Primera Junta 2442,Flores,7,POINT (-149.06434771239134 -46.46239637231692)
1310,Contenedor Verde,Contenedor Verde,Papel / Cartón / Plástico / Metal / Vidrio,,,Primera Junta 2670,Flores,7,POINT (-149.0659916914106 -46.46144843124788)
1311,Contenedor Verde,Contenedor Verde,Papel / Cartón / Plástico / Metal / Vidrio,,,Primera Junta 2980,Flores,7,POINT (-149.06728943217595 -46.46044583367551)
1312,Contenedor Verde,Contenedor Verde,Papel / Cartón / Plástico / Metal / Vidrio,,,Primera Junta 3230,Flores,7,POINT (-149.06888938049195 -46.45918060687027)
1313,Contenedor Verde,Contenedor Verde,Papel / Cartón / Plástico / Metal / Vidrio,,,Primera Junta 3492,Flores,7,POINT (-149.0706095515777 -46.4577116784474)
1314,Contenedor Verde,Contenedor Verde,Papel / Cartón / Plástico / Metal / Vidrio,,,Riestra 2201,Flores,7,POINT (-149.07443156340642 -46.47320614666927)
1315,Contenedor Verde,Contenedor Verde,Papel / Cartón / Plástico / Metal / Vidrio,,,Riestra Av. 2151,Flores,7,POINT (-149.07416762027 -46.47352674200856)
1316,Contenedor Verde,Contenedor Verde,Papel / Cartón / Plástico / Metal / Vidrio,,,Rivadavia Av. 6491,Flores,7,POINT (-149.05244411764 -46.46198197580351)
1317,Contenedor Verde,Contenedor Verde,Papel / Cartón / Plástico / Metal / Vidrio,,,Rivadavia Av. 6689,Flores,7,POINT (-149.05334218847258 -46.46079814196885)
1318,Contenedor Verde,Contenedor Verde,Papel / Cartón / Plástico / Metal / Vidrio,,,Rivadavia Av. 6805,Flores,7,POINT (-149.05396352145993 -46.459824895460756)
1319,Contenedor Verde,Contenedor Verde,Papel / Cartón / Plástico / Metal / Vidrio,,,Rivadavia Av. 7093,Flores,7,POINT (-149.05521925985224 -46.45742775843555)
1320,Contenedor Verde,Contenedor Verde,Papel / Cartón / Plástico / Metal / Vidrio,,,Rivadavia Av. 7257,Flores,7,POINT (-149.05593070970812 -46.45595298952341)
1321,Contenedor Verde,Contenedor Verde,Papel / Cartón / Plástico / Metal / Vidrio,,,Rivadavia Av. 7569,Flores,7,POINT (-149.05719510906246 -46.45346269444382)
1322,Contenedor Verde,Contenedor Verde,Papel / Cartón / Plástico / Metal / Vidrio,,,Rivadavia Av. 7661,Flores,7,POINT (-149.05751898633326 -46.452841135511086)
1323,Contenedor Verde,Contenedor Verde,Papel / Cartón / Plástico / Metal / Vidrio,,,Rivera Indarte Av. 229,Flores,7,POINT (-149.05736924043822 -46.45973251505146)
1324,Contenedor Verde,Contenedor Verde,Papel / Cartón / Plástico / Metal / Vidrio,,,Robertson 1194,Flores,7,POINT (-149.06775213903447 -46.46538289926671)
1325,Contenedor Verde,Contenedor Verde,Papel / Cartón / Plástico / Metal / Vidrio,,,San Pedrito 1555,Flores,7,POINT (-149.07323935006468 -46.46307899668913)
1326,Contenedor Verde,Contenedor Verde,Papel / Cartón / Plástico / Metal / Vidrio,,,Santander 2385,Flores,7,POINT (-149.06871525511139 -46.46599370692095)
1327,Contenedor Verde,Contenedor Verde,Papel / Cartón / Plástico / Metal / Vidrio,,,Santander 2495,Flores,7,POINT (-149.06936321150877 -46.465579203827616)
1328,Contenedor Verde,Contenedor Verde,Papel / Cartón / Plástico / Metal / Vidrio,,,Santander 3167,Flores,7,POINT (-149.07503851775564 -46.46138730548265)
1329,Contenedor Verde,Contenedor Verde,Papel / Cartón / Plástico / Metal / Vidrio,,,Saraza 2170,Flores,7,POINT (-149.06864944950067 -46.46932406633595)
1330,Contenedor Verde,Contenedor Verde,Papel / Cartón / Plástico / Metal / Vidrio,,,Saraza 2570,Flores,7,POINT (-149.07239180247288 -46.46704103047078)
1331,Contenedor Verde,Contenedor Verde,Papel / Cartón / Plástico / Metal / Vidrio,,,Tandil 2650,Flores,7,POINT (-149.06170247111922 -46.45857051606562)
1332,Contenedor Verde,Contenedor Verde,Papel / Cartón / Plástico / Metal / Vidrio,,,Tandil 2840,Flores,7,POINT (-149.06255207342898 -46.45704103272749)
1333,Contenedor Verde,Contenedor Verde,Papel / Cartón / Plástico / Metal / Vidrio,,,Tandil 3048,Flores,7,POINT (-149.0634965772795 -46.45534121200021)
1334,Contenedor Verde,Contenedor Verde,Papel / Cartón / Plástico / Metal / Vidrio,,,Terrada 1001,Flores,7,POINT (-149.04607852829557 -46.453013764083174)
1335,Contenedor Verde,Contenedor Verde,Papel / Cartón / Plástico / Metal / Vidrio,,,"Trelles, Manuel R. 1001",Flores,7,POINT (-149.03997052286098 -46.46025555431207)
1336,Contenedor Verde,Contenedor Verde,Papel / Cartón / Plástico / Metal / Vidrio,,,Tte Cnel Casimiro Recuero 2469,Flores,7,POINT (-149.06532770889248 -46.46292008487946)
1337,Contenedor Verde,Contenedor Verde,Papel / Cartón / Plástico / Metal / Vidrio,,,"Vallese, Felipe 1827",Flores,7,POINT (-149.0431833245014 -46.46092209500322)
1338,Contenedor Verde,Contenedor Verde,Papel / Cartón / Plástico / Metal / Vidrio,,,"Vallese, Felipe 2055",Flores,7,POINT (-149.04483945279736 -46.45910913660196)
1339,Contenedor Verde,Contenedor Verde,Papel / Cartón / Plástico / Metal / Vidrio,,,"Vallese, Felipe 2221",Flores,7,POINT (-149.04551126267083 -46.45805085976383)
1340,Contenedor Verde,Contenedor Verde,Papel / Cartón / Plástico / Metal / Vidrio,,,"Vallese, Felipe 2335",Flores,7,POINT (-149.04599225186854 -46.45731150215031)
1341,Contenedor Verde,Contenedor Verde,Papel / Cartón / Plástico / Metal / Vidrio,,,"Vallese, Felipe 2525",Flores,7,POINT (-149.04695767457528 -46.45583561308708)
1342,Contenedor Verde,Contenedor Verde,Papel / Cartón / Plástico / Metal / Vidrio,,,"Vallese, Felipe 2713",Flores,7,POINT (-149.0478471320916 -46.45424607399745)
1343,Contenedor Verde,Contenedor Verde,Papel / Cartón / Plástico / Metal / Vidrio,,,Velazquez 3168,Flores,7,POINT (-149.07590709751398 -46.462137105174286)
1344,Contenedor Verde,Contenedor Verde,Papel / Cartón / Plástico / Metal / Vidrio,,,Yerbal 1773,Flores,7,POINT (-149.0502249504988 -46.46317346837575)
1345,Contenedor Verde,Contenedor Verde,Papel / Cartón / Plástico / Metal / Vidrio,,,Yerbal 2045,Flores,7,POINT (-149.05152715477652 -46.46131235814125)
1346,Contenedor Verde,Contenedor Verde,Papel / Cartón / Plástico / Metal / Vidrio,,,Yerbal 2285,Flores,7,POINT (-149.05247281759068 -46.45994333009166)
1347,Contenedor Verde,Contenedor Verde,Papel / Cartón / Plástico / Metal / Vidrio,,,Yerbal 2755,Flores,7,POINT (-149.05463124081507 -46.45573642061555)
1348,Contenedor Verde,Contenedor Verde,Papel / Cartón / Plástico / Metal / Vidrio,,,Yerbal 2873,Flores,7,POINT (-149.05508923283838 -46.454782468995845)
1349,Contenedor Verde,Contenedor Verde,Papel / Cartón / Plástico / Metal / Vidrio,,,Yerbal 3149,Flores,7,POINT (-149.05614431301092 -46.452615417997016)
1350,Contenedor Verde,Contenedor Verde,Papel / Cartón / Plástico / Metal / Vidrio,,,Zuviria 2252,Flores,7,POINT (-149.06536472593962 -46.46573997034055)
1351,Contenedor Verde,Contenedor Verde,Papel / Cartón / Plástico / Metal / Vidrio,,,Zuviria 2372,Flores,7,POINT (-149.0667909275274 -46.46483051195127)
1352,Contenedor Verde,Contenedor Verde,Papel / Cartón / Plástico / Metal / Vidrio,,,Zuviria 2402,Flores,7,POINT (-149.0672237015222 -46.46456312145061)
1353,Contenedor Verde,Contenedor Verde,Papel / Cartón / Plástico / Metal / Vidrio,,,Zuviria 2568,Flores,7,POINT (-149.0682791032652 -46.463907153763536)
1354,Contenedor Verde,Contenedor Verde,Papel / Cartón / Plástico / Metal / Vidrio,,,Zuviria 2680,Flores,7,POINT (-149.06917727551885 -46.46330128582117)
1355,Contenedor Verde,Contenedor Verde,Papel / Cartón / Plástico / Metal / Vidrio,,,Zuviria 2840,Flores,7,POINT (-149.07076006913772 -46.46213146724859)
1356,Contenedor Verde,Contenedor Verde,Papel / Cartón / Plástico / Metal / Vidrio,,,Zuviria 3042,Flores,7,POINT (-149.07243174392772 -46.4608908674957)
1357,Contenedor Verde,Contenedor Verde,Papel / Cartón / Plástico / Metal / Vidrio,,,Zuviria 3254,Flores,7,POINT (-149.07419208484384 -46.45962354076356)
1358,Contenedor Verde,Contenedor Verde,Papel / Cartón / Plástico / Metal / Vidrio,,,Concordia 927,Floresta,10,POINT (-149.04848982073693 -46.448728322849725)
1359,Contenedor Verde,Contenedor Verde,Papel / Cartón / Plástico / Metal / Vidrio,,,Gaona Av. 4169,Floresta,10,POINT (-149.05027074262307 -46.44707524953208)
1360,Contenedor Verde,Contenedor Verde,Papel / Cartón / Plástico / Metal / Vidrio,,,"Magari?os Cervantes, A. 4167",Floresta,10,POINT (-149.04799984401097 -46.440904037608526)
1361,Contenedor Verde,Contenedor Verde,Papel / Cartón / Plástico / Metal / Vidrio,,,"Magari?os Cervantes, A. 4267",Floresta,10,POINT (-149.0487985285232 -46.44037530291955)
1362,Contenedor Verde,Contenedor Verde,Papel / Cartón / Plástico / Metal / Vidrio,,,"Acosta, Mariano Av. 140",Floresta,10,POINT (-149.06167287475765 -46.44849767727439)
1363,Contenedor Verde,Contenedor Verde,Papel / Cartón / Plástico / Metal / Vidrio,,,"Acosta, Mariano Av. 254",Floresta,10,POINT (-149.0626025717607 -46.44918975265174)
1364,Contenedor Verde,Contenedor Verde,Papel / Cartón / Plástico / Metal / Vidrio,,,"Acosta, Mariano Av. 60",Floresta,10,POINT (-149.0609740375443 -46.4479770111427)
1365,Contenedor Verde,Contenedor Verde,Papel / Cartón / Plástico / Metal / Vidrio,,,"Alberdi, Juan Bautista Av. 3354",Floresta,10,POINT (-149.06130756004367 -46.452440024748114)
1366,Contenedor Verde,Contenedor Verde,Papel / Cartón / Plástico / Metal / Vidrio,,,"Alberdi, Juan Bautista Av. 3559",Floresta,10,POINT (-149.06205579001963 -46.451174824991035)
1367,Contenedor Verde,Contenedor Verde,Papel / Cartón / Plástico / Metal / Vidrio,,,"Alberdi, Juan Bautista Av. 3743",Floresta,10,POINT (-149.06289942739696 -46.45010126537404)
1368,Contenedor Verde,Contenedor Verde,Papel / Cartón / Plástico / Metal / Vidrio,,,"Aranguren, Juan F., Dr. 3597",Floresta,10,POINT (-149.0531598360639 -46.44853013428944)
1369,Contenedor Verde,Contenedor Verde,Papel / Cartón / Plástico / Metal / Vidrio,,,"Aranguren, Juan F., Dr. 4197",Floresta,10,POINT (-149.0552815343464 -46.44400929596692)
1370,Contenedor Verde,Contenedor Verde,Papel / Cartón / Plástico / Metal / Vidrio,,,Avellaneda Av. 3552,Floresta,10,POINT (-149.05440658213035 -46.44914746586802)
1371,Contenedor Verde,Contenedor Verde,Papel / Cartón / Plástico / Metal / Vidrio,,,Avellaneda Av. 3770,Floresta,10,POINT (-149.05511589520268 -46.447642598630665)
1372,Contenedor Verde,Contenedor Verde,Papel / Cartón / Plástico / Metal / Vidrio,,,Bacacay 3575,Floresta,10,POINT (-149.0564953774467 -46.44952457895558)
1373,Contenedor Verde,Contenedor Verde,Papel / Cartón / Plástico / Metal / Vidrio,,,Bacacay 3785,Floresta,10,POINT (-149.05721776409703 -46.44803249819242)
1374,Contenedor Verde,Contenedor Verde,Papel / Cartón / Plástico / Metal / Vidrio,,,Bacacay 3949,Floresta,10,POINT (-149.05784528340996 -46.44672848609992)
1375,Contenedor Verde,Contenedor Verde,Papel / Cartón / Plástico / Metal / Vidrio,,,Bahia Blanca 1253,Floresta,10,POINT (-149.04803490919556 -46.443950755415365)
1376,Contenedor Verde,Contenedor Verde,Papel / Cartón / Plástico / Metal / Vidrio,,,Bahia Blanca 1425,Floresta,10,POINT (-149.04648934446197 -46.442786050202315)
1377,Contenedor Verde,Contenedor Verde,Papel / Cartón / Plástico / Metal / Vidrio,,,Bahia Blanca 1625,Floresta,10,POINT (-149.04467802239643 -46.44142331350912)
1378,Contenedor Verde,Contenedor Verde,Papel / Cartón / Plástico / Metal / Vidrio,,,Bahia Blanca 277,Floresta,10,POINT (-149.05660902162114 -46.447737766488416)
1379,Contenedor Verde,Contenedor Verde,Papel / Cartón / Plástico / Metal / Vidrio,,,Bahia Blanca 683,Floresta,10,POINT (-149.05211690427188 -46.44647768725516)
1380,Contenedor Verde,Contenedor Verde,Papel / Cartón / Plástico / Metal / Vidrio,,,"Belaustegui, Luis, Dr. 3830",Floresta,10,POINT (-149.04887850786739 -46.44410965052826)
1381,Contenedor Verde,Contenedor Verde,Papel / Cartón / Plástico / Metal / Vidrio,,,"Belaustegui, Luis, Dr. 4024",Floresta,10,POINT (-149.05043949937993 -46.443079082044925)
1382,Contenedor Verde,Contenedor Verde,Papel / Cartón / Plástico / Metal / Vidrio,,,"Belaustegui, Luis, Dr. 4168",Floresta,10,POINT (-149.05148597049362 -46.442386359960125)
1383,Contenedor Verde,Contenedor Verde,Papel / Cartón / Plástico / Metal / Vidrio,,,Bogota 3310,Floresta,10,POINT (-149.05475420890198 -46.45092630197379)
1384,Contenedor Verde,Contenedor Verde,Papel / Cartón / Plástico / Metal / Vidrio,,,Bogota 3688,Floresta,10,POINT (-149.05585195749657 -46.448628182424535)
1385,Contenedor Verde,Contenedor Verde,Papel / Cartón / Plástico / Metal / Vidrio,,,Bogota 3948,Floresta,10,POINT (-149.05688868033877 -46.44643197970557)
1386,Contenedor Verde,Contenedor Verde,Papel / Cartón / Plástico / Metal / Vidrio,,,"Bonifacio, Jose 3509",Floresta,10,POINT (-149.063052885122 -46.4517392444168)
1387,Contenedor Verde,Contenedor Verde,Papel / Cartón / Plástico / Metal / Vidrio,,,Camarones 3814,Floresta,10,POINT (-149.04432856325778 -46.44214190349046)
1388,Contenedor Verde,Contenedor Verde,Papel / Cartón / Plástico / Metal / Vidrio,,,Camarones 4120,Floresta,10,POINT (-149.0468271133836 -46.44048013148681)
1389,Contenedor Verde,Contenedor Verde,Papel / Cartón / Plástico / Metal / Vidrio,,,Camarones 4192,Floresta,10,POINT (-149.04736372783773 -46.440163656608334)
1390,Contenedor Verde,Contenedor Verde,Papel / Cartón / Plástico / Metal / Vidrio,,,Camarones 4234,Floresta,10,POINT (-149.04773274625836 -46.43992123676273)
1391,Contenedor Verde,Contenedor Verde,Papel / Cartón / Plástico / Metal / Vidrio,,,Camarones 4354,Floresta,10,POINT (-149.0487109725538 -46.43927790679893)
1392,Contenedor Verde,Contenedor Verde,Papel / Cartón / Plástico / Metal / Vidrio,,,Chivilcoy 1350,Floresta,10,POINT (-149.0472367942021 -46.44214852496707)
1393,Contenedor Verde,Contenedor Verde,Papel / Cartón / Plástico / Metal / Vidrio,,,Concordia 555,Floresta,10,POINT (-149.0520574382783 -46.44960573722725)
1394,Contenedor Verde,Contenedor Verde,Papel / Cartón / Plástico / Metal / Vidrio,,,"Diaz, Cesar, Gral. 4158",Floresta,10,POINT (-149.04885673396575 -46.441663438536686)
1395,Contenedor Verde,Contenedor Verde,Papel / Cartón / Plástico / Metal / Vidrio,,,"Diaz, Cesar, Gral. 4248",Floresta,10,POINT (-149.04961272509968 -46.4411640955537)
1396,Contenedor Verde,Contenedor Verde,Papel / Cartón / Plástico / Metal / Vidrio,,,"Diaz, Cesar, Gral. 4364",Floresta,10,POINT (-149.05051370140646 -46.440565949284014)
1397,Contenedor Verde,Contenedor Verde,Papel / Cartón / Plástico / Metal / Vidrio,,,"Escalada De San Martin, R. 3949",Floresta,10,POINT (-149.04880353685246 -46.442831467219435)
1398,Contenedor Verde,Contenedor Verde,Papel / Cartón / Plástico / Metal / Vidrio,,,"Escalada De San Martin, R. 4167",Floresta,10,POINT (-149.0505027324292 -46.441710123344656)
1399,Contenedor Verde,Contenedor Verde,Papel / Cartón / Plástico / Metal / Vidrio,,,"Falcon, Ramon L.,cnel. 3284",Floresta,10,POINT (-149.05941233846136 -46.45260632625931)
1400,Contenedor Verde,Contenedor Verde,Papel / Cartón / Plástico / Metal / Vidrio,,,"Falcon, Ramon L.,cnel. 3486",Floresta,10,POINT (-149.06003580471025 -46.451230554768316)
1401,Contenedor Verde,Contenedor Verde,Papel / Cartón / Plástico / Metal / Vidrio,,,"Falcon, Ramon L.,cnel. 3766",Floresta,10,POINT (-149.06092286560386 -46.44923165350299)
1402,Contenedor Verde,Contenedor Verde,Papel / Cartón / Plástico / Metal / Vidrio,,,Gaona Av. 4261,Floresta,10,POINT (-149.05077148326438 -46.446422873718355)
1403,Contenedor Verde,Contenedor Verde,Papel / Cartón / Plástico / Metal / Vidrio,,,Gaona Av. 4431,Floresta,10,POINT (-149.0517728447236 -46.44510394262066)
1404,Contenedor Verde,Contenedor Verde,Papel / Cartón / Plástico / Metal / Vidrio,,,Gaona Av. 4621,Floresta,10,POINT (-149.0527729649966 -46.44379242615924)
1405,Contenedor Verde,Contenedor Verde,Papel / Cartón / Plástico / Metal / Vidrio,,,"Garcia, Juan Agustin 4038",Floresta,10,POINT (-149.04368750639537 -46.44012415076034)
1406,Contenedor Verde,Contenedor Verde,Papel / Cartón / Plástico / Metal / Vidrio,,,"Garcia, Juan Agustin 4292",Floresta,10,POINT (-149.04556779082515 -46.43889208027968)
1407,Contenedor Verde,Contenedor Verde,Papel / Cartón / Plástico / Metal / Vidrio,,,"Garcia, Juan Agustin 4464",Floresta,10,POINT (-149.0470159281198 -46.437933265568354)
1408,Contenedor Verde,Contenedor Verde,Papel / Cartón / Plástico / Metal / Vidrio,,,Gualeguaychu 1364,Floresta,10,POINT (-149.0486556202852 -46.44096979758336)
1409,Contenedor Verde,Contenedor Verde,Papel / Cartón / Plástico / Metal / Vidrio,,,"Justo, Juan B. Av. 6764",Floresta,10,POINT (-149.05145196297326 -46.444676469555425)
1410,Contenedor Verde,Contenedor Verde,Papel / Cartón / Plástico / Metal / Vidrio,,,"Justo, Juan B. Av. 6967",Floresta,10,POINT (-149.05239547548297 -46.4430483728435)
1411,Contenedor Verde,Contenedor Verde,Papel / Cartón / Plástico / Metal / Vidrio,,,Mercedes 1745,Floresta,10,POINT (-149.04451602027055 -46.439019112727244)
1412,Contenedor Verde,Contenedor Verde,Papel / Cartón / Plástico / Metal / Vidrio,,,Mercedes 431,Floresta,10,POINT (-149.05557233824703 -46.44567659092402)
1413,Contenedor Verde,Contenedor Verde,Papel / Cartón / Plástico / Metal / Vidrio,,,Mercedes 663,Floresta,10,POINT (-149.0530176267142 -46.444952143457215)
1414,Contenedor Verde,Contenedor Verde,Papel / Cartón / Plástico / Metal / Vidrio,,,Moron 3680,Floresta,10,POINT (-149.05247105907782 -46.447712864604284)
1415,Contenedor Verde,Contenedor Verde,Papel / Cartón / Plástico / Metal / Vidrio,,,Moron 3910,Floresta,10,POINT (-149.0533983865241 -46.44572212660813)
1416,Contenedor Verde,Contenedor Verde,Papel / Cartón / Plástico / Metal / Vidrio,,,Moron 4116,Floresta,10,POINT (-149.05414454301769 -46.4441037386899)
1417,Contenedor Verde,Contenedor Verde,Papel / Cartón / Plástico / Metal / Vidrio,,,Rafaela 3534,Floresta,10,POINT (-149.06125492230515 -46.451105014906425)
1418,Contenedor Verde,Contenedor Verde,Papel / Cartón / Plástico / Metal / Vidrio,,,Rafaela 3771,Floresta,10,POINT (-149.06186768866712 -46.449490993460316)
1419,Contenedor Verde,Contenedor Verde,Papel / Cartón / Plástico / Metal / Vidrio,,,Rivadavia Av. 7731,Floresta,10,POINT (-149.05777361161338 -46.45234116976126)
1420,Contenedor Verde,Contenedor Verde,Papel / Cartón / Plástico / Metal / Vidrio,,,Rivadavia Av. 7982,Floresta,10,POINT (-149.05870738648375 -46.45089393172279)
1421,Contenedor Verde,Contenedor Verde,Papel / Cartón / Plástico / Metal / Vidrio,,,Rivadavia Av. 8143,Floresta,10,POINT (-149.05895854905364 -46.449774677808236)
1422,Contenedor Verde,Contenedor Verde,Papel / Cartón / Plástico / Metal / Vidrio,,,Rivadavia Av. 8351,Floresta,10,POINT (-149.05978933446178 -46.44798553558383)
1423,Contenedor Verde,Contenedor Verde,Papel / Cartón / Plástico / Metal / Vidrio,,,San Blas 4095,Floresta,10,POINT (-149.04562564641753 -46.44000191342559)
1424,Contenedor Verde,Contenedor Verde,Papel / Cartón / Plástico / Metal / Vidrio,,,San Blas 4217,Floresta,10,POINT (-149.04668269397783 -46.43930298280374)
1425,Contenedor Verde,Contenedor Verde,Papel / Cartón / Plástico / Metal / Vidrio,,,San Blas 4345,Floresta,10,POINT (-149.04771648134437 -46.43862300485328)
1426,Contenedor Verde,Contenedor Verde,Papel / Cartón / Plástico / Metal / Vidrio,,,San Nicolas 633,Floresta,10,POINT (-149.051805732055 -46.44806801588721)
1427,Contenedor Verde,Contenedor Verde,Papel / Cartón / Plástico / Metal / Vidrio,,,Tres Arroyos 3765,Floresta,10,POINT (-149.0490631921946 -46.445122519792214)
1428,Contenedor Verde,Contenedor Verde,Papel / Cartón / Plástico / Metal / Vidrio,,,Yerbal 3415,Floresta,10,POINT (-149.05713561933644 -46.45088967715898)
1429,Contenedor Verde,Contenedor Verde,Papel / Cartón / Plástico / Metal / Vidrio,,,Gallardo 304,Liniers,9,POINT (-149.0627999405716 -46.42238400492479)
1430,Contenedor Verde,Contenedor Verde,Papel / Cartón / Plástico / Metal / Vidrio,,,Madero 118,Liniers,9,POINT (-149.06525492349365 -46.42173967992493)
1431,Contenedor Verde,Contenedor Verde,Papel / Cartón / Plástico / Metal / Vidrio,,,Albari?o 709,Liniers,9,POINT (-149.07230012475938 -46.435046823635965)
1432,Contenedor Verde,Contenedor Verde,Papel / Cartón / Plástico / Metal / Vidrio,,,Acassuso 6365,Liniers,9,POINT (-149.07573036642512 -46.42898684452464)
1433,Contenedor Verde,Contenedor Verde,Papel / Cartón / Plástico / Metal / Vidrio,,,Acassuso 6731,Liniers,9,POINT (-149.0784028026461 -46.42735674887637)
1434,Contenedor Verde,Contenedor Verde,Papel / Cartón / Plástico / Metal / Vidrio,,,Acassuso 6997,Liniers,9,POINT (-149.07985470427084 -46.42647844606062)
1435,Contenedor Verde,Contenedor Verde,Papel / Cartón / Plástico / Metal / Vidrio,,,Bacacay Av. 5755,Liniers,9,POINT (-149.0624900830561 -46.431730325853195)
1436,Contenedor Verde,Contenedor Verde,Papel / Cartón / Plástico / Metal / Vidrio,,,Boqueron 7106,Liniers,9,POINT (-149.0744525512247 -46.42141528074118)
1437,Contenedor Verde,Contenedor Verde,Papel / Cartón / Plástico / Metal / Vidrio,,,"Bosch, Ventura 6534",Liniers,9,POINT (-149.06988558942962 -46.425774574600155)
1438,Contenedor Verde,Contenedor Verde,Papel / Cartón / Plástico / Metal / Vidrio,,,"Bosch, Ventura 6845",Liniers,9,POINT (-149.07013526358298 -46.42339971888839)
1439,Contenedor Verde,Contenedor Verde,Papel / Cartón / Plástico / Metal / Vidrio,,,Caaguazu 6149,Liniers,9,POINT (-149.07091207738983 -46.42809042652022)
1440,Contenedor Verde,Contenedor Verde,Papel / Cartón / Plástico / Metal / Vidrio,,,Caaguazu 6276,Liniers,9,POINT (-149.07233804663838 -46.427272954376356)
1441,Contenedor Verde,Contenedor Verde,Papel / Cartón / Plástico / Metal / Vidrio,,,Caaguazu 6448,Liniers,9,POINT (-149.07381554470908 -46.42633455831355)
1442,Contenedor Verde,Contenedor Verde,Papel / Cartón / Plástico / Metal / Vidrio,,,Caaguazu 6638,Liniers,9,POINT (-149.07495900835664 -46.425609114989236)
1443,Contenedor Verde,Contenedor Verde,Papel / Cartón / Plástico / Metal / Vidrio,,,Caaguazu 6835,Liniers,9,POINT (-149.07613819037027 -46.42483374053214)
1444,Contenedor Verde,Contenedor Verde,Papel / Cartón / Plástico / Metal / Vidrio,,,Caaguazu 7036,Liniers,9,POINT (-149.0775788835467 -46.42406316292457)
1445,Contenedor Verde,Contenedor Verde,Papel / Cartón / Plástico / Metal / Vidrio,,,Caaguazu 7204,Liniers,9,POINT (-149.07890052217223 -46.423292714767356)
1446,Contenedor Verde,Contenedor Verde,Papel / Cartón / Plástico / Metal / Vidrio,,,Caaguazu 7308,Liniers,9,POINT (-149.07964950337424 -46.42284008769958)
1447,Contenedor Verde,Contenedor Verde,Papel / Cartón / Plástico / Metal / Vidrio,,,Caaguazu 7680,Liniers,9,POINT (-149.08249584874264 -46.42111582430889)
1448,Contenedor Verde,Contenedor Verde,Papel / Cartón / Plástico / Metal / Vidrio,,,Cafayate 1011,Liniers,9,POINT (-149.07705089188406 -46.428438905297554)
1449,Contenedor Verde,Contenedor Verde,Papel / Cartón / Plástico / Metal / Vidrio,,,Carhue 1250,Liniers,9,POINT (-149.08007586744415 -46.42443246881928)
1450,Contenedor Verde,Contenedor Verde,Papel / Cartón / Plástico / Metal / Vidrio,,,Carhue 495,Liniers,9,POINT (-149.07212903470656 -46.42221975219224)
1451,Contenedor Verde,Contenedor Verde,Papel / Cartón / Plástico / Metal / Vidrio,,,Carhue 875,Liniers,9,POINT (-149.0760508969764 -46.42248016844482)
1452,Contenedor Verde,Contenedor Verde,Papel / Cartón / Plástico / Metal / Vidrio,,,"Chavez, Jorge 7059",Liniers,9,POINT (-149.07783859840993 -46.4221815960136)
1453,Contenedor Verde,Contenedor Verde,Papel / Cartón / Plástico / Metal / Vidrio,,,"Chavez, Jorge 7180",Liniers,9,POINT (-149.07800339407316 -46.421329273277344)
1454,Contenedor Verde,Contenedor Verde,Papel / Cartón / Plástico / Metal / Vidrio,,,Cosquin 242,Liniers,9,POINT (-149.0695047657046 -46.42296704158292)
1455,Contenedor Verde,Contenedor Verde,Papel / Cartón / Plástico / Metal / Vidrio,,,Cosquin 496,Liniers,9,POINT (-149.07203993596835 -46.42317083306001)
1456,Contenedor Verde,Contenedor Verde,Papel / Cartón / Plástico / Metal / Vidrio,,,Cosquin 712,Liniers,9,POINT (-149.07436803665271 -46.42336675222269)
1457,Contenedor Verde,Contenedor Verde,Papel / Cartón / Plástico / Metal / Vidrio,,,Cosquin 804,Liniers,9,POINT (-149.07527382394778 -46.423439378682666)
1458,Contenedor Verde,Contenedor Verde,Papel / Cartón / Plástico / Metal / Vidrio,,,"De La Torre, Lisandro 121",Liniers,9,POINT (-149.06779720710287 -46.42422788969549)
1459,Contenedor Verde,Contenedor Verde,Papel / Cartón / Plástico / Metal / Vidrio,,,"De La Torre, Lisandro 533",Liniers,9,POINT (-149.07241467339503 -46.424690313929695)
1460,Contenedor Verde,Contenedor Verde,Papel / Cartón / Plástico / Metal / Vidrio,,,"De La Torre, Lisandro 777",Liniers,9,POINT (-149.07482723067395 -46.424929921713066)
1461,Contenedor Verde,Contenedor Verde,Papel / Cartón / Plástico / Metal / Vidrio,,,El Rastreador 396,Liniers,9,POINT (-149.07103554922168 -46.4227013068963)
1462,Contenedor Verde,Contenedor Verde,Papel / Cartón / Plástico / Metal / Vidrio,,,Ercilla 5960,Liniers,9,POINT (-149.0730335690849 -46.43198632703897)
1463,Contenedor Verde,Contenedor Verde,Papel / Cartón / Plástico / Metal / Vidrio,,,Ercilla 6190,Liniers,9,POINT (-149.07499448542907 -46.430796511420574)
1464,Contenedor Verde,Contenedor Verde,Papel / Cartón / Plástico / Metal / Vidrio,,,Ercilla 6288,Liniers,9,POINT (-149.0761511760412 -46.43008851583568)
1465,Contenedor Verde,Contenedor Verde,Papel / Cartón / Plástico / Metal / Vidrio,,,Ercilla 6452,Liniers,9,POINT (-149.0774177546418 -46.429310308710576)
1466,Contenedor Verde,Contenedor Verde,Papel / Cartón / Plástico / Metal / Vidrio,,,Estero Bellaco 7292,Liniers,9,POINT (-149.07671257997376 -46.420081079019155)
1467,Contenedor Verde,Contenedor Verde,Papel / Cartón / Plástico / Metal / Vidrio,,,"Falcon, Ramon L.,cnel. 6143",Liniers,9,POINT (-149.0675969853951 -46.42901241641818)
1468,Contenedor Verde,Contenedor Verde,Papel / Cartón / Plástico / Metal / Vidrio,,,"Falcon, Ramon L.,cnel. 6370",Liniers,9,POINT (-149.06775353362002 -46.42707670830606)
1469,Contenedor Verde,Contenedor Verde,Papel / Cartón / Plástico / Metal / Vidrio,,,Fonrouge 350,Liniers,9,POINT (-149.06953928908868 -46.42957677074055)
1470,Contenedor Verde,Contenedor Verde,Papel / Cartón / Plástico / Metal / Vidrio,,,Fonrouge 36,Liniers,9,POINT (-149.0669022154716 -46.427593494418645)
1471,Contenedor Verde,Contenedor Verde,Papel / Cartón / Plástico / Metal / Vidrio,,,Fonrouge 828,Liniers,9,POINT (-149.07367493709148 -46.433121287566784)
1472,Contenedor Verde,Contenedor Verde,Papel / Cartón / Plástico / Metal / Vidrio,,,Fragueiro 304,Liniers,9,POINT (-149.06286482012402 -46.42297583784313)
1473,Contenedor Verde,Contenedor Verde,Papel / Cartón / Plástico / Metal / Vidrio,,,Gana 252,Liniers,9,POINT (-149.06401103885807 -46.42084227254877)
1474,Contenedor Verde,Contenedor Verde,Papel / Cartón / Plástico / Metal / Vidrio,,,Garcia De Cossio 6027,Liniers,9,POINT (-149.07088907901206 -46.4293807366965)
1475,Contenedor Verde,Contenedor Verde,Papel / Cartón / Plástico / Metal / Vidrio,,,Garcia De Cossio 6205,Liniers,9,POINT (-149.07244155456294 -46.428414322659414)
1476,Contenedor Verde,Contenedor Verde,Papel / Cartón / Plástico / Metal / Vidrio,,,Garcia De Cossio 6509,Liniers,9,POINT (-149.0751489731974 -46.426768681385056)
1477,Contenedor Verde,Contenedor Verde,Papel / Cartón / Plástico / Metal / Vidrio,,,Garcia De Cossio 6727,Liniers,9,POINT (-149.07662441561894 -46.425884242300334)
1478,Contenedor Verde,Contenedor Verde,Papel / Cartón / Plástico / Metal / Vidrio,,,Garcia De Cossio 7035,Liniers,9,POINT (-149.07845239206912 -46.424772463651465)
1479,Contenedor Verde,Contenedor Verde,Papel / Cartón / Plástico / Metal / Vidrio,,,Garcia De Cossio 7287,Liniers,9,POINT (-149.08024151123269 -46.423685845716925)
1480,Contenedor Verde,Contenedor Verde,Papel / Cartón / Plástico / Metal / Vidrio,,,"Gordillo, Timoteo 24",Liniers,9,POINT (-149.0664522514143 -46.42343875944835)
1481,Contenedor Verde,Contenedor Verde,Papel / Cartón / Plástico / Metal / Vidrio,,,"Gordillo, Timoteo 446",Liniers,9,POINT (-149.07153066156323 -46.4239206396053)
1482,Contenedor Verde,Contenedor Verde,Papel / Cartón / Plástico / Metal / Vidrio,,,"Gordillo, Timoteo 576",Liniers,9,POINT (-149.07291963011613 -46.4240498746625)
1483,Contenedor Verde,Contenedor Verde,Papel / Cartón / Plástico / Metal / Vidrio,,,"Gordillo, Timoteo 720",Liniers,9,POINT (-149.07418852501215 -46.42416815997108)
1484,Contenedor Verde,Contenedor Verde,Papel / Cartón / Plástico / Metal / Vidrio,,,Humaita 7071,Liniers,9,POINT (-149.0734589420605 -46.4217553836688)
1485,Contenedor Verde,Contenedor Verde,Papel / Cartón / Plástico / Metal / Vidrio,,,Humaita 7191,Liniers,9,POINT (-149.0736388107022 -46.42079315305043)
1486,Contenedor Verde,Contenedor Verde,Papel / Cartón / Plástico / Metal / Vidrio,,,Humaita 7299,Liniers,9,POINT (-149.07366397516773 -46.41990979184252)
1487,Contenedor Verde,Contenedor Verde,Papel / Cartón / Plástico / Metal / Vidrio,,,Ibarrola 6615,Liniers,9,POINT (-149.06875408293325 -46.425108573133976)
1488,Contenedor Verde,Contenedor Verde,Papel / Cartón / Plástico / Metal / Vidrio,,,Ibarrola 6947,Liniers,9,POINT (-149.0689299447389 -46.42248586589236)
1489,Contenedor Verde,Contenedor Verde,Papel / Cartón / Plástico / Metal / Vidrio,,,"Jacques, Amadeo 6813",Liniers,9,POINT (-149.06331923448735 -46.42136862926774)
1490,Contenedor Verde,Contenedor Verde,Papel / Cartón / Plástico / Metal / Vidrio,,,"Justo, Juan B. Av. 8991",Liniers,9,POINT (-149.05997828107843 -46.42794491398958)
1491,Contenedor Verde,Contenedor Verde,Papel / Cartón / Plástico / Metal / Vidrio,,,"Justo, Juan B. Av. 9342",Liniers,9,POINT (-149.06124885606016 -46.42327428617568)
1492,Contenedor Verde,Contenedor Verde,Papel / Cartón / Plástico / Metal / Vidrio,,,"Justo, Juan B. Av. 9559",Liniers,9,POINT (-149.06155401762365 -46.42183863973649)
1493,Contenedor Verde,Contenedor Verde,Papel / Cartón / Plástico / Metal / Vidrio,,,"Justo, Juan B. Av. 9710",Liniers,9,POINT (-149.06183225197336 -46.420576983823004)
1494,Contenedor Verde,Contenedor Verde,Papel / Cartón / Plástico / Metal / Vidrio,,,Larrazabal 198,Liniers,9,POINT (-149.0687653225438 -46.428138574454714)
1495,Contenedor Verde,Contenedor Verde,Papel / Cartón / Plástico / Metal / Vidrio,,,Larrazabal 290,Liniers,9,POINT (-149.0695281282503 -46.42878432201982)
1496,Contenedor Verde,Contenedor Verde,Papel / Cartón / Plástico / Metal / Vidrio,,,Larrazabal Av. 638,Liniers,9,POINT (-149.07270466195973 -46.43137400638382)
1497,Contenedor Verde,Contenedor Verde,Papel / Cartón / Plástico / Metal / Vidrio,,,"Leguizamon, Martiniano 846",Liniers,9,POINT (-149.07465985410698 -46.427585914307485)
1498,Contenedor Verde,Contenedor Verde,Papel / Cartón / Plástico / Metal / Vidrio,,,Martinez De Hoz 7285,Liniers,9,POINT (-149.07865890499536 -46.42018086694784)
1499,Contenedor Verde,Contenedor Verde,Papel / Cartón / Plástico / Metal / Vidrio,,,Miralla 142,Liniers,9,POINT (-149.06782371446445 -46.43057342238039)
1500,Contenedor Verde,Contenedor Verde,Papel / Cartón / Plástico / Metal / Vidrio,,,Miralla 458,Liniers,9,POINT (-149.07071496882267 -46.43285391538075)
1501,Contenedor Verde,Contenedor Verde,Papel / Cartón / Plástico / Metal / Vidrio,,,Miralla 562,Liniers,9,POINT (-149.07153570823968 -46.43350084405492)
1502,Contenedor Verde,Contenedor Verde,Papel / Cartón / Plástico / Metal / Vidrio,,,Miralla 666,Liniers,9,POINT (-149.07266005450282 -46.43436148995703)
1503,Contenedor Verde,Contenedor Verde,Papel / Cartón / Plástico / Metal / Vidrio,,,Molina 1235,Liniers,9,POINT (-149.08094370069057 -46.42241944530256)
1504,Contenedor Verde,Contenedor Verde,Papel / Cartón / Plástico / Metal / Vidrio,,,Montiel 1230,Liniers,9,POINT (-149.08053125133245 -46.42274476160806)
1505,Contenedor Verde,Contenedor Verde,Papel / Cartón / Plástico / Metal / Vidrio,,,Montiel 292,Liniers,9,POINT (-149.07024352329717 -46.42129974812414)
1506,Contenedor Verde,Contenedor Verde,Papel / Cartón / Plástico / Metal / Vidrio,,,Montiel 444,Liniers,9,POINT (-149.07177974170364 -46.421380713934674)
1507,Contenedor Verde,Contenedor Verde,Papel / Cartón / Plástico / Metal / Vidrio,,,Montiel 834,Liniers,9,POINT (-149.07581863307774 -46.42159652326462)
1508,Contenedor Verde,Contenedor Verde,Papel / Cartón / Plástico / Metal / Vidrio,,,Montiel 96,Liniers,9,POINT (-149.0675328674679 -46.42115605832973)
1509,Contenedor Verde,Contenedor Verde,Papel / Cartón / Plástico / Metal / Vidrio,,,Murguiondo 171,Liniers,9,POINT (-149.06843915774823 -46.42578388564161)
1510,Contenedor Verde,Contenedor Verde,Papel / Cartón / Plástico / Metal / Vidrio,,,Murguiondo 485,Liniers,9,POINT (-149.07154963845608 -46.426198918702)
1511,Contenedor Verde,Contenedor Verde,Papel / Cartón / Plástico / Metal / Vidrio,,,Murguiondo 666,Liniers,9,POINT (-149.07321662711075 -46.427487027054546)
1512,Contenedor Verde,Contenedor Verde,Papel / Cartón / Plástico / Metal / Vidrio,,,Oliden 172,Liniers,9,POINT (-149.06845966332222 -46.42683517177053)
1513,Contenedor Verde,Contenedor Verde,Papel / Cartón / Plástico / Metal / Vidrio,,,Oliden 18,Liniers,9,POINT (-149.0666969319214 -46.42655438751686)
1514,Contenedor Verde,Contenedor Verde,Papel / Cartón / Plástico / Metal / Vidrio,,,Oliden 310,Liniers,9,POINT (-149.06976622288542 -46.427043340823445)
1515,Contenedor Verde,Contenedor Verde,Papel / Cartón / Plástico / Metal / Vidrio,,,Oliden 764,Liniers,9,POINT (-149.0738192225854 -46.42970122056423)
1516,Contenedor Verde,Contenedor Verde,Papel / Cartón / Plástico / Metal / Vidrio,,,Palmar 6472,Liniers,9,POINT (-149.07086188148025 -46.42633762448479)
1517,Contenedor Verde,Contenedor Verde,Papel / Cartón / Plástico / Metal / Vidrio,,,Palmar 6600,Liniers,9,POINT (-149.07089909012737 -46.42555168050971)
1518,Contenedor Verde,Contenedor Verde,Papel / Cartón / Plástico / Metal / Vidrio,,,Patron 5680,Liniers,9,POINT (-149.06913919135775 -46.43180369410288)
1519,Contenedor Verde,Contenedor Verde,Papel / Cartón / Plástico / Metal / Vidrio,,,Patron 5990,Liniers,9,POINT (-149.07136804119293 -46.43045798379273)
1520,Contenedor Verde,Contenedor Verde,Papel / Cartón / Plástico / Metal / Vidrio,,,Patron 6218,Liniers,9,POINT (-149.07390841493122 -46.42889516833996)
1521,Contenedor Verde,Contenedor Verde,Papel / Cartón / Plástico / Metal / Vidrio,,,Patron 6550,Liniers,9,POINT (-149.07591957264387 -46.42766479609767)
1522,Contenedor Verde,Contenedor Verde,Papel / Cartón / Plástico / Metal / Vidrio,,,Patron 6896,Liniers,9,POINT (-149.0782689063065 -46.42623330002355)
1523,Contenedor Verde,Contenedor Verde,Papel / Cartón / Plástico / Metal / Vidrio,,,Patron 7090,Liniers,9,POINT (-149.07976074883743 -46.42532734827474)
1524,Contenedor Verde,Contenedor Verde,Papel / Cartón / Plástico / Metal / Vidrio,,,Patron 7310,Liniers,9,POINT (-149.08149874543776 -46.42427649023656)
1525,Contenedor Verde,Contenedor Verde,Papel / Cartón / Plástico / Metal / Vidrio,,,Patron 7442,Liniers,9,POINT (-149.08258195863175 -46.423622859504036)
1526,Contenedor Verde,Contenedor Verde,Papel / Cartón / Plástico / Metal / Vidrio,,,"Paula y Rodriguez Alves, Jose  1093",Liniers,9,POINT (-149.0792045500335 -46.42130535819055)
1527,Contenedor Verde,Contenedor Verde,Papel / Cartón / Plástico / Metal / Vidrio,,,Pieres 487,Liniers,9,POINT (-149.07227979726812 -46.429675017300845)
1528,Contenedor Verde,Contenedor Verde,Papel / Cartón / Plástico / Metal / Vidrio,,,Pieres 643,Liniers,9,POINT (-149.07372766981047 -46.430800690758126)
1529,Contenedor Verde,Contenedor Verde,Papel / Cartón / Plástico / Metal / Vidrio,,,Pola 459,Liniers,9,POINT (-149.07059818667022 -46.43165932540522)
1530,Contenedor Verde,Contenedor Verde,Papel / Cartón / Plástico / Metal / Vidrio,,,Pola 621,Liniers,9,POINT (-149.07211061427265 -46.432851902590706)
1531,Contenedor Verde,Contenedor Verde,Papel / Cartón / Plástico / Metal / Vidrio,,,Rivadavia Av. 10566,Liniers,9,POINT (-149.06652650559272 -46.42944547190931)
1532,Contenedor Verde,Contenedor Verde,Papel / Cartón / Plástico / Metal / Vidrio,,,Rivadavia Av. 11062,Liniers,9,POINT (-149.06634210622508 -46.42483462512091)
1533,Contenedor Verde,Contenedor Verde,Papel / Cartón / Plástico / Metal / Vidrio,,,Rivadavia Av. 11258,Liniers,9,POINT (-149.06628731699172 -46.42306616890171)
1534,Contenedor Verde,Contenedor Verde,Papel / Cartón / Plástico / Metal / Vidrio,,,Saladillo 1190,Liniers,9,POINT (-149.08284920420328 -46.4219623953739)
1535,Contenedor Verde,Contenedor Verde,Papel / Cartón / Plástico / Metal / Vidrio,,,Saladillo 1265,Liniers,9,POINT (-149.0835520707367 -46.42243269389404)
1536,Contenedor Verde,Contenedor Verde,Papel / Cartón / Plástico / Metal / Vidrio,,,"Schmidl, Ulrico 6107",Liniers,9,POINT (-149.07522711493337 -46.4318569121418)
1537,Contenedor Verde,Contenedor Verde,Papel / Cartón / Plástico / Metal / Vidrio,,,"Suarez, Jose Leon 1075",Liniers,9,POINT (-149.07878442999834 -46.42095859759649)
1538,Contenedor Verde,Contenedor Verde,Papel / Cartón / Plástico / Metal / Vidrio,,,"Suarez, Jose Leon 1201",Liniers,9,POINT (-149.08063284564165 -46.42115698727153)
1539,Contenedor Verde,Contenedor Verde,Papel / Cartón / Plástico / Metal / Vidrio,,,"Suarez, Jose Leon 1399",Liniers,9,POINT (-149.08221398453858 -46.42240125294018)
1540,Contenedor Verde,Contenedor Verde,Papel / Cartón / Plástico / Metal / Vidrio,,,"Suarez, Jose Leon 1400",Liniers,9,POINT (-149.08218293217814 -46.42245780271017)
1541,Contenedor Verde,Contenedor Verde,Papel / Cartón / Plástico / Metal / Vidrio,,,"Suarez, Jose Leon 825",Liniers,9,POINT (-149.07577285661046 -46.42079745581761)
1542,Contenedor Verde,Contenedor Verde,Papel / Cartón / Plástico / Metal / Vidrio,,,Tonelero 6544,Liniers,9,POINT (-149.07348621910245 -46.42521036528443)
1543,Contenedor Verde,Contenedor Verde,Papel / Cartón / Plástico / Metal / Vidrio,,,Tonelero 6865,Liniers,9,POINT (-149.0754309177017 -46.423985000302245)
1544,Contenedor Verde,Contenedor Verde,Papel / Cartón / Plástico / Metal / Vidrio,,,Tonelero 7027,Liniers,9,POINT (-149.0767154278031 -46.42323904530056)
1545,Contenedor Verde,Contenedor Verde,Papel / Cartón / Plástico / Metal / Vidrio,,,Tonelero 7347,Liniers,9,POINT (-149.0788941974772 -46.4219729036582)
1546,Contenedor Verde,Contenedor Verde,Papel / Cartón / Plástico / Metal / Vidrio,,,Tuyuti 6668,Liniers,9,POINT (-149.07199720388914 -46.42501362007705)
1547,Contenedor Verde,Contenedor Verde,Papel / Cartón / Plástico / Metal / Vidrio,,,Tuyuti 7162,Liniers,9,POINT (-149.07247520794425 -46.420948539322694)
1548,Contenedor Verde,Contenedor Verde,Papel / Cartón / Plástico / Metal / Vidrio,,,Urien 7281,Liniers,9,POINT (-149.0804927970995 -46.4203594908859)
1549,Contenedor Verde,Contenedor Verde,Papel / Cartón / Plástico / Metal / Vidrio,,,Yerbal 6291,Liniers,9,POINT (-149.065511081343 -46.42835327462596)
1550,Contenedor Verde,Contenedor Verde,Papel / Cartón / Plástico / Metal / Vidrio,,,Ca?ada De Gomez 2737,Mataderos,9,POINT (-149.093862484855 -46.437603933315266)
1551,Contenedor Verde,Contenedor Verde,Papel / Cartón / Plástico / Metal / Vidrio,,,Ca?ada De Gomez 2523,Mataderos,9,POINT (-149.09223275905 -46.436434059487965)
1552,Contenedor Verde,Contenedor Verde,Papel / Cartón / Plástico / Metal / Vidrio,,,Ca?ada De Gomez 1645,Mataderos,9,POINT (-149.08340112055075 -46.43001174027204)
1553,Contenedor Verde,Contenedor Verde,Papel / Cartón / Plástico / Metal / Vidrio,,,Albari?o 977,Mataderos,9,POINT (-149.0745204524244 -46.436671264693004)
1554,Contenedor Verde,Contenedor Verde,Papel / Cartón / Plástico / Metal / Vidrio,,,Albari?o 2305,Mataderos,9,POINT (-149.08671767506831 -46.446041708448604)
1555,Contenedor Verde,Contenedor Verde,Papel / Cartón / Plástico / Metal / Vidrio,,,Albari?o 2051,Mataderos,9,POINT (-149.08415523649145 -46.44407767390758)
1556,Contenedor Verde,Contenedor Verde,Papel / Cartón / Plástico / Metal / Vidrio,,,Albari?o 1931,Mataderos,9,POINT (-149.08300406522926 -46.443235572317114)
1557,Contenedor Verde,Contenedor Verde,Papel / Cartón / Plástico / Metal / Vidrio,,,Albari?o 1713,Mataderos,9,POINT (-149.08120736852257 -46.44182284902389)
1558,Contenedor Verde,Contenedor Verde,Papel / Cartón / Plástico / Metal / Vidrio,,,"Alberdi, Juan Bautista Av. 5391",Mataderos,9,POINT (-149.07541842773884 -46.43769423760465)
1559,Contenedor Verde,Contenedor Verde,Papel / Cartón / Plástico / Metal / Vidrio,,,"Alberdi, Juan Bautista Av. 5629",Mataderos,9,POINT (-149.07726522106267 -46.436601239598765)
1560,Contenedor Verde,Contenedor Verde,Papel / Cartón / Plástico / Metal / Vidrio,,,"Alberdi, Juan Bautista Av. 6143",Mataderos,9,POINT (-149.0816485084983 -46.43400378321706)
1561,Contenedor Verde,Contenedor Verde,Papel / Cartón / Plástico / Metal / Vidrio,,,"Alberdi, Juan Bautista Av. 6375",Mataderos,9,POINT (-149.0830723992349 -46.43294718169748)
1562,Contenedor Verde,Contenedor Verde,Papel / Cartón / Plástico / Metal / Vidrio,,,"Alberdi, Juan Bautista Av. 6539",Mataderos,9,POINT (-149.08421998932363 -46.43208735425376)
1563,Contenedor Verde,Contenedor Verde,Papel / Cartón / Plástico / Metal / Vidrio,,,"Alberdi, Juan Bautista Av. 6805",Mataderos,9,POINT (-149.08589738722281 -46.43076205250158)
1564,Contenedor Verde,Contenedor Verde,Papel / Cartón / Plástico / Metal / Vidrio,,,"Alberdi, Juan Bautista Av. 7054",Mataderos,9,POINT (-149.08743284176927 -46.42961109149309)
1565,Contenedor Verde,Contenedor Verde,Papel / Cartón / Plástico / Metal / Vidrio,,,"Alberdi, Juan Bautista Av. 7247",Mataderos,9,POINT (-149.08853299015323 -46.428357217978416)
1566,Contenedor Verde,Contenedor Verde,Papel / Cartón / Plástico / Metal / Vidrio,,,Andalgala 1527,Mataderos,9,POINT (-149.0830849284915 -46.4276923512872)
1567,Contenedor Verde,Contenedor Verde,Papel / Cartón / Plástico / Metal / Vidrio,,,Andalgala 1653,Mataderos,9,POINT (-149.08420851331175 -46.428542583201455)
1568,Contenedor Verde,Contenedor Verde,Papel / Cartón / Plástico / Metal / Vidrio,,,Andalgala 2287,Mataderos,9,POINT (-149.0906977080206 -46.43336477920492)
1569,Contenedor Verde,Contenedor Verde,Papel / Cartón / Plástico / Metal / Vidrio,,,Andalgala 2489,Mataderos,9,POINT (-149.09317223727473 -46.435134405867096)
1570,Contenedor Verde,Contenedor Verde,Papel / Cartón / Plástico / Metal / Vidrio,,,Andalgala 2591,Mataderos,9,POINT (-149.09405917331335 -46.435827458133495)
1571,Contenedor Verde,Contenedor Verde,Papel / Cartón / Plástico / Metal / Vidrio,,,Araujo 1063,Mataderos,9,POINT (-149.07482159070284 -46.43891241876934)
1572,Contenedor Verde,Contenedor Verde,Papel / Cartón / Plástico / Metal / Vidrio,,,Araujo 1179,Mataderos,9,POINT (-149.0759766419112 -46.439813033358725)
1573,Contenedor Verde,Contenedor Verde,Papel / Cartón / Plástico / Metal / Vidrio,,,Araujo 1323,Mataderos,9,POINT (-149.07734570189967 -46.44088141340482)
1574,Contenedor Verde,Contenedor Verde,Papel / Cartón / Plástico / Metal / Vidrio,,,Araujo 1651,Mataderos,9,POINT (-149.0798830386865 -46.44282602784275)
1575,Contenedor Verde,Contenedor Verde,Papel / Cartón / Plástico / Metal / Vidrio,,,Araujo 1807,Mataderos,9,POINT (-149.08145145447122 -46.444019259893004)
1576,Contenedor Verde,Contenedor Verde,Papel / Cartón / Plástico / Metal / Vidrio,,,Araujo 1949,Mataderos,9,POINT (-149.08275047456866 -46.44501495603767)
1577,Contenedor Verde,Contenedor Verde,Papel / Cartón / Plástico / Metal / Vidrio,,,Araujo 2295,Mataderos,9,POINT (-149.08593642971678 -46.44745983245994)
1578,Contenedor Verde,Contenedor Verde,Papel / Cartón / Plástico / Metal / Vidrio,,,Artigas Manuel De 5466,Mataderos,9,POINT (-149.07374564623785 -46.43750964465843)
1579,Contenedor Verde,Contenedor Verde,Papel / Cartón / Plástico / Metal / Vidrio,,,Artigas Manuel De 5788,Mataderos,9,POINT (-149.0760746428331 -46.43613233905205)
1580,Contenedor Verde,Contenedor Verde,Papel / Cartón / Plástico / Metal / Vidrio,,,Artigas Manuel De 6140,Mataderos,9,POINT (-149.07932587655372 -46.43422281060033)
1581,Contenedor Verde,Contenedor Verde,Papel / Cartón / Plástico / Metal / Vidrio,,,Artigas Manuel De 6368,Mataderos,9,POINT (-149.08097828951534 -46.43321616962279)
1582,Contenedor Verde,Contenedor Verde,Papel / Cartón / Plástico / Metal / Vidrio,,,Artigas Manuel De 6506,Mataderos,9,POINT (-149.08212812532022 -46.43256608721213)
1583,Contenedor Verde,Contenedor Verde,Papel / Cartón / Plástico / Metal / Vidrio,,,Artigas Manuel De 6890,Mataderos,9,POINT (-149.08463566408747 -46.43115993377301)
1584,Contenedor Verde,Contenedor Verde,Papel / Cartón / Plástico / Metal / Vidrio,,,Basualdo 1054,Mataderos,9,POINT (-149.07500100528057 -46.44015231946148)
1585,Contenedor Verde,Contenedor Verde,Papel / Cartón / Plástico / Metal / Vidrio,,,Basualdo 1224,Mataderos,9,POINT (-149.0766815892307 -46.441454734450765)
1586,Contenedor Verde,Contenedor Verde,Papel / Cartón / Plástico / Metal / Vidrio,,,Basualdo 1360,Mataderos,9,POINT (-149.07765325898401 -46.44220491926795)
1587,Contenedor Verde,Contenedor Verde,Papel / Cartón / Plástico / Metal / Vidrio,,,Basualdo 1762,Mataderos,9,POINT (-149.08113955497885 -46.44487368340271)
1588,Contenedor Verde,Contenedor Verde,Papel / Cartón / Plástico / Metal / Vidrio,,,Basualdo 1930,Mataderos,9,POINT (-149.082796059114 -46.44614215665722)
1589,Contenedor Verde,Contenedor Verde,Papel / Cartón / Plástico / Metal / Vidrio,,,Basualdo 860,Mataderos,9,POINT (-149.07302173846162 -46.43863309453356)
1590,Contenedor Verde,Contenedor Verde,Papel / Cartón / Plástico / Metal / Vidrio,,,"Bianchi, Andres 7497",Mataderos,9,POINT (-149.0916343328441 -46.427990732688755)
1591,Contenedor Verde,Contenedor Verde,Papel / Cartón / Plástico / Metal / Vidrio,,,"Bilbao, Francisco 5563",Mataderos,9,POINT (-149.08564272279537 -46.443695530325115)
1592,Contenedor Verde,Contenedor Verde,Papel / Cartón / Plástico / Metal / Vidrio,,,"Bilbao, Francisco 5795",Mataderos,9,POINT (-149.08725615000262 -46.44262899976372)
1593,Contenedor Verde,Contenedor Verde,Papel / Cartón / Plástico / Metal / Vidrio,,,Bragado 5690,Mataderos,9,POINT (-149.07861361046702 -46.437055324705604)
1594,Contenedor Verde,Contenedor Verde,Papel / Cartón / Plástico / Metal / Vidrio,,,Bragado 5810,Mataderos,9,POINT (-149.0798941868081 -46.43622947998939)
1595,Contenedor Verde,Contenedor Verde,Papel / Cartón / Plástico / Metal / Vidrio,,,Bragado 6054,Mataderos,9,POINT (-149.08175419186358 -46.43500214228333)
1596,Contenedor Verde,Contenedor Verde,Papel / Cartón / Plástico / Metal / Vidrio,,,Bragado 6264,Mataderos,9,POINT (-149.08327820451544 -46.434007680050705)
1597,Contenedor Verde,Contenedor Verde,Papel / Cartón / Plástico / Metal / Vidrio,,,Bragado 6540,Mataderos,9,POINT (-149.08511535177573 -46.43280487466906)
1598,Contenedor Verde,Contenedor Verde,Papel / Cartón / Plástico / Metal / Vidrio,,,Bragado 6866,Mataderos,9,POINT (-149.08732222303763 -46.4313637564651)
1599,Contenedor Verde,Contenedor Verde,Papel / Cartón / Plástico / Metal / Vidrio,,,Bragado 7292,Mataderos,9,POINT (-149.0904628567622 -46.42929867697027)
1600,Contenedor Verde,Contenedor Verde,Papel / Cartón / Plástico / Metal / Vidrio,,,"Cardenas, Cnel. Av. 2707",Mataderos,9,POINT (-149.09564709543207 -46.43620409128457)
1601,Contenedor Verde,Contenedor Verde,Papel / Cartón / Plástico / Metal / Vidrio,,,Carhue 1494,Mataderos,9,POINT (-149.08230184588197 -46.42620151393194)
1602,Contenedor Verde,Contenedor Verde,Papel / Cartón / Plástico / Metal / Vidrio,,,Carhue 2180,Mataderos,9,POINT (-149.0889836584545 -46.43124679170897)
1603,Contenedor Verde,Contenedor Verde,Papel / Cartón / Plástico / Metal / Vidrio,,,Carhue 2604,Mataderos,9,POINT (-149.0942353821789 -46.435022477245674)
1604,Contenedor Verde,Contenedor Verde,Papel / Cartón / Plástico / Metal / Vidrio,,,"Castro, Emilio Av. 5203",Mataderos,9,POINT (-149.0709830719283 -46.43791342189074)
1605,Contenedor Verde,Contenedor Verde,Papel / Cartón / Plástico / Metal / Vidrio,,,"Castro, Emilio Av. 5485",Mataderos,9,POINT (-149.07232717934386 -46.43636245887151)
1606,Contenedor Verde,Contenedor Verde,Papel / Cartón / Plástico / Metal / Vidrio,,,"Castro, Emilio Av. 7046",Mataderos,9,POINT (-149.0808738678999 -46.42661955350289)
1607,Contenedor Verde,Contenedor Verde,Papel / Cartón / Plástico / Metal / Vidrio,,,"Castro, Emilio Av. 7303",Mataderos,9,POINT (-149.08222947255865 -46.42485510505991)
1608,Contenedor Verde,Contenedor Verde,Papel / Cartón / Plástico / Metal / Vidrio,,,Chascomus 5247,Mataderos,9,POINT (-149.07888078493042 -46.440775235877865)
1609,Contenedor Verde,Contenedor Verde,Papel / Cartón / Plástico / Metal / Vidrio,,,Chascomus 5585,Mataderos,9,POINT (-149.08132590232898 -46.43915943700844)
1610,Contenedor Verde,Contenedor Verde,Papel / Cartón / Plástico / Metal / Vidrio,,,Chascomus 5979,Mataderos,9,POINT (-149.08400826505013 -46.43740772262603)
1611,Contenedor Verde,Contenedor Verde,Papel / Cartón / Plástico / Metal / Vidrio,,,Corvalan 1096,Mataderos,9,POINT (-149.07576276910643 -46.43871651497257)
1612,Contenedor Verde,Contenedor Verde,Papel / Cartón / Plástico / Metal / Vidrio,,,Corvalan 1248,Mataderos,9,POINT (-149.0773596114256 -46.439956671143776)
1613,Contenedor Verde,Contenedor Verde,Papel / Cartón / Plástico / Metal / Vidrio,,,Corvalan 1494,Mataderos,9,POINT (-149.07930624550454 -46.441458672815905)
1614,Contenedor Verde,Contenedor Verde,Papel / Cartón / Plástico / Metal / Vidrio,,,Corvalan 1680,Mataderos,9,POINT (-149.0808403737571 -46.44262846452607)
1615,Contenedor Verde,Contenedor Verde,Papel / Cartón / Plástico / Metal / Vidrio,,,Corvalan 2060,Mataderos,9,POINT (-149.08443827863104 -46.445384021581745)
1616,Contenedor Verde,Contenedor Verde,Papel / Cartón / Plástico / Metal / Vidrio,,,Corvalan 2228,Mataderos,9,POINT (-149.08611991746426 -46.44658891088998)
1617,Contenedor Verde,Contenedor Verde,Papel / Cartón / Plástico / Metal / Vidrio,,,Corvalan 762,Mataderos,9,POINT (-149.07267585909557 -46.43637723550015)
1618,Contenedor Verde,Contenedor Verde,Papel / Cartón / Plástico / Metal / Vidrio,,,Cosquin 2106,Mataderos,9,POINT (-149.08795199984266 -46.43247673226645)
1619,Contenedor Verde,Contenedor Verde,Papel / Cartón / Plástico / Metal / Vidrio,,,Cosquin 2256,Mataderos,9,POINT (-149.08949570622582 -46.43358475205207)
1620,Contenedor Verde,Contenedor Verde,Papel / Cartón / Plástico / Metal / Vidrio,,,Cosquin 2706,Mataderos,9,POINT (-149.09434535676303 -46.437051397273706)
1621,Contenedor Verde,Contenedor Verde,Papel / Cartón / Plástico / Metal / Vidrio,,,"De La Torre, Lisandro Av. 2885",Mataderos,9,POINT (-149.09469645187934 -46.4401927910768)
1622,Contenedor Verde,Contenedor Verde,Papel / Cartón / Plástico / Metal / Vidrio,,,De Los Corrales Av. 7187,Mataderos,9,POINT (-149.09521775773396 -46.43393269187516)
1623,Contenedor Verde,Contenedor Verde,Papel / Cartón / Plástico / Metal / Vidrio,,,Directorio Av. 5461,Mataderos,9,POINT (-149.08123975669912 -46.440324757202696)
1624,Contenedor Verde,Contenedor Verde,Papel / Cartón / Plástico / Metal / Vidrio,,,Directorio Av. 5591,Mataderos,9,POINT (-149.08210397846267 -46.43975666789627)
1625,Contenedor Verde,Contenedor Verde,Papel / Cartón / Plástico / Metal / Vidrio,,,Directorio Av. 5807,Mataderos,9,POINT (-149.0837133921169 -46.43870379818114)
1626,Contenedor Verde,Contenedor Verde,Papel / Cartón / Plástico / Metal / Vidrio,,,Directorio Av. 6621,Mataderos,9,POINT (-149.0888508632096 -46.43478741487878)
1627,Contenedor Verde,Contenedor Verde,Papel / Cartón / Plástico / Metal / Vidrio,,,Directorio Av. 7321,Mataderos,9,POINT (-149.09391287027216 -46.43146381071276)
1628,Contenedor Verde,Contenedor Verde,Papel / Cartón / Plástico / Metal / Vidrio,,,Ercilla 6644,Mataderos,9,POINT (-149.07861907709633 -46.42857509823712)
1629,Contenedor Verde,Contenedor Verde,Papel / Cartón / Plástico / Metal / Vidrio,,,Ercilla 7550,Mataderos,9,POINT (-149.08560789619963 -46.424879956604656)
1630,Contenedor Verde,Contenedor Verde,Papel / Cartón / Plástico / Metal / Vidrio,,,Escalada Av. 1949,Mataderos,9,POINT (-149.0824720536121 -46.447783807332165)
1631,Contenedor Verde,Contenedor Verde,Papel / Cartón / Plástico / Metal / Vidrio,,,Escalada Av. 2105,Mataderos,9,POINT (-149.0841000151038 -46.449007903508765)
1632,Contenedor Verde,Contenedor Verde,Papel / Cartón / Plástico / Metal / Vidrio,,,Fonrouge 1560,Mataderos,9,POINT (-149.08027894143424 -46.43818055863673)
1633,Contenedor Verde,Contenedor Verde,Papel / Cartón / Plástico / Metal / Vidrio,,,Fonrouge 2148,Mataderos,9,POINT (-149.08539581581164 -46.44208505269459)
1634,Contenedor Verde,Contenedor Verde,Papel / Cartón / Plástico / Metal / Vidrio,,,Fonrouge 2450,Mataderos,9,POINT (-149.08818186851545 -46.44418218625803)
1635,Contenedor Verde,Contenedor Verde,Papel / Cartón / Plástico / Metal / Vidrio,,,Fragata Cefiro 1702,Mataderos,9,POINT (-149.08573586910774 -46.425798367376686)
1636,Contenedor Verde,Contenedor Verde,Papel / Cartón / Plástico / Metal / Vidrio,,,Fragata Hercules 1590,Mataderos,9,POINT (-149.08439038400402 -46.42472828876486)
1637,Contenedor Verde,Contenedor Verde,Papel / Cartón / Plástico / Metal / Vidrio,,,Fragata Trinidad 2040,Mataderos,9,POINT (-149.0885249002387 -46.42701427361444)
1638,Contenedor Verde,Contenedor Verde,Papel / Cartón / Plástico / Metal / Vidrio,,,"Garcia Grande De Zequeira, Sev 5635",Mataderos,9,POINT (-149.074036747286 -46.43598727402679)
1639,Contenedor Verde,Contenedor Verde,Papel / Cartón / Plástico / Metal / Vidrio,,,"Garcia Grande De Zequeira, Sev 5951",Mataderos,9,POINT (-149.0764335408837 -46.434618235253375)
1640,Contenedor Verde,Contenedor Verde,Papel / Cartón / Plástico / Metal / Vidrio,,,"Garcia Grande De Zequeira, Sev 6121",Mataderos,9,POINT (-149.0780176611908 -46.43372323392182)
1641,Contenedor Verde,Contenedor Verde,Papel / Cartón / Plástico / Metal / Vidrio,,,"Garcia Grande De Zequeira, Sev 6385",Mataderos,9,POINT (-149.08032001595043 -46.432386624009325)
1642,Contenedor Verde,Contenedor Verde,Papel / Cartón / Plástico / Metal / Vidrio,,,"Garcia Grande De Zequeira, Sev 6539",Mataderos,9,POINT (-149.08151256049948 -46.431704748291274)
1643,Contenedor Verde,Contenedor Verde,Papel / Cartón / Plástico / Metal / Vidrio,,,"Garcia Grande De Zequeira, Sev 6785",Mataderos,9,POINT (-149.08293095105498 -46.43091651990516)
1644,Contenedor Verde,Contenedor Verde,Papel / Cartón / Plástico / Metal / Vidrio,,,"Garcia Grande De Zequeira, Sev 7093",Mataderos,9,POINT (-149.085261066845 -46.42960030717991)
1645,Contenedor Verde,Contenedor Verde,Papel / Cartón / Plástico / Metal / Vidrio,,,"Garcia Grande De Zequeira, Sev 7364",Mataderos,9,POINT (-149.08744066532947 -46.42843964031557)
1646,Contenedor Verde,Contenedor Verde,Papel / Cartón / Plástico / Metal / Vidrio,,,"Garcia Grande De Zequeira, Sev 7580",Mataderos,9,POINT (-149.08914224995786 -46.4271162894871)
1647,Contenedor Verde,Contenedor Verde,Papel / Cartón / Plástico / Metal / Vidrio,,,"Garcia Grande De Zequeira, Sev 7659",Mataderos,9,POINT (-149.08955340941444 -46.42666955507781)
1648,Contenedor Verde,Contenedor Verde,Papel / Cartón / Plástico / Metal / Vidrio,,,Garzon Eugenio General 7487,Mataderos,9,POINT (-149.09815930744858 -46.43327736946812)
1649,Contenedor Verde,Contenedor Verde,Papel / Cartón / Plástico / Metal / Vidrio,,,"Garzon, Eugenio, Gral. Av. 5628",Mataderos,9,POINT (-149.08436587648526 -46.44199297941164)
1650,Contenedor Verde,Contenedor Verde,Papel / Cartón / Plástico / Metal / Vidrio,,,"Garzon, Eugenio, Gral. Av. 5810",Mataderos,9,POINT (-149.08570890554552 -46.441131723066995)
1651,Contenedor Verde,Contenedor Verde,Papel / Cartón / Plástico / Metal / Vidrio,,,"Gordillo, Timoteo 1330",Mataderos,9,POINT (-149.0800647505594 -46.4282213750348)
1652,Contenedor Verde,Contenedor Verde,Papel / Cartón / Plástico / Metal / Vidrio,,,"Gordillo, Timoteo 2210",Mataderos,9,POINT (-149.0875831851022 -46.43415270839331)
1653,Contenedor Verde,Contenedor Verde,Papel / Cartón / Plástico / Metal / Vidrio,,,Guamini 1505,Mataderos,9,POINT (-149.0832163706062 -46.425846889331204)
1654,Contenedor Verde,Contenedor Verde,Papel / Cartón / Plástico / Metal / Vidrio,,,Guamini 2487,Mataderos,9,POINT (-149.09329349421392 -46.433295249979984)
1655,Contenedor Verde,Contenedor Verde,Papel / Cartón / Plástico / Metal / Vidrio,,,Guamini 2741,Mataderos,9,POINT (-149.09595529872257 -46.435210351962134)
1656,Contenedor Verde,Contenedor Verde,Papel / Cartón / Plástico / Metal / Vidrio,,,Guamini 2905,Mataderos,9,POINT (-149.0972785275311 -46.43615821597181)
1657,Contenedor Verde,Contenedor Verde,Papel / Cartón / Plástico / Metal / Vidrio,,,Guardia Nacional 1119,Mataderos,9,POINT (-149.07508815048533 -46.44114646469509)
1658,Contenedor Verde,Contenedor Verde,Papel / Cartón / Plástico / Metal / Vidrio,,,Guardia Nacional 1293,Mataderos,9,POINT (-149.0764687294424 -46.44221376964802)
1659,Contenedor Verde,Contenedor Verde,Papel / Cartón / Plástico / Metal / Vidrio,,,Guardia Nacional 1521,Mataderos,9,POINT (-149.07835715113015 -46.44367293193381)
1660,Contenedor Verde,Contenedor Verde,Papel / Cartón / Plástico / Metal / Vidrio,,,Guardia Nacional 1791,Mataderos,9,POINT (-149.0806467135678 -46.445422022216135)
1661,Contenedor Verde,Contenedor Verde,Papel / Cartón / Plástico / Metal / Vidrio,,,Guardia Nacional 1860,Mataderos,9,POINT (-149.08135045512424 -46.44604608820046)
1662,Contenedor Verde,Contenedor Verde,Papel / Cartón / Plástico / Metal / Vidrio,,,Guardia Nacional 2119,Mataderos,9,POINT (-149.08398962287973 -46.44797506137387)
1663,Contenedor Verde,Contenedor Verde,Papel / Cartón / Plástico / Metal / Vidrio,,,Guardia Nacional 739,Mataderos,9,POINT (-149.07117504526875 -46.43818272609661)
1664,Contenedor Verde,Contenedor Verde,Papel / Cartón / Plástico / Metal / Vidrio,,,Guardia Nacional 951,Mataderos,9,POINT (-149.0733025175654 -46.43976566014864)
1665,Contenedor Verde,Contenedor Verde,Papel / Cartón / Plástico / Metal / Vidrio,,,"Laferrere, Gregorio De 5088",Mataderos,9,POINT (-149.0832745487097 -46.4467641740914)
1666,Contenedor Verde,Contenedor Verde,Papel / Cartón / Plástico / Metal / Vidrio,,,"Laferrere, Gregorio De 5416",Mataderos,9,POINT (-149.08573707442784 -46.44513579911548)
1667,Contenedor Verde,Contenedor Verde,Papel / Cartón / Plástico / Metal / Vidrio,,,Larraya 1710,Mataderos,9,POINT (-149.0822867966883 -46.43871242670477)
1668,Contenedor Verde,Contenedor Verde,Papel / Cartón / Plástico / Metal / Vidrio,,,Larraya 1949,Mataderos,9,POINT (-149.08417734339048 -46.4400693385631)
1669,Contenedor Verde,Contenedor Verde,Papel / Cartón / Plástico / Metal / Vidrio,,,Larraya 2555,Mataderos,9,POINT (-149.08992606676273 -46.44446944687595)
1670,Contenedor Verde,Contenedor Verde,Papel / Cartón / Plástico / Metal / Vidrio,,,Larrazabal Av. 1218,Mataderos,9,POINT (-149.07797260977645 -46.43523204224977)
1671,Contenedor Verde,Contenedor Verde,Papel / Cartón / Plástico / Metal / Vidrio,,,Larrazabal Av. 911,Mataderos,9,POINT (-149.07541604697354 -46.4332281429185)
1672,Contenedor Verde,Contenedor Verde,Papel / Cartón / Plástico / Metal / Vidrio,,,"Leguizamon, Martiniano 1140",Mataderos,9,POINT (-149.07765336133693 -46.42998479937608)
1673,Contenedor Verde,Contenedor Verde,Papel / Cartón / Plástico / Metal / Vidrio,,,Miralla 1204,Mataderos,9,POINT (-149.07739542442354 -46.43796885726433)
1674,Contenedor Verde,Contenedor Verde,Papel / Cartón / Plástico / Metal / Vidrio,,,Miralla 2296,Mataderos,9,POINT (-149.08712013896374 -46.445425952001145)
1675,Contenedor Verde,Contenedor Verde,Papel / Cartón / Plástico / Metal / Vidrio,,,Miralla 740,Mataderos,9,POINT (-149.07315734469532 -46.43473230196136)
1676,Contenedor Verde,Contenedor Verde,Papel / Cartón / Plástico / Metal / Vidrio,,,Miralla 822,Mataderos,9,POINT (-149.07391890535385 -46.4353022516387)
1677,Contenedor Verde,Contenedor Verde,Papel / Cartón / Plástico / Metal / Vidrio,,,Monte 6664,Mataderos,9,POINT (-149.09606103168076 -46.43963644504553)
1678,Contenedor Verde,Contenedor Verde,Papel / Cartón / Plástico / Metal / Vidrio,,,Monte 6874,Mataderos,9,POINT (-149.09765870235304 -46.438671627038474)
1679,Contenedor Verde,Contenedor Verde,Papel / Cartón / Plástico / Metal / Vidrio,,,Montiel 1606,Mataderos,9,POINT (-149.08398003105754 -46.42545495181807)
1680,Contenedor Verde,Contenedor Verde,Papel / Cartón / Plástico / Metal / Vidrio,,,Montiel 2160,Mataderos,9,POINT (-149.08911405785372 -46.42940393435546)
1681,Contenedor Verde,Contenedor Verde,Papel / Cartón / Plástico / Metal / Vidrio,,,Montiel 2350,Mataderos,9,POINT (-149.09116819061978 -46.43088153233313)
1682,Contenedor Verde,Contenedor Verde,Papel / Cartón / Plástico / Metal / Vidrio,,,Montiel 3006,Mataderos,9,POINT (-149.0979413744887 -46.43574413381855)
1683,Contenedor Verde,Contenedor Verde,Papel / Cartón / Plástico / Metal / Vidrio,,,Murguiondo 1171,Mataderos,9,POINT (-149.07789787560094 -46.431184842281525)
1684,Contenedor Verde,Contenedor Verde,Papel / Cartón / Plástico / Metal / Vidrio,,,Murguiondo 2105,Mataderos,9,POINT (-149.08595123649275 -46.43734793128739)
1685,Contenedor Verde,Contenedor Verde,Papel / Cartón / Plástico / Metal / Vidrio,,,Oliden 1080,Mataderos,9,POINT (-149.07667696460283 -46.43190127934262)
1686,Contenedor Verde,Contenedor Verde,Papel / Cartón / Plástico / Metal / Vidrio,,,Oliden 1506,Mataderos,9,POINT (-149.08078825170838 -46.43484039520236)
1687,Contenedor Verde,Contenedor Verde,Papel / Cartón / Plástico / Metal / Vidrio,,,Pieres 1557,Mataderos,9,POINT (-149.0821714925928 -46.436960051564455)
1688,Contenedor Verde,Contenedor Verde,Papel / Cartón / Plástico / Metal / Vidrio,,,Pieres 1995,Mataderos,9,POINT (-149.08560364834054 -46.43947571646582)
1689,Contenedor Verde,Contenedor Verde,Papel / Cartón / Plástico / Metal / Vidrio,,,Pieres 953,Mataderos,9,POINT (-149.07653039460246 -46.43292106890432)
1690,Contenedor Verde,Contenedor Verde,Papel / Cartón / Plástico / Metal / Vidrio,,,Pizarro 6360,Mataderos,9,POINT (-149.0785557723515 -46.43119682090961)
1691,Contenedor Verde,Contenedor Verde,Papel / Cartón / Plástico / Metal / Vidrio,,,Pizarro 6604,Mataderos,9,POINT (-149.08037701127995 -46.43016315865223)
1692,Contenedor Verde,Contenedor Verde,Papel / Cartón / Plástico / Metal / Vidrio,,,Pizarro 6752,Mataderos,9,POINT (-149.08129293458055 -46.42964370958169)
1693,Contenedor Verde,Contenedor Verde,Papel / Cartón / Plástico / Metal / Vidrio,,,Pizarro 6954,Mataderos,9,POINT (-149.0827250773172 -46.428835440855615)
1694,Contenedor Verde,Contenedor Verde,Papel / Cartón / Plástico / Metal / Vidrio,,,Pizarro 7190,Mataderos,9,POINT (-149.08431495927695 -46.42793395269955)
1695,Contenedor Verde,Contenedor Verde,Papel / Cartón / Plástico / Metal / Vidrio,,,Pizarro 7315,Mataderos,9,POINT (-149.08530433684317 -46.427321432830404)
1696,Contenedor Verde,Contenedor Verde,Papel / Cartón / Plástico / Metal / Vidrio,,,Pizarro 7467,Mataderos,9,POINT (-149.0865403663759 -46.426567682013065)
1697,Contenedor Verde,Contenedor Verde,Papel / Cartón / Plástico / Metal / Vidrio,,,Pizarro 7680,Mataderos,9,POINT (-149.08831911944807 -46.425568736408174)
1698,Contenedor Verde,Contenedor Verde,Papel / Cartón / Plástico / Metal / Vidrio,,,Pola 1009,Mataderos,9,POINT (-149.0754480742344 -46.435380105172094)
1699,Contenedor Verde,Contenedor Verde,Papel / Cartón / Plástico / Metal / Vidrio,,,Pola 2345,Mataderos,9,POINT (-149.08742092965838 -46.44456555399946)
1700,Contenedor Verde,Contenedor Verde,Papel / Cartón / Plástico / Metal / Vidrio,,,Primera Junta 5126,Mataderos,9,POINT (-149.0854183990271 -46.44796960352797)
1701,Contenedor Verde,Contenedor Verde,Papel / Cartón / Plástico / Metal / Vidrio,,,Primera Junta 5579,Mataderos,9,POINT (-149.0887660742287 -46.44589695078561)
1702,Contenedor Verde,Contenedor Verde,Papel / Cartón / Plástico / Metal / Vidrio,,,Remedios 5397,Mataderos,9,POINT (-149.08225507671634 -46.44185537381511)
1703,Contenedor Verde,Contenedor Verde,Papel / Cartón / Plástico / Metal / Vidrio,,,Remedios 5596,Mataderos,9,POINT (-149.08379422968733 -46.44102610219375)
1704,Contenedor Verde,Contenedor Verde,Papel / Cartón / Plástico / Metal / Vidrio,,,"Rodo, Jose E. 5406",Mataderos,9,POINT (-149.07947284926846 -46.439339739217324)
1705,Contenedor Verde,Contenedor Verde,Papel / Cartón / Plástico / Metal / Vidrio,,,"Rodo, Jose E. 5814",Mataderos,9,POINT (-149.0820057595053 -46.43767399054402)
1706,Contenedor Verde,Contenedor Verde,Papel / Cartón / Plástico / Metal / Vidrio,,,"Rodo, Jose E. 6084",Mataderos,9,POINT (-149.08414835434255 -46.43626764090125)
1707,Contenedor Verde,Contenedor Verde,Papel / Cartón / Plástico / Metal / Vidrio,,,"Rodo, Jose E. 6660",Mataderos,9,POINT (-149.08797914885105 -46.43374919229811)
1708,Contenedor Verde,Contenedor Verde,Papel / Cartón / Plástico / Metal / Vidrio,,,"Rodo, Jose E. 6836",Mataderos,9,POINT (-149.08919525358058 -46.43295109554634)
1709,Contenedor Verde,Contenedor Verde,Papel / Cartón / Plástico / Metal / Vidrio,,,"Rodo, Jose E. 7096",Mataderos,9,POINT (-149.09096322850067 -46.431794975141415)
1710,Contenedor Verde,Contenedor Verde,Papel / Cartón / Plástico / Metal / Vidrio,,,"Rodo, Jose E. 7294",Mataderos,9,POINT (-149.0924061492025 -46.43085663097796)
1711,Contenedor Verde,Contenedor Verde,Papel / Cartón / Plástico / Metal / Vidrio,,,"Rodo, Jose E. 7486",Mataderos,9,POINT (-149.09390886175504 -46.429878038040165)
1712,Contenedor Verde,Contenedor Verde,Papel / Cartón / Plástico / Metal / Vidrio,,,Saladillo 1411,Mataderos,9,POINT (-149.08526021940477 -46.423816634564524)
1713,Contenedor Verde,Contenedor Verde,Papel / Cartón / Plástico / Metal / Vidrio,,,Saladillo 2080,Mataderos,9,POINT (-149.0904394634571 -46.42794639087869)
1714,Contenedor Verde,Contenedor Verde,Papel / Cartón / Plástico / Metal / Vidrio,,,Saladillo 2270,Mataderos,9,POINT (-149.09207371156515 -46.42925353759317)
1715,Contenedor Verde,Contenedor Verde,Papel / Cartón / Plástico / Metal / Vidrio,,,Saladillo 2686,Mataderos,9,POINT (-149.09661690158384 -46.43283464162447)
1716,Contenedor Verde,Contenedor Verde,Papel / Cartón / Plástico / Metal / Vidrio,,,Saladillo 2846,Mataderos,9,POINT (-149.0980302680148 -46.43394850288578)
1717,Contenedor Verde,Contenedor Verde,Papel / Cartón / Plástico / Metal / Vidrio,,,Saladillo 3106,Mataderos,9,POINT (-149.10021782227813 -46.435678683475416)
1718,Contenedor Verde,Contenedor Verde,Papel / Cartón / Plástico / Metal / Vidrio,,,San Pedro 5396,Mataderos,9,POINT (-149.0835887300875 -46.44381017030141)
1719,Contenedor Verde,Contenedor Verde,Papel / Cartón / Plástico / Metal / Vidrio,,,"Schmidl, Ulrico 6503",Mataderos,9,POINT (-149.0788716501544 -46.429800913578006)
1720,Contenedor Verde,Contenedor Verde,Papel / Cartón / Plástico / Metal / Vidrio,,,"Schmidl, Ulrico 6691",Mataderos,9,POINT (-149.07992573991572 -46.4292067081723)
1721,Contenedor Verde,Contenedor Verde,Papel / Cartón / Plástico / Metal / Vidrio,,,"Schmidl, Ulrico 6991",Mataderos,9,POINT (-149.08201490336197 -46.42801724208794)
1722,Contenedor Verde,Contenedor Verde,Papel / Cartón / Plástico / Metal / Vidrio,,,"Schmidl, Ulrico 7345",Mataderos,9,POINT (-149.08448387922093 -46.42643503694129)
1723,Contenedor Verde,Contenedor Verde,Papel / Cartón / Plástico / Metal / Vidrio,,,"Schmidl, Ulrico 7565",Mataderos,9,POINT (-149.08653793477507 -46.425103444553876)
1724,Contenedor Verde,Contenedor Verde,Papel / Cartón / Plástico / Metal / Vidrio,,,"Suarez, Jose Leon 2609",Mataderos,9,POINT (-149.0949927498539 -46.43267326493844)
1725,Contenedor Verde,Contenedor Verde,Papel / Cartón / Plástico / Metal / Vidrio,,,"Suarez, Jose Leon 2735",Mataderos,9,POINT (-149.0966007815924 -46.43371870937777)
1726,Contenedor Verde,Contenedor Verde,Papel / Cartón / Plástico / Metal / Vidrio,,,"Suarez, Justo Antonio 6819",Mataderos,9,POINT (-149.09522691121958 -46.43735884745545)
1727,Contenedor Verde,Contenedor Verde,Papel / Cartón / Plástico / Metal / Vidrio,,,Tandil 5491,Mataderos,9,POINT (-149.082265648466 -46.44081138887295)
1728,Contenedor Verde,Contenedor Verde,Papel / Cartón / Plástico / Metal / Vidrio,,,Tandil 6690,Mataderos,9,POINT (-149.09050721744234 -46.435484853479444)
1729,Contenedor Verde,Contenedor Verde,Papel / Cartón / Plástico / Metal / Vidrio,,,Tandil 6920,Mataderos,9,POINT (-149.09229273041086 -46.43430131343976)
1730,Contenedor Verde,Contenedor Verde,Papel / Cartón / Plástico / Metal / Vidrio,,,Tandil 7396,Mataderos,9,POINT (-149.09557127601718 -46.43212970279672)
1731,Contenedor Verde,Contenedor Verde,Papel / Cartón / Plástico / Metal / Vidrio,,,Tapalque 5391,Mataderos,9,POINT (-149.07742844481345 -46.439167948514395)
1732,Contenedor Verde,Contenedor Verde,Papel / Cartón / Plástico / Metal / Vidrio,,,Tapalque 5553,Mataderos,9,POINT (-149.07860198412752 -46.43839506192251)
1733,Contenedor Verde,Contenedor Verde,Papel / Cartón / Plástico / Metal / Vidrio,,,Tapalque 6293,Mataderos,9,POINT (-149.08437778628272 -46.43461812977304)
1734,Contenedor Verde,Contenedor Verde,Papel / Cartón / Plástico / Metal / Vidrio,,,Tapalque 6419,Mataderos,9,POINT (-149.08527821288914 -46.43402687116191)
1735,Contenedor Verde,Contenedor Verde,Papel / Cartón / Plástico / Metal / Vidrio,,,Tapalque 6595,Mataderos,9,POINT (-149.0863374327843 -46.43333380366896)
1736,Contenedor Verde,Contenedor Verde,Papel / Cartón / Plástico / Metal / Vidrio,,,Zelada 5845,Mataderos,9,POINT (-149.07477506042184 -46.434541080945515)
1737,Contenedor Verde,Contenedor Verde,Papel / Cartón / Plástico / Metal / Vidrio,,,Zelada 6215,Mataderos,9,POINT (-149.07804811412527 -46.43258538324722)
1738,Contenedor Verde,Contenedor Verde,Papel / Cartón / Plástico / Metal / Vidrio,,,Zelada 6493,Mataderos,9,POINT (-149.080243678562 -46.4313100381021)
1739,Contenedor Verde,Contenedor Verde,Papel / Cartón / Plástico / Metal / Vidrio,,,Zelada 6791,Mataderos,9,POINT (-149.08220468978453 -46.43017796761937)
1740,Contenedor Verde,Contenedor Verde,Papel / Cartón / Plástico / Metal / Vidrio,,,Zelada 7295,Mataderos,9,POINT (-149.08592518981857 -46.428077744230876)
1741,Contenedor Verde,Contenedor Verde,Papel / Cartón / Plástico / Metal / Vidrio,,,Zelada 7481,Mataderos,9,POINT (-149.0876798963509 -46.42707836239518)
1742,Contenedor Verde,Contenedor Verde,Papel / Cartón / Plástico / Metal / Vidrio,,,Republica Bolivariana De Venezuela|825|pr3695,Monserrat,1,POINT (-149.03722870255183 -46.50963297664256)
1743,Contenedor Verde,Contenedor Verde,Papel / Cartón / Plástico / Metal / Vidrio,,,Republica Bolivariana De Venezuela|681|pr3330,Monserrat,1,POINT (-149.03704293778168 -46.510935489972496)
1744,Contenedor Verde,Contenedor Verde,Papel / Cartón / Plástico / Metal / Vidrio,,,Republica Bolivariana De Venezuela|1229|pr3192,Monserrat,1,POINT (-149.03776877740142 -46.506185746369496)
1745,Contenedor Verde,Contenedor Verde,Papel / Cartón / Plástico / Metal / Vidrio,,,Republica Bolivariana De Venezuela |321|pr926|,Monserrat,1,POINT (-149.03664396548405 -46.513737990046096)
1746,Contenedor Verde,Contenedor Verde,Papel / Cartón / Plástico / Metal / Vidrio,,,"Yrigoyen, Hipolito |1242|pr3270",Monserrat,1,POINT (-149.03299084496132 -46.50585629097629)
1747,Contenedor Verde,Contenedor Verde,Papel / Cartón / Plástico / Metal / Vidrio,,,Republica Bolivariana De Venezuela|1491|pr3265,Monserrat,1,POINT (-149.0380893367022 -46.50396828402034)
1748,Contenedor Verde,Contenedor Verde,Papel / Cartón / Plástico / Metal / Vidrio,,,Tacuari|723|pr3320,Monserrat,1,POINT (-149.0401344821148 -46.5090709584577)
1749,Contenedor Verde,Contenedor Verde,Papel / Cartón / Plástico / Metal / Vidrio,,,Tacuari|459|pr3319,Monserrat,1,POINT (-149.03692232942691 -46.50891587707938)
1750,Contenedor Verde,Contenedor Verde,Papel / Cartón / Plástico / Metal / Vidrio,,,Republica Bolivariana De Venezuela|1651|pr3120,Monserrat,1,POINT (-149.03822432222765 -46.50259267519974)
1751,Contenedor Verde,Contenedor Verde,Papel / Cartón / Plástico / Metal / Vidrio,,,"Yrigoyen, Hipolito|914|pr3304",Monserrat,1,POINT (-149.03259727818613 -46.50859104885327)
1752,Contenedor Verde,Contenedor Verde,Papel / Cartón / Plástico / Metal / Vidrio,,,Moreno|1491|pr3117,Monserrat,1,POINT (-149.03568745241955 -46.50392103188121)
1753,Contenedor Verde,Contenedor Verde,Papel / Cartón / Plástico / Metal / Vidrio,,,Moreno|753|pr3297,Monserrat,1,POINT (-149.034684514177 -46.51015625123809)
1754,Contenedor Verde,Contenedor Verde,Papel / Cartón / Plástico / Metal / Vidrio,,,Moreno|1627|pr3189,Monserrat,1,POINT (-149.0358473389575 -46.50265683460864)
1755,Contenedor Verde,Contenedor Verde,Papel / Cartón / Plástico / Metal / Vidrio,,,Moreno |391|pr4197|,Monserrat,1,POINT (-149.03424519238953 -46.51324488514724)
1756,Contenedor Verde,Contenedor Verde,Papel / Cartón / Plástico / Metal / Vidrio,,,Mexico|746|pr3048,Monserrat,1,POINT (-149.0383429260132 -46.51030854653814)
1757,Contenedor Verde,Contenedor Verde,Papel / Cartón / Plástico / Metal / Vidrio,,,Mexico|212|pr3311,Monserrat,1,POINT (-149.03793948569225 -46.51448227677598)
1758,Contenedor Verde,Contenedor Verde,Papel / Cartón / Plástico / Metal / Vidrio,,,Mexico|1558|pr3194,Monserrat,1,POINT (-149.03911773403127 -46.503353087850606)
1759,Contenedor Verde,Contenedor Verde,Papel / Cartón / Plástico / Metal / Vidrio,,,Mexico|1310|pr3121,Monserrat,1,POINT (-149.03892743574391 -46.50559947079766)
1760,Contenedor Verde,Contenedor Verde,Papel / Cartón / Plástico / Metal / Vidrio,,,"Irigoyen, Bernardo De|220|pr3696",Monserrat,1,POINT (-149.03411339155684 -46.50797231212565)
1761,Contenedor Verde,Contenedor Verde,Papel / Cartón / Plástico / Metal / Vidrio,,,"Irigoyen, Bernardo De|148|pr4178|",Monserrat,1,POINT (-149.0331861727616 -46.50792999663169)
1762,Contenedor Verde,Contenedor Verde,Papel / Cartón / Plástico / Metal / Vidrio,,,Chile|870|pr3327,Monserrat,1,POINT (-149.03973984580216 -46.509352912861075)
1763,Contenedor Verde,Contenedor Verde,Papel / Cartón / Plástico / Metal / Vidrio,,,Chacabuco|511|pr3539,Monserrat,1,POINT (-149.03743579229084 -46.510672486788046)
1764,Contenedor Verde,Contenedor Verde,Papel / Cartón / Plástico / Metal / Vidrio,,,Belgrano Av.|1572|pr3191,Monserrat,1,POINT (-149.03712226574257 -46.5032425572081)
1765,Contenedor Verde,Contenedor Verde,Papel / Cartón / Plástico / Metal / Vidrio,,,Belgrano Av.|1384|pr3190,Monserrat,1,POINT (-149.03687133304632 -46.50485371724043)
1766,Contenedor Verde,Contenedor Verde,Papel / Cartón / Plástico / Metal / Vidrio,,,Belgrano Av.|1206|pr3246,Monserrat,1,POINT (-149.03664950417158 -46.50627822116299)
1767,Contenedor Verde,Contenedor Verde,Papel / Cartón / Plástico / Metal / Vidrio,,,"Alsina, Adolfo|1542|pr3187",Monserrat,1,POINT (-149.034540433425 -46.50361684268043)
1768,Contenedor Verde,Contenedor Verde,Papel / Cartón / Plástico / Metal / Vidrio,,,"Alsina, Adolfo|208|pr3659|",Monserrat,1,POINT (-149.03291532335285 -46.514406836975034)
1769,Contenedor Verde,Contenedor Verde,Papel / Cartón / Plástico / Metal / Vidrio,,,"Alsina, Adolfo|360|pr3305",Monserrat,1,POINT (-149.0330778203426 -46.51332678258499)
1770,Contenedor Verde,Contenedor Verde,Papel / Cartón / Plástico / Metal / Vidrio,,,"Alsina, Adolfo|664|pr3332",Monserrat,1,POINT (-149.03356316878197 -46.510241549854605)
1771,Contenedor Verde,Contenedor Verde,Papel / Cartón / Plástico / Metal / Vidrio,,,"Alsina, Adolfo|540|pr3306",Monserrat,1,POINT (-149.0332646583445 -46.511898494420606)
1772,Contenedor Verde,Contenedor Verde,Papel / Cartón / Plástico / Metal / Vidrio,,,Cervantes 2452,Monte Castro,10,POINT (-149.04371002739038 -46.427667177671516)
1773,Contenedor Verde,Contenedor Verde,Papel / Cartón / Plástico / Metal / Vidrio,,,Baigorria 4249,Monte Castro,10,POINT (-149.03685349876596 -46.434126280028714)
1774,Contenedor Verde,Contenedor Verde,Papel / Cartón / Plástico / Metal / Vidrio,,,Baigorria 4741,Monte Castro,10,POINT (-149.04086767900785 -46.43040398700045)
1775,Contenedor Verde,Contenedor Verde,Papel / Cartón / Plástico / Metal / Vidrio,,,Baigorria 5011,Monte Castro,10,POINT (-149.0429660873678 -46.42855753023977)
1776,Contenedor Verde,Contenedor Verde,Papel / Cartón / Plástico / Metal / Vidrio,,,Baigorria 5189,Monte Castro,10,POINT (-149.04505404604112 -46.427281696823826)
1777,Contenedor Verde,Contenedor Verde,Papel / Cartón / Plástico / Metal / Vidrio,,,Baigorria 4405,Monte Castro,10,POINT (-149.0380186522446 -46.433044280222475)
1778,Contenedor Verde,Contenedor Verde,Papel / Cartón / Plástico / Metal / Vidrio,,,Bermudez 1697,Monte Castro,10,POINT (-149.04850855572852 -46.43321012239441)
1779,Contenedor Verde,Contenedor Verde,Papel / Cartón / Plástico / Metal / Vidrio,,,Cervantes 1736,Monte Castro,10,POINT (-149.04954042023422 -46.43221353602252)
1780,Contenedor Verde,Contenedor Verde,Papel / Cartón / Plástico / Metal / Vidrio,,,Alcaraz 4757,Monte Castro,10,POINT (-149.04598915731592 -46.43432276056064)
1781,Contenedor Verde,Contenedor Verde,Papel / Cartón / Plástico / Metal / Vidrio,,,Alcaraz 4911,Monte Castro,10,POINT (-149.04700685249995 -46.43314082940595)
1782,Contenedor Verde,Contenedor Verde,Papel / Cartón / Plástico / Metal / Vidrio,,,Alcaraz 5231,Monte Castro,10,POINT (-149.05053695727244 -46.4308541674031)
1783,Contenedor Verde,Contenedor Verde,Papel / Cartón / Plástico / Metal / Vidrio,,,Allende 2680,Monte Castro,10,POINT (-149.0416382097921 -46.43014018436374)
1784,Contenedor Verde,Contenedor Verde,Papel / Cartón / Plástico / Metal / Vidrio,,,Alvarez Jonte Av. 3915,Monte Castro,10,POINT (-149.04007036053477 -46.43897155046601)
1785,Contenedor Verde,Contenedor Verde,Papel / Cartón / Plástico / Metal / Vidrio,,,Alvarez Jonte Av. 4179,Monte Castro,10,POINT (-149.04174683310688 -46.43725518236017)
1786,Contenedor Verde,Contenedor Verde,Papel / Cartón / Plástico / Metal / Vidrio,,,Alvarez Jonte Av. 4381,Monte Castro,10,POINT (-149.04298436984527 -46.43598234907923)
1787,Contenedor Verde,Contenedor Verde,Papel / Cartón / Plástico / Metal / Vidrio,,,Alvarez Jonte Av. 4413,Monte Castro,10,POINT (-149.0433498092436 -46.43561038617096)
1788,Contenedor Verde,Contenedor Verde,Papel / Cartón / Plástico / Metal / Vidrio,,,Alvarez Jonte Av. 4609,Monte Castro,10,POINT (-149.04462537702534 -46.43429843397698)
1789,Contenedor Verde,Contenedor Verde,Papel / Cartón / Plástico / Metal / Vidrio,,,Alvarez Jonte Av. 4837,Monte Castro,10,POINT (-149.04610531527467 -46.43274887291552)
1790,Contenedor Verde,Contenedor Verde,Papel / Cartón / Plástico / Metal / Vidrio,,,Alvarez Jonte Av. 5111,Monte Castro,10,POINT (-149.04834339390533 -46.431068525437645)
1791,Contenedor Verde,Contenedor Verde,Papel / Cartón / Plástico / Metal / Vidrio,,,Alvarez Jonte Av. 5237,Monte Castro,10,POINT (-149.04986219440838 -46.43012567734395)
1792,Contenedor Verde,Contenedor Verde,Papel / Cartón / Plástico / Metal / Vidrio,,,Arregui 4191,Monte Castro,10,POINT (-149.03956938570667 -46.436077117377046)
1793,Contenedor Verde,Contenedor Verde,Papel / Cartón / Plástico / Metal / Vidrio,,,Arregui 4305,Monte Castro,10,POINT (-149.04045800219507 -46.43523525114341)
1794,Contenedor Verde,Contenedor Verde,Papel / Cartón / Plástico / Metal / Vidrio,,,Arregui 4553,Monte Castro,10,POINT (-149.0422080832541 -46.433569046925335)
1795,Contenedor Verde,Contenedor Verde,Papel / Cartón / Plástico / Metal / Vidrio,,,Arregui 4951,Monte Castro,10,POINT (-149.0452303051211 -46.43111799916881)
1796,Contenedor Verde,Contenedor Verde,Papel / Cartón / Plástico / Metal / Vidrio,,,Arregui 5217,Monte Castro,10,POINT (-149.04794514962492 -46.428886663605546)
1797,Contenedor Verde,Contenedor Verde,Papel / Cartón / Plástico / Metal / Vidrio,,,Arregui 5681,Monte Castro,10,POINT (-149.05228621477596 -46.426323715608696)
1798,Contenedor Verde,Contenedor Verde,Papel / Cartón / Plástico / Metal / Vidrio,,,Baigorria 5543,Monte Castro,10,POINT (-149.0487297268369 -46.425040441277375)
1799,Contenedor Verde,Contenedor Verde,Papel / Cartón / Plástico / Metal / Vidrio,,,"Calderon De La Barca, Pedro 1525",Monte Castro,10,POINT (-149.05157208204074 -46.432248725063204)
1800,Contenedor Verde,Contenedor Verde,Papel / Cartón / Plástico / Metal / Vidrio,,,"Gonzalez, Elpidio 3987",Monte Castro,10,POINT (-149.04222898886516 -46.43975847893318)
1801,Contenedor Verde,Contenedor Verde,Papel / Cartón / Plástico / Metal / Vidrio,,,"Gonzalez, Elpidio 4175",Monte Castro,10,POINT (-149.04382661329308 -46.43875310206223)
1802,Contenedor Verde,Contenedor Verde,Papel / Cartón / Plástico / Metal / Vidrio,,,"Gonzalez, Elpidio 4293",Monte Castro,10,POINT (-149.0447560609202 -46.438143584992936)
1803,Contenedor Verde,Contenedor Verde,Papel / Cartón / Plástico / Metal / Vidrio,,,"Gonzalez, Elpidio 4529",Monte Castro,10,POINT (-149.04667111458622 -46.43676818564733)
1804,Contenedor Verde,Contenedor Verde,Papel / Cartón / Plástico / Metal / Vidrio,,,"Gonzalez, Elpidio 4745",Monte Castro,10,POINT (-149.0484194724597 -46.435006400567104)
1805,Contenedor Verde,Contenedor Verde,Papel / Cartón / Plástico / Metal / Vidrio,,,"Gonzalez, Elpidio 4977",Monte Castro,10,POINT (-149.05028953437053 -46.43341210682058)
1806,Contenedor Verde,Contenedor Verde,Papel / Cartón / Plástico / Metal / Vidrio,,,Gualeguaychu 1966,Monte Castro,10,POINT (-149.04325519322583 -46.4369059849213)
1807,Contenedor Verde,Contenedor Verde,Papel / Cartón / Plástico / Metal / Vidrio,,,Gualeguaychu 2030,Monte Castro,10,POINT (-149.0422964063456 -46.436266601632816)
1808,Contenedor Verde,Contenedor Verde,Papel / Cartón / Plástico / Metal / Vidrio,,,"Hugo, Victor 1525",Monte Castro,10,POINT (-149.0524019190305 -46.42712026873516)
1809,Contenedor Verde,Contenedor Verde,Papel / Cartón / Plástico / Metal / Vidrio,,,"Hugo, Victor 1831",Monte Castro,10,POINT (-149.04983370413171 -46.42513743228609)
1810,Contenedor Verde,Contenedor Verde,Papel / Cartón / Plástico / Metal / Vidrio,,,Irigoyen 1815,Monte Castro,10,POINT (-149.05072148325314 -46.42353219494623)
1811,Contenedor Verde,Contenedor Verde,Papel / Cartón / Plástico / Metal / Vidrio,,,Lascano 4044,Monte Castro,10,POINT (-149.04000843640128 -46.4374487348527)
1812,Contenedor Verde,Contenedor Verde,Papel / Cartón / Plástico / Metal / Vidrio,,,Lascano 4466,Monte Castro,10,POINT (-149.04273072908381 -46.4348480477188)
1813,Contenedor Verde,Contenedor Verde,Papel / Cartón / Plástico / Metal / Vidrio,,,Lascano 4738,Monte Castro,10,POINT (-149.04465408887876 -46.43281496487483)
1814,Contenedor Verde,Contenedor Verde,Papel / Cartón / Plástico / Metal / Vidrio,,,Lascano 5136,Monte Castro,10,POINT (-149.04794174928642 -46.43018530382904)
1815,Contenedor Verde,Contenedor Verde,Papel / Cartón / Plástico / Metal / Vidrio,,,Lascano 5416,Monte Castro,10,POINT (-149.0509761903249 -46.428348251430954)
1816,Contenedor Verde,Contenedor Verde,Papel / Cartón / Plástico / Metal / Vidrio,,,Lascano 5548,Monte Castro,10,POINT (-149.05210886981834 -46.42767796786639)
1817,Contenedor Verde,Contenedor Verde,Papel / Cartón / Plástico / Metal / Vidrio,,,Lascano 5736,Monte Castro,10,POINT (-149.05377069659465 -46.42664854420855)
1818,Contenedor Verde,Contenedor Verde,Papel / Cartón / Plástico / Metal / Vidrio,,,Lope De Vega Av. 1531,Monte Castro,10,POINT (-149.0519729995406 -46.43074074775964)
1819,Contenedor Verde,Contenedor Verde,Papel / Cartón / Plástico / Metal / Vidrio,,,Lope De Vega Av. 1651,Monte Castro,10,POINT (-149.05104252539508 -46.430036590281745)
1820,Contenedor Verde,Contenedor Verde,Papel / Cartón / Plástico / Metal / Vidrio,,,Lope De Vega Av. 1783,Monte Castro,10,POINT (-149.0499858917249 -46.42919946544337)
1821,Contenedor Verde,Contenedor Verde,Papel / Cartón / Plástico / Metal / Vidrio,,,Lope De Vega Av. 1838,Monte Castro,10,POINT (-149.04954327471813 -46.428733474271276)
1822,Contenedor Verde,Contenedor Verde,Papel / Cartón / Plástico / Metal / Vidrio,,,Lope De Vega Av. 1992,Monte Castro,10,POINT (-149.04832359143913 -46.4277822380454)
1823,Contenedor Verde,Contenedor Verde,Papel / Cartón / Plástico / Metal / Vidrio,,,Lope De Vega Av. 2145,Monte Castro,10,POINT (-149.0468902132503 -46.426782172510904)
1824,Contenedor Verde,Contenedor Verde,Papel / Cartón / Plástico / Metal / Vidrio,,,Miranda 4074,Monte Castro,10,POINT (-149.04208265405845 -46.438700785547525)
1825,Contenedor Verde,Contenedor Verde,Papel / Cartón / Plástico / Metal / Vidrio,,,Miranda 4258,Monte Castro,10,POINT (-149.04360296109363 -46.437700782432536)
1826,Contenedor Verde,Contenedor Verde,Papel / Cartón / Plástico / Metal / Vidrio,,,Miranda 4718,Monte Castro,10,POINT (-149.04698103615192 -46.4349121798362)
1827,Contenedor Verde,Contenedor Verde,Papel / Cartón / Plástico / Metal / Vidrio,,,Miranda 5180,Monte Castro,10,POINT (-149.05085336956813 -46.43207698668659)
1828,Contenedor Verde,Contenedor Verde,Papel / Cartón / Plástico / Metal / Vidrio,,,"Paz, Marcos 2674",Monte Castro,10,POINT (-149.0400873269525 -46.43165263619633)
1829,Contenedor Verde,Contenedor Verde,Papel / Cartón / Plástico / Metal / Vidrio,,,Santo Tome 3997,Monte Castro,10,POINT (-149.03738425329306 -46.436824977811355)
1830,Contenedor Verde,Contenedor Verde,Papel / Cartón / Plástico / Metal / Vidrio,,,Santo Tome 4215,Monte Castro,10,POINT (-149.03888736993997 -46.435412143069115)
1831,Contenedor Verde,Contenedor Verde,Papel / Cartón / Plástico / Metal / Vidrio,,,Santo Tome 4451,Monte Castro,10,POINT (-149.04056278180033 -46.43382474953069)
1832,Contenedor Verde,Contenedor Verde,Papel / Cartón / Plástico / Metal / Vidrio,,,Santo Tome 4655,Monte Castro,10,POINT (-149.04217203208833 -46.432259888281045)
1833,Contenedor Verde,Contenedor Verde,Papel / Cartón / Plástico / Metal / Vidrio,,,Santo Tome 4873,Monte Castro,10,POINT (-149.04363136241216 -46.43081418244502)
1834,Contenedor Verde,Contenedor Verde,Papel / Cartón / Plástico / Metal / Vidrio,,,Santo Tome 5053,Monte Castro,10,POINT (-149.04512945053563 -46.429595824491415)
1835,Contenedor Verde,Contenedor Verde,Papel / Cartón / Plástico / Metal / Vidrio,,,Santo Tome 5115,Monte Castro,10,POINT (-149.0458452417654 -46.42915130843426)
1836,Contenedor Verde,Contenedor Verde,Papel / Cartón / Plástico / Metal / Vidrio,,,Santo Tome 5243,Monte Castro,10,POINT (-149.04751884572968 -46.42810576294295)
1837,Contenedor Verde,Contenedor Verde,Papel / Cartón / Plástico / Metal / Vidrio,,,Santo Tome 5736,Monte Castro,10,POINT (-149.05209491687162 -46.425352493672506)
1838,Contenedor Verde,Contenedor Verde,Papel / Cartón / Plástico / Metal / Vidrio,,,"Sastre, Marcos 4044",Monte Castro,10,POINT (-149.03655459623144 -46.43592300437016)
1839,Contenedor Verde,Contenedor Verde,Papel / Cartón / Plástico / Metal / Vidrio,,,"Sastre, Marcos 4200",Monte Castro,10,POINT (-149.037531581438 -46.43503008572421)
1840,Contenedor Verde,Contenedor Verde,Papel / Cartón / Plástico / Metal / Vidrio,,,"Sastre, Marcos 4952",Monte Castro,10,POINT (-149.04332462069007 -46.42979883402745)
1841,Contenedor Verde,Contenedor Verde,Papel / Cartón / Plástico / Metal / Vidrio,,,"Sastre, Marcos 5468",Monte Castro,10,POINT (-149.04890226331386 -46.42610493469106)
1842,Contenedor Verde,Contenedor Verde,Papel / Cartón / Plástico / Metal / Vidrio,,,"Sastre, Marcos 5710",Monte Castro,10,POINT (-149.05102157036137 -46.42480268126915)
1843,Contenedor Verde,Contenedor Verde,Papel / Cartón / Plástico / Metal / Vidrio,,,Segurola Av. 1756,Monte Castro,10,POINT (-149.04603259883916 -46.43661110730271)
1844,Contenedor Verde,Contenedor Verde,Papel / Cartón / Plástico / Metal / Vidrio,,,Segurola Av. 1950,Monte Castro,10,POINT (-149.04464178558774 -46.43557583035733)
1845,Contenedor Verde,Contenedor Verde,Papel / Cartón / Plástico / Metal / Vidrio,,,Segurola Av. 2066,Monte Castro,10,POINT (-149.04331164815397 -46.434695077884996)
1846,Contenedor Verde,Contenedor Verde,Papel / Cartón / Plástico / Metal / Vidrio,,,Segurola Av. 2248,Monte Castro,10,POINT (-149.04152128864914 -46.43366692071839)
1847,Contenedor Verde,Contenedor Verde,Papel / Cartón / Plástico / Metal / Vidrio,,,Segurola Av. 2460,Monte Castro,10,POINT (-149.0393530923832 -46.43242320534952)
1848,Contenedor Verde,Contenedor Verde,Papel / Cartón / Plástico / Metal / Vidrio,,,Virgilio 1911,Monte Castro,10,POINT (-149.04814042329758 -46.42641704008639)
1849,Contenedor Verde,Contenedor Verde,Papel / Cartón / Plástico / Metal / Vidrio,,,Gual 2381,Nueva Pompeya,4,POINT (-149.06951247198845 -46.48187849022726)
1850,Contenedor Verde,Contenedor Verde,Papel / Cartón / Plástico / Metal / Vidrio,,,Gual 2679,Nueva Pompeya,4,POINT (-149.07242461430252 -46.483985984548)
1851,Contenedor Verde,Contenedor Verde,Papel / Cartón / Plástico / Metal / Vidrio,,,Saenz Av. 790,Nueva Pompeya,4,POINT (-149.07471148412665 -46.48724414781291)
1852,Contenedor Verde,Contenedor Verde,Papel / Cartón / Plástico / Metal / Vidrio,,,Del Ba?ado 2353,Nueva Pompeya,4,POINT (-149.0699214097584 -46.48016677635606)
1853,Contenedor Verde,Contenedor Verde,Papel / Cartón / Plástico / Metal / Vidrio,,,Del Ba?ado 2247,Nueva Pompeya,4,POINT (-149.06847004522382 -46.479935567295755)
1854,Contenedor Verde,Contenedor Verde,Papel / Cartón / Plástico / Metal / Vidrio,,,Achala 3561,Nueva Pompeya,4,POINT (-149.06789798153363 -46.488366544916424)
1855,Contenedor Verde,Contenedor Verde,Papel / Cartón / Plástico / Metal / Vidrio,,,Achala 3675,Nueva Pompeya,4,POINT (-149.06762996961245 -46.487618551376954)
1856,Contenedor Verde,Contenedor Verde,Papel / Cartón / Plástico / Metal / Vidrio,,,Alagon 444,Nueva Pompeya,4,POINT (-149.0705678326319 -46.48481905360584)
1857,Contenedor Verde,Contenedor Verde,Papel / Cartón / Plástico / Metal / Vidrio,,,"Alcorta, Amancio Av. 3881",Nueva Pompeya,4,POINT (-149.08128393736865 -46.488639812056995)
1858,Contenedor Verde,Contenedor Verde,Papel / Cartón / Plástico / Metal / Vidrio,,,Almafuerte Av. 726,Nueva Pompeya,4,POINT (-149.07163753221766 -46.488094603983676)
1859,Contenedor Verde,Contenedor Verde,Papel / Cartón / Plástico / Metal / Vidrio,,,"Arbeletche, Anibal P. 1052",Nueva Pompeya,4,POINT (-149.07139303921048 -46.48264809326497)
1860,Contenedor Verde,Contenedor Verde,Papel / Cartón / Plástico / Metal / Vidrio,,,Barco Centenera Del 3132,Nueva Pompeya,4,POINT (-149.07796220410427 -46.483450017986826)
1861,Contenedor Verde,Contenedor Verde,Papel / Cartón / Plástico / Metal / Vidrio,,,Barco Centenera Del 3436,Nueva Pompeya,4,POINT (-149.08045274539137 -46.48550958503602)
1862,Contenedor Verde,Contenedor Verde,Papel / Cartón / Plástico / Metal / Vidrio,,,Barco Centenera Del 3599,Nueva Pompeya,4,POINT (-149.08277145025534 -46.486928277675446)
1863,Contenedor Verde,Contenedor Verde,Papel / Cartón / Plástico / Metal / Vidrio,,,"Barros Pazos, Jose 1809",Nueva Pompeya,4,POINT (-149.07290711765202 -46.477609801109416)
1864,Contenedor Verde,Contenedor Verde,Papel / Cartón / Plástico / Metal / Vidrio,,,"Bonavena, Oscar Natalio 1330",Nueva Pompeya,4,POINT (-149.07871356207696 -46.493771009935124)
1865,Contenedor Verde,Contenedor Verde,Papel / Cartón / Plástico / Metal / Vidrio,,,"Cabred, Domingo, Dr. 4744",Nueva Pompeya,4,POINT (-149.08338449147232 -46.48808365027938)
1866,Contenedor Verde,Contenedor Verde,Papel / Cartón / Plástico / Metal / Vidrio,,,Cachi 697,Nueva Pompeya,4,POINT (-149.0763527883278 -46.490024151144524)
1867,Contenedor Verde,Contenedor Verde,Papel / Cartón / Plástico / Metal / Vidrio,,,Charrua 3293,Nueva Pompeya,4,POINT (-149.0833475165566 -46.480626705371726)
1868,Contenedor Verde,Contenedor Verde,Papel / Cartón / Plástico / Metal / Vidrio,,,Chiclana Av. 4156,Nueva Pompeya,4,POINT (-149.06726170626 -46.48399531881054)
1869,Contenedor Verde,Contenedor Verde,Papel / Cartón / Plástico / Metal / Vidrio,,,"Chilavert, Martiniano, Coronel 1155",Nueva Pompeya,4,POINT (-149.06768326995905 -46.4820785747611)
1870,Contenedor Verde,Contenedor Verde,Papel / Cartón / Plástico / Metal / Vidrio,,,"Chilavert, Martiniano, Coronel 1642",Nueva Pompeya,4,POINT (-149.0721084468588 -46.479464900104404)
1871,Contenedor Verde,Contenedor Verde,Papel / Cartón / Plástico / Metal / Vidrio,,,"Chilavert, Martiniano, Coronel 1840",Nueva Pompeya,4,POINT (-149.0740944053134 -46.478176381009376)
1872,Contenedor Verde,Contenedor Verde,Papel / Cartón / Plástico / Metal / Vidrio,,,"Colmo, Alfredo 3950",Nueva Pompeya,4,POINT (-149.08138467439858 -46.48781059984949)
1873,Contenedor Verde,Contenedor Verde,Papel / Cartón / Plástico / Metal / Vidrio,,,Condor 1978,Nueva Pompeya,4,POINT (-149.08259359223678 -46.48037958739795)
1874,Contenedor Verde,Contenedor Verde,Papel / Cartón / Plástico / Metal / Vidrio,,,Corrales 1664,Nueva Pompeya,4,POINT (-149.07808367439202 -46.48097565758598)
1875,Contenedor Verde,Contenedor Verde,Papel / Cartón / Plástico / Metal / Vidrio,,,Corrales 1972,Nueva Pompeya,4,POINT (-149.0805798060906 -46.479550225266145)
1876,Contenedor Verde,Contenedor Verde,Papel / Cartón / Plástico / Metal / Vidrio,,,Crespo 2991,Nueva Pompeya,4,POINT (-149.079224877967 -46.48012033614877)
1877,Contenedor Verde,Contenedor Verde,Papel / Cartón / Plástico / Metal / Vidrio,,,Crespo 3395,Nueva Pompeya,4,POINT (-149.08187186578456 -46.482333746374955)
1878,Contenedor Verde,Contenedor Verde,Papel / Cartón / Plástico / Metal / Vidrio,,,Daract Av. 2107,Nueva Pompeya,4,POINT (-149.0686800638192 -46.47829300670957)
1879,Contenedor Verde,Contenedor Verde,Papel / Cartón / Plástico / Metal / Vidrio,,,Daract Av. 2271,Nueva Pompeya,4,POINT (-149.07038193488188 -46.478524425272724)
1880,Contenedor Verde,Contenedor Verde,Papel / Cartón / Plástico / Metal / Vidrio,,,Del Tigre 4050,Nueva Pompeya,4,POINT (-149.0708791205224 -46.48623684126949)
1881,Contenedor Verde,Contenedor Verde,Papel / Cartón / Plástico / Metal / Vidrio,,,Drumond 2251,Nueva Pompeya,4,POINT (-149.06670647078926 -46.482075488343)
1882,Contenedor Verde,Contenedor Verde,Papel / Cartón / Plástico / Metal / Vidrio,,,"Einstein, Alberto 1068",Nueva Pompeya,4,POINT (-149.0832703176817 -46.49129403761164)
1883,Contenedor Verde,Contenedor Verde,Papel / Cartón / Plástico / Metal / Vidrio,,,"Einstein, Alberto 856",Nueva Pompeya,4,POINT (-149.08085430196584 -46.490534066366585)
1884,Contenedor Verde,Contenedor Verde,Papel / Cartón / Plástico / Metal / Vidrio,,,Erezcano 3040,Nueva Pompeya,4,POINT (-149.0803405986727 -46.48010037915091)
1885,Contenedor Verde,Contenedor Verde,Papel / Cartón / Plástico / Metal / Vidrio,,,Erezcano 3334,Nueva Pompeya,4,POINT (-149.08216566272594 -46.48163039874391)
1886,Contenedor Verde,Contenedor Verde,Papel / Cartón / Plástico / Metal / Vidrio,,,Erezcano 3462,Nueva Pompeya,4,POINT (-149.0830653488904 -46.482386119583424)
1887,Contenedor Verde,Contenedor Verde,Papel / Cartón / Plástico / Metal / Vidrio,,,"Fernandez De La Cruz, F., Gral. Av. 1310",Nueva Pompeya,4,POINT (-149.0724324763217 -46.480796022576875)
1888,Contenedor Verde,Contenedor Verde,Papel / Cartón / Plástico / Metal / Vidrio,,,Itaqui 1802,Nueva Pompeya,4,POINT (-149.07785628431287 -46.478909398362916)
1889,Contenedor Verde,Contenedor Verde,Papel / Cartón / Plástico / Metal / Vidrio,,,Itaqui 2160,Nueva Pompeya,4,POINT (-149.08004202108748 -46.47749843110964)
1890,Contenedor Verde,Contenedor Verde,Papel / Cartón / Plástico / Metal / Vidrio,,,La Plata Av. 2506,Nueva Pompeya,4,POINT (-149.06955199655226 -46.483775573314894)
1891,Contenedor Verde,Contenedor Verde,Papel / Cartón / Plástico / Metal / Vidrio,,,La Plata Av. 2678,Nueva Pompeya,4,POINT (-149.0715157948541 -46.484792565585586)
1892,Contenedor Verde,Contenedor Verde,Papel / Cartón / Plástico / Metal / Vidrio,,,La Plata Av. 2948,Nueva Pompeya,4,POINT (-149.0737295045235 -46.48674952347725)
1893,Contenedor Verde,Contenedor Verde,Papel / Cartón / Plástico / Metal / Vidrio,,,Lanza 2132,Nueva Pompeya,4,POINT (-149.0673560540784 -46.47897143987396)
1894,Contenedor Verde,Contenedor Verde,Papel / Cartón / Plástico / Metal / Vidrio,,,Lanza 2284,Nueva Pompeya,4,POINT (-149.06898279641055 -46.47922653061391)
1895,Contenedor Verde,Contenedor Verde,Papel / Cartón / Plástico / Metal / Vidrio,,,Lanza 2398,Nueva Pompeya,4,POINT (-149.07064259234454 -46.47951076895817)
1896,Contenedor Verde,Contenedor Verde,Papel / Cartón / Plástico / Metal / Vidrio,,,"Luppi, Abraham J. 1038",Nueva Pompeya,4,POINT (-149.07678692416746 -46.48572355434701)
1897,Contenedor Verde,Contenedor Verde,Papel / Cartón / Plástico / Metal / Vidrio,,,Lynch 3840,Nueva Pompeya,4,POINT (-149.0788896626466 -46.488303490234046)
1898,Contenedor Verde,Contenedor Verde,Papel / Cartón / Plástico / Metal / Vidrio,,,"Magnaud, Juez 1222",Nueva Pompeya,4,POINT (-149.07749697539217 -46.493049902088096)
1899,Contenedor Verde,Contenedor Verde,Papel / Cartón / Plástico / Metal / Vidrio,,,Matanza 2810,Nueva Pompeya,4,POINT (-149.0792743313979 -46.478185017533)
1900,Contenedor Verde,Contenedor Verde,Papel / Cartón / Plástico / Metal / Vidrio,,,Mom 2383,Nueva Pompeya,4,POINT (-149.07257046567327 -46.47756388225108)
1901,Contenedor Verde,Contenedor Verde,Papel / Cartón / Plástico / Metal / Vidrio,,,Mom 2597,Nueva Pompeya,4,POINT (-149.07462798832714 -46.47913164747851)
1902,Contenedor Verde,Contenedor Verde,Papel / Cartón / Plástico / Metal / Vidrio,,,Mom 3203,Nueva Pompeya,4,POINT (-149.07941302909248 -46.483108570525225)
1903,Contenedor Verde,Contenedor Verde,Papel / Cartón / Plástico / Metal / Vidrio,,,Mom 3503,Nueva Pompeya,4,POINT (-149.08129069731436 -46.48465628383674)
1904,Contenedor Verde,Contenedor Verde,Papel / Cartón / Plástico / Metal / Vidrio,,,"Moreno, Perito Av. 197",Nueva Pompeya,4,POINT (-149.07494154898137 -46.49172987308253)
1905,Contenedor Verde,Contenedor Verde,Papel / Cartón / Plástico / Metal / Vidrio,,,"Moreno, Perito Av. 815",Nueva Pompeya,4,POINT (-149.07554686171616 -46.48622400789794)
1906,Contenedor Verde,Contenedor Verde,Papel / Cartón / Plástico / Metal / Vidrio,,,"Ochoa, Enrique 675",Nueva Pompeya,4,POINT (-149.079676614559 -46.48884858590864)
1907,Contenedor Verde,Contenedor Verde,Papel / Cartón / Plástico / Metal / Vidrio,,,"Pagola, Cnel. 3968",Nueva Pompeya,4,POINT (-149.06868338459032 -46.485843023243596)
1908,Contenedor Verde,Contenedor Verde,Papel / Cartón / Plástico / Metal / Vidrio,,,Pepiri 1511,Nueva Pompeya,4,POINT (-149.08149442857726 -46.49333630654762)
1909,Contenedor Verde,Contenedor Verde,Papel / Cartón / Plástico / Metal / Vidrio,,,Pirovano 409,Nueva Pompeya,4,POINT (-149.07039832459463 -46.48504227427765)
1910,Contenedor Verde,Contenedor Verde,Papel / Cartón / Plástico / Metal / Vidrio,,,"Pomar, Gregorio Tte. Cnel. 3605",Nueva Pompeya,4,POINT (-149.06526483593404 -46.48817814654061)
1911,Contenedor Verde,Contenedor Verde,Papel / Cartón / Plástico / Metal / Vidrio,,,"Pomar, Gregorio Tte. Cnel. 4095",Nueva Pompeya,4,POINT (-149.06632672172572 -46.485168351265884)
1912,Contenedor Verde,Contenedor Verde,Papel / Cartón / Plástico / Metal / Vidrio,,,Quilmes 640,Nueva Pompeya,4,POINT (-149.0723108611888 -46.48648728663792)
1913,Contenedor Verde,Contenedor Verde,Papel / Cartón / Plástico / Metal / Vidrio,,,Raulet 113,Nueva Pompeya,4,POINT (-149.06604643902364 -46.486775055666854)
1914,Contenedor Verde,Contenedor Verde,Papel / Cartón / Plástico / Metal / Vidrio,,,Rio Cuarto 4445,Nueva Pompeya,4,POINT (-149.08224450126724 -46.49050785605104)
1915,Contenedor Verde,Contenedor Verde,Papel / Cartón / Plástico / Metal / Vidrio,,,"Rivera, Fructuoso, General 1653",Nueva Pompeya,4,POINT (-149.07709159297488 -46.480415012126315)
1916,Contenedor Verde,Contenedor Verde,Papel / Cartón / Plástico / Metal / Vidrio,,,Romero 986,Nueva Pompeya,4,POINT (-149.08313906852345 -46.489101475431156)
1917,Contenedor Verde,Contenedor Verde,Papel / Cartón / Plástico / Metal / Vidrio,,,Saenz Av. 20,Nueva Pompeya,4,POINT (-149.06433909229014 -46.48716138363038)
1918,Contenedor Verde,Contenedor Verde,Papel / Cartón / Plástico / Metal / Vidrio,,,Saenz Av. 423,Nueva Pompeya,4,POINT (-149.06995771698556 -46.48710501445454)
1919,Contenedor Verde,Contenedor Verde,Papel / Cartón / Plástico / Metal / Vidrio,,,Santa Catalina 1394,Nueva Pompeya,4,POINT (-149.07874427198328 -46.484285345430756)
1920,Contenedor Verde,Contenedor Verde,Papel / Cartón / Plástico / Metal / Vidrio,,,Tabare 1471,Nueva Pompeya,4,POINT (-149.07779380258015 -46.48218268487735)
1921,Contenedor Verde,Contenedor Verde,Papel / Cartón / Plástico / Metal / Vidrio,,,"Taborda, Diogenes 1032",Nueva Pompeya,4,POINT (-149.07682132244688 -46.49132457578331)
1922,Contenedor Verde,Contenedor Verde,Papel / Cartón / Plástico / Metal / Vidrio,,,"Taborda, Diogenes 928",Nueva Pompeya,4,POINT (-149.07452405971415 -46.490829304375)
1923,Contenedor Verde,Contenedor Verde,Papel / Cartón / Plástico / Metal / Vidrio,,,Tilcara 2271,Nueva Pompeya,4,POINT (-149.06855029619066 -46.48068914518449)
1924,Contenedor Verde,Contenedor Verde,Papel / Cartón / Plástico / Metal / Vidrio,,,Tilcara 2331,Nueva Pompeya,4,POINT (-149.0693495237943 -46.48081802207797)
1925,Contenedor Verde,Contenedor Verde,Papel / Cartón / Plástico / Metal / Vidrio,,,Tilcara 2565,Nueva Pompeya,4,POINT (-149.07199820274366 -46.48163761270592)
1926,Contenedor Verde,Contenedor Verde,Papel / Cartón / Plástico / Metal / Vidrio,,,Tilcara 3109,Nueva Pompeya,4,POINT (-149.07776545661105 -46.48562548365158)
1927,Contenedor Verde,Contenedor Verde,Papel / Cartón / Plástico / Metal / Vidrio,,,Tilcara Av. 2869,Nueva Pompeya,4,POINT (-149.07485595461134 -46.483644545373714)
1928,Contenedor Verde,Contenedor Verde,Papel / Cartón / Plástico / Metal / Vidrio,,,Tilcara Av. 3001,Nueva Pompeya,4,POINT (-149.07634336291457 -46.484675508404784)
1929,Contenedor Verde,Contenedor Verde,Papel / Cartón / Plástico / Metal / Vidrio,,,Traful 3369,Nueva Pompeya,4,POINT (-149.07578722188902 -46.49246009331556)
1930,Contenedor Verde,Contenedor Verde,Papel / Cartón / Plástico / Metal / Vidrio,,,Traful 3820,Nueva Pompeya,4,POINT (-149.0777431910904 -46.488239519442544)
1931,Contenedor Verde,Contenedor Verde,Papel / Cartón / Plástico / Metal / Vidrio,,,Uspallata 3680,Nueva Pompeya,4,POINT (-149.06675894210014 -46.4877580813144)
1932,Contenedor Verde,Contenedor Verde,Papel / Cartón / Plástico / Metal / Vidrio,,,Uspallata 4014,Nueva Pompeya,4,POINT (-149.0676865138552 -46.485155922200285)
1933,Contenedor Verde,Contenedor Verde,Papel / Cartón / Plástico / Metal / Vidrio,,,"Valle, J.j., Gral. Div. 2850",Nueva Pompeya,4,POINT (-149.07541349400358 -46.483147020439)
1934,Contenedor Verde,Contenedor Verde,Papel / Cartón / Plástico / Metal / Vidrio,,,"Vedia, Agustin De 3190",Nueva Pompeya,4,POINT (-149.07984422989134 -46.481742715703305)
1935,Contenedor Verde,Contenedor Verde,Papel / Cartón / Plástico / Metal / Vidrio,,,"Vedia, Agustin De 3404",Nueva Pompeya,4,POINT (-149.08126688993116 -46.48291731661607)
1936,Contenedor Verde,Contenedor Verde,Papel / Cartón / Plástico / Metal / Vidrio,,,"Vedia, Agustin De 3502",Nueva Pompeya,4,POINT (-149.08185317005777 -46.48340463698535)
1937,Contenedor Verde,Contenedor Verde,Papel / Cartón / Plástico / Metal / Vidrio,,,Ventana 3706,Nueva Pompeya,4,POINT (-149.07609449879865 -46.48903911058329)
1938,Contenedor Verde,Contenedor Verde,Papel / Cartón / Plástico / Metal / Vidrio,,,Castro Barros 2233,Nueva Pompeya,4,POINT (-149.06396450363502 -46.486423145962746)
1939,Contenedor Verde,Contenedor Verde,Papel / Cartón / Plástico / Metal / Vidrio,,,Salvigny 1502,Nueva Pompeya,4,POINT (-149.070051630906 -46.4775054521604)
1940,Contenedor Verde,Contenedor Verde,Papel / Cartón / Plástico / Metal / Vidrio,,,Correa 1620,Nuñez,13,POINT (-148.96154118881262 -46.4562882748901)
1941,Contenedor Verde,Contenedor Verde,Papel / Cartón / Plástico / Metal / Vidrio,,,Correa 1712,Nuñez,13,POINT (-148.96196112494408 -46.45584029241746)
1942,Contenedor Verde,Contenedor Verde,Papel / Cartón / Plástico / Metal / Vidrio,,,Cuba 3122,Nuñez,13,POINT (-148.97353104955985 -46.457259164715005)
1943,Contenedor Verde,Contenedor Verde,Papel / Cartón / Plástico / Metal / Vidrio,,,Cuba 3390,Nuñez,13,POINT (-148.97150373781494 -46.45635894560834)
1944,Contenedor Verde,Contenedor Verde,Papel / Cartón / Plástico / Metal / Vidrio,,,Cuba 3686,Nuñez,13,POINT (-148.96903475290986 -46.455273030047614)
1945,Contenedor Verde,Contenedor Verde,Papel / Cartón / Plástico / Metal / Vidrio,,,Cuba 3880,Nuñez,13,POINT (-148.9675833313131 -46.454621860454665)
1946,Contenedor Verde,Contenedor Verde,Papel / Cartón / Plástico / Metal / Vidrio,,,Cuba 4212,Nuñez,13,POINT (-148.96497560782137 -46.45346170545708)
1947,Contenedor Verde,Contenedor Verde,Papel / Cartón / Plástico / Metal / Vidrio,,,Cuba 4338,Nuñez,13,POINT (-148.96404787418578 -46.45304848953383)
1948,Contenedor Verde,Contenedor Verde,Papel / Cartón / Plástico / Metal / Vidrio,,,Vedia 2004,Nuñez,13,POINT (-148.9594981017539 -46.45247072419301)
1949,Contenedor Verde,Contenedor Verde,Papel / Cartón / Plástico / Metal / Vidrio,,,Vedia 2340,Nuñez,13,POINT (-148.96127858824605 -46.45057868630758)
1950,Contenedor Verde,Contenedor Verde,Papel / Cartón / Plástico / Metal / Vidrio,,,Nu?ez 3084,Nuñez,13,POINT (-148.97569548637185 -46.45136414255876)
1951,Contenedor Verde,Contenedor Verde,Papel / Cartón / Plástico / Metal / Vidrio,,,Nu?ez 1792,Nuñez,13,POINT (-148.96843615975845 -46.458294169498494)
1952,Contenedor Verde,Contenedor Verde,Papel / Cartón / Plástico / Metal / Vidrio,,,Nu?ez 1650,Nuñez,13,POINT (-148.96773405193596 -46.45905713302138)
1953,Contenedor Verde,Contenedor Verde,Papel / Cartón / Plástico / Metal / Vidrio,,,Nu?ez 2174,Nuñez,13,POINT (-148.97036793889725 -46.45622280843053)
1954,Contenedor Verde,Contenedor Verde,Papel / Cartón / Plástico / Metal / Vidrio,,,Nu?ez 2410,Nuñez,13,POINT (-148.97213641905546 -46.45482815376581)
1955,Contenedor Verde,Contenedor Verde,Papel / Cartón / Plástico / Metal / Vidrio,,,Arribe?os 3289,Nuñez,13,POINT (-148.9691735135608 -46.4600400080819)
1956,Contenedor Verde,Contenedor Verde,Papel / Cartón / Plástico / Metal / Vidrio,,,Arribe?os 3767,Nuñez,13,POINT (-148.96517935571597 -46.45831033632925)
1957,Contenedor Verde,Contenedor Verde,Papel / Cartón / Plástico / Metal / Vidrio,,,Arribe?os 3395,Nuñez,13,POINT (-148.96838193890846 -46.45973172586506)
1958,Contenedor Verde,Contenedor Verde,Papel / Cartón / Plástico / Metal / Vidrio,,,Arribe?os 3513,Nuñez,13,POINT (-148.96725041991192 -46.45923183883299)
1959,Contenedor Verde,Contenedor Verde,Papel / Cartón / Plástico / Metal / Vidrio,,,3 De Febrero 3005,Nuñez,13,POINT (-148.9723223335803 -46.45990913703777)
1960,Contenedor Verde,Contenedor Verde,Papel / Cartón / Plástico / Metal / Vidrio,,,3 De Febrero 3182,Nuñez,13,POINT (-148.97100812379756 -46.45926274715005)
1961,Contenedor Verde,Contenedor Verde,Papel / Cartón / Plástico / Metal / Vidrio,,,3 De Febrero 3225,Nuñez,13,POINT (-148.9706372188431 -46.459160731594395)
1962,Contenedor Verde,Contenedor Verde,Papel / Cartón / Plástico / Metal / Vidrio,,,3 De Febrero 3803,Nuñez,13,POINT (-148.96593511117527 -46.45707499171891)
1963,Contenedor Verde,Contenedor Verde,Papel / Cartón / Plástico / Metal / Vidrio,,,3 De Febrero 4013,Nuñez,13,POINT (-148.96439455205225 -46.456388769485784)
1964,Contenedor Verde,Contenedor Verde,Papel / Cartón / Plástico / Metal / Vidrio,,,3 De Febrero 4207,Nuñez,13,POINT (-148.9629260947324 -46.45573207480068)
1965,Contenedor Verde,Contenedor Verde,Papel / Cartón / Plástico / Metal / Vidrio,,,Amenabar 3059,Nuñez,13,POINT (-148.97703027475973 -46.45592071524999)
1966,Contenedor Verde,Contenedor Verde,Papel / Cartón / Plástico / Metal / Vidrio,,,Amenabar 3285,Nuñez,13,POINT (-148.97496241565008 -46.45459653524729)
1967,Contenedor Verde,Contenedor Verde,Papel / Cartón / Plástico / Metal / Vidrio,,,Amenabar 3425,Nuñez,13,POINT (-148.9738191230929 -46.454069357582675)
1968,Contenedor Verde,Contenedor Verde,Papel / Cartón / Plástico / Metal / Vidrio,,,Arcos 3053,Nuñez,13,POINT (-148.97354208670802 -46.45811202392408)
1969,Contenedor Verde,Contenedor Verde,Papel / Cartón / Plástico / Metal / Vidrio,,,Arcos 3973,Nuñez,13,POINT (-148.9663642077997 -46.45493038107598)
1970,Contenedor Verde,Contenedor Verde,Papel / Cartón / Plástico / Metal / Vidrio,,,Arcos 4427,Nuñez,13,POINT (-148.96277483813225 -46.453325974018846)
1971,Contenedor Verde,Contenedor Verde,Papel / Cartón / Plástico / Metal / Vidrio,,,Arias 1853,Nuñez,13,POINT (-148.9609672710873 -46.454441068210414)
1972,Contenedor Verde,Contenedor Verde,Papel / Cartón / Plástico / Metal / Vidrio,,,Arias 2283,Nuñez,13,POINT (-148.96310918392425 -46.45213728858646)
1973,Contenedor Verde,Contenedor Verde,Papel / Cartón / Plástico / Metal / Vidrio,,,Besares 2015,Nuñez,13,POINT (-148.96493410257264 -46.454884359928286)
1974,Contenedor Verde,Contenedor Verde,Papel / Cartón / Plástico / Metal / Vidrio,,,Cabildo Av. 2957,Nuñez,13,POINT (-148.97691906638838 -46.45763322989521)
1975,Contenedor Verde,Contenedor Verde,Papel / Cartón / Plástico / Metal / Vidrio,,,Cabildo Av. 3189,Nuñez,13,POINT (-148.97486569192841 -46.45645126400133)
1976,Contenedor Verde,Contenedor Verde,Papel / Cartón / Plástico / Metal / Vidrio,,,Cabildo Av. 3198,Nuñez,13,POINT (-148.97501065166537 -46.456275697605534)
1977,Contenedor Verde,Contenedor Verde,Papel / Cartón / Plástico / Metal / Vidrio,,,Cabildo Av. 3490,Nuñez,13,POINT (-148.97301173446633 -46.45531653057798)
1978,Contenedor Verde,Contenedor Verde,Papel / Cartón / Plástico / Metal / Vidrio,,,Cabildo Av. 4635,Nuñez,13,POINT (-148.96355914896625 -46.45115948952621)
1979,Contenedor Verde,Contenedor Verde,Papel / Cartón / Plástico / Metal / Vidrio,,,Campos Salles 1595,Nuñez,13,POINT (-148.9694135241316 -46.46079651188564)
1980,Contenedor Verde,Contenedor Verde,Papel / Cartón / Plástico / Metal / Vidrio,,,Campos Salles 1725,Nuñez,13,POINT (-148.97002463378567 -46.4601415878062)
1981,Contenedor Verde,Contenedor Verde,Papel / Cartón / Plástico / Metal / Vidrio,,,Campos Salles 1905,Nuñez,13,POINT (-148.9709572983865 -46.459134147376076)
1982,Contenedor Verde,Contenedor Verde,Papel / Cartón / Plástico / Metal / Vidrio,,,Campos Salles 1995,Nuñez,13,POINT (-148.97153437393152 -46.458513467647435)
1983,Contenedor Verde,Contenedor Verde,Papel / Cartón / Plástico / Metal / Vidrio,,,Ciudad De La Paz 2956,Nuñez,13,POINT (-148.97769536149724 -46.456867748760075)
1984,Contenedor Verde,Contenedor Verde,Papel / Cartón / Plástico / Metal / Vidrio,,,Ciudad De La Paz 3390,Nuñez,13,POINT (-148.97367997397032 -46.454684848919236)
1985,Contenedor Verde,Contenedor Verde,Papel / Cartón / Plástico / Metal / Vidrio,,,Conesa 3407,Nuñez,13,POINT (-148.97590801372016 -46.452070564118316)
1986,Contenedor Verde,Contenedor Verde,Papel / Cartón / Plástico / Metal / Vidrio,,,Cramer Av. 2962,Nuñez,13,POINT (-148.9795856628926 -46.45477772068015)
1987,Contenedor Verde,Contenedor Verde,Papel / Cartón / Plástico / Metal / Vidrio,,,Cramer Av. 3275,Nuñez,13,POINT (-148.9766224345997 -46.45324588542549)
1988,Contenedor Verde,Contenedor Verde,Papel / Cartón / Plástico / Metal / Vidrio,,,Cramer Av. 3505,Nuñez,13,POINT (-148.97452954824684 -46.45218702768758)
1989,Contenedor Verde,Contenedor Verde,Papel / Cartón / Plástico / Metal / Vidrio,,,Deheza 1825,Nuñez,13,POINT (-148.96010297918622 -46.45415120164664)
1990,Contenedor Verde,Contenedor Verde,Papel / Cartón / Plástico / Metal / Vidrio,,,Deheza 2014,Nuñez,13,POINT (-148.96113290970035 -46.453148246353486)
1991,Contenedor Verde,Contenedor Verde,Papel / Cartón / Plástico / Metal / Vidrio,,,Deheza 2194,Nuñez,13,POINT (-148.96188870821604 -46.45234245799398)
1992,Contenedor Verde,Contenedor Verde,Papel / Cartón / Plástico / Metal / Vidrio,,,Deheza 2290,Nuñez,13,POINT (-148.962483392877 -46.45170910192843)
1993,Contenedor Verde,Contenedor Verde,Papel / Cartón / Plástico / Metal / Vidrio,,,Del Libertador Av. 7270,Nuñez,13,POINT (-148.9679344167479 -46.46047808505188)
1994,Contenedor Verde,Contenedor Verde,Papel / Cartón / Plástico / Metal / Vidrio,,,Del Libertador Av. 7420,Nuñez,13,POINT (-148.96680993288768 -46.45963992558229)
1995,Contenedor Verde,Contenedor Verde,Papel / Cartón / Plástico / Metal / Vidrio,,,Grecia 3273,Nuñez,13,POINT (-148.9711092850568 -46.45821468389671)
1996,Contenedor Verde,Contenedor Verde,Papel / Cartón / Plástico / Metal / Vidrio,,,Grecia 3481,Nuñez,13,POINT (-148.96923515773312 -46.45777264595908)
1997,Contenedor Verde,Contenedor Verde,Papel / Cartón / Plástico / Metal / Vidrio,,,Grecia 3637,Nuñez,13,POINT (-148.96773059531355 -46.457150415311766)
1998,Contenedor Verde,Contenedor Verde,Papel / Cartón / Plástico / Metal / Vidrio,,,Grecia 4085,Nuñez,13,POINT (-148.96434476542382 -46.45572827362589)
1999,Contenedor Verde,Contenedor Verde,Papel / Cartón / Plástico / Metal / Vidrio,,,Grecia 4217,Nuñez,13,POINT (-148.963402996255 -46.45515948624487)
2000,Contenedor Verde,Contenedor Verde,Papel / Cartón / Plástico / Metal / Vidrio,,,Grecia 4307,Nuñez,13,POINT (-148.96266224538493 -46.454830752654004)
2001,Contenedor Verde,Contenedor Verde,Papel / Cartón / Plástico / Metal / Vidrio,,,Guayra 1685,Nuñez,13,POINT (-148.9706102905256 -46.46078056443028)
2002,Contenedor Verde,Contenedor Verde,Papel / Cartón / Plástico / Metal / Vidrio,,,Ibera 1537,Nuñez,13,POINT (-148.97042712445835 -46.462020963380944)
2003,Contenedor Verde,Contenedor Verde,Papel / Cartón / Plástico / Metal / Vidrio,,,Ibera 1627,Nuñez,13,POINT (-148.97110762658608 -46.461308697592926)
2004,Contenedor Verde,Contenedor Verde,Papel / Cartón / Plástico / Metal / Vidrio,,,Ibera 1709,Nuñez,13,POINT (-148.9714636383534 -46.46093173081902)
2005,Contenedor Verde,Contenedor Verde,Papel / Cartón / Plástico / Metal / Vidrio,,,Ibera 2605,Nuñez,13,POINT (-148.97674667442712 -46.45540935163517)
2006,Contenedor Verde,Contenedor Verde,Papel / Cartón / Plástico / Metal / Vidrio,,,Ibera 2797,Nuñez,13,POINT (-148.97753684147463 -46.45464924157929)
2007,Contenedor Verde,Contenedor Verde,Papel / Cartón / Plástico / Metal / Vidrio,,,Ibera 2917,Nuñez,13,POINT (-148.9782995625355 -46.453915047249446)
2008,Contenedor Verde,Contenedor Verde,Papel / Cartón / Plástico / Metal / Vidrio,,,Jaramillo 1694,Nuñez,13,POINT (-148.96621579257953 -46.45807179896535)
2009,Contenedor Verde,Contenedor Verde,Papel / Cartón / Plástico / Metal / Vidrio,,,Jaramillo 1724,Nuñez,13,POINT (-148.96639859748075 -46.457876478594855)
2010,Contenedor Verde,Contenedor Verde,Papel / Cartón / Plástico / Metal / Vidrio,,,Jaramillo 2123,Nuñez,13,POINT (-148.96841881186967 -46.45560592668147)
2011,Contenedor Verde,Contenedor Verde,Papel / Cartón / Plástico / Metal / Vidrio,,,"Larralde, Crisologo Av. 1663",Nuñez,13,POINT (-148.96690388266728 -46.458589952830614)
2012,Contenedor Verde,Contenedor Verde,Papel / Cartón / Plástico / Metal / Vidrio,,,"Larralde, Crisologo Av. 1723",Nuñez,13,POINT (-148.96727184414777 -46.45818994172344)
2013,Contenedor Verde,Contenedor Verde,Papel / Cartón / Plástico / Metal / Vidrio,,,"Larralde, Crisologo Av. 1865",Nuñez,13,POINT (-148.96793794723374 -46.45746536681845)
2014,Contenedor Verde,Contenedor Verde,Papel / Cartón / Plástico / Metal / Vidrio,,,"Larralde, Crisologo Av. 2119",Nuñez,13,POINT (-148.9693079601442 -46.45597103724262)
2015,Contenedor Verde,Contenedor Verde,Papel / Cartón / Plástico / Metal / Vidrio,,,"Larralde, Crisologo Av. 2221",Nuñez,13,POINT (-148.96981902172976 -46.45542697172326)
2016,Contenedor Verde,Contenedor Verde,Papel / Cartón / Plástico / Metal / Vidrio,,,"Larralde, Crisologo Av. 2595",Nuñez,13,POINT (-148.97193323605802 -46.45327728229381)
2017,Contenedor Verde,Contenedor Verde,Papel / Cartón / Plástico / Metal / Vidrio,,,"Larralde, Crisologo Av. 2947",Nuñez,13,POINT (-148.97381174482607 -46.45143459827377)
2018,Contenedor Verde,Contenedor Verde,Papel / Cartón / Plástico / Metal / Vidrio,,,Manzanares 1607,Nuñez,13,POINT (-148.9650041741345 -46.45815896811264)
2019,Contenedor Verde,Contenedor Verde,Papel / Cartón / Plástico / Metal / Vidrio,,,Manzanares 2004,Nuñez,13,POINT (-148.96717077704363 -46.455933033467765)
2020,Contenedor Verde,Contenedor Verde,Papel / Cartón / Plástico / Metal / Vidrio,,,Moldes 3458,Nuñez,13,POINT (-148.97410054658036 -46.453400235931845)
2021,Contenedor Verde,Contenedor Verde,Papel / Cartón / Plástico / Metal / Vidrio,,,Moldes 3576,Nuñez,13,POINT (-148.9728977960042 -46.45284156658979)
2022,Contenedor Verde,Contenedor Verde,Papel / Cartón / Plástico / Metal / Vidrio,,,O'higgins 2961,Nuñez,13,POINT (-148.97373082015895 -46.45938578795666)
2023,Contenedor Verde,Contenedor Verde,Papel / Cartón / Plástico / Metal / Vidrio,,,O'higgins 3166,Nuñez,13,POINT (-148.97214299946606 -46.458371051316824)
2024,Contenedor Verde,Contenedor Verde,Papel / Cartón / Plástico / Metal / Vidrio,,,O'higgins 3535,Nuñez,13,POINT (-148.9693046215019 -46.456827497906836)
2025,Contenedor Verde,Contenedor Verde,Papel / Cartón / Plástico / Metal / Vidrio,,,O'higgins 3713,Nuñez,13,POINT (-148.96747031577715 -46.456215647873165)
2026,Contenedor Verde,Contenedor Verde,Papel / Cartón / Plástico / Metal / Vidrio,,,Paroissien 1622,Nuñez,13,POINT (-148.96442920092872 -46.45774705201554)
2027,Contenedor Verde,Contenedor Verde,Papel / Cartón / Plástico / Metal / Vidrio,,,"Paz, Gral. Av. 526",Nuñez,13,POINT (-148.95816699281485 -46.45332601002472)
2028,Contenedor Verde,Contenedor Verde,Papel / Cartón / Plástico / Metal / Vidrio,,,"Paz, Gral. Av. 902",Nuñez,13,POINT (-148.96012138653046 -46.45095958291592)
2029,Contenedor Verde,Contenedor Verde,Papel / Cartón / Plástico / Metal / Vidrio,,,"Pedraza, Manuela 1540",Nuñez,13,POINT (-148.96867991479073 -46.46049880391616)
2030,Contenedor Verde,Contenedor Verde,Papel / Cartón / Plástico / Metal / Vidrio,,,"Pedraza, Manuela 1698",Nuñez,13,POINT (-148.9695569581392 -46.459555239149644)
2031,Contenedor Verde,Contenedor Verde,Papel / Cartón / Plástico / Metal / Vidrio,,,"Pedraza, Manuela 2184",Nuñez,13,POINT (-148.97204775422674 -46.45686330416193)
2032,Contenedor Verde,Contenedor Verde,Papel / Cartón / Plástico / Metal / Vidrio,,,"Pedraza, Manuela 2288",Nuñez,13,POINT (-148.97263554425984 -46.45622901125956)
2033,Contenedor Verde,Contenedor Verde,Papel / Cartón / Plástico / Metal / Vidrio,,,"Pedraza, Manuela 2650",Nuñez,13,POINT (-148.97526647374565 -46.45406121051257)
2034,Contenedor Verde,Contenedor Verde,Papel / Cartón / Plástico / Metal / Vidrio,,,"Pedraza, Manuela 2782",Nuñez,13,POINT (-148.97569462264332 -46.45357551306209)
2035,Contenedor Verde,Contenedor Verde,Papel / Cartón / Plástico / Metal / Vidrio,,,"Pedraza, Manuela 2980",Nuñez,13,POINT (-148.97669731552125 -46.45260360527508)
2036,Contenedor Verde,Contenedor Verde,Papel / Cartón / Plástico / Metal / Vidrio,,,Pico 1612,Nuñez,13,POINT (-148.95829887727996 -46.45499747204678)
2037,Contenedor Verde,Contenedor Verde,Papel / Cartón / Plástico / Metal / Vidrio,,,Pico 1951,Nuñez,13,POINT (-148.95988331364018 -46.45318749275042)
2038,Contenedor Verde,Contenedor Verde,Papel / Cartón / Plástico / Metal / Vidrio,,,Quesada 1710,Nuñez,13,POINT (-148.97262475299416 -46.46139126422349)
2039,Contenedor Verde,Contenedor Verde,Papel / Cartón / Plástico / Metal / Vidrio,,,Quesada 2108,Nuñez,13,POINT (-148.97485787593058 -46.459076431474145)
2040,Contenedor Verde,Contenedor Verde,Papel / Cartón / Plástico / Metal / Vidrio,,,Quesada 2349,Nuñez,13,POINT (-148.97608592190423 -46.45768305108828)
2041,Contenedor Verde,Contenedor Verde,Papel / Cartón / Plástico / Metal / Vidrio,,,Quesada 2464,Nuñez,13,POINT (-148.97701603445435 -46.45684706371492)
2042,Contenedor Verde,Contenedor Verde,Papel / Cartón / Plástico / Metal / Vidrio,,,Quesada 2678,Nuñez,13,POINT (-148.97794814006932 -46.455895348312495)
2043,Contenedor Verde,Contenedor Verde,Papel / Cartón / Plástico / Metal / Vidrio,,,Quesada 2746,Nuñez,13,POINT (-148.97836541232363 -46.455473566970305)
2044,Contenedor Verde,Contenedor Verde,Papel / Cartón / Plástico / Metal / Vidrio,,,Quesada 2998,Nuñez,13,POINT (-148.97971684458926 -46.454090582311615)
2045,Contenedor Verde,Contenedor Verde,Papel / Cartón / Plástico / Metal / Vidrio,,,Ramallo 1915,Nuñez,13,POINT (-148.96206648374047 -46.45439292159743)
2046,Contenedor Verde,Contenedor Verde,Papel / Cartón / Plástico / Metal / Vidrio,,,Ramallo 2328,Nuñez,13,POINT (-148.96431276496227 -46.45211271709306)
2047,Contenedor Verde,Contenedor Verde,Papel / Cartón / Plástico / Metal / Vidrio,,,"Rivadavia Martin, Comodoro 1703",Nuñez,13,POINT (-148.9637803498437 -46.45673004870435)
2048,Contenedor Verde,Contenedor Verde,Papel / Cartón / Plástico / Metal / Vidrio,,,"Rivadavia Martin, Comodoro 1801",Nuñez,13,POINT (-148.9649333125312 -46.45650982204028)
2049,Contenedor Verde,Contenedor Verde,Papel / Cartón / Plástico / Metal / Vidrio,,,Ruiz Huidobro 1990,Nuñez,13,POINT (-148.9640326657678 -46.45484037123927)
2050,Contenedor Verde,Contenedor Verde,Papel / Cartón / Plástico / Metal / Vidrio,,,Ruiz Huidobro 2104,Nuñez,13,POINT (-148.96480547373 -46.4540152761429)
2051,Contenedor Verde,Contenedor Verde,Papel / Cartón / Plástico / Metal / Vidrio,,,"Tamborini, Jose Pascual 2617",Nuñez,13,POINT (-148.97613215628274 -46.45486503382599)
2052,Contenedor Verde,Contenedor Verde,Papel / Cartón / Plástico / Metal / Vidrio,,,"Tamborini, Jose Pascual 2813",Nuñez,13,POINT (-148.9769974434569 -46.45396758897263)
2053,Contenedor Verde,Contenedor Verde,Papel / Cartón / Plástico / Metal / Vidrio,,,"Tamborini, Jose Pascual 3033",Nuñez,13,POINT (-148.97813610361877 -46.45280205537062)
2054,Contenedor Verde,Contenedor Verde,Papel / Cartón / Plástico / Metal / Vidrio,,,Vidal 2977,Nuñez,13,POINT (-148.97887477016326 -46.4553509840912)
2055,Contenedor Verde,Contenedor Verde,Papel / Cartón / Plástico / Metal / Vidrio,,,Vidal 3415,Nuñez,13,POINT (-148.9747814347215 -46.4530402665048)
2056,Contenedor Verde,Contenedor Verde,Papel / Cartón / Plástico / Metal / Vidrio,,,Vilela 2380,Nuñez,13,POINT (-148.9677175724804 -46.453212840397704)
2057,Contenedor Verde,Contenedor Verde,Papel / Cartón / Plástico / Metal / Vidrio,,,Vuelta De Obligado 2880,Nuñez,13,POINT (-148.9761295293649 -46.45815093197692)
2058,Contenedor Verde,Contenedor Verde,Papel / Cartón / Plástico / Metal / Vidrio,,,Vuelta De Obligado 3111,Nuñez,13,POINT (-148.97410264105696 -46.45679498623741)
2059,Contenedor Verde,Contenedor Verde,Papel / Cartón / Plástico / Metal / Vidrio,,,Vuelta De Obligado 3305,Nuñez,13,POINT (-148.97253952227155 -46.45610068018548)
2060,Contenedor Verde,Contenedor Verde,Papel / Cartón / Plástico / Metal / Vidrio,,,Vuelta De Obligado 3437,Nuñez,13,POINT (-148.9715832526039 -46.45567856269035)
2061,Contenedor Verde,Contenedor Verde,Papel / Cartón / Plástico / Metal / Vidrio,,,Vuelta De Obligado 3895,Nuñez,13,POINT (-148.967964014051 -46.454080433054756)
2062,Contenedor Verde,Contenedor Verde,Papel / Cartón / Plástico / Metal / Vidrio,,,Vuelta De Obligado 4015,Nuñez,13,POINT (-148.96695589462098 -46.453631750155736)
2063,Contenedor Verde,Contenedor Verde,Papel / Cartón / Plástico / Metal / Vidrio,,,Vuelta De Obligado 4193,Nuñez,13,POINT (-148.96578466539557 -46.45311056784808)
2064,Contenedor Verde,Contenedor Verde,Papel / Cartón / Plástico / Metal / Vidrio,,,Vuelta De Obligado 4217,Nuñez,13,POINT (-148.96545396634738 -46.45296331437071)
2065,Contenedor Verde,Contenedor Verde,Papel / Cartón / Plástico / Metal / Vidrio,,,Vuelta De Obligado 4687,Nuñez,13,POINT (-148.96193376293297 -46.45138369542596)
2066,Contenedor Verde,Contenedor Verde,Papel / Cartón / Plástico / Metal / Vidrio,,,Araoz 1361,Palermo,14,POINT (-149.01635810354603 -46.48008958544784)
2067,Contenedor Verde,Contenedor Verde,Papel / Cartón / Plástico / Metal / Vidrio,,,Araoz 1937,Palermo,14,POINT (-149.0123096601948 -46.48339583885937)
2068,Contenedor Verde,Contenedor Verde,Papel / Cartón / Plástico / Metal / Vidrio,,,Beruti 4567,Palermo,14,POINT (-149.0002368891089 -46.481398705306844)
2069,Contenedor Verde,Contenedor Verde,Papel / Cartón / Plástico / Metal / Vidrio,,,Segu? Juan Francisco 4434,Palermo,14,POINT (-148.99666500047582 -46.4841239128003)
2070,Contenedor Verde,Contenedor Verde,Papel / Cartón / Plástico / Metal / Vidrio,,,Cervi?o Av. 3751,Palermo,14,POINT (-149.0013668915218 -46.488671443836665)
2071,Contenedor Verde,Contenedor Verde,Papel / Cartón / Plástico / Metal / Vidrio,,,Cervi?o Av. 3906,Palermo,14,POINT (-149.00100057395846 -46.487651028104594)
2072,Contenedor Verde,Contenedor Verde,Papel / Cartón / Plástico / Metal / Vidrio,,,11 De Septiembre De 1888 1126,Palermo,14,POINT (-148.99005779042284 -46.46959621993604)
2073,Contenedor Verde,Contenedor Verde,Papel / Cartón / Plástico / Metal / Vidrio,,,3 De Febrero 1201,Palermo,14,POINT (-148.99030733040075 -46.46888149231997)
2074,Contenedor Verde,Contenedor Verde,Papel / Cartón / Plástico / Metal / Vidrio,,,3 De Febrero 1331,Palermo,14,POINT (-148.98889440205696 -46.468160244319115)
2075,Contenedor Verde,Contenedor Verde,Papel / Cartón / Plástico / Metal / Vidrio,,,3 De Febrero 835,Palermo,14,POINT (-148.9924176071344 -46.470798870585064)
2076,Contenedor Verde,Contenedor Verde,Papel / Cartón / Plástico / Metal / Vidrio,,,"Alvarez, Julian 1578",Palermo,14,POINT (-149.01545132815485 -46.481821448929004)
2077,Contenedor Verde,Contenedor Verde,Papel / Cartón / Plástico / Metal / Vidrio,,,"Alvarez, Julian 1736",Palermo,14,POINT (-149.01411001625416 -46.482870626997745)
2078,Contenedor Verde,Contenedor Verde,Papel / Cartón / Plástico / Metal / Vidrio,,,"Alvarez, Julian 2498",Palermo,14,POINT (-149.00909544092644 -46.487318265333734)
2079,Contenedor Verde,Contenedor Verde,Papel / Cartón / Plástico / Metal / Vidrio,,,Araoz 2415,Palermo,14,POINT (-149.0092112528485 -46.48620392665317)
2080,Contenedor Verde,Contenedor Verde,Papel / Cartón / Plástico / Metal / Vidrio,,,Araoz 2949,Palermo,14,POINT (-149.0052669526711 -46.489324883257105)
2081,Contenedor Verde,Contenedor Verde,Papel / Cartón / Plástico / Metal / Vidrio,,,Arce 323,Palermo,14,POINT (-148.99307354076234 -46.477161160181296)
2082,Contenedor Verde,Contenedor Verde,Papel / Cartón / Plástico / Metal / Vidrio,,,"Arenal, Concepcion 2410",Palermo,14,POINT (-148.99688424872645 -46.47332178725874)
2083,Contenedor Verde,Contenedor Verde,Papel / Cartón / Plástico / Metal / Vidrio,,,"Arenal, Concepcion 2760",Palermo,14,POINT (-149.00008096476057 -46.471491758854846)
2084,Contenedor Verde,Contenedor Verde,Papel / Cartón / Plástico / Metal / Vidrio,,,Arenales 3502,Palermo,14,POINT (-149.00882695685988 -46.48842783746687)
2085,Contenedor Verde,Contenedor Verde,Papel / Cartón / Plástico / Metal / Vidrio,,,Arenales 3746,Palermo,14,POINT (-149.00745633439982 -46.48718920259257)
2086,Contenedor Verde,Contenedor Verde,Papel / Cartón / Plástico / Metal / Vidrio,,,Arevalo 1885,Palermo,14,POINT (-149.00247924542612 -46.47247128531248)
2087,Contenedor Verde,Contenedor Verde,Papel / Cartón / Plástico / Metal / Vidrio,,,Arevalo 2165,Palermo,14,POINT (-148.99999597704146 -46.47401875238629)
2088,Contenedor Verde,Contenedor Verde,Papel / Cartón / Plástico / Metal / Vidrio,,,Armenia 1315,Palermo,14,POINT (-149.01533711049848 -46.47726064553214)
2089,Contenedor Verde,Contenedor Verde,Papel / Cartón / Plástico / Metal / Vidrio,,,Armenia 1561,Palermo,14,POINT (-149.01344038333613 -46.47883172285261)
2090,Contenedor Verde,Contenedor Verde,Papel / Cartón / Plástico / Metal / Vidrio,,,Armenia 1773,Palermo,14,POINT (-149.01195223924327 -46.480055318397376)
2091,Contenedor Verde,Contenedor Verde,Papel / Cartón / Plástico / Metal / Vidrio,,,Baez 476,Palermo,14,POINT (-148.99330080997717 -46.475914983685655)
2092,Contenedor Verde,Contenedor Verde,Papel / Cartón / Plástico / Metal / Vidrio,,,Baez 650,Palermo,14,POINT (-148.99208194626456 -46.4746609374848)
2093,Contenedor Verde,Contenedor Verde,Papel / Cartón / Plástico / Metal / Vidrio,,,Baez 726,Palermo,14,POINT (-148.9917127656508 -46.47432788861638)
2094,Contenedor Verde,Contenedor Verde,Papel / Cartón / Plástico / Metal / Vidrio,,,Baez 90,Palermo,14,POINT (-148.9953048524405 -46.47802604562987)
2095,Contenedor Verde,Contenedor Verde,Papel / Cartón / Plástico / Metal / Vidrio,,,Beruti 3455,Palermo,14,POINT (-149.00867652646886 -46.48926863596588)
2096,Contenedor Verde,Contenedor Verde,Papel / Cartón / Plástico / Metal / Vidrio,,,Beruti 3711,Palermo,14,POINT (-149.00700948444484 -46.48776635760743)
2097,Contenedor Verde,Contenedor Verde,Papel / Cartón / Plástico / Metal / Vidrio,,,Beruti 3807,Palermo,14,POINT (-149.00638984954497 -46.48721250708569)
2098,Contenedor Verde,Contenedor Verde,Papel / Cartón / Plástico / Metal / Vidrio,,,Bonpland 1393,Palermo,14,POINT (-149.0093012722704 -46.47160311816034)
2099,Contenedor Verde,Contenedor Verde,Papel / Cartón / Plástico / Metal / Vidrio,,,Bulnes 1444,Palermo,14,POINT (-149.01800026542165 -46.486053185624115)
2100,Contenedor Verde,Contenedor Verde,Papel / Cartón / Plástico / Metal / Vidrio,,,Bulnes 2605,Palermo,14,POINT (-149.00409171451162 -46.49192166007467)
2101,Contenedor Verde,Contenedor Verde,Papel / Cartón / Plástico / Metal / Vidrio,,,Cabello 3322,Palermo,14,POINT (-149.00387168891578 -46.49102563008442)
2102,Contenedor Verde,Contenedor Verde,Papel / Cartón / Plástico / Metal / Vidrio,,,Cabello 3510,Palermo,14,POINT (-149.00332851446242 -46.49008570536576)
2103,Contenedor Verde,Contenedor Verde,Papel / Cartón / Plástico / Metal / Vidrio,,,Cabello 3854,Palermo,14,POINT (-149.0021604018114 -46.48765617893038)
2104,Contenedor Verde,Contenedor Verde,Papel / Cartón / Plástico / Metal / Vidrio,,,Cabildo Av. 17,Palermo,14,POINT (-148.99704900090822 -46.474278669100244)
2105,Contenedor Verde,Contenedor Verde,Papel / Cartón / Plástico / Metal / Vidrio,,,Cabildo Av. 215,Palermo,14,POINT (-148.9956157693769 -46.47255198330806)
2106,Contenedor Verde,Contenedor Verde,Papel / Cartón / Plástico / Metal / Vidrio,,,Cabildo Av. 370,Palermo,14,POINT (-148.99478169132266 -46.47134541970251)
2107,Contenedor Verde,Contenedor Verde,Papel / Cartón / Plástico / Metal / Vidrio,,,Cabildo Av. 491,Palermo,14,POINT (-148.99387353561534 -46.470648083327994)
2108,Contenedor Verde,Contenedor Verde,Papel / Cartón / Plástico / Metal / Vidrio,,,"Cabrera, Jose A. 3940",Palermo,14,POINT (-149.01968832464027 -46.48261302078946)
2109,Contenedor Verde,Contenedor Verde,Papel / Cartón / Plástico / Metal / Vidrio,,,"Cabrera, Jose A. 4040",Palermo,14,POINT (-149.01960303400477 -46.48185635573356)
2110,Contenedor Verde,Contenedor Verde,Papel / Cartón / Plástico / Metal / Vidrio,,,"Cabrera, Jose A. 4340",Palermo,14,POINT (-149.01785228146494 -46.48058673293048)
2111,Contenedor Verde,Contenedor Verde,Papel / Cartón / Plástico / Metal / Vidrio,,,"Cabrera, Jose A. 4723",Palermo,14,POINT (-149.0150939827889 -46.478356532691784)
2112,Contenedor Verde,Contenedor Verde,Papel / Cartón / Plástico / Metal / Vidrio,,,"Cabrera, Jose A. 5053",Palermo,14,POINT (-149.0127853429105 -46.47643177943343)
2113,Contenedor Verde,Contenedor Verde,Papel / Cartón / Plástico / Metal / Vidrio,,,"Cabrera, Jose A. 5399",Palermo,14,POINT (-149.01055745343376 -46.47457479631236)
2114,Contenedor Verde,Contenedor Verde,Papel / Cartón / Plástico / Metal / Vidrio,,,"Cabrera, Jose A. 5643",Palermo,14,POINT (-149.00842509277373 -46.47281973061667)
2115,Contenedor Verde,Contenedor Verde,Papel / Cartón / Plástico / Metal / Vidrio,,,"Cabrera, Jose A. 6027",Palermo,14,POINT (-149.0053253871692 -46.47030412294179)
2116,Contenedor Verde,Contenedor Verde,Papel / Cartón / Plástico / Metal / Vidrio,,,"Campos, Luis M. Av. 1157",Palermo,14,POINT (-148.98780689476578 -46.47167929324118)
2117,Contenedor Verde,Contenedor Verde,Papel / Cartón / Plástico / Metal / Vidrio,,,"Campos, Luis M. Av. 1337",Palermo,14,POINT (-148.98625343926153 -46.470510241008846)
2118,Contenedor Verde,Contenedor Verde,Papel / Cartón / Plástico / Metal / Vidrio,,,"Campos, Luis M. Av. 231",Palermo,14,POINT (-148.99660374322818 -46.47658699390593)
2119,Contenedor Verde,Contenedor Verde,Papel / Cartón / Plástico / Metal / Vidrio,,,"Campos, Luis M. Av. 405",Palermo,14,POINT (-148.99481264284327 -46.47559993574415)
2120,Contenedor Verde,Contenedor Verde,Papel / Cartón / Plástico / Metal / Vidrio,,,"Campos, Luis M. Av. 561",Palermo,14,POINT (-148.99367834074675 -46.47495035229106)
2121,Contenedor Verde,Contenedor Verde,Papel / Cartón / Plástico / Metal / Vidrio,,,"Campos, Luis M. Av. 711",Palermo,14,POINT (-148.99219753277183 -46.474116000362315)
2122,Contenedor Verde,Contenedor Verde,Papel / Cartón / Plástico / Metal / Vidrio,,,"Campos, Luis M. Av. 835",Palermo,14,POINT (-148.9911611316096 -46.47354924667309)
2123,Contenedor Verde,Contenedor Verde,Papel / Cartón / Plástico / Metal / Vidrio,,,"Carranza, Angel Justiniano 1510",Palermo,14,POINT (-149.00703266569965 -46.47180807605285)
2124,Contenedor Verde,Contenedor Verde,Papel / Cartón / Plástico / Metal / Vidrio,,,"Carranza, Angel Justiniano 1838",Palermo,14,POINT (-149.00429913296242 -46.473561058445696)
2125,Contenedor Verde,Contenedor Verde,Papel / Cartón / Plástico / Metal / Vidrio,,,"Carranza, Angel Justiniano 1958",Palermo,14,POINT (-149.00321038076336 -46.474188738530465)
2126,Contenedor Verde,Contenedor Verde,Papel / Cartón / Plástico / Metal / Vidrio,,,"Carranza, Angel Justiniano 2090",Palermo,14,POINT (-149.0020256991393 -46.47492932799622)
2127,Contenedor Verde,Contenedor Verde,Papel / Cartón / Plástico / Metal / Vidrio,,,Castex 3398,Palermo,14,POINT (-148.9999734407305 -46.492239223197394)
2128,Contenedor Verde,Contenedor Verde,Papel / Cartón / Plástico / Metal / Vidrio,,,"Castilla, Ramon, Mariscal 2880",Palermo,14,POINT (-149.0018840696094 -46.4954545558974)
2129,Contenedor Verde,Contenedor Verde,Papel / Cartón / Plástico / Metal / Vidrio,,,"Castilla, Ramon, Mariscal 3022",Palermo,14,POINT (-148.9998231272498 -46.49631793589407)
2130,Contenedor Verde,Contenedor Verde,Papel / Cartón / Plástico / Metal / Vidrio,,,Cavia 3050,Palermo,14,POINT (-148.99845650843048 -46.491846064348145)
2131,Contenedor Verde,Contenedor Verde,Papel / Cartón / Plástico / Metal / Vidrio,,,Charcas 3447,Palermo,14,POINT (-149.01294387082498 -46.48738327641516)
2132,Contenedor Verde,Contenedor Verde,Papel / Cartón / Plástico / Metal / Vidrio,,,Charcas 3733,Palermo,14,POINT (-149.01070127645954 -46.48557871469603)
2133,Contenedor Verde,Contenedor Verde,Papel / Cartón / Plástico / Metal / Vidrio,,,Charcas 3975,Palermo,14,POINT (-149.00889282360885 -46.48410485823243)
2134,Contenedor Verde,Contenedor Verde,Papel / Cartón / Plástico / Metal / Vidrio,,,Charcas 4181,Palermo,14,POINT (-149.00729673773392 -46.48282430948502)
2135,Contenedor Verde,Contenedor Verde,Papel / Cartón / Plástico / Metal / Vidrio,,,Charcas 4293,Palermo,14,POINT (-149.00647718797686 -46.48216850460228)
2136,Contenedor Verde,Contenedor Verde,Papel / Cartón / Plástico / Metal / Vidrio,,,Charcas 4471,Palermo,14,POINT (-149.0052186123258 -46.48115893010317)
2137,Contenedor Verde,Contenedor Verde,Papel / Cartón / Plástico / Metal / Vidrio,,,Charcas 4617,Palermo,14,POINT (-149.0044192400023 -46.48052241236411)
2138,Contenedor Verde,Contenedor Verde,Papel / Cartón / Plástico / Metal / Vidrio,,,Charcas 5280,Palermo,14,POINT (-148.99972764160952 -46.476673275206764)
2139,Contenedor Verde,Contenedor Verde,Papel / Cartón / Plástico / Metal / Vidrio,,,Ciudad De La Paz 336,Palermo,14,POINT (-148.99676274216128 -46.47058044264991)
2140,Contenedor Verde,Contenedor Verde,Papel / Cartón / Plástico / Metal / Vidrio,,,Cordoba Av. 4365,Palermo,14,POINT (-149.01900750870846 -46.47949639073166)
2141,Contenedor Verde,Contenedor Verde,Papel / Cartón / Plástico / Metal / Vidrio,,,Cordoba Av. 4521,Palermo,14,POINT (-149.01798335828016 -46.478493402667645)
2142,Contenedor Verde,Contenedor Verde,Papel / Cartón / Plástico / Metal / Vidrio,,,Cordoba Av. 5945,Palermo,14,POINT (-149.00812917053275 -46.469556434428036)
2143,Contenedor Verde,Contenedor Verde,Papel / Cartón / Plástico / Metal / Vidrio,,,Costa Rica 4286,Palermo,14,POINT (-149.0139768333867 -46.482145517658246)
2144,Contenedor Verde,Contenedor Verde,Papel / Cartón / Plástico / Metal / Vidrio,,,Costa Rica 4622,Palermo,14,POINT (-149.01147413044873 -46.48000942776566)
2145,Contenedor Verde,Contenedor Verde,Papel / Cartón / Plástico / Metal / Vidrio,,,Costa Rica 5150,Palermo,14,POINT (-149.0085820310754 -46.47740968073703)
2146,Contenedor Verde,Contenedor Verde,Papel / Cartón / Plástico / Metal / Vidrio,,,Costa Rica 5694,Palermo,14,POINT (-149.00488240958046 -46.474533015880006)
2147,Contenedor Verde,Contenedor Verde,Papel / Cartón / Plástico / Metal / Vidrio,,,Costa Rica 5862,Palermo,14,POINT (-149.0034469315359 -46.47342969134411)
2148,Contenedor Verde,Contenedor Verde,Papel / Cartón / Plástico / Metal / Vidrio,,,Costa Rica 6046,Palermo,14,POINT (-149.00187604896465 -46.47223103323453)
2149,Contenedor Verde,Contenedor Verde,Papel / Cartón / Plástico / Metal / Vidrio,,,Del Libertador Av. 2034,Palermo,14,POINT (-149.00413493930853 -46.49470042673097)
2150,Contenedor Verde,Contenedor Verde,Papel / Cartón / Plástico / Metal / Vidrio,,,Del Libertador Av. 2112,Palermo,14,POINT (-149.00384246330597 -46.49414468642242)
2151,Contenedor Verde,Contenedor Verde,Papel / Cartón / Plástico / Metal / Vidrio,,,Del Libertador Av. 2250,Palermo,14,POINT (-149.00320337488156 -46.493256900767435)
2152,Contenedor Verde,Contenedor Verde,Papel / Cartón / Plástico / Metal / Vidrio,,,Del Libertador Av. 2330,Palermo,14,POINT (-149.00250089785416 -46.492732371807584)
2153,Contenedor Verde,Contenedor Verde,Papel / Cartón / Plástico / Metal / Vidrio,,,Del Libertador Av. 2460,Palermo,14,POINT (-149.0015172853793 -46.49219085800107)
2154,Contenedor Verde,Contenedor Verde,Papel / Cartón / Plástico / Metal / Vidrio,,,Del Libertador Av. 2596,Palermo,14,POINT (-149.00099132784916 -46.4915763105944)
2155,Contenedor Verde,Contenedor Verde,Papel / Cartón / Plástico / Metal / Vidrio,,,Del Libertador Av. 2742,Palermo,14,POINT (-149.0003240938795 -46.49082802733976)
2156,Contenedor Verde,Contenedor Verde,Papel / Cartón / Plástico / Metal / Vidrio,,,Del Libertador Av. 2886,Palermo,14,POINT (-148.99964128103102 -46.48989055970255)
2157,Contenedor Verde,Contenedor Verde,Papel / Cartón / Plástico / Metal / Vidrio,,,Del Libertador Av. 2930,Palermo,14,POINT (-148.99935942188085 -46.48950818080637)
2158,Contenedor Verde,Contenedor Verde,Papel / Cartón / Plástico / Metal / Vidrio,,,Del Libertador Av. 3014,Palermo,14,POINT (-148.99898430137307 -46.48900952771976)
2159,Contenedor Verde,Contenedor Verde,Papel / Cartón / Plástico / Metal / Vidrio,,,Del Libertador Av. 3128,Palermo,14,POINT (-148.9984963514323 -46.488356638717526)
2160,Contenedor Verde,Contenedor Verde,Papel / Cartón / Plástico / Metal / Vidrio,,,Del Libertador Av. 3816,Palermo,14,POINT (-148.99396378997344 -46.482408788428856)
2161,Contenedor Verde,Contenedor Verde,Papel / Cartón / Plástico / Metal / Vidrio,,,Del Libertador Av. 4370,Palermo,14,POINT (-148.98971107932698 -46.47760894572415)
2162,Contenedor Verde,Contenedor Verde,Papel / Cartón / Plástico / Metal / Vidrio,,,Del Libertador Av. 4454,Palermo,14,POINT (-148.98920318780125 -46.47702422568273)
2163,Contenedor Verde,Contenedor Verde,Papel / Cartón / Plástico / Metal / Vidrio,,,Del Libertador Av. 4532,Palermo,14,POINT (-148.98868526670742 -46.47651792370861)
2164,Contenedor Verde,Contenedor Verde,Papel / Cartón / Plástico / Metal / Vidrio,,,Del Libertador Av. 4666,Palermo,14,POINT (-148.98797809897792 -46.475815457033)
2165,Contenedor Verde,Contenedor Verde,Papel / Cartón / Plástico / Metal / Vidrio,,,Del Libertador Av. 4720,Palermo,14,POINT (-148.98740037201722 -46.47523963652302)
2166,Contenedor Verde,Contenedor Verde,Papel / Cartón / Plástico / Metal / Vidrio,,,Del Libertador Av. 4862,Palermo,14,POINT (-148.9866151321196 -46.47443669098167)
2167,Contenedor Verde,Contenedor Verde,Papel / Cartón / Plástico / Metal / Vidrio,,,Del Libertador Av. 5064,Palermo,14,POINT (-148.98520913216922 -46.47284990636448)
2168,Contenedor Verde,Contenedor Verde,Papel / Cartón / Plástico / Metal / Vidrio,,,Del Libertador Av. 5154,Palermo,14,POINT (-148.98498760190347 -46.47201320986556)
2169,Contenedor Verde,Contenedor Verde,Papel / Cartón / Plástico / Metal / Vidrio,,,Del Signo 4060,Palermo,14,POINT (-149.01315506633424 -46.48520344119664)
2170,Contenedor Verde,Contenedor Verde,Papel / Cartón / Plástico / Metal / Vidrio,,,"Diaz, Cnel. Av. 2572",Palermo,14,POINT (-149.00489549943322 -46.49233175120964)
2171,Contenedor Verde,Contenedor Verde,Papel / Cartón / Plástico / Metal / Vidrio,,,"Diaz, Cnel. Av. 2846",Palermo,14,POINT (-149.00180615415132 -46.493353772677054)
2172,Contenedor Verde,Contenedor Verde,Papel / Cartón / Plástico / Metal / Vidrio,,,Dorrego 1782,Palermo,14,POINT (-149.00425893717113 -46.470040117364434)
2173,Contenedor Verde,Contenedor Verde,Papel / Cartón / Plástico / Metal / Vidrio,,,Dorrego 1942,Palermo,14,POINT (-149.0023697323438 -46.47114735326186)
2174,Contenedor Verde,Contenedor Verde,Papel / Cartón / Plástico / Metal / Vidrio,,,Dorrego 2250,Palermo,14,POINT (-148.99977256160088 -46.47279637142641)
2175,Contenedor Verde,Contenedor Verde,Papel / Cartón / Plástico / Metal / Vidrio,,,Dorrego 2530,Palermo,14,POINT (-148.9975495820963 -46.47440382075428)
2176,Contenedor Verde,Contenedor Verde,Papel / Cartón / Plástico / Metal / Vidrio,,,Dorrego Av. 2646,Palermo,14,POINT (-148.99657917675367 -46.475266674509356)
2177,Contenedor Verde,Contenedor Verde,Papel / Cartón / Plástico / Metal / Vidrio,,,Dorrego Av. 2657,Palermo,14,POINT (-148.99667794269163 -46.47555009449395)
2178,Contenedor Verde,Contenedor Verde,Papel / Cartón / Plástico / Metal / Vidrio,,,Dorrego Av. 2851,Palermo,14,POINT (-148.99658486272446 -46.47726501765662)
2179,Contenedor Verde,Contenedor Verde,Papel / Cartón / Plástico / Metal / Vidrio,,,Dorrego Av. 2970,Palermo,14,POINT (-148.9959402368869 -46.47815257040399)
2180,Contenedor Verde,Contenedor Verde,Papel / Cartón / Plástico / Metal / Vidrio,,,El Salvador 3817,Palermo,14,POINT (-149.01565100505476 -46.48610783543116)
2181,Contenedor Verde,Contenedor Verde,Papel / Cartón / Plástico / Metal / Vidrio,,,El Salvador 4011,Palermo,14,POINT (-149.0157477125486 -46.484052367151534)
2182,Contenedor Verde,Contenedor Verde,Papel / Cartón / Plástico / Metal / Vidrio,,,El Salvador 4139,Palermo,14,POINT (-149.01578602057944 -46.483122439227316)
2183,Contenedor Verde,Contenedor Verde,Papel / Cartón / Plástico / Metal / Vidrio,,,El Salvador 5197,Palermo,14,POINT (-149.0091670977046 -46.47691273920813)
2184,Contenedor Verde,Contenedor Verde,Papel / Cartón / Plástico / Metal / Vidrio,,,El Salvador 5537,Palermo,14,POINT (-149.00669640469002 -46.47500812570674)
2185,Contenedor Verde,Contenedor Verde,Papel / Cartón / Plástico / Metal / Vidrio,,,El Salvador 5613,Palermo,14,POINT (-149.0060483617525 -46.47454361893531)
2186,Contenedor Verde,Contenedor Verde,Papel / Cartón / Plástico / Metal / Vidrio,,,El Salvador 5955,Palermo,14,POINT (-149.00320580666965 -46.47249081305666)
2187,Contenedor Verde,Contenedor Verde,Papel / Cartón / Plástico / Metal / Vidrio,,,"Figueroa Alcorta, Pres. Av. 3071",Palermo,14,POINT (-149.00188922604886 -46.496100428754616)
2188,Contenedor Verde,Contenedor Verde,Papel / Cartón / Plástico / Metal / Vidrio,,,"Figueroa Alcorta, Pres. Av. 3449",Palermo,14,POINT (-148.9987127692939 -46.49311346943689)
2189,Contenedor Verde,Contenedor Verde,Papel / Cartón / Plástico / Metal / Vidrio,,,Fitz Roy 1452,Palermo,14,POINT (-149.00928453271024 -46.472685672876075)
2190,Contenedor Verde,Contenedor Verde,Papel / Cartón / Plástico / Metal / Vidrio,,,Fitz Roy 1630,Palermo,14,POINT (-149.00749766660377 -46.47379948463533)
2191,Contenedor Verde,Contenedor Verde,Papel / Cartón / Plástico / Metal / Vidrio,,,Fitz Roy 1912,Palermo,14,POINT (-149.0053110725279 -46.47516156824657)
2192,Contenedor Verde,Contenedor Verde,Papel / Cartón / Plástico / Metal / Vidrio,,,Fitz Roy 2264,Palermo,14,POINT (-149.00239597262058 -46.476976660049544)
2193,Contenedor Verde,Contenedor Verde,Papel / Cartón / Plástico / Metal / Vidrio,,,Fitz Roy 2442,Palermo,14,POINT (-149.00067472241633 -46.47804650343789)
2194,Contenedor Verde,Contenedor Verde,Papel / Cartón / Plástico / Metal / Vidrio,,,Fray Justo Santamaria De Oro 2774,Palermo,14,POINT (-148.99848134351754 -46.48278171247287)
2195,Contenedor Verde,Contenedor Verde,Papel / Cartón / Plástico / Metal / Vidrio,,,Fray Justo Santamaria De Oro 2850,Palermo,14,POINT (-148.99763514687203 -46.48314959989821)
2196,Contenedor Verde,Contenedor Verde,Papel / Cartón / Plástico / Metal / Vidrio,,,Fray Justo Santamaria De Oro 3072,Palermo,14,POINT (-148.99553908900256 -46.483924102912084)
2197,Contenedor Verde,Contenedor Verde,Papel / Cartón / Plástico / Metal / Vidrio,,,"Garcia, Teodoro 2185",Palermo,14,POINT (-148.98940650105618 -46.469451059756445)
2198,Contenedor Verde,Contenedor Verde,Papel / Cartón / Plástico / Metal / Vidrio,,,Godoy Cruz 1455,Palermo,14,POINT (-149.01243413401394 -46.47405556762989)
2199,Contenedor Verde,Contenedor Verde,Papel / Cartón / Plástico / Metal / Vidrio,,,Godoy Cruz 2045,Palermo,14,POINT (-149.00781126542967 -46.47747672045928)
2200,Contenedor Verde,Contenedor Verde,Papel / Cartón / Plástico / Metal / Vidrio,,,Godoy Cruz 2257,Palermo,14,POINT (-149.00579296755816 -46.47839663616254)
2201,Contenedor Verde,Contenedor Verde,Papel / Cartón / Plástico / Metal / Vidrio,,,Godoy Cruz 2447,Palermo,14,POINT (-149.00392456576998 -46.47933066447117)
2202,Contenedor Verde,Contenedor Verde,Papel / Cartón / Plástico / Metal / Vidrio,,,Godoy Cruz 2725,Palermo,14,POINT (-149.00085462624108 -46.48080247014782)
2203,Contenedor Verde,Contenedor Verde,Papel / Cartón / Plástico / Metal / Vidrio,,,Godoy Cruz 2985,Palermo,14,POINT (-148.9982031190359 -46.48214563286475)
2204,Contenedor Verde,Contenedor Verde,Papel / Cartón / Plástico / Metal / Vidrio,,,Godoy Cruz 3295,Palermo,14,POINT (-148.99489907514823 -46.48323199120375)
2205,Contenedor Verde,Contenedor Verde,Papel / Cartón / Plástico / Metal / Vidrio,,,Gorostiaga 1750,Palermo,14,POINT (-148.9886172858778 -46.47316873151457)
2206,Contenedor Verde,Contenedor Verde,Papel / Cartón / Plástico / Metal / Vidrio,,,Gorostiaga 2006,Palermo,14,POINT (-148.99030679630908 -46.471787482282984)
2207,Contenedor Verde,Contenedor Verde,Papel / Cartón / Plástico / Metal / Vidrio,,,Gorriti 3908,Palermo,14,POINT (-149.0186197859719 -46.48404746437475)
2208,Contenedor Verde,Contenedor Verde,Papel / Cartón / Plástico / Metal / Vidrio,,,Gorriti 4140,Palermo,14,POINT (-149.01832063611744 -46.48206059422933)
2209,Contenedor Verde,Contenedor Verde,Papel / Cartón / Plástico / Metal / Vidrio,,,Gorriti 4482,Palermo,14,POINT (-149.01613950837051 -46.48047251291905)
2210,Contenedor Verde,Contenedor Verde,Papel / Cartón / Plástico / Metal / Vidrio,,,Gorriti 4632,Palermo,14,POINT (-149.01505787312198 -46.479598458551756)
2211,Contenedor Verde,Contenedor Verde,Papel / Cartón / Plástico / Metal / Vidrio,,,Gorriti 4952,Palermo,14,POINT (-149.01281136751854 -46.47750115862153)
2212,Contenedor Verde,Contenedor Verde,Papel / Cartón / Plástico / Metal / Vidrio,,,Gorriti 5250,Palermo,14,POINT (-149.0108982796447 -46.47578578866105)
2213,Contenedor Verde,Contenedor Verde,Papel / Cartón / Plástico / Metal / Vidrio,,,Gorriti 5770,Palermo,14,POINT (-149.00658424150512 -46.47247124724552)
2214,Contenedor Verde,Contenedor Verde,Papel / Cartón / Plástico / Metal / Vidrio,,,Gorriti 5950,Palermo,14,POINT (-149.00515859004398 -46.47133086442011)
2215,Contenedor Verde,Contenedor Verde,Papel / Cartón / Plástico / Metal / Vidrio,,,Guatemala 5866,Palermo,14,POINT (-149.00088108927847 -46.47499421041437)
2216,Contenedor Verde,Contenedor Verde,Papel / Cartón / Plástico / Metal / Vidrio,,,Guemes 3376,Palermo,14,POINT (-149.0126912002958 -46.48884619593638)
2217,Contenedor Verde,Contenedor Verde,Papel / Cartón / Plástico / Metal / Vidrio,,,Guemes 3544,Palermo,14,POINT (-149.01181009109808 -46.48803439498405)
2218,Contenedor Verde,Contenedor Verde,Papel / Cartón / Plástico / Metal / Vidrio,,,Guemes 3714,Palermo,14,POINT (-149.01073127922828 -46.4870757904637)
2219,Contenedor Verde,Contenedor Verde,Papel / Cartón / Plástico / Metal / Vidrio,,,Guemes 3806,Palermo,14,POINT (-149.00994768729313 -46.486422038512636)
2220,Contenedor Verde,Contenedor Verde,Papel / Cartón / Plástico / Metal / Vidrio,,,Guemes 4290,Palermo,14,POINT (-149.00609655424807 -46.48321970942613)
2221,Contenedor Verde,Contenedor Verde,Papel / Cartón / Plástico / Metal / Vidrio,,,Guemes 4422,Palermo,14,POINT (-149.0051955816495 -46.482476498892055)
2222,Contenedor Verde,Contenedor Verde,Papel / Cartón / Plástico / Metal / Vidrio,,,Guemes 4680,Palermo,14,POINT (-149.00365818417944 -46.48120742514052)
2223,Contenedor Verde,Contenedor Verde,Papel / Cartón / Plástico / Metal / Vidrio,,,Guemes 4852,Palermo,14,POINT (-149.00262315046908 -46.48034515277707)
2224,Contenedor Verde,Contenedor Verde,Papel / Cartón / Plástico / Metal / Vidrio,,,Gurruchaga 1278,Palermo,14,POINT (-149.01487447034998 -46.476272790849734)
2225,Contenedor Verde,Contenedor Verde,Papel / Cartón / Plástico / Metal / Vidrio,,,Gurruchaga 1660,Palermo,14,POINT (-149.01197665336366 -46.47871970290202)
2226,Contenedor Verde,Contenedor Verde,Papel / Cartón / Plástico / Metal / Vidrio,,,Gurruchaga 2114,Palermo,14,POINT (-149.0088796763388 -46.48133466025058)
2227,Contenedor Verde,Contenedor Verde,Papel / Cartón / Plástico / Metal / Vidrio,,,Gurruchaga 2222,Palermo,14,POINT (-149.0078098885671 -46.48214374912607)
2228,Contenedor Verde,Contenedor Verde,Papel / Cartón / Plástico / Metal / Vidrio,,,"Gutierrez, Juan Maria 3917",Palermo,14,POINT (-149.00269607845087 -46.48692517143473)
2229,Contenedor Verde,Contenedor Verde,Papel / Cartón / Plástico / Metal / Vidrio,,,Honduras 3741,Palermo,14,POINT (-149.01699252831904 -46.486874758551814)
2230,Contenedor Verde,Contenedor Verde,Papel / Cartón / Plástico / Metal / Vidrio,,,Honduras 3915,Palermo,14,POINT (-149.01711045901718 -46.48497183536762)
2231,Contenedor Verde,Contenedor Verde,Papel / Cartón / Plástico / Metal / Vidrio,,,Honduras 4505,Palermo,14,POINT (-149.01509850380748 -46.48087480203429)
2232,Contenedor Verde,Contenedor Verde,Papel / Cartón / Plástico / Metal / Vidrio,,,Honduras 4867,Palermo,14,POINT (-149.01261245281893 -46.4786979524753)
2233,Contenedor Verde,Contenedor Verde,Papel / Cartón / Plástico / Metal / Vidrio,,,Honduras 5167,Palermo,14,POINT (-149.01074426750787 -46.476979379462755)
2234,Contenedor Verde,Contenedor Verde,Papel / Cartón / Plástico / Metal / Vidrio,,,Honduras 5365,Palermo,14,POINT (-149.00930980706664 -46.475792075541555)
2235,Contenedor Verde,Contenedor Verde,Papel / Cartón / Plástico / Metal / Vidrio,,,Honduras 5380,Palermo,14,POINT (-149.00915733589935 -46.475676842921914)
2236,Contenedor Verde,Contenedor Verde,Papel / Cartón / Plástico / Metal / Vidrio,,,Honduras 5685,Palermo,14,POINT (-149.00648865842246 -46.473692847708314)
2237,Contenedor Verde,Contenedor Verde,Papel / Cartón / Plástico / Metal / Vidrio,,,Honduras 6018,Palermo,14,POINT (-149.00365701928126 -46.47142787063905)
2238,Contenedor Verde,Contenedor Verde,Papel / Cartón / Plástico / Metal / Vidrio,,,Honduras 6067,Palermo,14,POINT (-149.00298082363207 -46.47102505228773)
2239,Contenedor Verde,Contenedor Verde,Papel / Cartón / Plástico / Metal / Vidrio,,,Honduras Av. 4163,Palermo,14,POINT (-149.01724073651155 -46.4828611398382)
2240,Contenedor Verde,Contenedor Verde,Papel / Cartón / Plástico / Metal / Vidrio,,,Humboldt 1353,Palermo,14,POINT (-149.0107914997252 -46.4726751535653)
2241,Contenedor Verde,Contenedor Verde,Papel / Cartón / Plástico / Metal / Vidrio,,,Humboldt 1509,Palermo,14,POINT (-149.00939164813204 -46.47372989730278)
2242,Contenedor Verde,Contenedor Verde,Papel / Cartón / Plástico / Metal / Vidrio,,,Humboldt 1843,Palermo,14,POINT (-149.0067482919038 -46.475385663112256)
2243,Contenedor Verde,Contenedor Verde,Papel / Cartón / Plástico / Metal / Vidrio,,,Humboldt 1997,Palermo,14,POINT (-149.0056252766243 -46.476089478676535)
2244,Contenedor Verde,Contenedor Verde,Papel / Cartón / Plástico / Metal / Vidrio,,,Humboldt 2031,Palermo,14,POINT (-149.00495434893992 -46.47650511946725)
2245,Contenedor Verde,Contenedor Verde,Papel / Cartón / Plástico / Metal / Vidrio,,,Humboldt 2141,Palermo,14,POINT (-149.00407029221074 -46.477059691532254)
2246,Contenedor Verde,Contenedor Verde,Papel / Cartón / Plástico / Metal / Vidrio,,,Humboldt 2227,Palermo,14,POINT (-149.00351303764685 -46.47740970016535)
2247,Contenedor Verde,Contenedor Verde,Papel / Cartón / Plástico / Metal / Vidrio,,,Humboldt 2413,Palermo,14,POINT (-149.00169243680227 -46.47854511541492)
2248,Contenedor Verde,Contenedor Verde,Papel / Cartón / Plástico / Metal / Vidrio,,,Juncal 3146,Palermo,14,POINT (-149.00834592509477 -46.49046462396691)
2249,Contenedor Verde,Contenedor Verde,Papel / Cartón / Plástico / Metal / Vidrio,,,Juncal 3462,Palermo,14,POINT (-149.00673750494516 -46.48846524401241)
2250,Contenedor Verde,Contenedor Verde,Papel / Cartón / Plástico / Metal / Vidrio,,,Juncal 3540,Palermo,14,POINT (-149.00630233693266 -46.48809542140936)
2251,Contenedor Verde,Contenedor Verde,Papel / Cartón / Plástico / Metal / Vidrio,,,Juncal 4678,Palermo,14,POINT (-148.99864265680526 -46.481105842663396)
2252,Contenedor Verde,Contenedor Verde,Papel / Cartón / Plástico / Metal / Vidrio,,,"Justo, Juan B. Av. 1035",Palermo,14,POINT (-149.00476552055486 -46.47769277206951)
2253,Contenedor Verde,Contenedor Verde,Papel / Cartón / Plástico / Metal / Vidrio,,,"Justo, Juan B. Av. 1191",Palermo,14,POINT (-149.00566798464297 -46.47690996588232)
2254,Contenedor Verde,Contenedor Verde,Papel / Cartón / Plástico / Metal / Vidrio,,,"Justo, Juan B. Av. 1285",Palermo,14,POINT (-149.00658926650343 -46.47622879177786)
2255,Contenedor Verde,Contenedor Verde,Papel / Cartón / Plástico / Metal / Vidrio,,,"Justo, Juan B. Av. 861",Palermo,14,POINT (-149.0031190310026 -46.47858069193009)
2256,Contenedor Verde,Contenedor Verde,Papel / Cartón / Plástico / Metal / Vidrio,,,"Kennedy, John Fitzgerald 2847",Palermo,14,POINT (-148.9981190883587 -46.48388541539435)
2257,Contenedor Verde,Contenedor Verde,Papel / Cartón / Plástico / Metal / Vidrio,,,Las Heras General Av. 3610,Palermo,14,POINT (-149.00459793004646 -46.48959214089242)
2258,Contenedor Verde,Contenedor Verde,Papel / Cartón / Plástico / Metal / Vidrio,,,Las Heras General Av. 3837,Palermo,14,POINT (-149.00405006088073 -46.48804110669996)
2259,Contenedor Verde,Contenedor Verde,Papel / Cartón / Plástico / Metal / Vidrio,,,Las Heras General Av. 3850,Palermo,14,POINT (-149.004273417689 -46.48773826433931)
2260,Contenedor Verde,Contenedor Verde,Papel / Cartón / Plástico / Metal / Vidrio,,,Las Heras General Av. 4063,Palermo,14,POINT (-149.00390786416745 -46.48619840573172)
2261,Contenedor Verde,Contenedor Verde,Papel / Cartón / Plástico / Metal / Vidrio,,,Lavalleja 1357,Palermo,14,POINT (-149.01773279088695 -46.481161387780965)
2262,Contenedor Verde,Contenedor Verde,Papel / Cartón / Plástico / Metal / Vidrio,,,Lavalleja 1565,Palermo,14,POINT (-149.0162419420236 -46.48220000484762)
2263,Contenedor Verde,Contenedor Verde,Papel / Cartón / Plástico / Metal / Vidrio,,,Malabia 1350,Palermo,14,POINT (-149.0157161448458 -46.4781692391683)
2264,Contenedor Verde,Contenedor Verde,Papel / Cartón / Plástico / Metal / Vidrio,,,Malabia 2384,Palermo,14,POINT (-149.00799629668532 -46.484629098631565)
2265,Contenedor Verde,Contenedor Verde,Papel / Cartón / Plástico / Metal / Vidrio,,,"Mansilla, Lucio Norberto, General 3741",Palermo,14,POINT (-149.01298531938087 -46.486513765901506)
2266,Contenedor Verde,Contenedor Verde,Papel / Cartón / Plástico / Metal / Vidrio,,,"Mansilla, Lucio Norberto, General 3897",Palermo,14,POINT (-149.01150109216744 -46.48528448762208)
2267,Contenedor Verde,Contenedor Verde,Papel / Cartón / Plástico / Metal / Vidrio,,,"Matienzo, Benjamin, Teniente 2697",Palermo,14,POINT (-148.99766672902945 -46.47051574131438)
2268,Contenedor Verde,Contenedor Verde,Papel / Cartón / Plástico / Metal / Vidrio,,,Maure 1515,Palermo,14,POINT (-148.98704813765877 -46.47477962125383)
2269,Contenedor Verde,Contenedor Verde,Papel / Cartón / Plástico / Metal / Vidrio,,,Maure 1691,Palermo,14,POINT (-148.9885669587141 -46.474080340245585)
2270,Contenedor Verde,Contenedor Verde,Papel / Cartón / Plástico / Metal / Vidrio,,,Maure 1895,Palermo,14,POINT (-148.99039363942137 -46.473235681503475)
2271,Contenedor Verde,Contenedor Verde,Papel / Cartón / Plástico / Metal / Vidrio,,,Maure 2295,Palermo,14,POINT (-148.99291814382397 -46.47119053821202)
2272,Contenedor Verde,Contenedor Verde,Papel / Cartón / Plástico / Metal / Vidrio,,,Medrano 1490,Palermo,14,POINT (-149.01472566113247 -46.484461507085015)
2273,Contenedor Verde,Contenedor Verde,Papel / Cartón / Plástico / Metal / Vidrio,,,Migueletes 1278,Palermo,14,POINT (-148.9852394462791 -46.47176883484998)
2274,Contenedor Verde,Contenedor Verde,Papel / Cartón / Plástico / Metal / Vidrio,,,Migueletes 530,Palermo,14,POINT (-148.9902048819835 -46.47685274246499)
2275,Contenedor Verde,Contenedor Verde,Papel / Cartón / Plástico / Metal / Vidrio,,,Migueletes 742,Palermo,14,POINT (-148.98893453135312 -46.47554143531088)
2276,Contenedor Verde,Contenedor Verde,Papel / Cartón / Plástico / Metal / Vidrio,,,Migueletes 920,Palermo,14,POINT (-148.98763846671415 -46.47420069104985)
2277,Contenedor Verde,Contenedor Verde,Papel / Cartón / Plástico / Metal / Vidrio,,,"Newbery, Jorge 1651",Palermo,14,POINT (-148.9889570349759 -46.47486651788883)
2278,Contenedor Verde,Contenedor Verde,Papel / Cartón / Plástico / Metal / Vidrio,,,Nicaragua 4432,Palermo,14,POINT (-149.01243232950299 -46.481801645759816)
2279,Contenedor Verde,Contenedor Verde,Papel / Cartón / Plástico / Metal / Vidrio,,,Nicaragua 4530,Palermo,14,POINT (-149.0115735306719 -46.48114600895082)
2280,Contenedor Verde,Contenedor Verde,Papel / Cartón / Plástico / Metal / Vidrio,,,Nicaragua 4766,Palermo,14,POINT (-149.0098339894861 -46.479826538072466)
2281,Contenedor Verde,Contenedor Verde,Papel / Cartón / Plástico / Metal / Vidrio,,,Nicaragua 5094,Palermo,14,POINT (-149.00787374471005 -46.47832689847223)
2282,Contenedor Verde,Contenedor Verde,Papel / Cartón / Plástico / Metal / Vidrio,,,Nicaragua 5734,Palermo,14,POINT (-149.00336136021144 -46.47487308655638)
2283,Contenedor Verde,Contenedor Verde,Papel / Cartón / Plástico / Metal / Vidrio,,,Nicaragua 6058,Palermo,14,POINT (-149.00071535046058 -46.472850586721485)
2284,Contenedor Verde,Contenedor Verde,Papel / Cartón / Plástico / Metal / Vidrio,,,Obarrio Manuel 2955,Palermo,14,POINT (-149.0008162398963 -46.495644377250926)
2285,Contenedor Verde,Contenedor Verde,Papel / Cartón / Plástico / Metal / Vidrio,,,Olleros 2221,Palermo,14,POINT (-148.9910912203101 -46.4701678660584)
2286,Contenedor Verde,Contenedor Verde,Papel / Cartón / Plástico / Metal / Vidrio,,,Ortega y Gasset 1785,Palermo,14,POINT (-148.99191128631074 -46.47628028853626)
2287,Contenedor Verde,Contenedor Verde,Papel / Cartón / Plástico / Metal / Vidrio,,,Ortiz De Ocampo 2915,Palermo,14,POINT (-148.99977802847962 -46.4943440730413)
2288,Contenedor Verde,Contenedor Verde,Papel / Cartón / Plástico / Metal / Vidrio,,,Ortiz De Ocampo Av. 2881,Palermo,14,POINT (-149.00079991107245 -46.494120524836546)
2289,Contenedor Verde,Contenedor Verde,Papel / Cartón / Plástico / Metal / Vidrio,,,Paraguay 3594,Palermo,14,POINT (-149.01480923172744 -46.48697109735815)
2290,Contenedor Verde,Contenedor Verde,Papel / Cartón / Plástico / Metal / Vidrio,,,Paraguay 3730,Palermo,14,POINT (-149.01377793461663 -46.48619929750241)
2291,Contenedor Verde,Contenedor Verde,Papel / Cartón / Plástico / Metal / Vidrio,,,Paraguay 3958,Palermo,14,POINT (-149.01171174530703 -46.48464057226515)
2292,Contenedor Verde,Contenedor Verde,Papel / Cartón / Plástico / Metal / Vidrio,,,Paraguay 4176,Palermo,14,POINT (-149.01000281319983 -46.48334376517678)
2293,Contenedor Verde,Contenedor Verde,Papel / Cartón / Plástico / Metal / Vidrio,,,Paraguay 4204,Palermo,14,POINT (-149.00964270206302 -46.48306034266914)
2294,Contenedor Verde,Contenedor Verde,Papel / Cartón / Plástico / Metal / Vidrio,,,Paraguay 4302,Palermo,14,POINT (-149.00868968887474 -46.482311802351354)
2295,Contenedor Verde,Contenedor Verde,Papel / Cartón / Plástico / Metal / Vidrio,,,Paraguay 4780,Palermo,14,POINT (-149.00529862644035 -46.47966223162113)
2296,Contenedor Verde,Contenedor Verde,Papel / Cartón / Plástico / Metal / Vidrio,,,Paraguay 5249,Palermo,14,POINT (-149.00165661551236 -46.47700079752357)
2297,Contenedor Verde,Contenedor Verde,Papel / Cartón / Plástico / Metal / Vidrio,,,Paraguay 5441,Palermo,14,POINT (-148.99998298203195 -46.47571954628774)
2298,Contenedor Verde,Contenedor Verde,Papel / Cartón / Plástico / Metal / Vidrio,,,"Ravignani, Emilio, Dr. 1529",Palermo,14,POINT (-149.00619380937985 -46.47128733432269)
2299,Contenedor Verde,Contenedor Verde,Papel / Cartón / Plástico / Metal / Vidrio,,,"Ravignani, Emilio, Dr. 1963",Palermo,14,POINT (-149.00240182589167 -46.473653406122004)
2300,Contenedor Verde,Contenedor Verde,Papel / Cartón / Plástico / Metal / Vidrio,,,"Ravignani, Emilio, Dr. 2395",Palermo,14,POINT (-148.99881164574637 -46.475891847716014)
2301,Contenedor Verde,Contenedor Verde,Papel / Cartón / Plástico / Metal / Vidrio,,,Republica Arabe Siria 2827,Palermo,14,POINT (-149.00463233374845 -46.48708679572674)
2302,Contenedor Verde,Contenedor Verde,Papel / Cartón / Plástico / Metal / Vidrio,,,Republica Arabe Siria 3361,Palermo,14,POINT (-148.99953818605073 -46.48897605310593)
2303,Contenedor Verde,Contenedor Verde,Papel / Cartón / Plástico / Metal / Vidrio,,,Republica De Eslovenia 1710,Palermo,14,POINT (-148.99078844053122 -46.47594699816757)
2304,Contenedor Verde,Contenedor Verde,Papel / Cartón / Plástico / Metal / Vidrio,,,Republica De La India 3001,Palermo,14,POINT (-149.00032043788852 -46.48699646035618)
2305,Contenedor Verde,Contenedor Verde,Papel / Cartón / Plástico / Metal / Vidrio,,,"Ruggieri, Silvio L. 3094",Palermo,14,POINT (-149.0013523409077 -46.49190044921491)
2306,Contenedor Verde,Contenedor Verde,Papel / Cartón / Plástico / Metal / Vidrio,,,"Salguero, Jeronimo 1381",Palermo,14,POINT (-149.01752571992787 -46.48507147065679)
2307,Contenedor Verde,Contenedor Verde,Papel / Cartón / Plástico / Metal / Vidrio,,,"Salguero, Jeronimo 1688",Palermo,14,POINT (-149.01335763987456 -46.48568191372292)
2308,Contenedor Verde,Contenedor Verde,Papel / Cartón / Plástico / Metal / Vidrio,,,"Salguero, Jeronimo 2085",Palermo,14,POINT (-149.00906728976472 -46.48843234541565)
2309,Contenedor Verde,Contenedor Verde,Papel / Cartón / Plástico / Metal / Vidrio,,,"Salguero, Jeronimo 2143",Palermo,14,POINT (-149.0084390809714 -46.48885272020208)
2310,Contenedor Verde,Contenedor Verde,Papel / Cartón / Plástico / Metal / Vidrio,,,San Martin De Tours 3090,Palermo,14,POINT (-148.9989449974055 -46.493832764634554)
2311,Contenedor Verde,Contenedor Verde,Papel / Cartón / Plástico / Metal / Vidrio,,,Sanchez De Bustamante 2664,Palermo,14,POINT (-149.00474994748208 -46.4947580474882)
2312,Contenedor Verde,Contenedor Verde,Papel / Cartón / Plástico / Metal / Vidrio,,,Santa Fe Av. 3329,Palermo,14,POINT (-149.01029463711572 -46.48874827449597)
2313,Contenedor Verde,Contenedor Verde,Papel / Cartón / Plástico / Metal / Vidrio,,,Santa Fe Av. 3384,Palermo,14,POINT (-149.0099273531316 -46.48821174693799)
2314,Contenedor Verde,Contenedor Verde,Papel / Cartón / Plástico / Metal / Vidrio,,,Santa Fe Av. 3617,Palermo,14,POINT (-149.0081472197077 -46.486803404645094)
2315,Contenedor Verde,Contenedor Verde,Papel / Cartón / Plástico / Metal / Vidrio,,,Santa Fe Av. 3870,Palermo,14,POINT (-149.0064483959037 -46.48509768631619)
2316,Contenedor Verde,Contenedor Verde,Papel / Cartón / Plástico / Metal / Vidrio,,,Santa Fe Av. 3910,Palermo,14,POINT (-149.00601009085256 -46.4847183787533)
2317,Contenedor Verde,Contenedor Verde,Papel / Cartón / Plástico / Metal / Vidrio,,,Santa Fe Av. 4012,Palermo,14,POINT (-149.00476635469295 -46.48363430583626)
2318,Contenedor Verde,Contenedor Verde,Papel / Cartón / Plástico / Metal / Vidrio,,,Santa Fe Av. 4124,Palermo,14,POINT (-149.00425160878552 -46.48315206885353)
2319,Contenedor Verde,Contenedor Verde,Papel / Cartón / Plástico / Metal / Vidrio,,,Santa Fe Av. 4290,Palermo,14,POINT (-149.00323785594216 -46.482314399291155)
2320,Contenedor Verde,Contenedor Verde,Papel / Cartón / Plástico / Metal / Vidrio,,,Santa Fe Av. 4406,Palermo,14,POINT (-149.00231280818008 -46.48151744296449)
2321,Contenedor Verde,Contenedor Verde,Papel / Cartón / Plástico / Metal / Vidrio,,,Santa Fe Av. 4558,Palermo,14,POINT (-149.00145446040747 -46.48079345904987)
2322,Contenedor Verde,Contenedor Verde,Papel / Cartón / Plástico / Metal / Vidrio,,,Santa Fe Av. 4830,Palermo,14,POINT (-149.00028183106622 -46.47904453968763)
2323,Contenedor Verde,Contenedor Verde,Papel / Cartón / Plástico / Metal / Vidrio,,,Santa Fe Av. 4963,Palermo,14,POINT (-148.99944331799153 -46.47785734187413)
2324,Contenedor Verde,Contenedor Verde,Papel / Cartón / Plástico / Metal / Vidrio,,,Santa Fe Av. 5076,Palermo,14,POINT (-148.99926458094103 -46.4769396832741)
2325,Contenedor Verde,Contenedor Verde,Papel / Cartón / Plástico / Metal / Vidrio,,,"Scalabrini Ortiz, Raul 3558",Palermo,14,POINT (-148.9978529458331 -46.491321868672955)
2326,Contenedor Verde,Contenedor Verde,Papel / Cartón / Plástico / Metal / Vidrio,,,"Scalabrini Ortiz, Raul Av. 1267",Palermo,14,POINT (-149.01661932768693 -46.478926383975804)
2327,Contenedor Verde,Contenedor Verde,Papel / Cartón / Plástico / Metal / Vidrio,,,"Scalabrini Ortiz, Raul Av. 1635",Palermo,14,POINT (-149.0137026245592 -46.48131408825065)
2328,Contenedor Verde,Contenedor Verde,Papel / Cartón / Plástico / Metal / Vidrio,,,"Scalabrini Ortiz, Raul Av. 2141",Palermo,14,POINT (-149.01035795001977 -46.484121940000286)
2329,Contenedor Verde,Contenedor Verde,Papel / Cartón / Plástico / Metal / Vidrio,,,"Segui, Juan Francisco 3675",Palermo,14,POINT (-149.0006330395341 -46.48965645312223)
2330,Contenedor Verde,Contenedor Verde,Papel / Cartón / Plástico / Metal / Vidrio,,,"Segui, Juan Francisco 3995",Palermo,14,POINT (-148.99920879098687 -46.48751000438978)
2331,Contenedor Verde,Contenedor Verde,Papel / Cartón / Plástico / Metal / Vidrio,,,Serrano 1495,Palermo,14,POINT (-149.01256657925066 -46.477223545972336)
2332,Contenedor Verde,Contenedor Verde,Papel / Cartón / Plástico / Metal / Vidrio,,,Sinclair 3044,Palermo,14,POINT (-148.99690895459966 -46.481682321113176)
2333,Contenedor Verde,Contenedor Verde,Papel / Cartón / Plástico / Metal / Vidrio,,,Soldado De La Independencia 1081,Palermo,14,POINT (-148.9874982471123 -46.47278698777033)
2334,Contenedor Verde,Contenedor Verde,Papel / Cartón / Plástico / Metal / Vidrio,,,Soldado De La Independencia 1241,Palermo,14,POINT (-148.98622548418007 -46.47152844637718)
2335,Contenedor Verde,Contenedor Verde,Papel / Cartón / Plástico / Metal / Vidrio,,,Soldado De La Independencia 583,Palermo,14,POINT (-148.9907970238643 -46.4761851551256)
2336,Contenedor Verde,Contenedor Verde,Papel / Cartón / Plástico / Metal / Vidrio,,,Soler 3689,Palermo,14,POINT (-149.01642902923416 -46.486991219695916)
2337,Contenedor Verde,Contenedor Verde,Papel / Cartón / Plástico / Metal / Vidrio,,,Soler 4381,Palermo,14,POINT (-149.01226268482466 -46.482702729220144)
2338,Contenedor Verde,Contenedor Verde,Papel / Cartón / Plástico / Metal / Vidrio,,,Soler 4649,Palermo,14,POINT (-149.00990641500303 -46.48111954185514)
2339,Contenedor Verde,Contenedor Verde,Papel / Cartón / Plástico / Metal / Vidrio,,,Soler 4893,Palermo,14,POINT (-149.00816334825663 -46.479795349091006)
2340,Contenedor Verde,Contenedor Verde,Papel / Cartón / Plástico / Metal / Vidrio,,,Soler 5081,Palermo,14,POINT (-149.00693710440052 -46.47887254788935)
2341,Contenedor Verde,Contenedor Verde,Papel / Cartón / Plástico / Metal / Vidrio,,,Soler 5719,Palermo,14,POINT (-149.00253267716877 -46.47553948318426)
2342,Contenedor Verde,Contenedor Verde,Papel / Cartón / Plástico / Metal / Vidrio,,,Soler 5891,Palermo,14,POINT (-149.00120506840497 -46.47453636187067)
2343,Contenedor Verde,Contenedor Verde,Papel / Cartón / Plástico / Metal / Vidrio,,,Soler 5945,Palermo,14,POINT (-149.00069067934328 -46.474147238521006)
2344,Contenedor Verde,Contenedor Verde,Papel / Cartón / Plástico / Metal / Vidrio,,,"Tedin, Juez 2790",Palermo,14,POINT (-149.00014990267516 -46.496981201696286)
2345,Contenedor Verde,Contenedor Verde,Papel / Cartón / Plástico / Metal / Vidrio,,,Thames 1442,Palermo,14,POINT (-149.01217127378698 -46.47632242363373)
2346,Contenedor Verde,Contenedor Verde,Papel / Cartón / Plástico / Metal / Vidrio,,,Thames 1866,Palermo,14,POINT (-149.00914400007397 -46.478806809739744)
2347,Contenedor Verde,Contenedor Verde,Papel / Cartón / Plástico / Metal / Vidrio,,,Thames 2102,Palermo,14,POINT (-149.00750935166172 -46.480139199301654)
2348,Contenedor Verde,Contenedor Verde,Papel / Cartón / Plástico / Metal / Vidrio,,,Thames 2380,Palermo,14,POINT (-149.0048316897127 -46.481961047411986)
2349,Contenedor Verde,Contenedor Verde,Papel / Cartón / Plástico / Metal / Vidrio,,,Uriarte 1368,Palermo,14,POINT (-149.01208912433978 -46.475301901495456)
2350,Contenedor Verde,Contenedor Verde,Papel / Cartón / Plástico / Metal / Vidrio,,,Uriarte 2251,Palermo,14,POINT (-149.00545869335664 -46.480655560912155)
2351,Contenedor Verde,Contenedor Verde,Papel / Cartón / Plástico / Metal / Vidrio,,,"Vega, Niceto Cnel. 5050",Palermo,14,POINT (-149.01374013014373 -46.47561372170089)
2352,Contenedor Verde,Contenedor Verde,Papel / Cartón / Plástico / Metal / Vidrio,,,"Vega, Niceto, Cnel. Av. 5480",Palermo,14,POINT (-149.01057519287372 -46.47287695983134)
2353,Contenedor Verde,Contenedor Verde,Papel / Cartón / Plástico / Metal / Vidrio,,,"Vega, Niceto, Cnel. Av. 5808",Palermo,14,POINT (-149.0083015670692 -46.470910631734334)
2354,Contenedor Verde,Contenedor Verde,Papel / Cartón / Plástico / Metal / Vidrio,,,"Vega, Niceto, Cnel. Av. 6070",Palermo,14,POINT (-149.00647009499318 -46.469344637625866)
2355,Contenedor Verde,Contenedor Verde,Papel / Cartón / Plástico / Metal / Vidrio,,,Vidt 1879,Palermo,14,POINT (-149.01308762008836 -46.486966464788466)
2356,Contenedor Verde,Contenedor Verde,Papel / Cartón / Plástico / Metal / Vidrio,,,Villanueva 1107,Palermo,14,POINT (-148.98926697730897 -46.47118595672242)
2357,Contenedor Verde,Contenedor Verde,Papel / Cartón / Plástico / Metal / Vidrio,,,Villanueva 1350,Palermo,14,POINT (-148.9871974445817 -46.469726523841075)
2358,Contenedor Verde,Contenedor Verde,Papel / Cartón / Plástico / Metal / Vidrio,,,Villanueva 961,Palermo,14,POINT (-148.9907412200971 -46.47232149558135)
2359,Contenedor Verde,Contenedor Verde,Papel / Cartón / Plástico / Metal / Vidrio,,,Zabala 1931,Palermo,14,POINT (-148.98712743989128 -46.468586532260154)
2360,Contenedor Verde,Contenedor Verde,Papel / Cartón / Plástico / Metal / Vidrio,,,Zabala 2174,Palermo,14,POINT (-148.98861038210785 -46.46734086326021)
2361,Contenedor Verde,Contenedor Verde,Papel / Cartón / Plástico / Metal / Vidrio,,,Zapata 93,Palermo,14,POINT (-148.9979881770784 -46.47283374928701)
2362,Contenedor Verde,Contenedor Verde,Papel / Cartón / Plástico / Metal / Vidrio,,,Fernandez 1584,Parque Avellaneda,9,POINT (-149.07718289135462 -46.45437730953177)
2363,Contenedor Verde,Contenedor Verde,Papel / Cartón / Plástico / Metal / Vidrio,,,Remedios 3469,Parque Avellaneda,9,POINT (-149.06594006798784 -46.452939168232334)
2364,Contenedor Verde,Contenedor Verde,Papel / Cartón / Plástico / Metal / Vidrio,,,Remedios 3715,Parque Avellaneda,9,POINT (-149.06752180770025 -46.4511901844897)
2365,Contenedor Verde,Contenedor Verde,Papel / Cartón / Plástico / Metal / Vidrio,,,Remedios 4644,Parque Avellaneda,9,POINT (-149.0765480348985 -46.44571174959707)
2366,Contenedor Verde,Contenedor Verde,Papel / Cartón / Plástico / Metal / Vidrio,,,Santander 3797,Parque Avellaneda,9,POINT (-149.0813912936074 -46.45772254709562)
2367,Contenedor Verde,Contenedor Verde,Papel / Cartón / Plástico / Metal / Vidrio,,,"Acosta, Mariano 1469",Parque Avellaneda,9,POINT (-149.07323403481172 -46.457127089974996)
2368,Contenedor Verde,Contenedor Verde,Papel / Cartón / Plástico / Metal / Vidrio,,,"Acosta, Mariano 1551",Parque Avellaneda,9,POINT (-149.07403229314465 -46.457732203927705)
2369,Contenedor Verde,Contenedor Verde,Papel / Cartón / Plástico / Metal / Vidrio,,,"Acosta, Mariano Av. 1270",Parque Avellaneda,9,POINT (-149.07084952747041 -46.455432558058675)
2370,Contenedor Verde,Contenedor Verde,Papel / Cartón / Plástico / Metal / Vidrio,,,"Acosta, Mariano Av. 824",Parque Avellaneda,9,POINT (-149.06671279104077 -46.452305838259264)
2371,Contenedor Verde,Contenedor Verde,Papel / Cartón / Plástico / Metal / Vidrio,,,"Alberdi, Juan Bautista Av. 3991",Parque Avellaneda,9,POINT (-149.0647376592802 -46.447891316132974)
2372,Contenedor Verde,Contenedor Verde,Papel / Cartón / Plástico / Metal / Vidrio,,,"Alberdi, Juan Bautista Av. 4169",Parque Avellaneda,9,POINT (-149.06610192512764 -46.44629468443362)
2373,Contenedor Verde,Contenedor Verde,Papel / Cartón / Plástico / Metal / Vidrio,,,"Alberdi, Juan Bautista Av. 4475",Parque Avellaneda,9,POINT (-149.06853522139878 -46.443497482291825)
2374,Contenedor Verde,Contenedor Verde,Papel / Cartón / Plástico / Metal / Vidrio,,,"Alberdi, Juan Bautista Av. 4679",Parque Avellaneda,9,POINT (-149.0700765629403 -46.441761084534505)
2375,Contenedor Verde,Contenedor Verde,Papel / Cartón / Plástico / Metal / Vidrio,,,"Alberdi, Juan Bautista Av. 4831",Parque Avellaneda,9,POINT (-149.0711811442775 -46.44050693065585)
2376,Contenedor Verde,Contenedor Verde,Papel / Cartón / Plástico / Metal / Vidrio,,,"Alvarez, Crisostomo 3866",Parque Avellaneda,9,POINT (-149.08152008142997 -46.45660505197968)
2377,Contenedor Verde,Contenedor Verde,Papel / Cartón / Plástico / Metal / Vidrio,,,"Ameghino, Florentino, Dr. 607",Parque Avellaneda,9,POINT (-149.06943679969552 -46.4443608175696)
2378,Contenedor Verde,Contenedor Verde,Papel / Cartón / Plástico / Metal / Vidrio,,,Azul 838,Parque Avellaneda,9,POINT (-149.06735357308094 -46.45378330070747)
2379,Contenedor Verde,Contenedor Verde,Papel / Cartón / Plástico / Metal / Vidrio,,,"Bilbao, Francisco 4541",Parque Avellaneda,9,POINT (-149.07835735496127 -46.44844554676727)
2380,Contenedor Verde,Contenedor Verde,Papel / Cartón / Plástico / Metal / Vidrio,,,"Bilbao, Francisco Av. 3673",Parque Avellaneda,9,POINT (-149.0697107909304 -46.45356096907506)
2381,Contenedor Verde,Contenedor Verde,Papel / Cartón / Plástico / Metal / Vidrio,,,"Bonifacio, Jose 4070",Parque Avellaneda,9,POINT (-149.06605177103688 -46.448000374037484)
2382,Contenedor Verde,Contenedor Verde,Papel / Cartón / Plástico / Metal / Vidrio,,,Bragado 4838,Parque Avellaneda,9,POINT (-149.0722407638298 -46.441241331942294)
2383,Contenedor Verde,Contenedor Verde,Papel / Cartón / Plástico / Metal / Vidrio,,,Chascomus 4322,Parque Avellaneda,9,POINT (-149.07153947245536 -46.44557547905094)
2384,Contenedor Verde,Contenedor Verde,Papel / Cartón / Plástico / Metal / Vidrio,,,Chascomus 4705,Parque Avellaneda,9,POINT (-149.07481575967947 -46.44345316617)
2385,Contenedor Verde,Contenedor Verde,Papel / Cartón / Plástico / Metal / Vidrio,,,Directorio Av. 3288,Parque Avellaneda,9,POINT (-149.06320696207217 -46.45351346255534)
2386,Contenedor Verde,Contenedor Verde,Papel / Cartón / Plástico / Metal / Vidrio,,,Directorio Av. 3458,Parque Avellaneda,9,POINT (-149.06399643687573 -46.45245579821304)
2387,Contenedor Verde,Contenedor Verde,Papel / Cartón / Plástico / Metal / Vidrio,,,Directorio Av. 3764,Parque Avellaneda,9,POINT (-149.06589447272796 -46.45078371377551)
2388,Contenedor Verde,Contenedor Verde,Papel / Cartón / Plástico / Metal / Vidrio,,,Directorio Av. 4147,Parque Avellaneda,9,POINT (-149.07007137156407 -46.44746073583801)
2389,Contenedor Verde,Contenedor Verde,Papel / Cartón / Plástico / Metal / Vidrio,,,Directorio Av. 4454,Parque Avellaneda,9,POINT (-149.07325306525738 -46.44558055107397)
2390,Contenedor Verde,Contenedor Verde,Papel / Cartón / Plástico / Metal / Vidrio,,,Echeandia 4220,Parque Avellaneda,9,POINT (-149.08271698539252 -46.453255109811344)
2391,Contenedor Verde,Contenedor Verde,Papel / Cartón / Plástico / Metal / Vidrio,,,Escalada Av. 1070,Parque Avellaneda,9,POINT (-149.0746890454719 -46.441960235525094)
2392,Contenedor Verde,Contenedor Verde,Papel / Cartón / Plástico / Metal / Vidrio,,,Escalada Av. 1200,Parque Avellaneda,9,POINT (-149.07578164564305 -46.44279589161782)
2393,Contenedor Verde,Contenedor Verde,Papel / Cartón / Plástico / Metal / Vidrio,,,Escalada Av. 1368,Parque Avellaneda,9,POINT (-149.0771058090984 -46.44380384446642)
2394,Contenedor Verde,Contenedor Verde,Papel / Cartón / Plástico / Metal / Vidrio,,,Escalada Av. 1496,Parque Avellaneda,9,POINT (-149.0780945816571 -46.44454369391221)
2395,Contenedor Verde,Contenedor Verde,Papel / Cartón / Plástico / Metal / Vidrio,,,Escalada Av. 1650,Parque Avellaneda,9,POINT (-149.07955038246845 -46.44563739759917)
2396,Contenedor Verde,Contenedor Verde,Papel / Cartón / Plástico / Metal / Vidrio,,,Escalada Av. 1768,Parque Avellaneda,9,POINT (-149.08072219925415 -46.44655624931294)
2397,Contenedor Verde,Contenedor Verde,Papel / Cartón / Plástico / Metal / Vidrio,,,Escalada Av. 858,Parque Avellaneda,9,POINT (-149.07266168581646 -46.44041861931935)
2398,Contenedor Verde,Contenedor Verde,Papel / Cartón / Plástico / Metal / Vidrio,,,"Fernandez Moreno, Baldomero 3877",Parque Avellaneda,9,POINT (-149.07371297206868 -46.45370953593748)
2399,Contenedor Verde,Contenedor Verde,Papel / Cartón / Plástico / Metal / Vidrio,,,Garzon Eugenio General 4571,Parque Avellaneda,9,POINT (-149.07634347078974 -46.4470166619794)
2400,Contenedor Verde,Contenedor Verde,Papel / Cartón / Plástico / Metal / Vidrio,,,Garzon Eugenio General 4773,Parque Avellaneda,9,POINT (-149.07765107320924 -46.446187212057545)
2401,Contenedor Verde,Contenedor Verde,Papel / Cartón / Plástico / Metal / Vidrio,,,Homero 1095,Parque Avellaneda,9,POINT (-149.07541201152432 -46.444038962010254)
2402,Contenedor Verde,Contenedor Verde,Papel / Cartón / Plástico / Metal / Vidrio,,,Homero 1641,Parque Avellaneda,9,POINT (-149.08019972605766 -46.447690254621406)
2403,Contenedor Verde,Contenedor Verde,Papel / Cartón / Plástico / Metal / Vidrio,,,Homero 1961,Parque Avellaneda,9,POINT (-149.08346723016902 -46.450203419279624)
2404,Contenedor Verde,Contenedor Verde,Papel / Cartón / Plástico / Metal / Vidrio,,,Homero 2055,Parque Avellaneda,9,POINT (-149.0848696856558 -46.451239668074074)
2405,Contenedor Verde,Contenedor Verde,Papel / Cartón / Plástico / Metal / Vidrio,,,Homero 605,Parque Avellaneda,9,POINT (-149.07120693570192 -46.44083272567448)
2406,Contenedor Verde,Contenedor Verde,Papel / Cartón / Plástico / Metal / Vidrio,,,La Facultad 1607,Parque Avellaneda,9,POINT (-149.0779334569367 -46.45255982937252)
2407,Contenedor Verde,Contenedor Verde,Papel / Cartón / Plástico / Metal / Vidrio,,,Lacarra Av. 1180,Parque Avellaneda,9,POINT (-149.07163241894443 -46.45182240616292)
2408,Contenedor Verde,Contenedor Verde,Papel / Cartón / Plástico / Metal / Vidrio,,,Lacarra Av. 1511,Parque Avellaneda,9,POINT (-149.07506044362168 -46.45432959681226)
2409,Contenedor Verde,Contenedor Verde,Papel / Cartón / Plástico / Metal / Vidrio,,,Lacarra Av. 805,Parque Avellaneda,9,POINT (-149.06885360707895 -46.44964319041518)
2410,Contenedor Verde,Contenedor Verde,Papel / Cartón / Plástico / Metal / Vidrio,,,"Laferrere, Gregorio De 3584",Parque Avellaneda,9,POINT (-149.0693772081267 -46.45564410222653)
2411,Contenedor Verde,Contenedor Verde,Papel / Cartón / Plástico / Metal / Vidrio,,,Laguna 1160,Parque Avellaneda,9,POINT (-149.07153690769888 -46.45312922190822)
2412,Contenedor Verde,Contenedor Verde,Papel / Cartón / Plástico / Metal / Vidrio,,,Laguna 1500,Parque Avellaneda,9,POINT (-149.0749667665537 -46.45571113395713)
2413,Contenedor Verde,Contenedor Verde,Papel / Cartón / Plástico / Metal / Vidrio,,,Laguna 568,Parque Avellaneda,9,POINT (-149.066718463853 -46.44948463246249)
2414,Contenedor Verde,Contenedor Verde,Papel / Cartón / Plástico / Metal / Vidrio,,,Laguna 852,Parque Avellaneda,9,POINT (-149.0687215984639 -46.4509978123316)
2415,Contenedor Verde,Contenedor Verde,Papel / Cartón / Plástico / Metal / Vidrio,,,Martinez Castro 1229,Parque Avellaneda,9,POINT (-149.0725339541895 -46.45517233876459)
2416,Contenedor Verde,Contenedor Verde,Papel / Cartón / Plástico / Metal / Vidrio,,,Martinez Castro 325,Parque Avellaneda,9,POINT (-149.06436937338745 -46.44898955595474)
2417,Contenedor Verde,Contenedor Verde,Papel / Cartón / Plástico / Metal / Vidrio,,,Martinez Castro 433,Parque Avellaneda,9,POINT (-149.0651040046628 -46.44954762946089)
2418,Contenedor Verde,Contenedor Verde,Papel / Cartón / Plástico / Metal / Vidrio,,,Medina 1649,Parque Avellaneda,9,POINT (-149.07795666716058 -46.451661686504366)
2419,Contenedor Verde,Contenedor Verde,Papel / Cartón / Plástico / Metal / Vidrio,,,Medina 1911,Parque Avellaneda,9,POINT (-149.08180057670936 -46.454553098556474)
2420,Contenedor Verde,Contenedor Verde,Papel / Cartón / Plástico / Metal / Vidrio,,,Monte 3956,Parque Avellaneda,9,POINT (-149.07424832868716 -46.45299868372938)
2421,Contenedor Verde,Contenedor Verde,Papel / Cartón / Plástico / Metal / Vidrio,,,Moreto 1094,Parque Avellaneda,9,POINT (-149.0742735880946 -46.44701793986606)
2422,Contenedor Verde,Contenedor Verde,Papel / Cartón / Plástico / Metal / Vidrio,,,Moreto 1215,Parque Avellaneda,9,POINT (-149.0755012568424 -46.44787226544791)
2423,Contenedor Verde,Contenedor Verde,Papel / Cartón / Plástico / Metal / Vidrio,,,Moreto 1428,Parque Avellaneda,9,POINT (-149.07748689828347 -46.449457645718915)
2424,Contenedor Verde,Contenedor Verde,Papel / Cartón / Plástico / Metal / Vidrio,,,Mozart 1503,Parque Avellaneda,9,POINT (-149.07907046922094 -46.44952137257238)
2425,Contenedor Verde,Contenedor Verde,Papel / Cartón / Plástico / Metal / Vidrio,,,Mozart 651,Parque Avellaneda,9,POINT (-149.07144262393845 -46.443709758681095)
2426,Contenedor Verde,Contenedor Verde,Papel / Cartón / Plástico / Metal / Vidrio,,,Olivera Av. 1442,Parque Avellaneda,9,POINT (-149.08256309788104 -46.4491124922026)
2427,Contenedor Verde,Contenedor Verde,Papel / Cartón / Plástico / Metal / Vidrio,,,Olivera Av. 450,Parque Avellaneda,9,POINT (-149.06788704305592 -46.44543992915946)
2428,Contenedor Verde,Contenedor Verde,Papel / Cartón / Plástico / Metal / Vidrio,,,Olivera Av. 550,Parque Avellaneda,9,POINT (-149.07034086489054 -46.44590651189827)
2429,Contenedor Verde,Contenedor Verde,Papel / Cartón / Plástico / Metal / Vidrio,,,Pergamino 1105,Parque Avellaneda,9,POINT (-149.07061517294818 -46.45635910363514)
2430,Contenedor Verde,Contenedor Verde,Papel / Cartón / Plástico / Metal / Vidrio,,,Pergamino 659,Parque Avellaneda,9,POINT (-149.06609938625277 -46.45411429083181)
2431,Contenedor Verde,Contenedor Verde,Papel / Cartón / Plástico / Metal / Vidrio,,,"Peron, Eva Av. 3619",Parque Avellaneda,9,POINT (-149.07194977399465 -46.45713012078416)
2432,Contenedor Verde,Contenedor Verde,Papel / Cartón / Plástico / Metal / Vidrio,,,"Peron, Eva Av. 4258",Parque Avellaneda,9,POINT (-149.07944813248608 -46.453406127098525)
2433,Contenedor Verde,Contenedor Verde,Papel / Cartón / Plástico / Metal / Vidrio,,,"Peron, Eva Av. 4347",Parque Avellaneda,9,POINT (-149.0801146888853 -46.45288414901456)
2434,Contenedor Verde,Contenedor Verde,Papel / Cartón / Plástico / Metal / Vidrio,,,"Recuero, Casimiro, Tte. Cnel. 3420",Parque Avellaneda,9,POINT (-149.07211162514363 -46.45831500888172)
2435,Contenedor Verde,Contenedor Verde,Papel / Cartón / Plástico / Metal / Vidrio,,,"Recuero, Casimiro, Tte. Cnel. 3686",Parque Avellaneda,9,POINT (-149.07441588486392 -46.45686715082298)
2436,Contenedor Verde,Contenedor Verde,Papel / Cartón / Plástico / Metal / Vidrio,,,"Rodo, Jose E. 4611",Parque Avellaneda,9,POINT (-149.0730364629291 -46.44335727848765)
2437,Contenedor Verde,Contenedor Verde,Papel / Cartón / Plástico / Metal / Vidrio,,,San Pedro 3819,Parque Avellaneda,9,POINT (-149.06842428056328 -46.453245837974265)
2438,Contenedor Verde,Contenedor Verde,Papel / Cartón / Plástico / Metal / Vidrio,,,San Pedro 4072,Parque Avellaneda,9,POINT (-149.0707268562748 -46.451547924675914)
2439,Contenedor Verde,Contenedor Verde,Papel / Cartón / Plástico / Metal / Vidrio,,,San Pedro 4536,Parque Avellaneda,9,POINT (-149.07656792388926 -46.44832253170465)
2440,Contenedor Verde,Contenedor Verde,Papel / Cartón / Plástico / Metal / Vidrio,,,Santander 3963,Parque Avellaneda,9,POINT (-149.08342968722732 -46.45662990600837)
2441,Contenedor Verde,Contenedor Verde,Papel / Cartón / Plástico / Metal / Vidrio,,,Tandil 3308,Parque Avellaneda,9,POINT (-149.06446899865543 -46.45360690280332)
2442,Contenedor Verde,Contenedor Verde,Papel / Cartón / Plástico / Metal / Vidrio,,,Tandil 4565,Parque Avellaneda,9,POINT (-149.07493258187014 -46.445592741402756)
2443,Contenedor Verde,Contenedor Verde,Papel / Cartón / Plástico / Metal / Vidrio,,,Tandil 4741,Parque Avellaneda,9,POINT (-149.07667974688272 -46.444457384619426)
2444,Contenedor Verde,Contenedor Verde,Papel / Cartón / Plástico / Metal / Vidrio,,,Tapalque 4560,Parque Avellaneda,9,POINT (-149.07009509099143 -46.44379614085641)
2445,Contenedor Verde,Contenedor Verde,Papel / Cartón / Plástico / Metal / Vidrio,,,Tapalque 4660,Parque Avellaneda,9,POINT (-149.07156222837077 -46.442925360912774)
2446,Contenedor Verde,Contenedor Verde,Papel / Cartón / Plástico / Metal / Vidrio,,,White 1641,Parque Avellaneda,9,POINT (-149.079429985349 -46.44840450532759)
2447,Contenedor Verde,Contenedor Verde,Papel / Cartón / Plástico / Metal / Vidrio,,,White 1990,Parque Avellaneda,9,POINT (-149.08275693341585 -46.451029167558936)
2448,Contenedor Verde,Contenedor Verde,Papel / Cartón / Plástico / Metal / Vidrio,,,White 716,Parque Avellaneda,9,POINT (-149.07109682084712 -46.44216110932391)
2449,Contenedor Verde,Contenedor Verde,Papel / Cartón / Plástico / Metal / Vidrio,,,Zinny 1470,Parque Avellaneda,9,POINT (-149.07696605123624 -46.45259369390472)
2450,Contenedor Verde,Contenedor Verde,Papel / Cartón / Plástico / Metal / Vidrio,,,Zinny 1536,Parque Avellaneda,9,POINT (-149.0777941494585 -46.45321848798583)
2451,Contenedor Verde,Contenedor Verde,Papel / Cartón / Plástico / Metal / Vidrio,,,Zinny 1750,Parque Avellaneda,9,POINT (-149.08031984205505 -46.455121532454676)
2452,Contenedor Verde,Contenedor Verde,Papel / Cartón / Plástico / Metal / Vidrio,,,Za?artu 1402,Parque Chacabuco,7,POINT (-149.06595314025677 -46.47450050071236)
2453,Contenedor Verde,Contenedor Verde,Papel / Cartón / Plástico / Metal / Vidrio,,,Za?artu 902,Parque Chacabuco,7,POINT (-149.0648012956866 -46.47845891337596)
2454,Contenedor Verde,Contenedor Verde,Papel / Cartón / Plástico / Metal / Vidrio,,,Za?artu 702,Parque Chacabuco,7,POINT (-149.06427641419194 -46.47995126283662)
2455,Contenedor Verde,Contenedor Verde,Papel / Cartón / Plástico / Metal / Vidrio,,,Za?artu 502,Parque Chacabuco,7,POINT (-149.06376274712778 -46.481427585790684)
2456,Contenedor Verde,Contenedor Verde,Papel / Cartón / Plástico / Metal / Vidrio,,,Za?artu 1602,Parque Chacabuco,7,POINT (-149.0668095837821 -46.47274005927177)
2457,Contenedor Verde,Contenedor Verde,Papel / Cartón / Plástico / Metal / Vidrio,,,Za?artu 1202,Parque Chacabuco,7,POINT (-149.06532101500446 -46.476384400117965)
2458,Contenedor Verde,Contenedor Verde,Papel / Cartón / Plástico / Metal / Vidrio,,,Casta?ares Av. 1132,Parque Chacabuco,7,POINT (-149.06116891832977 -46.47585715708734)
2459,Contenedor Verde,Contenedor Verde,Papel / Cartón / Plástico / Metal / Vidrio,,,Asamblea Av. 1102,Parque Chacabuco,7,POINT (-149.06118216992317 -46.47246314079069)
2460,Contenedor Verde,Contenedor Verde,Papel / Cartón / Plástico / Metal / Vidrio,,,Asamblea Av. 1402,Parque Chacabuco,7,POINT (-149.06206051310704 -46.470229153672065)
2461,Contenedor Verde,Contenedor Verde,Papel / Cartón / Plástico / Metal / Vidrio,,,Asamblea Av. 1640,Parque Chacabuco,7,POINT (-149.0634249428703 -46.46813519539956)
2462,Contenedor Verde,Contenedor Verde,Papel / Cartón / Plástico / Metal / Vidrio,,,Asamblea Av. 572,Parque Chacabuco,7,POINT (-149.05965668875086 -46.47640946787781)
2463,Contenedor Verde,Contenedor Verde,Papel / Cartón / Plástico / Metal / Vidrio,,,Asamblea Av. 869,Parque Chacabuco,7,POINT (-149.06019788418783 -46.47455928171829)
2464,Contenedor Verde,Contenedor Verde,Papel / Cartón / Plástico / Metal / Vidrio,,,Asamblea Av. 970,Parque Chacabuco,7,POINT (-149.06068969248517 -46.47374630531844)
2465,Contenedor Verde,Contenedor Verde,Papel / Cartón / Plástico / Metal / Vidrio,,,Asamblea Av. 996,Parque Chacabuco,7,POINT (-149.06077413747235 -46.473534281251276)
2466,Contenedor Verde,Contenedor Verde,Papel / Cartón / Plástico / Metal / Vidrio,,,Balbastro 1102,Parque Chacabuco,7,POINT (-149.06264065670695 -46.47678255279069)
2467,Contenedor Verde,Contenedor Verde,Papel / Cartón / Plástico / Metal / Vidrio,,,Balbastro 1302,Parque Chacabuco,7,POINT (-149.06329782982542 -46.47491687427024)
2468,Contenedor Verde,Contenedor Verde,Papel / Cartón / Plástico / Metal / Vidrio,,,Balbastro 1602,Parque Chacabuco,7,POINT (-149.06474401213197 -46.472270303407804)
2469,Contenedor Verde,Contenedor Verde,Papel / Cartón / Plástico / Metal / Vidrio,,,Balbastro 1802,Parque Chacabuco,7,POINT (-149.0654447004929 -46.47076700204289)
2470,Contenedor Verde,Contenedor Verde,Papel / Cartón / Plástico / Metal / Vidrio,,,Balbastro 576,Parque Chacabuco,7,POINT (-149.0613854466943 -46.48056403852318)
2471,Contenedor Verde,Contenedor Verde,Papel / Cartón / Plástico / Metal / Vidrio,,,Balbastro 702,Parque Chacabuco,7,POINT (-149.0617294649013 -46.47953487718964)
2472,Contenedor Verde,Contenedor Verde,Papel / Cartón / Plástico / Metal / Vidrio,,,Bell Ville 1202,Parque Chacabuco,7,POINT (-149.05925143476915 -46.4756573873627)
2473,Contenedor Verde,Contenedor Verde,Papel / Cartón / Plástico / Metal / Vidrio,,,"Bilbao, Francisco 1473",Parque Chacabuco,7,POINT (-149.05667925435827 -46.46679274837701)
2474,Contenedor Verde,Contenedor Verde,Papel / Cartón / Plástico / Metal / Vidrio,,,"Bilbao, Francisco 1695",Parque Chacabuco,7,POINT (-149.05731881425365 -46.465741633952995)
2475,Contenedor Verde,Contenedor Verde,Papel / Cartón / Plástico / Metal / Vidrio,,,"Bilbao, Francisco 1807",Parque Chacabuco,7,POINT (-149.05778783493557 -46.46495740659769)
2476,Contenedor Verde,Contenedor Verde,Papel / Cartón / Plástico / Metal / Vidrio,,,Cachimayo 995,Parque Chacabuco,7,POINT (-149.05714637923882 -46.472827683593636)
2477,Contenedor Verde,Contenedor Verde,Papel / Cartón / Plástico / Metal / Vidrio,,,Cobo Av. 1302,Parque Chacabuco,7,POINT (-149.06767623876974 -46.47690184255547)
2478,Contenedor Verde,Contenedor Verde,Papel / Cartón / Plástico / Metal / Vidrio,,,Cobo Av. 1502,Parque Chacabuco,7,POINT (-149.06839061302995 -46.47504310413783)
2479,Contenedor Verde,Contenedor Verde,Papel / Cartón / Plástico / Metal / Vidrio,,,Cobo Av. 1752,Parque Chacabuco,7,POINT (-149.06921983112895 -46.472903090948016)
2480,Contenedor Verde,Contenedor Verde,Papel / Cartón / Plástico / Metal / Vidrio,,,Del Barco Centenera 1402,Parque Chacabuco,7,POINT (-149.0609261179289 -46.4761692627415)
2481,Contenedor Verde,Contenedor Verde,Papel / Cartón / Plástico / Metal / Vidrio,,,"Diaz, Avelino 1002",Parque Chacabuco,7,POINT (-149.0617911703866 -46.47653959364828)
2482,Contenedor Verde,Contenedor Verde,Papel / Cartón / Plástico / Metal / Vidrio,,,"Diaz, Avelino 1302",Parque Chacabuco,7,POINT (-149.06263023832443 -46.4737674361189)
2483,Contenedor Verde,Contenedor Verde,Papel / Cartón / Plástico / Metal / Vidrio,,,"Diaz, Avelino 1562",Parque Chacabuco,7,POINT (-149.0636305745344 -46.47160050696989)
2484,Contenedor Verde,Contenedor Verde,Papel / Cartón / Plástico / Metal / Vidrio,,,"Diaz, Avelino 1702",Parque Chacabuco,7,POINT (-149.0640419608514 -46.47055052678535)
2485,Contenedor Verde,Contenedor Verde,Papel / Cartón / Plástico / Metal / Vidrio,,,"Diaz, Avelino 1946",Parque Chacabuco,7,POINT (-149.06518471743703 -46.46932239018891)
2486,Contenedor Verde,Contenedor Verde,Papel / Cartón / Plástico / Metal / Vidrio,,,"Diaz, Avelino 333",Parque Chacabuco,7,POINT (-149.0601183206693 -46.48145293316069)
2487,Contenedor Verde,Contenedor Verde,Papel / Cartón / Plástico / Metal / Vidrio,,,"Diaz, Avelino 715",Parque Chacabuco,7,POINT (-149.0610061714641 -46.478706718035504)
2488,Contenedor Verde,Contenedor Verde,Papel / Cartón / Plástico / Metal / Vidrio,,,Directorio Av. 1260,Parque Chacabuco,7,POINT (-149.05515449519794 -46.46934817221581)
2489,Contenedor Verde,Contenedor Verde,Papel / Cartón / Plástico / Metal / Vidrio,,,Directorio Av. 1480,Parque Chacabuco,7,POINT (-149.0555585943918 -46.46798286547945)
2490,Contenedor Verde,Contenedor Verde,Papel / Cartón / Plástico / Metal / Vidrio,,,Directorio Av. 150,Parque Chacabuco,7,POINT (-149.05225433266438 -46.47932972710314)
2491,Contenedor Verde,Contenedor Verde,Papel / Cartón / Plástico / Metal / Vidrio,,,Directorio Av. 1680,Parque Chacabuco,7,POINT (-149.05613806958172 -46.46601096294755)
2492,Contenedor Verde,Contenedor Verde,Papel / Cartón / Plástico / Metal / Vidrio,,,Directorio Av. 1908,Parque Chacabuco,7,POINT (-149.0572388441221 -46.463973960592185)
2493,Contenedor Verde,Contenedor Verde,Papel / Cartón / Plástico / Metal / Vidrio,,,Directorio Av. 448,Parque Chacabuco,7,POINT (-149.05298559897903 -46.47678359715679)
2494,Contenedor Verde,Contenedor Verde,Papel / Cartón / Plástico / Metal / Vidrio,,,Directorio Av. 656,Parque Chacabuco,7,POINT (-149.05357646434885 -46.47474755834635)
2495,Contenedor Verde,Contenedor Verde,Papel / Cartón / Plástico / Metal / Vidrio,,,Directorio Av. 906,Parque Chacabuco,7,POINT (-149.0541431265836 -46.47278332137517)
2496,Contenedor Verde,Contenedor Verde,Papel / Cartón / Plástico / Metal / Vidrio,,,Estrada 1033,Parque Chacabuco,7,POINT (-149.05843067928583 -46.47313061742308)
2497,Contenedor Verde,Contenedor Verde,Papel / Cartón / Plástico / Metal / Vidrio,,,Estrada 1095,Parque Chacabuco,7,POINT (-149.05885869417224 -46.47268032883224)
2498,Contenedor Verde,Contenedor Verde,Papel / Cartón / Plástico / Metal / Vidrio,,,Estrada 450,Parque Chacabuco,7,POINT (-149.05652577549543 -46.477401017216195)
2499,Contenedor Verde,Contenedor Verde,Papel / Cartón / Plástico / Metal / Vidrio,,,Estrada 654,Parque Chacabuco,7,POINT (-149.0568970466975 -46.476145649264964)
2500,Contenedor Verde,Contenedor Verde,Papel / Cartón / Plástico / Metal / Vidrio,,,Estrada 774,Parque Chacabuco,7,POINT (-149.0572032158402 -46.475099604576656)
2501,Contenedor Verde,Contenedor Verde,Papel / Cartón / Plástico / Metal / Vidrio,,,Estrada 905,Parque Chacabuco,7,POINT (-149.0574555079066 -46.47414959949004)
2502,Contenedor Verde,Contenedor Verde,Papel / Cartón / Plástico / Metal / Vidrio,,,Estrada 980,Parque Chacabuco,7,POINT (-149.05797201218317 -46.47366016978091)
2503,Contenedor Verde,Contenedor Verde,Papel / Cartón / Plástico / Metal / Vidrio,,,"Fernandez Moreno, Baldomero 1391",Parque Chacabuco,7,POINT (-149.05765765637565 -46.4692149078227)
2504,Contenedor Verde,Contenedor Verde,Papel / Cartón / Plástico / Metal / Vidrio,,,"Fernandez Moreno, Baldomero 1545",Parque Chacabuco,7,POINT (-149.05828545483647 -46.468167205533334)
2505,Contenedor Verde,Contenedor Verde,Papel / Cartón / Plástico / Metal / Vidrio,,,"Fernandez Moreno, Baldomero 1777",Parque Chacabuco,7,POINT (-149.05933040363126 -46.46642586455162)
2506,Contenedor Verde,Contenedor Verde,Papel / Cartón / Plástico / Metal / Vidrio,,,"Fernandez Moreno, Baldomero 1927",Parque Chacabuco,7,POINT (-149.05992601755824 -46.465418109252916)
2507,Contenedor Verde,Contenedor Verde,Papel / Cartón / Plástico / Metal / Vidrio,,,"Laferrere, Gregorio 1186",Parque Chacabuco,7,POINT (-149.05580693227253 -46.47044201516305)
2508,Contenedor Verde,Contenedor Verde,Papel / Cartón / Plástico / Metal / Vidrio,,,"Laferrere, Gregorio 1314",Parque Chacabuco,7,POINT (-149.0565458028711 -46.46921652513624)
2509,Contenedor Verde,Contenedor Verde,Papel / Cartón / Plástico / Metal / Vidrio,,,"Laferrere, Gregorio 1516",Parque Chacabuco,7,POINT (-149.05761171781037 -46.46740918930349)
2510,Contenedor Verde,Contenedor Verde,Papel / Cartón / Plástico / Metal / Vidrio,,,"Laferrere, Gregorio 1784",Parque Chacabuco,7,POINT (-149.05838671888068 -46.466118416952824)
2511,Contenedor Verde,Contenedor Verde,Papel / Cartón / Plástico / Metal / Vidrio,,,"Laferrere, Gregorio 2004",Parque Chacabuco,7,POINT (-149.059299175201 -46.46458294258499)
2512,Contenedor Verde,Contenedor Verde,Papel / Cartón / Plástico / Metal / Vidrio,,,Malvinas Argentinas 912,Parque Chacabuco,7,POINT (-149.0598036340615 -46.4682386028985)
2513,Contenedor Verde,Contenedor Verde,Papel / Cartón / Plástico / Metal / Vidrio,,,"Moreno, Jose Maria Av. 1232",Parque Chacabuco,7,POINT (-149.05824993286072 -46.47703336561445)
2514,Contenedor Verde,Contenedor Verde,Papel / Cartón / Plástico / Metal / Vidrio,,,"Moreno, Jose Maria Av. 1502",Parque Chacabuco,7,POINT (-149.0615793436017 -46.47742104629113)
2515,Contenedor Verde,Contenedor Verde,Papel / Cartón / Plástico / Metal / Vidrio,,,"Moreno, Jose Maria Av. 1902",Parque Chacabuco,7,POINT (-149.06613663423215 -46.478040900581796)
2516,Contenedor Verde,Contenedor Verde,Papel / Cartón / Plástico / Metal / Vidrio,,,"Peron, Eva Av. 1115",Parque Chacabuco,7,POINT (-149.0555701629232 -46.47189005208448)
2517,Contenedor Verde,Contenedor Verde,Papel / Cartón / Plástico / Metal / Vidrio,,,"Peron, Eva Av. 1991",Parque Chacabuco,7,POINT (-149.06252762433 -46.46658793126739)
2518,Contenedor Verde,Contenedor Verde,Papel / Cartón / Plástico / Metal / Vidrio,,,Picheuta 1602,Parque Chacabuco,7,POINT (-149.06285901236393 -46.475952840729306)
2519,Contenedor Verde,Contenedor Verde,Papel / Cartón / Plástico / Metal / Vidrio,,,Primera Junta 1439,Parque Chacabuco,7,POINT (-149.0588983472661 -46.46913684648033)
2520,Contenedor Verde,Contenedor Verde,Papel / Cartón / Plástico / Metal / Vidrio,,,Pumacahua 854,Parque Chacabuco,7,POINT (-149.06142281542864 -46.46617537291122)
2521,Contenedor Verde,Contenedor Verde,Papel / Cartón / Plástico / Metal / Vidrio,,,Salas 345,Parque Chacabuco,7,POINT (-149.0572519939343 -46.47840658923253)
2522,Contenedor Verde,Contenedor Verde,Papel / Cartón / Plástico / Metal / Vidrio,,,Salas 441,Parque Chacabuco,7,POINT (-149.05752037801244 -46.47746483497832)
2523,Contenedor Verde,Contenedor Verde,Papel / Cartón / Plástico / Metal / Vidrio,,,Salas 582,Parque Chacabuco,7,POINT (-149.058067938994 -46.476143803701405)
2524,Contenedor Verde,Contenedor Verde,Papel / Cartón / Plástico / Metal / Vidrio,,,Salas 660,Parque Chacabuco,7,POINT (-149.05830994101387 -46.47507081286063)
2525,Contenedor Verde,Contenedor Verde,Papel / Cartón / Plástico / Metal / Vidrio,,,Salas 763,Parque Chacabuco,7,POINT (-149.058749952908 -46.47411729059343)
2526,Contenedor Verde,Contenedor Verde,Papel / Cartón / Plástico / Metal / Vidrio,,,Salas 835,Parque Chacabuco,7,POINT (-149.05933516909238 -46.47354903887072)
2527,Contenedor Verde,Contenedor Verde,Papel / Cartón / Plástico / Metal / Vidrio,,,Salas 887,Parque Chacabuco,7,POINT (-149.05969629141552 -46.473118706914754)
2528,Contenedor Verde,Contenedor Verde,Papel / Cartón / Plástico / Metal / Vidrio,,,Salvigny 1702,Parque Chacabuco,7,POINT (-149.07087265081796 -46.475592939721004)
2529,Contenedor Verde,Contenedor Verde,Papel / Cartón / Plástico / Metal / Vidrio,,,Santander 1102,Parque Chacabuco,7,POINT (-149.06084793279686 -46.47537396220511)
2530,Contenedor Verde,Contenedor Verde,Papel / Cartón / Plástico / Metal / Vidrio,,,Santander 1364,Parque Chacabuco,7,POINT (-149.06176210138335 -46.472998745557604)
2531,Contenedor Verde,Contenedor Verde,Papel / Cartón / Plástico / Metal / Vidrio,,,Santander 1452,Parque Chacabuco,7,POINT (-149.06200863654877 -46.47236078591917)
2532,Contenedor Verde,Contenedor Verde,Papel / Cartón / Plástico / Metal / Vidrio,,,Santander 1602,Parque Chacabuco,7,POINT (-149.0624947711876 -46.47112637059273)
2533,Contenedor Verde,Contenedor Verde,Papel / Cartón / Plástico / Metal / Vidrio,,,Santander 1802,Parque Chacabuco,7,POINT (-149.06324923204696 -46.46944626993688)
2534,Contenedor Verde,Contenedor Verde,Papel / Cartón / Plástico / Metal / Vidrio,,,Santander 2071,Parque Chacabuco,7,POINT (-149.0653201846361 -46.468113628899005)
2535,Contenedor Verde,Contenedor Verde,Papel / Cartón / Plástico / Metal / Vidrio,,,Santander 408,Parque Chacabuco,7,POINT (-149.05920912743662 -46.48062957128638)
2536,Contenedor Verde,Contenedor Verde,Papel / Cartón / Plástico / Metal / Vidrio,,,Santander 636,Parque Chacabuco,7,POINT (-149.05972366801896 -46.47902244950809)
2537,Contenedor Verde,Contenedor Verde,Papel / Cartón / Plástico / Metal / Vidrio,,,Santander 822,Parque Chacabuco,7,POINT (-149.0601231349834 -46.477778534044766)
2538,Contenedor Verde,Contenedor Verde,Papel / Cartón / Plástico / Metal / Vidrio,,,Saraza 1002,Parque Chacabuco,7,POINT (-149.06369505268196 -46.477510937106736)
2539,Contenedor Verde,Contenedor Verde,Papel / Cartón / Plástico / Metal / Vidrio,,,Saraza 1302,Parque Chacabuco,7,POINT (-149.06442284865668 -46.475184470941926)
2540,Contenedor Verde,Contenedor Verde,Papel / Cartón / Plástico / Metal / Vidrio,,,Saraza 1502,Parque Chacabuco,7,POINT (-149.0652660349943 -46.47338578801324)
2541,Contenedor Verde,Contenedor Verde,Papel / Cartón / Plástico / Metal / Vidrio,,,Saraza 1702,Parque Chacabuco,7,POINT (-149.06604180373856 -46.471758514450634)
2542,Contenedor Verde,Contenedor Verde,Papel / Cartón / Plástico / Metal / Vidrio,,,Saraza 2042,Parque Chacabuco,7,POINT (-149.06743274693923 -46.470064622560265)
2543,Contenedor Verde,Contenedor Verde,Papel / Cartón / Plástico / Metal / Vidrio,,,Saraza 602,Parque Chacabuco,7,POINT (-149.06266803075314 -46.48046417208805)
2544,Contenedor Verde,Contenedor Verde,Papel / Cartón / Plástico / Metal / Vidrio,,,Saraza 802,Parque Chacabuco,7,POINT (-149.06316060818395 -46.47905540770307)
2545,Contenedor Verde,Contenedor Verde,Papel / Cartón / Plástico / Metal / Vidrio,,,Somellera 1602,Parque Chacabuco,7,POINT (-149.06928831068325 -46.47626166746642)
2546,Contenedor Verde,Contenedor Verde,Papel / Cartón / Plástico / Metal / Vidrio,,,Somellera 1862,Parque Chacabuco,7,POINT (-149.07026507297954 -46.473996573040154)
2547,Contenedor Verde,Contenedor Verde,Papel / Cartón / Plástico / Metal / Vidrio,,,Tejedor 1080,Parque Chacabuco,7,POINT (-149.05781582593184 -46.47235476320767)
2548,Contenedor Verde,Contenedor Verde,Papel / Cartón / Plástico / Metal / Vidrio,,,Tejedor 192,Parque Chacabuco,7,POINT (-149.05481129549094 -46.47933310909412)
2549,Contenedor Verde,Contenedor Verde,Papel / Cartón / Plástico / Metal / Vidrio,,,Tejedor 350,Parque Chacabuco,7,POINT (-149.05515639959273 -46.47808442152167)
2550,Contenedor Verde,Contenedor Verde,Papel / Cartón / Plástico / Metal / Vidrio,,,Tejedor 588,Parque Chacabuco,7,POINT (-149.05576134579607 -46.47608612445355)
2551,Contenedor Verde,Contenedor Verde,Papel / Cartón / Plástico / Metal / Vidrio,,,Tejedor 810,Parque Chacabuco,7,POINT (-149.05620297944253 -46.47452021746693)
2552,Contenedor Verde,Contenedor Verde,Papel / Cartón / Plástico / Metal / Vidrio,,,Tejedor 930,Parque Chacabuco,7,POINT (-149.05668861637483 -46.473523403996985)
2553,Contenedor Verde,Contenedor Verde,Papel / Cartón / Plástico / Metal / Vidrio,,,Thorne 485,Parque Chacabuco,7,POINT (-149.05563492346505 -46.466250994707295)
2554,Contenedor Verde,Contenedor Verde,Papel / Cartón / Plástico / Metal / Vidrio,,,"Vedia, Agustin De 2102",Parque Chacabuco,7,POINT (-149.0697150999011 -46.475444266374566)
2555,Contenedor Verde,Contenedor Verde,Papel / Cartón / Plástico / Metal / Vidrio,,,"Vedia, Agustin De 2202",Parque Chacabuco,7,POINT (-149.07089890268804 -46.475706139115196)
2556,Contenedor Verde,Contenedor Verde,Papel / Cartón / Plástico / Metal / Vidrio,,,Vernet Av. 275,Parque Chacabuco,7,POINT (-149.0580599326782 -46.47923479493855)
2557,Contenedor Verde,Contenedor Verde,Papel / Cartón / Plástico / Metal / Vidrio,,,Viel 1200,Parque Chacabuco,7,POINT (-149.05602281313338 -46.478588594698316)
2558,Contenedor Verde,Contenedor Verde,Papel / Cartón / Plástico / Metal / Vidrio,,,Zelarrayan 1202,Parque Chacabuco,7,POINT (-149.06635259024287 -46.477300046755225)
2559,Contenedor Verde,Contenedor Verde,Papel / Cartón / Plástico / Metal / Vidrio,,,Zelarrayan 1402,Parque Chacabuco,7,POINT (-149.06695713909562 -46.47572671131014)
2560,Contenedor Verde,Contenedor Verde,Papel / Cartón / Plástico / Metal / Vidrio,,,Zelarrayan 1602,Parque Chacabuco,7,POINT (-149.06766879986878 -46.47389057580611)
2561,Contenedor Verde,Contenedor Verde,Papel / Cartón / Plástico / Metal / Vidrio,,,Zelarrayan 1802,Parque Chacabuco,7,POINT (-149.06827349899405 -46.47226315850586)
2562,Contenedor Verde,Contenedor Verde,Papel / Cartón / Plástico / Metal / Vidrio,,,Zelarrayan 752,Parque Chacabuco,7,POINT (-149.06524183287294 -46.480526499040046)
2563,Contenedor Verde,Contenedor Verde,Papel / Cartón / Plástico / Metal / Vidrio,,,Zelarrayan 902,Parque Chacabuco,7,POINT (-149.06560215769903 -46.47944436035529)
2564,Contenedor Verde,Contenedor Verde,Papel / Cartón / Plástico / Metal / Vidrio,,,Zuviria 1027,Parque Chacabuco,7,POINT (-149.05645766812458 -46.47219258574171)
2565,Contenedor Verde,Contenedor Verde,Papel / Cartón / Plástico / Metal / Vidrio,,,Zuviria 2038,Parque Chacabuco,7,POINT (-149.06354236144566 -46.466965279942954)
2566,Contenedor Verde,Contenedor Verde,Papel / Cartón / Plástico / Metal / Vidrio,,,Zuviria 255,Parque Chacabuco,7,POINT (-149.05380302720218 -46.47854336388375)
2567,Contenedor Verde,Contenedor Verde,Papel / Cartón / Plástico / Metal / Vidrio,,,Zuviria 489,Parque Chacabuco,7,POINT (-149.05432438512108 -46.47674141183286)
2568,Contenedor Verde,Contenedor Verde,Papel / Cartón / Plástico / Metal / Vidrio,,,Zuviria 759,Parque Chacabuco,7,POINT (-149.0548356844874 -46.4749258250352)
2569,Contenedor Verde,Contenedor Verde,Papel / Cartón / Plástico / Metal / Vidrio,,,Zuviria 95,Parque Chacabuco,7,POINT (-149.05338875378698 -46.479981136766575)
2570,Contenedor Verde,Contenedor Verde,Papel / Cartón / Plástico / Metal / Vidrio,,,Zuviria 983,Parque Chacabuco,7,POINT (-149.05602743631525 -46.47263226695463)
2571,Contenedor Verde,Contenedor Verde,Papel / Cartón / Plástico / Metal / Vidrio,,,Altolaguirre 1340,Parque Chas,15,POINT (-149.01253662014682 -46.44693913143111)
2572,Contenedor Verde,Contenedor Verde,Papel / Cartón / Plástico / Metal / Vidrio,,,Altolaguirre 1468,Parque Chas,15,POINT (-149.01042674295425 -46.44590108962273)
2573,Contenedor Verde,Contenedor Verde,Papel / Cartón / Plástico / Metal / Vidrio,,,Altolaguirre 1568,Parque Chas,15,POINT (-149.00904120747023 -46.4452289646934)
2574,Contenedor Verde,Contenedor Verde,Papel / Cartón / Plástico / Metal / Vidrio,,,Andonaegui 1384,Parque Chas,15,POINT (-149.0103129957942 -46.44766678813547)
2575,Contenedor Verde,Contenedor Verde,Papel / Cartón / Plástico / Metal / Vidrio,,,Andonaegui 1468,Parque Chas,15,POINT (-149.00939207511797 -46.4471201533873)
2576,Contenedor Verde,Contenedor Verde,Papel / Cartón / Plástico / Metal / Vidrio,,,Arismendi 2474,Parque Chas,15,POINT (-149.00660812742206 -46.45129980350563)
2577,Contenedor Verde,Contenedor Verde,Papel / Cartón / Plástico / Metal / Vidrio,,,Arismendi 2696,Parque Chas,15,POINT (-149.0088342144459 -46.44974294272831)
2578,Contenedor Verde,Contenedor Verde,Papel / Cartón / Plástico / Metal / Vidrio,,,Arismendi 2852,Parque Chas,15,POINT (-149.01001663299803 -46.448912023500796)
2579,Contenedor Verde,Contenedor Verde,Papel / Cartón / Plástico / Metal / Vidrio,,,Avalos 1699,Parque Chas,15,POINT (-149.00495727808507 -46.44766364001006)
2580,Contenedor Verde,Contenedor Verde,Papel / Cartón / Plástico / Metal / Vidrio,,,Ballivian 2799,Parque Chas,15,POINT (-149.00502919516293 -46.44684888455124)
2581,Contenedor Verde,Contenedor Verde,Papel / Cartón / Plástico / Metal / Vidrio,,,Ballivian 2917,Parque Chas,15,POINT (-149.0058736437716 -46.446063528938915)
2582,Contenedor Verde,Contenedor Verde,Papel / Cartón / Plástico / Metal / Vidrio,,,Ballivian 3193,Parque Chas,15,POINT (-149.00766512313936 -46.44477907733738)
2583,Contenedor Verde,Contenedor Verde,Papel / Cartón / Plástico / Metal / Vidrio,,,Ballivian 3309,Parque Chas,15,POINT (-149.00859397424426 -46.443967886414484)
2584,Contenedor Verde,Contenedor Verde,Papel / Cartón / Plástico / Metal / Vidrio,,,Barzana 1481,Parque Chas,15,POINT (-149.00991752060577 -46.44653988865792)
2585,Contenedor Verde,Contenedor Verde,Papel / Cartón / Plástico / Metal / Vidrio,,,Bucarelli 1197,Parque Chas,15,POINT (-149.01174773497183 -46.44936736819952)
2586,Contenedor Verde,Contenedor Verde,Papel / Cartón / Plástico / Metal / Vidrio,,,Bucarelli 961,Parque Chas,15,POINT (-149.01412058350473 -46.450669570991195)
2587,Contenedor Verde,Contenedor Verde,Papel / Cartón / Plástico / Metal / Vidrio,,,Bucarest 1455,Parque Chas,15,POINT (-149.01146789423203 -46.44472274957137)
2588,Contenedor Verde,Contenedor Verde,Papel / Cartón / Plástico / Metal / Vidrio,,,Cadiz 4114,Parque Chas,15,POINT (-149.00451660642835 -46.44826541593207)
2589,Contenedor Verde,Contenedor Verde,Papel / Cartón / Plástico / Metal / Vidrio,,,Campillo 2776,Parque Chas,15,POINT (-149.01168605680704 -46.45065470085397)
2590,Contenedor Verde,Contenedor Verde,Papel / Cartón / Plástico / Metal / Vidrio,,,Campillo 2854,Parque Chas,15,POINT (-149.01241226100257 -46.45012666556551)
2591,Contenedor Verde,Contenedor Verde,Papel / Cartón / Plástico / Metal / Vidrio,,,Campillo 3068,Parque Chas,15,POINT (-149.0138148457969 -46.44911604076461)
2592,Contenedor Verde,Contenedor Verde,Papel / Cartón / Plástico / Metal / Vidrio,,,De Los Constituyentes Av. 3870,Parque Chas,15,POINT (-149.01066043491647 -46.44364482286809)
2593,Contenedor Verde,Contenedor Verde,Papel / Cartón / Plástico / Metal / Vidrio,,,De Los Incas Av. 4649,Parque Chas,15,POINT (-149.00617848751327 -46.450259267553655)
2594,Contenedor Verde,Contenedor Verde,Papel / Cartón / Plástico / Metal / Vidrio,,,De Los Incas Av. 4820,Parque Chas,15,POINT (-149.00813650287054 -46.44898075500576)
2595,Contenedor Verde,Contenedor Verde,Papel / Cartón / Plástico / Metal / Vidrio,,,De Los Incas Av. 5258,Parque Chas,15,POINT (-149.01134364907267 -46.446666941360306)
2596,Contenedor Verde,Contenedor Verde,Papel / Cartón / Plástico / Metal / Vidrio,,,De Los Incas Av. 5482,Parque Chas,15,POINT (-149.0130493733436 -46.44543557988353)
2597,Contenedor Verde,Contenedor Verde,Papel / Cartón / Plástico / Metal / Vidrio,,,Gamarra 1326,Parque Chas,15,POINT (-149.00819943974108 -46.45062146845742)
2598,Contenedor Verde,Contenedor Verde,Papel / Cartón / Plástico / Metal / Vidrio,,,Gamarra 1584,Parque Chas,15,POINT (-149.00570522874673 -46.449337849433974)
2599,Contenedor Verde,Contenedor Verde,Papel / Cartón / Plástico / Metal / Vidrio,,,Gandara 2353,Parque Chas,15,POINT (-149.00448832228386 -46.44992158206974)
2600,Contenedor Verde,Contenedor Verde,Papel / Cartón / Plástico / Metal / Vidrio,,,Gandara 2749,Parque Chas,15,POINT (-149.00653408100564 -46.447938304562086)
2601,Contenedor Verde,Contenedor Verde,Papel / Cartón / Plástico / Metal / Vidrio,,,Gandara 2785,Parque Chas,15,POINT (-149.00680738133727 -46.44760172456601)
2602,Contenedor Verde,Contenedor Verde,Papel / Cartón / Plástico / Metal / Vidrio,,,Gandara 3075,Parque Chas,15,POINT (-149.00836670035986 -46.44617690323939)
2603,Contenedor Verde,Contenedor Verde,Papel / Cartón / Plástico / Metal / Vidrio,,,Gandara 3295,Parque Chas,15,POINT (-149.0098958793503 -46.44483179731963)
2604,Contenedor Verde,Contenedor Verde,Papel / Cartón / Plástico / Metal / Vidrio,,,Ginebra 3939,Parque Chas,15,POINT (-149.00390442196263 -46.450018362416)
2605,Contenedor Verde,Contenedor Verde,Papel / Cartón / Plástico / Metal / Vidrio,,,Giribone 3076,Parque Chas,15,POINT (-149.0077349102477 -46.44580288233669)
2606,Contenedor Verde,Contenedor Verde,Papel / Cartón / Plástico / Metal / Vidrio,,,Giribone 3354,Parque Chas,15,POINT (-149.00972482068212 -46.44406482541326)
2607,Contenedor Verde,Contenedor Verde,Papel / Cartón / Plástico / Metal / Vidrio,,,Hamburgo 3290,Parque Chas,15,POINT (-149.0112835954908 -46.44556331519323)
2608,Contenedor Verde,Contenedor Verde,Papel / Cartón / Plástico / Metal / Vidrio,,,La Pampa 4992,Parque Chas,15,POINT (-149.00253026345467 -46.448661205830334)
2609,Contenedor Verde,Contenedor Verde,Papel / Cartón / Plástico / Metal / Vidrio,,,Liverpool 2904,Parque Chas,15,POINT (-149.00667310088673 -46.44651536032659)
2610,Contenedor Verde,Contenedor Verde,Papel / Cartón / Plástico / Metal / Vidrio,,,Llerena 2431,Parque Chas,15,POINT (-149.0073975876904 -46.451897930367146)
2611,Contenedor Verde,Contenedor Verde,Papel / Cartón / Plástico / Metal / Vidrio,,,Llerena 2727,Parque Chas,15,POINT (-149.01049860831873 -46.450101003809934)
2612,Contenedor Verde,Contenedor Verde,Papel / Cartón / Plástico / Metal / Vidrio,,,Llerena 3085,Parque Chas,15,POINT (-149.01309868825078 -46.44826582781814)
2613,Contenedor Verde,Contenedor Verde,Papel / Cartón / Plástico / Metal / Vidrio,,,Moscu 5410,Parque Chas,15,POINT (-149.0128127818446 -46.44619328562106)
2614,Contenedor Verde,Contenedor Verde,Papel / Cartón / Plástico / Metal / Vidrio,,,Quiros 2837,Parque Chas,15,POINT (-149.01318891992574 -46.450799081015916)
2615,Contenedor Verde,Contenedor Verde,Papel / Cartón / Plástico / Metal / Vidrio,,,Quiros 3027,Parque Chas,15,POINT (-149.0147288781764 -46.44972451214621)
2616,Contenedor Verde,Contenedor Verde,Papel / Cartón / Plástico / Metal / Vidrio,,,Tasso 2655,Parque Chas,15,POINT (-149.0099774274332 -46.45099413471525)
2617,Contenedor Verde,Contenedor Verde,Papel / Cartón / Plástico / Metal / Vidrio,,,"Victorica, Benjamin, General, Av. 2476",Parque Chas,15,POINT (-149.00410379048137 -46.448433004232676)
2618,Contenedor Verde,Contenedor Verde,Papel / Cartón / Plástico / Metal / Vidrio,,,"Victorica, Benjamin, General, Av. 2642",Parque Chas,15,POINT (-149.0058802582719 -46.44839558249513)
2619,Contenedor Verde,Contenedor Verde,Papel / Cartón / Plástico / Metal / Vidrio,,,"Victorica, Benjamin, General, Av. 2738",Parque Chas,15,POINT (-149.0074588717637 -46.448355405265445)
2620,Contenedor Verde,Contenedor Verde,Papel / Cartón / Plástico / Metal / Vidrio,,,"Victorica, Benjamin, General, Av. 3089",Parque Chas,15,POINT (-149.0119316377189 -46.44774566778749)
2621,Contenedor Verde,Contenedor Verde,Papel / Cartón / Plástico / Metal / Vidrio,,,Cachi 195,Parque Patricios,4,POINT (-149.07090122543616 -46.48911890723015)
2622,Contenedor Verde,Contenedor Verde,Papel / Cartón / Plástico / Metal / Vidrio,,,Alberti 1826,Parque Patricios,4,POINT (-149.05595981776764 -46.49724900535914)
2623,Contenedor Verde,Contenedor Verde,Papel / Cartón / Plástico / Metal / Vidrio,,,Alberti 2036,Parque Patricios,4,POINT (-149.05836707474495 -46.49781394830313)
2624,Contenedor Verde,Contenedor Verde,Papel / Cartón / Plástico / Metal / Vidrio,,,Almafuerte Av. 32,Parque Patricios,4,POINT (-149.0637869845179 -46.489888456543305)
2625,Contenedor Verde,Contenedor Verde,Papel / Cartón / Plástico / Metal / Vidrio,,,Atuel 441,Parque Patricios,4,POINT (-149.0681756899371 -46.492410389446306)
2626,Contenedor Verde,Contenedor Verde,Papel / Cartón / Plástico / Metal / Vidrio,,,Atuel 643,Parque Patricios,4,POINT (-149.0705161863736 -46.492710477415756)
2627,Contenedor Verde,Contenedor Verde,Papel / Cartón / Plástico / Metal / Vidrio,,,Brasil 2755,Parque Patricios,4,POINT (-149.05697712214456 -46.4950425011632)
2628,Contenedor Verde,Contenedor Verde,Papel / Cartón / Plástico / Metal / Vidrio,,,Caseros Av. 2178,Parque Patricios,4,POINT (-149.05941132573136 -46.50075694287397)
2629,Contenedor Verde,Contenedor Verde,Papel / Cartón / Plástico / Metal / Vidrio,,,Caseros Av. 2560,Parque Patricios,4,POINT (-149.06057436948396 -46.4977858509609)
2630,Contenedor Verde,Contenedor Verde,Papel / Cartón / Plástico / Metal / Vidrio,,,Caseros Av. 2948,Parque Patricios,4,POINT (-149.0618799869092 -46.49408575481734)
2631,Contenedor Verde,Contenedor Verde,Papel / Cartón / Plástico / Metal / Vidrio,,,Caseros Av. 3064,Parque Patricios,4,POINT (-149.06249486040957 -46.49229837005685)
2632,Contenedor Verde,Contenedor Verde,Papel / Cartón / Plástico / Metal / Vidrio,,,Caseros Av. 3240,Parque Patricios,4,POINT (-149.06295965292074 -46.49066432431353)
2633,Contenedor Verde,Contenedor Verde,Papel / Cartón / Plástico / Metal / Vidrio,,,"Castillo, Catulo 2352",Parque Patricios,4,POINT (-149.05625654475242 -46.49863121225052)
2634,Contenedor Verde,Contenedor Verde,Papel / Cartón / Plástico / Metal / Vidrio,,,"Castillo, Catulo 3066",Parque Patricios,4,POINT (-149.0598776537408 -46.49246079349038)
2635,Contenedor Verde,Contenedor Verde,Papel / Cartón / Plástico / Metal / Vidrio,,,"Chutro, Pedro, Prof., Dr. 2691",Parque Patricios,4,POINT (-149.0661028572465 -46.497989537715725)
2636,Contenedor Verde,Contenedor Verde,Papel / Cartón / Plástico / Metal / Vidrio,,,"Chutro, Pedro, Prof., Dr. 3061",Parque Patricios,4,POINT (-149.06737095104575 -46.493373246424824)
2637,Contenedor Verde,Contenedor Verde,Papel / Cartón / Plástico / Metal / Vidrio,,,Colonia Av. 279,Parque Patricios,4,POINT (-149.0640203870669 -46.498121107239626)
2638,Contenedor Verde,Contenedor Verde,Papel / Cartón / Plástico / Metal / Vidrio,,,"Cortejarena, Jose A. 2945",Parque Patricios,4,POINT (-149.0683433208339 -46.4948983207338)
2639,Contenedor Verde,Contenedor Verde,Papel / Cartón / Plástico / Metal / Vidrio,,,Dean Funes 1887,Parque Patricios,4,POINT (-149.0575721137615 -46.493876220306895)
2640,Contenedor Verde,Contenedor Verde,Papel / Cartón / Plástico / Metal / Vidrio,,,Dean Funes 2035,Parque Patricios,4,POINT (-149.05964896745107 -46.49413936597427)
2641,Contenedor Verde,Contenedor Verde,Papel / Cartón / Plástico / Metal / Vidrio,,,Elia 546,Parque Patricios,4,POINT (-149.0696619526729 -46.49178917587548)
2642,Contenedor Verde,Contenedor Verde,Papel / Cartón / Plástico / Metal / Vidrio,,,Elia 710,Parque Patricios,4,POINT (-149.0715598958228 -46.4920693446219)
2643,Contenedor Verde,Contenedor Verde,Papel / Cartón / Plástico / Metal / Vidrio,,,"Garcia, Manuel 410",Parque Patricios,4,POINT (-149.06572783622764 -46.49952350961347)
2644,Contenedor Verde,Contenedor Verde,Papel / Cartón / Plástico / Metal / Vidrio,,,Garro 3040,Parque Patricios,4,POINT (-149.0576638832712 -46.492433951269675)
2645,Contenedor Verde,Contenedor Verde,Papel / Cartón / Plástico / Metal / Vidrio,,,Garro 3170,Parque Patricios,4,POINT (-149.05820668914043 -46.491371552957396)
2646,Contenedor Verde,Contenedor Verde,Papel / Cartón / Plástico / Metal / Vidrio,,,Grito De Asencio 3176,Parque Patricios,4,POINT (-149.0722671061246 -46.4931910783218)
2647,Contenedor Verde,Contenedor Verde,Papel / Cartón / Plástico / Metal / Vidrio,,,Grito De Asencio 3446,Parque Patricios,4,POINT (-149.07296169739448 -46.4910542049762)
2648,Contenedor Verde,Contenedor Verde,Papel / Cartón / Plástico / Metal / Vidrio,,,Grito De Asencio 3626,Parque Patricios,4,POINT (-149.07353163027682 -46.48930419634103)
2649,Contenedor Verde,Contenedor Verde,Papel / Cartón / Plástico / Metal / Vidrio,,,Inclan 2440,Parque Patricios,4,POINT (-149.0540842316587 -46.4973717375827)
2650,Contenedor Verde,Contenedor Verde,Papel / Cartón / Plástico / Metal / Vidrio,,,Inclan 2629,Parque Patricios,4,POINT (-149.05451226216908 -46.49582463859735)
2651,Contenedor Verde,Contenedor Verde,Papel / Cartón / Plástico / Metal / Vidrio,,,Inclan 2871,Parque Patricios,4,POINT (-149.05490634571922 -46.49392008832203)
2652,Contenedor Verde,Contenedor Verde,Papel / Cartón / Plástico / Metal / Vidrio,,,Inclan 3210,Parque Patricios,4,POINT (-149.05606151078004 -46.490681066650005)
2653,Contenedor Verde,Contenedor Verde,Papel / Cartón / Plástico / Metal / Vidrio,,,Jujuy Av. 1929,Parque Patricios,4,POINT (-149.05771183559463 -46.496625536611624)
2654,Contenedor Verde,Contenedor Verde,Papel / Cartón / Plástico / Metal / Vidrio,,,Jujuy Av. 2033,Parque Patricios,4,POINT (-149.05877651550674 -46.49688807135961)
2655,Contenedor Verde,Contenedor Verde,Papel / Cartón / Plástico / Metal / Vidrio,,,La Rioja 1616,Parque Patricios,4,POINT (-149.0541211126569 -46.49275222022634)
2656,Contenedor Verde,Contenedor Verde,Papel / Cartón / Plástico / Metal / Vidrio,,,Lavarden 298,Parque Patricios,4,POINT (-149.06489136946993 -46.496005044487916)
2657,Contenedor Verde,Contenedor Verde,Papel / Cartón / Plástico / Metal / Vidrio,,,Los Patos 2460,Parque Patricios,4,POINT (-149.06383201356508 -46.49939744587126)
2658,Contenedor Verde,Contenedor Verde,Papel / Cartón / Plástico / Metal / Vidrio,,,Los Patos 3256,Parque Patricios,4,POINT (-149.06683256974637 -46.49175189790695)
2659,Contenedor Verde,Contenedor Verde,Papel / Cartón / Plástico / Metal / Vidrio,,,"Luca, Esteban De 2282",Parque Patricios,4,POINT (-149.0609228013192 -46.49542313567413)
2660,Contenedor Verde,Contenedor Verde,Papel / Cartón / Plástico / Metal / Vidrio,,,Patagones 2690,Parque Patricios,4,POINT (-149.062125525113 -46.49681537296006)
2661,Contenedor Verde,Contenedor Verde,Papel / Cartón / Plástico / Metal / Vidrio,,,Patagones 2828,Parque Patricios,4,POINT (-149.0626638183332 -46.495370329288754)
2662,Contenedor Verde,Contenedor Verde,Papel / Cartón / Plástico / Metal / Vidrio,,,Pepiri 255,Parque Patricios,4,POINT (-149.06585886155622 -46.49138529988826)
2663,Contenedor Verde,Contenedor Verde,Papel / Cartón / Plástico / Metal / Vidrio,,,Pichincha Av. 1711,Parque Patricios,4,POINT (-149.0538409403757 -46.49866683307348)
2664,Contenedor Verde,Contenedor Verde,Papel / Cartón / Plástico / Metal / Vidrio,,,Rondeau 2335,Parque Patricios,4,POINT (-149.05856322812843 -46.499326912684495)
2665,Contenedor Verde,Contenedor Verde,Papel / Cartón / Plástico / Metal / Vidrio,,,Rondeau 3175,Parque Patricios,4,POINT (-149.0614929028101 -46.4914598186747)
2666,Contenedor Verde,Contenedor Verde,Papel / Cartón / Plástico / Metal / Vidrio,,,Salcedo 2728,Parque Patricios,4,POINT (-149.05593856794718 -46.495114582775045)
2667,Contenedor Verde,Contenedor Verde,Papel / Cartón / Plástico / Metal / Vidrio,,,"Taborda, Diogenes 624",Parque Patricios,4,POINT (-149.07106017493467 -46.49029332203613)
2668,Contenedor Verde,Contenedor Verde,Papel / Cartón / Plástico / Metal / Vidrio,,,"Urquiza, Gral. 1705",Parque Patricios,4,POINT (-149.05570385096124 -46.49167767633965)
2669,Contenedor Verde,Contenedor Verde,Papel / Cartón / Plástico / Metal / Vidrio,,,"Urquiza, Gral. 1807",Parque Patricios,4,POINT (-149.057228603907 -46.491787857789106)
2670,Contenedor Verde,Contenedor Verde,Papel / Cartón / Plástico / Metal / Vidrio,,,Uspallata 2479,Parque Patricios,4,POINT (-149.06260754323898 -46.4989648919805)
2671,Contenedor Verde,Contenedor Verde,Papel / Cartón / Plástico / Metal / Vidrio,,,"Garay, Juan De Av. 2173",Parque Patricios,4,POINT (-149.05194903445806 -46.49952887219384)
2672,Contenedor Verde,Contenedor Verde,Papel / Cartón / Plástico / Metal / Vidrio,,,"Garay, Juan De Av. 2309",Parque Patricios,4,POINT (-149.0523801705218 -46.49827743151595)
2673,Contenedor Verde,Contenedor Verde,Papel / Cartón / Plástico / Metal / Vidrio,,,"Garay, Juan De Av. 2505",Parque Patricios,4,POINT (-149.05288368145966 -46.49652829754809)
2674,Contenedor Verde,Contenedor Verde,Papel / Cartón / Plástico / Metal / Vidrio,,,"Garay, Juan De Av. 2837",Parque Patricios,4,POINT (-149.05344261758816 -46.49411544172616)
2675,Contenedor Verde,Contenedor Verde,Papel / Cartón / Plástico / Metal / Vidrio,,,"Garay, Juan De Av. 3217",Parque Patricios,4,POINT (-149.05453579518323 -46.49049474376281)
2676,Contenedor Verde,Contenedor Verde,Papel / Cartón / Plástico / Metal / Vidrio,,,"Garay, Juan De Av. 3337",Parque Patricios,4,POINT (-149.05508417277932 -46.48931059427556)
2677,Contenedor Verde,Contenedor Verde,Papel / Cartón / Plástico / Metal / Vidrio,,,Liniers Virrey 2368,Parque Patricios,4,POINT (-149.0627663222005 -46.489740386928126)
2678,Contenedor Verde,Contenedor Verde,Papel / Cartón / Plástico / Metal / Vidrio,,,"Oro?o, Nicasio 2460",Paternal,15,POINT (-149.02257886755828 -46.46022838371268)
2679,Contenedor Verde,Contenedor Verde,Papel / Cartón / Plástico / Metal / Vidrio,,,"Oro?o, Nicasio 2272",Paternal,15,POINT (-149.02452618290425 -46.45990508713792)
2680,Contenedor Verde,Contenedor Verde,Papel / Cartón / Plástico / Metal / Vidrio,,,"Oro?o, Nicasio 2034",Paternal,15,POINT (-149.02758252587907 -46.45941370837965)
2681,Contenedor Verde,Contenedor Verde,Papel / Cartón / Plástico / Metal / Vidrio,,,14 De Julio 56,Paternal,15,POINT (-149.01528113087588 -46.454797672938675)
2682,Contenedor Verde,Contenedor Verde,Papel / Cartón / Plástico / Metal / Vidrio,,,"Alvarez, Donato, Tte. Gral. Av. 2530",Paternal,15,POINT (-149.01945760194184 -46.45503209120595)
2683,Contenedor Verde,Contenedor Verde,Papel / Cartón / Plástico / Metal / Vidrio,,,Avalos 399,Paternal,15,POINT (-149.01641707569894 -46.45534574140465)
2684,Contenedor Verde,Contenedor Verde,Papel / Cartón / Plástico / Metal / Vidrio,,,Avalos 787,Paternal,15,POINT (-149.01294804515874 -46.45333283359378)
2685,Contenedor Verde,Contenedor Verde,Papel / Cartón / Plástico / Metal / Vidrio,,,Biarritz 2061,Paternal,15,POINT (-149.02749563859348 -46.45148289525235)
2686,Contenedor Verde,Contenedor Verde,Papel / Cartón / Plástico / Metal / Vidrio,,,"Bielsa, Rafael, Dr. 180",Paternal,15,POINT (-149.01948033810368 -46.455982747697306)
2687,Contenedor Verde,Contenedor Verde,Papel / Cartón / Plástico / Metal / Vidrio,,,"Carranza, Adolfo P. 2026",Paternal,15,POINT (-149.0255682302872 -46.45122827383408)
2688,Contenedor Verde,Contenedor Verde,Papel / Cartón / Plástico / Metal / Vidrio,,,Del Campo Av. 1340,Paternal,15,POINT (-149.0139573735647 -46.455436759930805)
2689,Contenedor Verde,Contenedor Verde,Papel / Cartón / Plástico / Metal / Vidrio,,,Del Campo Av. 1670,Paternal,15,POINT (-149.0116242112474 -46.45367265492465)
2690,Contenedor Verde,Contenedor Verde,Papel / Cartón / Plástico / Metal / Vidrio,,,"Dickman, Adolfo, Dr. 1095",Paternal,15,POINT (-149.02242410678465 -46.45839695729685)
2691,Contenedor Verde,Contenedor Verde,Papel / Cartón / Plástico / Metal / Vidrio,,,"Dickman, Adolfo, Dr. 1247",Paternal,15,POINT (-149.02431942860363 -46.458088754222324)
2692,Contenedor Verde,Contenedor Verde,Papel / Cartón / Plástico / Metal / Vidrio,,,"Dickman, Adolfo, Dr. 1463",Paternal,15,POINT (-149.02684658953396 -46.457680018128144)
2693,Contenedor Verde,Contenedor Verde,Papel / Cartón / Plástico / Metal / Vidrio,,,Elcano 4760,Paternal,15,POINT (-149.01542048553497 -46.45607573522389)
2694,Contenedor Verde,Contenedor Verde,Papel / Cartón / Plástico / Metal / Vidrio,,,Elcano 5099,Paternal,15,POINT (-149.01775222074136 -46.45406502226563)
2695,Contenedor Verde,Contenedor Verde,Papel / Cartón / Plástico / Metal / Vidrio,,,Espinosa 2691,Paternal,15,POINT (-149.02489286469623 -46.45441093575862)
2696,Contenedor Verde,Contenedor Verde,Papel / Cartón / Plástico / Metal / Vidrio,,,Fragata Pres. Sarmiento 2021,Paternal,15,POINT (-149.0266669823299 -46.4605537064959)
2697,Contenedor Verde,Contenedor Verde,Papel / Cartón / Plástico / Metal / Vidrio,,,Fragata Pres. Sarmiento 2239,Paternal,15,POINT (-149.02415609462486 -46.460956447349034)
2698,Contenedor Verde,Contenedor Verde,Papel / Cartón / Plástico / Metal / Vidrio,,,Fragata Pres. Sarmiento 2461,Paternal,15,POINT (-149.0215600078609 -46.46134476354451)
2699,Contenedor Verde,Contenedor Verde,Papel / Cartón / Plástico / Metal / Vidrio,,,"Garcia, Juan Agustin 1166",Paternal,15,POINT (-149.0218677661303 -46.457612585324405)
2700,Contenedor Verde,Contenedor Verde,Papel / Cartón / Plástico / Metal / Vidrio,,,"Garcia, Juan Agustin 1462",Paternal,15,POINT (-149.0253000263026 -46.457057085062566)
2701,Contenedor Verde,Contenedor Verde,Papel / Cartón / Plástico / Metal / Vidrio,,,Linneo 2137,Paternal,15,POINT (-149.02882000796168 -46.45196368393829)
2702,Contenedor Verde,Contenedor Verde,Papel / Cartón / Plástico / Metal / Vidrio,,,Miguel Angel 1863,Paternal,15,POINT (-149.0267031272516 -46.453328860456025)
2703,Contenedor Verde,Contenedor Verde,Papel / Cartón / Plástico / Metal / Vidrio,,,Morlote 900,Paternal,15,POINT (-149.0131239176049 -46.452291499807735)
2704,Contenedor Verde,Contenedor Verde,Papel / Cartón / Plástico / Metal / Vidrio,,,Punta Arenas 1480,Paternal,15,POINT (-149.01915206073093 -46.45387150154225)
2705,Contenedor Verde,Contenedor Verde,Papel / Cartón / Plástico / Metal / Vidrio,,,Punta Arenas 1744,Paternal,15,POINT (-149.02500768774087 -46.45303151765338)
2706,Contenedor Verde,Contenedor Verde,Papel / Cartón / Plástico / Metal / Vidrio,,,Raulies 2018,Paternal,15,POINT (-149.02332087830808 -46.44981449512439)
2707,Contenedor Verde,Contenedor Verde,Papel / Cartón / Plástico / Metal / Vidrio,,,"Rousseau, Juan J. 2062",Paternal,15,POINT (-149.0257340785552 -46.450249897037175)
2708,Contenedor Verde,Contenedor Verde,Papel / Cartón / Plástico / Metal / Vidrio,,,"Segui, F. J., Alte. 2381",Paternal,15,POINT (-149.02325619837487 -46.45924153149673)
2709,Contenedor Verde,Contenedor Verde,Papel / Cartón / Plástico / Metal / Vidrio,,,"Segui, F. J., Alte. 2587",Paternal,15,POINT (-149.02092283758932 -46.45963564729818)
2710,Contenedor Verde,Contenedor Verde,Papel / Cartón / Plástico / Metal / Vidrio,,,Terrero 2555,Paternal,15,POINT (-149.0269156719345 -46.452435822107965)
2711,Contenedor Verde,Contenedor Verde,Papel / Cartón / Plástico / Metal / Vidrio,,,Trelles 2414,Paternal,15,POINT (-149.02520752325137 -46.456042784696656)
2712,Contenedor Verde,Contenedor Verde,Papel / Cartón / Plástico / Metal / Vidrio,,,Trelles 2528,Paternal,15,POINT (-149.02385947343842 -46.456251238841844)
2713,Contenedor Verde,Contenedor Verde,Papel / Cartón / Plástico / Metal / Vidrio,,,Trelles 2642,Paternal,15,POINT (-149.02260752071695 -46.456440679194735)
2714,Contenedor Verde,Contenedor Verde,Papel / Cartón / Plástico / Metal / Vidrio,,,Yerua 4907,Paternal,15,POINT (-149.01837324733248 -46.45638693471809)
2715,Contenedor Verde,Contenedor Verde,Papel / Cartón / Plástico / Metal / Vidrio,,,Alvarez Jonte	1573,Paternal,15,POINT (-149.02361003446543 -46.45521349138691)
2716,Contenedor Verde,Contenedor Verde,Papel / Cartón / Plástico / Metal / Vidrio,,,"Segui, F. J., Alte. 2125",Paternal,15,POINT (-149.02599518277273 -46.458808971172196)
2717,Contenedor Verde,Contenedor Verde,Papel / Cartón / Plástico / Metal / Vidrio,,,"Villaflor, Azucena|433|pr3232",Puerto Madero,1,POINT (-149.03498328798028 -46.51913188924501)
2718,Contenedor Verde,Contenedor Verde,Papel / Cartón / Plástico / Metal / Vidrio,,,"Moreau De Justo, Alicia Av.|1410|pr3170",Puerto Madero,1,POINT (-149.03763198784856 -46.51672389412905)
2719,Contenedor Verde,Contenedor Verde,Papel / Cartón / Plástico / Metal / Vidrio,,,"Moreau De Justo, Alicia Av.|964|pr397|",Puerto Madero,1,POINT (-149.03197857342096 -46.51640743241724)
2720,Contenedor Verde,Contenedor Verde,Papel / Cartón / Plástico / Metal / Vidrio,,,"Moreau De Justo, Alicia Av.|1194|pr447|",Puerto Madero,1,POINT (-149.0348248451166 -46.51659304893376)
2721,Contenedor Verde,Contenedor Verde,Papel / Cartón / Plástico / Metal / Vidrio,,,"Cossettini, Olga|332|pr4288|",Puerto Madero,1,POINT (-149.02381379061032 -46.517439171307934)
2722,Contenedor Verde,Contenedor Verde,Papel / Cartón / Plástico / Metal / Vidrio,,,"Cossettini, Olga|230|pr3281",Puerto Madero,1,POINT (-149.0228748944596 -46.51729199320559)
2723,Contenedor Verde,Contenedor Verde,Papel / Cartón / Plástico / Metal / Vidrio,,,"Lopez, Vicente 1943",Recoleta,2,POINT (-149.0119626687344 -46.500515523482946)
2724,Contenedor Verde,Contenedor Verde,Papel / Cartón / Plástico / Metal / Vidrio,,,Pe?a 3025,Recoleta,2,POINT (-149.00851351356027 -46.493027795765144)
2725,Contenedor Verde,Contenedor Verde,Papel / Cartón / Plástico / Metal / Vidrio,,,Pe?a 3161,Recoleta,2,POINT (-149.00746480757098 -46.491971309077016)
2726,Contenedor Verde,Contenedor Verde,Papel / Cartón / Plástico / Metal / Vidrio,,,Santa F? Av. 3125,Recoleta,2,POINT (-149.01234340755764 -46.49045007361916)
2727,Contenedor Verde,Contenedor Verde,Papel / Cartón / Plástico / Metal / Vidrio,,,"Agote, Luis Dr. 2510",Recoleta,2,POINT (-149.0067843398389 -46.49929751066943)
2728,Contenedor Verde,Contenedor Verde,Papel / Cartón / Plástico / Metal / Vidrio,,,Aguero 1324,Recoleta,2,POINT (-149.01705399662768 -46.49070886260565)
2729,Contenedor Verde,Contenedor Verde,Papel / Cartón / Plástico / Metal / Vidrio,,,Aguero 1498,Recoleta,2,POINT (-149.01532236325028 -46.49121106407053)
2730,Contenedor Verde,Contenedor Verde,Papel / Cartón / Plástico / Metal / Vidrio,,,Aguero 1650,Recoleta,2,POINT (-149.01387516503766 -46.49201196038777)
2731,Contenedor Verde,Contenedor Verde,Papel / Cartón / Plástico / Metal / Vidrio,,,"Alvear, Marcelo T. De 1647",Recoleta,2,POINT (-149.01982188746814 -46.501671879198724)
2732,Contenedor Verde,Contenedor Verde,Papel / Cartón / Plástico / Metal / Vidrio,,,"Alvear, Marcelo T. De 1929",Recoleta,2,POINT (-149.0199810662862 -46.499082315391576)
2733,Contenedor Verde,Contenedor Verde,Papel / Cartón / Plástico / Metal / Vidrio,,,"Alvear, Marcelo T. De 2273",Recoleta,2,POINT (-149.01961653614012 -46.496143914286684)
2734,Contenedor Verde,Contenedor Verde,Papel / Cartón / Plástico / Metal / Vidrio,,,"Alvear, Marcelo T. De 2391",Recoleta,2,POINT (-149.01918287260006 -46.49520159642751)
2735,Contenedor Verde,Contenedor Verde,Papel / Cartón / Plástico / Metal / Vidrio,,,"Anchorena, Tomas Manuel De, Dr. 1511",Recoleta,2,POINT (-149.01510820117815 -46.493603969036435)
2736,Contenedor Verde,Contenedor Verde,Papel / Cartón / Plástico / Metal / Vidrio,,,"Anchorena, Tomas Manuel De, Dr. 1802",Recoleta,2,POINT (-149.01227641097415 -46.49546290495232)
2737,Contenedor Verde,Contenedor Verde,Papel / Cartón / Plástico / Metal / Vidrio,,,Arenales 1510,Recoleta,2,POINT (-149.017217233521 -46.50275734653914)
2738,Contenedor Verde,Contenedor Verde,Papel / Cartón / Plástico / Metal / Vidrio,,,Arenales 1677,Recoleta,2,POINT (-149.01747793159237 -46.501084800544874)
2739,Contenedor Verde,Contenedor Verde,Papel / Cartón / Plástico / Metal / Vidrio,,,Arenales 2020,Recoleta,2,POINT (-149.01724348772248 -46.49830126272383)
2740,Contenedor Verde,Contenedor Verde,Papel / Cartón / Plástico / Metal / Vidrio,,,Arenales 2578,Recoleta,2,POINT (-149.01575558222387 -46.49437402057925)
2741,Contenedor Verde,Contenedor Verde,Papel / Cartón / Plástico / Metal / Vidrio,,,Arenales 3080,Recoleta,2,POINT (-149.01219640786567 -46.49123693159569)
2742,Contenedor Verde,Contenedor Verde,Papel / Cartón / Plástico / Metal / Vidrio,,,Austria 1799,Recoleta,2,POINT (-149.01293337123857 -46.49172828901192)
2743,Contenedor Verde,Contenedor Verde,Papel / Cartón / Plástico / Metal / Vidrio,,,Austria 1867,Recoleta,2,POINT (-149.01249651636746 -46.4920539958092)
2744,Contenedor Verde,Contenedor Verde,Papel / Cartón / Plástico / Metal / Vidrio,,,Austria 1935,Recoleta,2,POINT (-149.0119296633217 -46.492477695987866)
2745,Contenedor Verde,Contenedor Verde,Papel / Cartón / Plástico / Metal / Vidrio,,,Austria 2047,Recoleta,2,POINT (-149.01097917938142 -46.49318997342165)
2746,Contenedor Verde,Contenedor Verde,Papel / Cartón / Plástico / Metal / Vidrio,,,Austria 2287,Recoleta,2,POINT (-149.0090152638699 -46.49465868308892)
2747,Contenedor Verde,Contenedor Verde,Papel / Cartón / Plástico / Metal / Vidrio,,,Austria 2530,Recoleta,2,POINT (-149.0070043524967 -46.49606044150542)
2748,Contenedor Verde,Contenedor Verde,Papel / Cartón / Plástico / Metal / Vidrio,,,Austria 2660,Recoleta,2,POINT (-149.00581353649827 -46.49693197404204)
2749,Contenedor Verde,Contenedor Verde,Papel / Cartón / Plástico / Metal / Vidrio,,,Ayacucho 1199,Recoleta,2,POINT (-149.0173433418372 -46.49852039891983)
2750,Contenedor Verde,Contenedor Verde,Papel / Cartón / Plástico / Metal / Vidrio,,,Ayacucho 1221,Recoleta,2,POINT (-149.0169452484314 -46.498554252827425)
2751,Contenedor Verde,Contenedor Verde,Papel / Cartón / Plástico / Metal / Vidrio,,,Ayacucho 1403,Recoleta,2,POINT (-149.0151938459673 -46.499084729356404)
2752,Contenedor Verde,Contenedor Verde,Papel / Cartón / Plástico / Metal / Vidrio,,,Ayacucho 1561,Recoleta,2,POINT (-149.0137202865562 -46.500015366363975)
2753,Contenedor Verde,Contenedor Verde,Papel / Cartón / Plástico / Metal / Vidrio,,,Ayacucho 2076,Recoleta,2,POINT (-149.00911649718464 -46.50273430360261)
2754,Contenedor Verde,Contenedor Verde,Papel / Cartón / Plástico / Metal / Vidrio,,,Ayacucho 2180,Recoleta,2,POINT (-149.0082454623445 -46.50321405829011)
2755,Contenedor Verde,Contenedor Verde,Papel / Cartón / Plástico / Metal / Vidrio,,,Ayacucho 879,Recoleta,2,POINT (-149.02199497020916 -46.498623639668054)
2756,Contenedor Verde,Contenedor Verde,Papel / Cartón / Plástico / Metal / Vidrio,,,Azcuenaga 1068,Recoleta,2,POINT (-149.0185464361499 -46.49608291820221)
2757,Contenedor Verde,Contenedor Verde,Papel / Cartón / Plástico / Metal / Vidrio,,,Azcuenaga 1150,Recoleta,2,POINT (-149.01727026282404 -46.49620316783126)
2758,Contenedor Verde,Contenedor Verde,Papel / Cartón / Plástico / Metal / Vidrio,,,Azcuenaga 1254,Recoleta,2,POINT (-149.01642084237542 -46.496389703552595)
2759,Contenedor Verde,Contenedor Verde,Papel / Cartón / Plástico / Metal / Vidrio,,,Azcuenaga 1752,Recoleta,2,POINT (-149.01135820228967 -46.498175125324614)
2760,Contenedor Verde,Contenedor Verde,Papel / Cartón / Plástico / Metal / Vidrio,,,Azcuenaga 1992,Recoleta,2,POINT (-149.0091266593042 -46.499171454519455)
2761,Contenedor Verde,Contenedor Verde,Papel / Cartón / Plástico / Metal / Vidrio,,,Azcuenaga 838,Recoleta,2,POINT (-149.0219565281819 -46.49551345953153)
2762,Contenedor Verde,Contenedor Verde,Papel / Cartón / Plástico / Metal / Vidrio,,,Beruti 2765,Recoleta,2,POINT (-149.01390999301188 -46.49364809431793)
2763,Contenedor Verde,Contenedor Verde,Papel / Cartón / Plástico / Metal / Vidrio,,,Beruti 3097,Recoleta,2,POINT (-149.01146236367893 -46.491569732325985)
2764,Contenedor Verde,Contenedor Verde,Papel / Cartón / Plástico / Metal / Vidrio,,,Billinghurst 1519,Recoleta,2,POINT (-149.01565063734117 -46.48882413683023)
2765,Contenedor Verde,Contenedor Verde,Papel / Cartón / Plástico / Metal / Vidrio,,,Billinghurst 1739,Recoleta,2,POINT (-149.0130273761658 -46.48993407954841)
2766,Contenedor Verde,Contenedor Verde,Papel / Cartón / Plástico / Metal / Vidrio,,,"Bravo, Mario 1345",Recoleta,2,POINT (-149.01741497941268 -46.487352475368965)
2767,Contenedor Verde,Contenedor Verde,Papel / Cartón / Plástico / Metal / Vidrio,,,"Cabrera, Jose A. 2940",Recoleta,2,POINT (-149.0200245093141 -46.49119935349502)
2768,Contenedor Verde,Contenedor Verde,Papel / Cartón / Plástico / Metal / Vidrio,,,"Cabrera, Jose A. 3180",Recoleta,2,POINT (-149.02000433976804 -46.48926208888982)
2769,Contenedor Verde,Contenedor Verde,Papel / Cartón / Plástico / Metal / Vidrio,,,"Cabrera, Jose A. 3310",Recoleta,2,POINT (-149.01995637789193 -46.48817606958228)
2770,Contenedor Verde,Contenedor Verde,Papel / Cartón / Plástico / Metal / Vidrio,,,"Cabrera, Jose A. 3536",Recoleta,2,POINT (-149.01987890218078 -46.4864305881122)
2771,Contenedor Verde,Contenedor Verde,Papel / Cartón / Plástico / Metal / Vidrio,,,Callao Av. 1025,Recoleta,2,POINT (-149.01968342441364 -46.500201454322784)
2772,Contenedor Verde,Contenedor Verde,Papel / Cartón / Plástico / Metal / Vidrio,,,Callao Av. 1193,Recoleta,2,POINT (-149.0175552716635 -46.500171151807926)
2773,Contenedor Verde,Contenedor Verde,Papel / Cartón / Plástico / Metal / Vidrio,,,Callao Av. 1265,Recoleta,2,POINT (-149.01686738472551 -46.50020736054027)
2774,Contenedor Verde,Contenedor Verde,Papel / Cartón / Plástico / Metal / Vidrio,,,Callao Av. 1431,Recoleta,2,POINT (-149.01488581259485 -46.50051301564874)
2775,Contenedor Verde,Contenedor Verde,Papel / Cartón / Plástico / Metal / Vidrio,,,Callao Av. 1585,Recoleta,2,POINT (-149.01346046259934 -46.50135717442378)
2776,Contenedor Verde,Contenedor Verde,Papel / Cartón / Plástico / Metal / Vidrio,,,Callao Av. 1665,Recoleta,2,POINT (-149.01284158361233 -46.50173112517732)
2777,Contenedor Verde,Contenedor Verde,Papel / Cartón / Plástico / Metal / Vidrio,,,Callao Av. 1821,Recoleta,2,POINT (-149.01119009469863 -46.50273098348863)
2778,Contenedor Verde,Contenedor Verde,Papel / Cartón / Plástico / Metal / Vidrio,,,Callao Av. 1971,Recoleta,2,POINT (-149.00999102436248 -46.5035011049548)
2779,Contenedor Verde,Contenedor Verde,Papel / Cartón / Plástico / Metal / Vidrio,,,Callao Av. 2021,Recoleta,2,POINT (-149.00947037392888 -46.50386572723861)
2780,Contenedor Verde,Contenedor Verde,Papel / Cartón / Plástico / Metal / Vidrio,,,Callao Av. 937,Recoleta,2,POINT (-149.02048366446724 -46.50026759109729)
2781,Contenedor Verde,Contenedor Verde,Papel / Cartón / Plástico / Metal / Vidrio,,,Charcas 2779,Recoleta,2,POINT (-149.0171422102736 -46.49255893276884)
2782,Contenedor Verde,Contenedor Verde,Papel / Cartón / Plástico / Metal / Vidrio,,,Charcas 2953,Recoleta,2,POINT (-149.01609162080848 -46.491319273595806)
2783,Contenedor Verde,Contenedor Verde,Papel / Cartón / Plástico / Metal / Vidrio,,,Charcas 3127,Recoleta,2,POINT (-149.0155319957632 -46.490086749029174)
2784,Contenedor Verde,Contenedor Verde,Papel / Cartón / Plástico / Metal / Vidrio,,,Charcas 3275,Recoleta,2,POINT (-149.0147492143815 -46.48879029264923)
2785,Contenedor Verde,Contenedor Verde,Papel / Cartón / Plástico / Metal / Vidrio,,,"Diaz, Cnel. Av. 1492",Recoleta,2,POINT (-149.01611456099712 -46.48778569238171)
2786,Contenedor Verde,Contenedor Verde,Papel / Cartón / Plástico / Metal / Vidrio,,,"Diaz, Cnel. Av. 1668",Recoleta,2,POINT (-149.01470380622953 -46.48843571272531)
2787,Contenedor Verde,Contenedor Verde,Papel / Cartón / Plástico / Metal / Vidrio,,,"Diaz, Cnel. Av. 1702",Recoleta,2,POINT (-149.01436333404237 -46.48860124176426)
2788,Contenedor Verde,Contenedor Verde,Papel / Cartón / Plástico / Metal / Vidrio,,,"Diaz, Cnel. Av. 2080",Recoleta,2,POINT (-149.0107808503393 -46.49017741738807)
2789,Contenedor Verde,Contenedor Verde,Papel / Cartón / Plástico / Metal / Vidrio,,,"Diaz, Cnel. Av. 2286",Recoleta,2,POINT (-149.0081511216299 -46.4911896027126)
2790,Contenedor Verde,Contenedor Verde,Papel / Cartón / Plástico / Metal / Vidrio,,,Ecuador 1288,Recoleta,2,POINT (-149.01816632362656 -46.49349346958067)
2791,Contenedor Verde,Contenedor Verde,Papel / Cartón / Plástico / Metal / Vidrio,,,Ecuador 1550,Recoleta,2,POINT (-149.01519183355506 -46.49422503563587)
2792,Contenedor Verde,Contenedor Verde,Papel / Cartón / Plástico / Metal / Vidrio,,,"Estrada, Juez 2718",Recoleta,2,POINT (-149.0021754223527 -46.496939133910836)
2793,Contenedor Verde,Contenedor Verde,Papel / Cartón / Plástico / Metal / Vidrio,,,French 2404,Recoleta,2,POINT (-149.01334102462206 -46.496346743165645)
2794,Contenedor Verde,Contenedor Verde,Papel / Cartón / Plástico / Metal / Vidrio,,,French 2850,Recoleta,2,POINT (-149.0108224399424 -46.49376178418371)
2795,Contenedor Verde,Contenedor Verde,Papel / Cartón / Plástico / Metal / Vidrio,,,French 3006,Recoleta,2,POINT (-149.0095759629326 -46.49250863213391)
2796,Contenedor Verde,Contenedor Verde,Papel / Cartón / Plástico / Metal / Vidrio,,,Gallo 1257,Recoleta,2,POINT (-149.01861852870692 -46.489335385577185)
2797,Contenedor Verde,Contenedor Verde,Papel / Cartón / Plástico / Metal / Vidrio,,,Gallo 1375,Recoleta,2,POINT (-149.01720101590215 -46.4897584080107)
2798,Contenedor Verde,Contenedor Verde,Papel / Cartón / Plástico / Metal / Vidrio,,,Gallo 1661,Recoleta,2,POINT (-149.01394625466583 -46.49097016077943)
2799,Contenedor Verde,Contenedor Verde,Papel / Cartón / Plástico / Metal / Vidrio,,,Gorriti 3552,Recoleta,2,POINT (-149.0187085697342 -46.48737574728014)
2800,Contenedor Verde,Contenedor Verde,Papel / Cartón / Plástico / Metal / Vidrio,,,"Gutierrez, Juan Maria 2525",Recoleta,2,POINT (-149.0100059065249 -46.49693574217754)
2801,Contenedor Verde,Contenedor Verde,Papel / Cartón / Plástico / Metal / Vidrio,,,"Jaures, Jean 1182",Recoleta,2,POINT (-149.01891293446658 -46.49224280908261)
2802,Contenedor Verde,Contenedor Verde,Papel / Cartón / Plástico / Metal / Vidrio,,,Juncal 2294,Recoleta,2,POINT (-149.01469656102006 -46.49611532931671)
2803,Contenedor Verde,Contenedor Verde,Papel / Cartón / Plástico / Metal / Vidrio,,,Juncal 3034,Recoleta,2,POINT (-149.00960590529846 -46.49130551280116)
2804,Contenedor Verde,Contenedor Verde,Papel / Cartón / Plástico / Metal / Vidrio,,,Junin 1246,Recoleta,2,POINT (-149.01646495679483 -46.497779496745316)
2805,Contenedor Verde,Contenedor Verde,Papel / Cartón / Plástico / Metal / Vidrio,,,Junin 1442,Recoleta,2,POINT (-149.0139085724445 -46.498605344396864)
2806,Contenedor Verde,Contenedor Verde,Papel / Cartón / Plástico / Metal / Vidrio,,,Laprida 1132,Recoleta,2,POINT (-149.01864250266232 -46.49108179447318)
2807,Contenedor Verde,Contenedor Verde,Papel / Cartón / Plástico / Metal / Vidrio,,,Laprida 1470,Recoleta,2,POINT (-149.0146213084841 -46.49278015549292)
2808,Contenedor Verde,Contenedor Verde,Papel / Cartón / Plástico / Metal / Vidrio,,,Laprida 1835,Recoleta,2,POINT (-149.01146526949552 -46.49507696617971)
2809,Contenedor Verde,Contenedor Verde,Papel / Cartón / Plástico / Metal / Vidrio,,,Larrea 1231,Recoleta,2,POINT (-149.015928625482 -46.49574327666852)
2810,Contenedor Verde,Contenedor Verde,Papel / Cartón / Plástico / Metal / Vidrio,,,Las Heras General Av. 2147,Recoleta,2,POINT (-149.01122548054448 -46.49875753361935)
2811,Contenedor Verde,Contenedor Verde,Papel / Cartón / Plástico / Metal / Vidrio,,,Las Heras General Av. 2214,Recoleta,2,POINT (-149.0107300411836 -46.498214974148325)
2812,Contenedor Verde,Contenedor Verde,Papel / Cartón / Plástico / Metal / Vidrio,,,Las Heras General Av. 2269,Recoleta,2,POINT (-149.010148678107 -46.49795885617402)
2813,Contenedor Verde,Contenedor Verde,Papel / Cartón / Plástico / Metal / Vidrio,,,Las Heras Gral. Av. 2071,Recoleta,2,POINT (-149.01179984993934 -46.499183662596735)
2814,Contenedor Verde,Contenedor Verde,Papel / Cartón / Plástico / Metal / Vidrio,,,"Mansilla, Lucio Norberto, General 2596",Recoleta,2,POINT (-149.01897128067685 -46.49335087580845)
2815,Contenedor Verde,Contenedor Verde,Papel / Cartón / Plástico / Metal / Vidrio,,,Montevideo 1322,Recoleta,2,POINT (-149.01641226131 -46.50195590346923)
2816,Contenedor Verde,Contenedor Verde,Papel / Cartón / Plástico / Metal / Vidrio,,,"Pacheco De Melo, Jose Andres 2250",Recoleta,2,POINT (-149.01168502118296 -46.49779927562981)
2817,Contenedor Verde,Contenedor Verde,Papel / Cartón / Plástico / Metal / Vidrio,,,"Pacheco De Melo, Jose Andres 2552",Recoleta,2,POINT (-149.00969341897306 -46.49557201823851)
2818,Contenedor Verde,Contenedor Verde,Papel / Cartón / Plástico / Metal / Vidrio,,,"Pacheco De Melo, Jose Andres 2832",Recoleta,2,POINT (-149.0081506089055 -46.494039198553324)
2819,Contenedor Verde,Contenedor Verde,Papel / Cartón / Plástico / Metal / Vidrio,,,Paraguay 1630,Recoleta,2,POINT (-149.02129720656976 -46.50178077878942)
2820,Contenedor Verde,Contenedor Verde,Papel / Cartón / Plástico / Metal / Vidrio,,,Paraguay 1838,Recoleta,2,POINT (-149.02167438296956 -46.49985789217483)
2821,Contenedor Verde,Contenedor Verde,Papel / Cartón / Plástico / Metal / Vidrio,,,Paraguay 1990,Recoleta,2,POINT (-149.02153910557732 -46.49865482226859)
2822,Contenedor Verde,Contenedor Verde,Papel / Cartón / Plástico / Metal / Vidrio,,,Paraguay 2150,Recoleta,2,POINT (-149.02130040119837 -46.49719573461571)
2823,Contenedor Verde,Contenedor Verde,Papel / Cartón / Plástico / Metal / Vidrio,,,Parana 1385,Recoleta,2,POINT (-149.01495592375977 -46.50270329427801)
2824,Contenedor Verde,Contenedor Verde,Papel / Cartón / Plástico / Metal / Vidrio,,,Parana 947,Recoleta,2,POINT (-149.02049354144174 -46.503166961731665)
2825,Contenedor Verde,Contenedor Verde,Papel / Cartón / Plástico / Metal / Vidrio,,,Posadas 1593,Recoleta,2,POINT (-149.00896410617852 -46.50301929001383)
2826,Contenedor Verde,Contenedor Verde,Papel / Cartón / Plástico / Metal / Vidrio,,,"Quintana, Manuel, Pres. Av. 415",Recoleta,2,POINT (-149.0110485022552 -46.502395472447446)
2827,Contenedor Verde,Contenedor Verde,Papel / Cartón / Plástico / Metal / Vidrio,,,Sanchez De Bustamante 1990,Recoleta,2,POINT (-149.0114753178195 -46.491388441057914)
2828,Contenedor Verde,Contenedor Verde,Papel / Cartón / Plástico / Metal / Vidrio,,,Tagle 2892,Recoleta,2,POINT (-149.00108074931734 -46.49751307549731)
2829,Contenedor Verde,Contenedor Verde,Papel / Cartón / Plástico / Metal / Vidrio,,,Talcahuano|1266|pr3273,Retiro,1,POINT (-149.01594790798822 -46.504381979641344)
2830,Contenedor Verde,Contenedor Verde,Papel / Cartón / Plástico / Metal / Vidrio,,,Reconquista|1053|pr2001|,Retiro,1,POINT (-149.0175983580095 -46.512116764745784)
2831,Contenedor Verde,Contenedor Verde,Papel / Cartón / Plástico / Metal / Vidrio,,,"Pellegrini, Carlos|1387|pr3253",Retiro,1,POINT (-149.01398021125596 -46.50707638231253)
2832,Contenedor Verde,Contenedor Verde,Papel / Cartón / Plástico / Metal / Vidrio,,,Suipacha|910|pr3618|,Retiro,1,POINT (-149.0200608568064 -46.508141920460176)
2833,Contenedor Verde,Contenedor Verde,Papel / Cartón / Plástico / Metal / Vidrio,,,"Pellegrini, Carlos|1157|pr3264",Retiro,1,POINT (-149.01711671904894 -46.50715465814522)
2834,Contenedor Verde,Contenedor Verde,Papel / Cartón / Plástico / Metal / Vidrio,,,Paraguay|780|pr21|,Retiro,1,POINT (-149.02010929982808 -46.50927994057295)
2835,Contenedor Verde,Contenedor Verde,Papel / Cartón / Plástico / Metal / Vidrio,,,Paraguay|310|pr3286,Retiro,1,POINT (-149.01953296612268 -46.512767791667386)
2836,Contenedor Verde,Contenedor Verde,Papel / Cartón / Plástico / Metal / Vidrio,,,Paraguay|418|pr4206|,Retiro,1,POINT (-149.019710690481 -46.51212390776737)
2837,Contenedor Verde,Contenedor Verde,Papel / Cartón / Plástico / Metal / Vidrio,,,Paraguay|1240|pr3106|,Retiro,1,POINT (-149.020737737847 -46.505240008486325)
2838,Contenedor Verde,Contenedor Verde,Papel / Cartón / Plástico / Metal / Vidrio,,,"Pellegrini, Carlos|955|pr3292",Retiro,1,POINT (-149.0196697074514 -46.5072715780318)
2839,Contenedor Verde,Contenedor Verde,Papel / Cartón / Plástico / Metal / Vidrio,,,Esmeralda|1397|pr3276,Retiro,1,POINT (-149.0133516336487 -46.509231207732945)
2840,Contenedor Verde,Contenedor Verde,Papel / Cartón / Plástico / Metal / Vidrio,,,Esmeralda|1087|pr3291,Retiro,1,POINT (-149.0176700900596 -46.50896803411825)
2841,Contenedor Verde,Contenedor Verde,Papel / Cartón / Plástico / Metal / Vidrio,,,Cerrito|1020|pr3103,Retiro,1,POINT (-149.01905865463908 -46.506418792213466)
2842,Contenedor Verde,Contenedor Verde,Papel / Cartón / Plástico / Metal / Vidrio,,,Alvear|1428|pr108|,Retiro,1,POINT (-149.01301874774674 -46.505279875658765)
2843,Contenedor Verde,Contenedor Verde,Papel / Cartón / Plástico / Metal / Vidrio,,,Arenales|1186|pr3102,Retiro,1,POINT (-149.01684521752603 -46.505503961517626)
2844,Contenedor Verde,Contenedor Verde,Papel / Cartón / Plástico / Metal / Vidrio,,,Arenales|960|pr3177,Retiro,1,POINT (-149.01648701491732 -46.507504377899224)
2845,Contenedor Verde,Contenedor Verde,Papel / Cartón / Plástico / Metal / Vidrio,,,"Alvear, Marcelo T. De|1379|pr3105",Retiro,1,POINT (-149.0195537492897 -46.50405105239247)
2846,Contenedor Verde,Contenedor Verde,Papel / Cartón / Plástico / Metal / Vidrio,,,Guido 1646,Retiro,1,POINT (-149.01365193534446 -46.50292880742565)
2847,Contenedor Verde,Contenedor Verde,Papel / Cartón / Plástico / Metal / Vidrio,,,Quintana 4463,Saavedra,12,POINT (-148.9676729340774 -46.44754310392932)
2848,Contenedor Verde,Contenedor Verde,Papel / Cartón / Plástico / Metal / Vidrio,,,Vedia 2589,Saavedra,12,POINT (-148.96229846763103 -46.44894322133984)
2849,Contenedor Verde,Contenedor Verde,Papel / Cartón / Plástico / Metal / Vidrio,,,20 De Febrero 5665,Saavedra,12,POINT (-148.98785320148897 -46.43534429572463)
2850,Contenedor Verde,Contenedor Verde,Papel / Cartón / Plástico / Metal / Vidrio,,,"Acha, Mariano, Gral. 3797",Saavedra,12,POINT (-148.9804714027253 -46.44188374346022)
2851,Contenedor Verde,Contenedor Verde,Papel / Cartón / Plástico / Metal / Vidrio,,,"Acha, Mariano, Gral. 4087",Saavedra,12,POINT (-148.97811498266088 -46.44089094700026)
2852,Contenedor Verde,Contenedor Verde,Papel / Cartón / Plástico / Metal / Vidrio,,,"Acha, Mariano, Gral. 4375",Saavedra,12,POINT (-148.97590028382973 -46.439960630345155)
2853,Contenedor Verde,Contenedor Verde,Papel / Cartón / Plástico / Metal / Vidrio,,,"Acha, Mariano, Gral. 4585",Saavedra,12,POINT (-148.9742035851149 -46.43924072427994)
2854,Contenedor Verde,Contenedor Verde,Papel / Cartón / Plástico / Metal / Vidrio,,,"Acha, Mariano, Gral. 4845",Saavedra,12,POINT (-148.97205807704458 -46.43832805827224)
2855,Contenedor Verde,Contenedor Verde,Papel / Cartón / Plástico / Metal / Vidrio,,,Aizpurua 3748,Saavedra,12,POINT (-148.98897812105642 -46.43236931587468)
2856,Contenedor Verde,Contenedor Verde,Papel / Cartón / Plástico / Metal / Vidrio,,,Andonaegui 3750,Saavedra,12,POINT (-148.98638211768724 -46.435357526996654)
2857,Contenedor Verde,Contenedor Verde,Papel / Cartón / Plástico / Metal / Vidrio,,,Andonaegui 3756,Saavedra,12,POINT (-148.9861834449374 -46.43526337308898)
2858,Contenedor Verde,Contenedor Verde,Papel / Cartón / Plástico / Metal / Vidrio,,,Argelia 2750,Saavedra,12,POINT (-148.96344113182064 -46.44804014507897)
2859,Contenedor Verde,Contenedor Verde,Papel / Cartón / Plástico / Metal / Vidrio,,,Arias 3821,Saavedra,12,POINT (-148.97024095229148 -46.443054460764124)
2860,Contenedor Verde,Contenedor Verde,Papel / Cartón / Plástico / Metal / Vidrio,,,Arias 4185,Saavedra,12,POINT (-148.97177153453802 -46.44142641709568)
2861,Contenedor Verde,Contenedor Verde,Papel / Cartón / Plástico / Metal / Vidrio,,,Ciudad De La Paz 3880,Saavedra,12,POINT (-148.96841256660244 -46.45266610760454)
2862,Contenedor Verde,Contenedor Verde,Papel / Cartón / Plástico / Metal / Vidrio,,,Conde 4212,Saavedra,12,POINT (-148.97094118862046 -46.44680525389121)
2863,Contenedor Verde,Contenedor Verde,Papel / Cartón / Plástico / Metal / Vidrio,,,Conde 4470,Saavedra,12,POINT (-148.96897215571443 -46.44590710037494)
2864,Contenedor Verde,Contenedor Verde,Papel / Cartón / Plástico / Metal / Vidrio,,,Conde 4620,Saavedra,12,POINT (-148.96768918713488 -46.44532079366052)
2865,Contenedor Verde,Contenedor Verde,Papel / Cartón / Plástico / Metal / Vidrio,,,Conesa 3979,Saavedra,12,POINT (-148.97111441214759 -46.44999455475751)
2866,Contenedor Verde,Contenedor Verde,Papel / Cartón / Plástico / Metal / Vidrio,,,Conesa 4351,Saavedra,12,POINT (-148.96787082513606 -46.44901745961021)
2867,Contenedor Verde,Contenedor Verde,Papel / Cartón / Plástico / Metal / Vidrio,,,Correa 2575,Saavedra,12,POINT (-148.96623897695014 -46.45072353167524)
2868,Contenedor Verde,Contenedor Verde,Papel / Cartón / Plástico / Metal / Vidrio,,,Correa 3750,Saavedra,12,POINT (-148.97190193300082 -46.44376628446624)
2869,Contenedor Verde,Contenedor Verde,Papel / Cartón / Plástico / Metal / Vidrio,,,Cramer 3775,Saavedra,12,POINT (-148.97197955755973 -46.45099677731547)
2870,Contenedor Verde,Contenedor Verde,Papel / Cartón / Plástico / Metal / Vidrio,,,Cramer 4061,Saavedra,12,POINT (-148.9691638297548 -46.450108876768105)
2871,Contenedor Verde,Contenedor Verde,Papel / Cartón / Plástico / Metal / Vidrio,,,Deheza 2810,Saavedra,12,POINT (-148.96464818824893 -46.44857338936304)
2872,Contenedor Verde,Contenedor Verde,Papel / Cartón / Plástico / Metal / Vidrio,,,Deheza 4261,Saavedra,12,POINT (-148.97142198856685 -46.44056892079186)
2873,Contenedor Verde,Contenedor Verde,Papel / Cartón / Plástico / Metal / Vidrio,,,Donado 3676,Saavedra,12,POINT (-148.98048774616913 -46.443347788057444)
2874,Contenedor Verde,Contenedor Verde,Papel / Cartón / Plástico / Metal / Vidrio,,,Estomba 3574,Saavedra,12,POINT (-148.97981172756894 -46.44615113296891)
2875,Contenedor Verde,Contenedor Verde,Papel / Cartón / Plástico / Metal / Vidrio,,,Estomba 3861,Saavedra,12,POINT (-148.97689330938906 -46.44486757875103)
2876,Contenedor Verde,Contenedor Verde,Papel / Cartón / Plástico / Metal / Vidrio,,,Estomba 4125,Saavedra,12,POINT (-148.9747931535022 -46.44389906356257)
2877,Contenedor Verde,Contenedor Verde,Papel / Cartón / Plástico / Metal / Vidrio,,,"Freire, Ramon, Cap. Gral. 3621",Saavedra,12,POINT (-148.97534490048324 -46.44968224998996)
2878,Contenedor Verde,Contenedor Verde,Papel / Cartón / Plástico / Metal / Vidrio,,,"Freire, Ramon, Cap. Gral. 4495",Saavedra,12,POINT (-148.9682486980858 -46.446423840922726)
2879,Contenedor Verde,Contenedor Verde,Papel / Cartón / Plástico / Metal / Vidrio,,,"Freire, Ramon, Cap. Gral. 4767",Saavedra,12,POINT (-148.96608404537244 -46.445431049747484)
2880,Contenedor Verde,Contenedor Verde,Papel / Cartón / Plástico / Metal / Vidrio,,,Galvan 3553,Saavedra,12,POINT (-148.98493679214963 -46.440684406985405)
2881,Contenedor Verde,Contenedor Verde,Papel / Cartón / Plástico / Metal / Vidrio,,,Garcia Del Rio 3866,Saavedra,12,POINT (-148.9758568585572 -46.44554377127678)
2882,Contenedor Verde,Contenedor Verde,Papel / Cartón / Plástico / Metal / Vidrio,,,Garcia Del Rio Av. 2441,Saavedra,12,POINT (-148.97029497678287 -46.45362665241402)
2883,Contenedor Verde,Contenedor Verde,Papel / Cartón / Plástico / Metal / Vidrio,,,Holmberg 3549,Saavedra,12,POINT (-148.98155379270236 -46.44463175997641)
2884,Contenedor Verde,Contenedor Verde,Papel / Cartón / Plástico / Metal / Vidrio,,,Holmberg 3831,Saavedra,12,POINT (-148.97862547386413 -46.44339575883902)
2885,Contenedor Verde,Contenedor Verde,Papel / Cartón / Plástico / Metal / Vidrio,,,Holmberg 4345,Saavedra,12,POINT (-148.97439890377814 -46.44162978810634)
2886,Contenedor Verde,Contenedor Verde,Papel / Cartón / Plástico / Metal / Vidrio,,,Jaramillo 2660,Saavedra,12,POINT (-148.971316159942 -46.452631849575404)
2887,Contenedor Verde,Contenedor Verde,Papel / Cartón / Plástico / Metal / Vidrio,,,Jaramillo 3076,Saavedra,12,POINT (-148.97339538281648 -46.450474213196856)
2888,Contenedor Verde,Contenedor Verde,Papel / Cartón / Plástico / Metal / Vidrio,,,Jaramillo 3446,Saavedra,12,POINT (-148.9753305755444 -46.44846951599127)
2889,Contenedor Verde,Contenedor Verde,Papel / Cartón / Plástico / Metal / Vidrio,,,Jaramillo 3670,Saavedra,12,POINT (-148.9763315689336 -46.44744243232691)
2890,Contenedor Verde,Contenedor Verde,Papel / Cartón / Plástico / Metal / Vidrio,,,Jaramillo 3976,Saavedra,12,POINT (-148.97809107710881 -46.44560635752926)
2891,Contenedor Verde,Contenedor Verde,Papel / Cartón / Plástico / Metal / Vidrio,,,"Larralde, Crisologo Av. 3557",Saavedra,12,POINT (-148.9769100683184 -46.448402085606894)
2892,Contenedor Verde,Contenedor Verde,Papel / Cartón / Plástico / Metal / Vidrio,,,"Larralde, Crisologo Av. 3731",Saavedra,12,POINT (-148.97794699288124 -46.44738319542018)
2893,Contenedor Verde,Contenedor Verde,Papel / Cartón / Plástico / Metal / Vidrio,,,Lugones 3550,Saavedra,12,POINT (-148.9835331658608 -46.442338104148924)
2894,Contenedor Verde,Contenedor Verde,Papel / Cartón / Plástico / Metal / Vidrio,,,Lugones 3894,Saavedra,12,POINT (-148.98028759492772 -46.440973791603376)
2895,Contenedor Verde,Contenedor Verde,Papel / Cartón / Plástico / Metal / Vidrio,,,Lugones 4132,Saavedra,12,POINT (-148.97820768850022 -46.44010143462489)
2896,Contenedor Verde,Contenedor Verde,Papel / Cartón / Plástico / Metal / Vidrio,,,Lugones 4470,Saavedra,12,POINT (-148.97569922959585 -46.43904405384983)
2897,Contenedor Verde,Contenedor Verde,Papel / Cartón / Plástico / Metal / Vidrio,,,Lugones 4784,Saavedra,12,POINT (-148.97313167697627 -46.43795113769174)
2898,Contenedor Verde,Contenedor Verde,Papel / Cartón / Plástico / Metal / Vidrio,,,Macedonio Fernandez 5894,Saavedra,12,POINT (-148.98868320289364 -46.43405258391382)
2899,Contenedor Verde,Contenedor Verde,Papel / Cartón / Plástico / Metal / Vidrio,,,Machain 3830,Saavedra,12,POINT (-148.9796579590273 -46.442229848948436)
2900,Contenedor Verde,Contenedor Verde,Papel / Cartón / Plástico / Metal / Vidrio,,,Machain 4006,Saavedra,12,POINT (-148.97818913820245 -46.441621416620514)
2901,Contenedor Verde,Contenedor Verde,Papel / Cartón / Plástico / Metal / Vidrio,,,Machain 4230,Saavedra,12,POINT (-148.9763422437442 -46.44084910371343)
2902,Contenedor Verde,Contenedor Verde,Papel / Cartón / Plástico / Metal / Vidrio,,,Machain 4460,Saavedra,12,POINT (-148.97470692301246 -46.440159602733516)
2903,Contenedor Verde,Contenedor Verde,Papel / Cartón / Plástico / Metal / Vidrio,,,Machain 4768,Saavedra,12,POINT (-148.97220648044717 -46.43909806779821)
2904,Contenedor Verde,Contenedor Verde,Papel / Cartón / Plástico / Metal / Vidrio,,,"Malharro, Martin A. 2519",Saavedra,12,POINT (-148.96313413555444 -46.450076984534526)
2905,Contenedor Verde,Contenedor Verde,Papel / Cartón / Plástico / Metal / Vidrio,,,Manzanares 3717,Saavedra,12,POINT (-148.97595575309833 -46.44654742665837)
2906,Contenedor Verde,Contenedor Verde,Papel / Cartón / Plástico / Metal / Vidrio,,,Miller 3717,Saavedra,12,POINT (-148.98196384004066 -46.440979742586244)
2907,Contenedor Verde,Contenedor Verde,Papel / Cartón / Plástico / Metal / Vidrio,,,Miller 4051,Saavedra,12,POINT (-148.97936100800018 -46.43988721857585)
2908,Contenedor Verde,Contenedor Verde,Papel / Cartón / Plástico / Metal / Vidrio,,,Miller 4325,Saavedra,12,POINT (-148.97722481916023 -46.43898397886282)
2909,Contenedor Verde,Contenedor Verde,Papel / Cartón / Plástico / Metal / Vidrio,,,Miller 4553,Saavedra,12,POINT (-148.97548221624646 -46.438244752021546)
2910,Contenedor Verde,Contenedor Verde,Papel / Cartón / Plástico / Metal / Vidrio,,,Miller 4865,Saavedra,12,POINT (-148.97297835968138 -46.43718158193)
2911,Contenedor Verde,Contenedor Verde,Papel / Cartón / Plástico / Metal / Vidrio,,,Moldes 3860,Saavedra,12,POINT (-148.9701825251639 -46.451761284836024)
2912,Contenedor Verde,Contenedor Verde,Papel / Cartón / Plástico / Metal / Vidrio,,,Moldes 4180,Saavedra,12,POINT (-148.96749601989583 -46.450948588294)
2913,Contenedor Verde,Contenedor Verde,Papel / Cartón / Plástico / Metal / Vidrio,,,Naon Romulo 4228,Saavedra,12,POINT (-148.97352070078716 -46.444036132364985)
2914,Contenedor Verde,Contenedor Verde,Papel / Cartón / Plástico / Metal / Vidrio,,,Paroissien 2861,Saavedra,12,POINT (-148.97033122886725 -46.450705684082926)
2915,Contenedor Verde,Contenedor Verde,Papel / Cartón / Plástico / Metal / Vidrio,,,Paroissien 3731,Saavedra,12,POINT (-148.97443886526997 -46.4457443913966)
2916,Contenedor Verde,Contenedor Verde,Papel / Cartón / Plástico / Metal / Vidrio,,,"Pellegrini, Carlos E. 6015",Saavedra,12,POINT (-148.98761849960337 -46.4329751885134)
2917,Contenedor Verde,Contenedor Verde,Papel / Cartón / Plástico / Metal / Vidrio,,,"Perez, Roque 4243",Saavedra,12,POINT (-148.97175900879603 -46.44567241312825)
2918,Contenedor Verde,Contenedor Verde,Papel / Cartón / Plástico / Metal / Vidrio,,,"Perez, Roque 4428",Saavedra,12,POINT (-148.97027418814966 -46.44493705979004)
2919,Contenedor Verde,Contenedor Verde,Papel / Cartón / Plástico / Metal / Vidrio,,,Pico 4172,Saavedra,12,POINT (-148.97017650029227 -46.44081350012151)
2920,Contenedor Verde,Contenedor Verde,Papel / Cartón / Plástico / Metal / Vidrio,,,Pinto 3747,Saavedra,12,POINT (-148.97354255788719 -46.44967023646695)
2921,Contenedor Verde,Contenedor Verde,Papel / Cartón / Plástico / Metal / Vidrio,,,Pinto 4146,Saavedra,12,POINT (-148.9704548745055 -46.44817169226733)
2922,Contenedor Verde,Contenedor Verde,Papel / Cartón / Plástico / Metal / Vidrio,,,Pinto 4371,Saavedra,12,POINT (-148.96873017522068 -46.44744361713397)
2923,Contenedor Verde,Contenedor Verde,Papel / Cartón / Plástico / Metal / Vidrio,,,Pinto 4569,Saavedra,12,POINT (-148.96718945686032 -46.446738091026354)
2924,Contenedor Verde,Contenedor Verde,Papel / Cartón / Plástico / Metal / Vidrio,,,Pinto 4835,Saavedra,12,POINT (-148.96493888994365 -46.4457044226623)
2925,Contenedor Verde,Contenedor Verde,Papel / Cartón / Plástico / Metal / Vidrio,,,Quintana 4675,Saavedra,12,POINT (-148.96593929419143 -46.447018133909275)
2926,Contenedor Verde,Contenedor Verde,Papel / Cartón / Plástico / Metal / Vidrio,,,Quintana 4840,Saavedra,12,POINT (-148.96450564977818 -46.44654409794661)
2927,Contenedor Verde,Contenedor Verde,Papel / Cartón / Plástico / Metal / Vidrio,,,Ramallo 4255,Saavedra,12,POINT (-148.97306418848996 -46.441239167459294)
2928,Contenedor Verde,Contenedor Verde,Papel / Cartón / Plástico / Metal / Vidrio,,,Rastreador Fournier 5670,Saavedra,12,POINT (-148.98544256604043 -46.434251059594665)
2929,Contenedor Verde,Contenedor Verde,Papel / Cartón / Plástico / Metal / Vidrio,,,Ruiz Huidobro 2762,Saavedra,12,POINT (-148.96786464511132 -46.44991895784388)
2930,Contenedor Verde,Contenedor Verde,Papel / Cartón / Plástico / Metal / Vidrio,,,Ruiz Huidobro Av. 3935,Saavedra,12,POINT (-148.97351312877598 -46.44290225149654)
2931,Contenedor Verde,Contenedor Verde,Papel / Cartón / Plástico / Metal / Vidrio,,,San Isidro Labrador Av. 4233,Saavedra,12,POINT (-148.96712912947754 -46.45198415285622)
2932,Contenedor Verde,Contenedor Verde,Papel / Cartón / Plástico / Metal / Vidrio,,,San Isidro Labrador Av. 4550,Saavedra,12,POINT (-148.96477991495198 -46.45076260925777)
2933,Contenedor Verde,Contenedor Verde,Papel / Cartón / Plástico / Metal / Vidrio,,,Superi 4327,Saavedra,12,POINT (-148.97049115724445 -46.44588098213294)
2934,Contenedor Verde,Contenedor Verde,Papel / Cartón / Plástico / Metal / Vidrio,,,Superi 4545,Saavedra,12,POINT (-148.9688312604184 -46.44512363393171)
2935,Contenedor Verde,Contenedor Verde,Papel / Cartón / Plástico / Metal / Vidrio,,,Superi 4837,Saavedra,12,POINT (-148.96654112707643 -46.44407187881105)
2936,Contenedor Verde,Contenedor Verde,Papel / Cartón / Plástico / Metal / Vidrio,,,Tronador 3720,Saavedra,12,POINT (-148.9784477103116 -46.444757443488065)
2937,Contenedor Verde,Contenedor Verde,Papel / Cartón / Plástico / Metal / Vidrio,,,Tronador 4012,Saavedra,12,POINT (-148.97620461220288 -46.44375621651887)
2938,Contenedor Verde,Contenedor Verde,Papel / Cartón / Plástico / Metal / Vidrio,,,Tronador 4226,Saavedra,12,POINT (-148.97442962850664 -46.44296712958308)
2939,Contenedor Verde,Contenedor Verde,Papel / Cartón / Plástico / Metal / Vidrio,,,Tronador 4460,Saavedra,12,POINT (-148.972733731749 -46.442202182662214)
2940,Contenedor Verde,Contenedor Verde,Papel / Cartón / Plástico / Metal / Vidrio,,,Valdenegro 3670,Saavedra,12,POINT (-148.9833202166347 -46.44082200966287)
2941,Contenedor Verde,Contenedor Verde,Papel / Cartón / Plástico / Metal / Vidrio,,,Valdenegro 3835,Saavedra,12,POINT (-148.98167155494767 -46.440157949503245)
2942,Contenedor Verde,Contenedor Verde,Papel / Cartón / Plástico / Metal / Vidrio,,,Valdenegro 4464,Saavedra,12,POINT (-148.97675091245438 -46.437951853689164)
2943,Contenedor Verde,Contenedor Verde,Papel / Cartón / Plástico / Metal / Vidrio,,,Valdenegro 4708,Saavedra,12,POINT (-148.97469994296188 -46.43707930974962)
2944,Contenedor Verde,Contenedor Verde,Papel / Cartón / Plástico / Metal / Vidrio,,,Valdenegro 4926,Saavedra,12,POINT (-148.97296010932013 -46.436343157650604)
2945,Contenedor Verde,Contenedor Verde,Papel / Cartón / Plástico / Metal / Vidrio,,,Vidal 3677,Saavedra,12,POINT (-148.97236125627342 -46.45192069449193)
2946,Contenedor Verde,Contenedor Verde,Papel / Cartón / Plástico / Metal / Vidrio,,,Vidal 4587,Saavedra,12,POINT (-148.96431095352588 -46.4493592444902)
2947,Contenedor Verde,Contenedor Verde,Papel / Cartón / Plástico / Metal / Vidrio,,,Vilela 2720,Saavedra,12,POINT (-148.96903583463214 -46.45126066384966)
2948,Contenedor Verde,Contenedor Verde,Papel / Cartón / Plástico / Metal / Vidrio,,,Vilela 3032,Saavedra,12,POINT (-148.97020777218012 -46.449427818915574)
2949,Contenedor Verde,Contenedor Verde,Papel / Cartón / Plástico / Metal / Vidrio,,,Washington 3691,Saavedra,12,POINT (-148.9772968606137 -46.446636934163934)
2950,Contenedor Verde,Contenedor Verde,Papel / Cartón / Plástico / Metal / Vidrio,,,Washington 4171,Saavedra,12,POINT (-148.97340145151014 -46.44484625716752)
2951,Contenedor Verde,Contenedor Verde,Papel / Cartón / Plástico / Metal / Vidrio,,,"Williams, Alberto 5867",Saavedra,12,POINT (-148.98729690362123 -46.43449317421386)
2952,Contenedor Verde,Contenedor Verde,Papel / Cartón / Plástico / Metal / Vidrio,,,"Yrurtia, Rogelio 6002",Saavedra,12,POINT (-148.9877088513128 -46.433420059120095)
2953,Contenedor Verde,Contenedor Verde,Papel / Cartón / Plástico / Metal / Vidrio,,,Zapiola 4260,Saavedra,12,POINT (-148.9690965245336 -46.448614327950764)
2954,Contenedor Verde,Contenedor Verde,Papel / Cartón / Plástico / Metal / Vidrio,,,Zapiola 4518,Saavedra,12,POINT (-148.96666736152187 -46.447891975029314)
2955,Contenedor Verde,Contenedor Verde,Papel / Cartón / Plástico / Metal / Vidrio,,,Zapiola 4732,Saavedra,12,POINT (-148.9649298577052 -46.44736999884602)
2956,Contenedor Verde,Contenedor Verde,Papel / Cartón / Plástico / Metal / Vidrio,,,Cramer Av. 4350,Saavedra,12,POINT (-148.9667015298742 -46.449312833809465)
2957,Contenedor Verde,Contenedor Verde,Papel / Cartón / Plástico / Metal / Vidrio,,,"Perez, Roque 4736",Saavedra,12,POINT (-148.96792980184324 -46.443861594654145)
2958,Contenedor Verde,Contenedor Verde,Papel / Cartón / Plástico / Metal / Vidrio,,,San Juan Av. 2470,San Cristobal,3,POINT (-149.0477466417468 -46.49649595980591)
2959,Contenedor Verde,Contenedor Verde,Papel / Cartón / Plástico / Metal / Vidrio,,,San Juan Av. 1942,San Cristobal,3,POINT (-149.0469181289939 -46.50049809277369)
2960,Contenedor Verde,Contenedor Verde,Papel / Cartón / Plástico / Metal / Vidrio,,,San Juan Av. 2166,San Cristobal,3,POINT (-149.0471249782927 -46.49908230302468)
2961,Contenedor Verde,Contenedor Verde,Papel / Cartón / Plástico / Metal / Vidrio,,,Humberto 1?|847|pr3209,San Cristobal,3,POINT (-149.0454543541898 -46.501057505798485)
2962,Contenedor Verde,Contenedor Verde,Papel / Cartón / Plástico / Metal / Vidrio,,,Humberto 1? 2945,San Cristobal,3,POINT (-149.04731822460113 -46.492576978495094)
2963,Contenedor Verde,Contenedor Verde,Papel / Cartón / Plástico / Metal / Vidrio,,,Humberto 1? 2795,San Cristobal,3,POINT (-149.04685788024545 -46.494007652319006)
2964,Contenedor Verde,Contenedor Verde,Papel / Cartón / Plástico / Metal / Vidrio,,,Humberto 1? 3115,San Cristobal,3,POINT (-149.04782121871457 -46.490987223513144)
2965,Contenedor Verde,Contenedor Verde,Papel / Cartón / Plástico / Metal / Vidrio,,,Humberto 1? 2561,San Cristobal,3,POINT (-149.04631529453997 -46.49589694221688)
2966,Contenedor Verde,Contenedor Verde,Papel / Cartón / Plástico / Metal / Vidrio,,,Humberto 1? 2201,San Cristobal,3,POINT (-149.0457683603777 -46.498301760541466)
2967,Contenedor Verde,Contenedor Verde,Papel / Cartón / Plástico / Metal / Vidrio,,,Humberto 1? 2109,San Cristobal,3,POINT (-149.045691262248 -46.49897026131626)
2968,Contenedor Verde,Contenedor Verde,Papel / Cartón / Plástico / Metal / Vidrio,,,24 De Noviembre 1536,San Cristobal,3,POINT (-149.05372946852663 -46.490680393810386)
2969,Contenedor Verde,Contenedor Verde,Papel / Cartón / Plástico / Metal / Vidrio,,,"Calvo, Carlos 3099",San Cristobal,3,POINT (-149.04659346983894 -46.49109778246531)
2970,Contenedor Verde,Contenedor Verde,Papel / Cartón / Plástico / Metal / Vidrio,,,Cochabamba 2243,San Cristobal,3,POINT (-149.04845990433066 -46.49854370607514)
2971,Contenedor Verde,Contenedor Verde,Papel / Cartón / Plástico / Metal / Vidrio,,,Cochabamba 3271,San Cristobal,3,POINT (-149.05089545041986 -46.489715098613665)
2972,Contenedor Verde,Contenedor Verde,Papel / Cartón / Plástico / Metal / Vidrio,,,Combate De Los Pozos 1533,San Cristobal,3,POINT (-149.05086880403843 -46.501162335830145)
2973,Contenedor Verde,Contenedor Verde,Papel / Cartón / Plástico / Metal / Vidrio,,,Constitucion 2814,San Cristobal,3,POINT (-149.05124604269224 -46.49404893384113)
2974,Contenedor Verde,Contenedor Verde,Papel / Cartón / Plástico / Metal / Vidrio,,,Estados Unidos 3046,San Cristobal,3,POINT (-149.04523457833866 -46.491496511149094)
2975,Contenedor Verde,Contenedor Verde,Papel / Cartón / Plástico / Metal / Vidrio,,,Pavon 2010,San Cristobal,3,POINT (-149.050804786984 -46.50043649178332)
2976,Contenedor Verde,Contenedor Verde,Papel / Cartón / Plástico / Metal / Vidrio,,,Pavon 2434,San Cristobal,3,POINT (-149.05162658393593 -46.4968677668856)
2977,Contenedor Verde,Contenedor Verde,Papel / Cartón / Plástico / Metal / Vidrio,,,Sarandi 1002,San Cristobal,3,POINT (-149.04454622802947 -46.49978753416245)
2978,Contenedor Verde,Contenedor Verde,Papel / Cartón / Plástico / Metal / Vidrio,,,Sarandi 1248,San Cristobal,3,POINT (-149.0474401374727 -46.50032224470899)
2979,Contenedor Verde,Contenedor Verde,Papel / Cartón / Plástico / Metal / Vidrio,,,"Calvo, Carlos 2193",San Cristobal,3,POINT (-149.0446132008932 -46.498260085469326)
2980,Contenedor Verde,Contenedor Verde,Papel / Cartón / Plástico / Metal / Vidrio,,,"Calvo, Carlos 2381",San Cristobal,3,POINT (-149.04484618426898 -46.496751782738286)
2981,Contenedor Verde,Contenedor Verde,Papel / Cartón / Plástico / Metal / Vidrio,,,"Calvo, Carlos 2527",San Cristobal,3,POINT (-149.0450010614269 -46.495809872256416)
2982,Contenedor Verde,Contenedor Verde,Papel / Cartón / Plástico / Metal / Vidrio,,,"Calvo, Carlos 2829",San Cristobal,3,POINT (-149.04569665517047 -46.49346566942905)
2983,Contenedor Verde,Contenedor Verde,Papel / Cartón / Plástico / Metal / Vidrio,,,"Calvo, Carlos 3275",San Cristobal,3,POINT (-149.04721121835667 -46.48944256976593)
2984,Contenedor Verde,Contenedor Verde,Papel / Cartón / Plástico / Metal / Vidrio,,,Cochabamba 2547,San Cristobal,3,POINT (-149.04919949297067 -46.49600222289718)
2985,Contenedor Verde,Contenedor Verde,Papel / Cartón / Plástico / Metal / Vidrio,,,Cochabamba 2929,San Cristobal,3,POINT (-149.05012476372525 -46.49299326376517)
2986,Contenedor Verde,Contenedor Verde,Papel / Cartón / Plástico / Metal / Vidrio,,,Constitucion 1991,San Cristobal,3,POINT (-149.04940881070948 -46.500577979449496)
2987,Contenedor Verde,Contenedor Verde,Papel / Cartón / Plástico / Metal / Vidrio,,,Constitucion 2191,San Cristobal,3,POINT (-149.04969011131325 -46.499207384731776)
2988,Contenedor Verde,Contenedor Verde,Papel / Cartón / Plástico / Metal / Vidrio,,,Constitucion 2336,San Cristobal,3,POINT (-149.0500972444341 -46.49776824521674)
2989,Contenedor Verde,Contenedor Verde,Papel / Cartón / Plástico / Metal / Vidrio,,,Constitucion 2636,San Cristobal,3,POINT (-149.0508541730291 -46.49530355961364)
2990,Contenedor Verde,Contenedor Verde,Papel / Cartón / Plástico / Metal / Vidrio,,,Constitucion 3066,San Cristobal,3,POINT (-149.05184374557203 -46.491755394352076)
2991,Contenedor Verde,Contenedor Verde,Papel / Cartón / Plástico / Metal / Vidrio,,,Constitucion 3258,San Cristobal,3,POINT (-149.0521470804405 -46.48985387361837)
2992,Contenedor Verde,Contenedor Verde,Papel / Cartón / Plástico / Metal / Vidrio,,,Estados Unidos 1888,San Cristobal,3,POINT (-149.04304718788265 -46.50067046073485)
2993,Contenedor Verde,Contenedor Verde,Papel / Cartón / Plástico / Metal / Vidrio,,,Estados Unidos 2096,San Cristobal,3,POINT (-149.0434709702462 -46.49898460913463)
2994,Contenedor Verde,Contenedor Verde,Papel / Cartón / Plástico / Metal / Vidrio,,,Estados Unidos 2252,San Cristobal,3,POINT (-149.04357837375258 -46.49760336456278)
2995,Contenedor Verde,Contenedor Verde,Papel / Cartón / Plástico / Metal / Vidrio,,,Estados Unidos 2438,San Cristobal,3,POINT (-149.04371731039345 -46.49623708676021)
2996,Contenedor Verde,Contenedor Verde,Papel / Cartón / Plástico / Metal / Vidrio,,,Estados Unidos 2610,San Cristobal,3,POINT (-149.04383723055605 -46.495057867704446)
2997,Contenedor Verde,Contenedor Verde,Papel / Cartón / Plástico / Metal / Vidrio,,,Estados Unidos 2820,San Cristobal,3,POINT (-149.04444837360091 -46.493322692956674)
2998,Contenedor Verde,Contenedor Verde,Papel / Cartón / Plástico / Metal / Vidrio,,,Estados Unidos 3182,San Cristobal,3,POINT (-149.04572268524095 -46.490459187386854)
2999,Contenedor Verde,Contenedor Verde,Papel / Cartón / Plástico / Metal / Vidrio,,,Independencia Av. 1863,San Cristobal,3,POINT (-149.04185448489267 -46.50083707920935)
3000,Contenedor Verde,Contenedor Verde,Papel / Cartón / Plástico / Metal / Vidrio,,,Independencia Av. 2057,San Cristobal,3,POINT (-149.04206369147965 -46.49917406429972)
3001,Contenedor Verde,Contenedor Verde,Papel / Cartón / Plástico / Metal / Vidrio,,,Independencia Av. 2215,San Cristobal,3,POINT (-149.04224065216735 -46.49773886993532)
3002,Contenedor Verde,Contenedor Verde,Papel / Cartón / Plástico / Metal / Vidrio,,,Independencia Av. 2405,San Cristobal,3,POINT (-149.04242525199936 -46.496330995237585)
3003,Contenedor Verde,Contenedor Verde,Papel / Cartón / Plástico / Metal / Vidrio,,,Independencia Av. 2787,San Cristobal,3,POINT (-149.04302477213835 -46.49358235495016)
3004,Contenedor Verde,Contenedor Verde,Papel / Cartón / Plástico / Metal / Vidrio,,,Independencia Av. 2943,San Cristobal,3,POINT (-149.04353542304685 -46.49228065019275)
3005,Contenedor Verde,Contenedor Verde,Papel / Cartón / Plástico / Metal / Vidrio,,,Independencia Av. 3129,San Cristobal,3,POINT (-149.04420497100844 -46.490593141953596)
3006,Contenedor Verde,Contenedor Verde,Papel / Cartón / Plástico / Metal / Vidrio,,,Jujuy Av. 1021,San Cristobal,3,POINT (-149.04561698367417 -46.4947960949677)
3007,Contenedor Verde,Contenedor Verde,Papel / Cartón / Plástico / Metal / Vidrio,,,Jujuy Av. 1287,San Cristobal,3,POINT (-149.04924239914465 -46.495332488277036)
3008,Contenedor Verde,Contenedor Verde,Papel / Cartón / Plástico / Metal / Vidrio,,,Jujuy Av. 1485,San Cristobal,3,POINT (-149.0515593928143 -46.4956850124923)
3009,Contenedor Verde,Contenedor Verde,Papel / Cartón / Plástico / Metal / Vidrio,,,Jujuy Av. 885,San Cristobal,3,POINT (-149.04360510564914 -46.49441811046196)
3010,Contenedor Verde,Contenedor Verde,Papel / Cartón / Plástico / Metal / Vidrio,,,Pavon 2262,San Cristobal,3,POINT (-149.05116455634996 -46.49867163526168)
3011,Contenedor Verde,Contenedor Verde,Papel / Cartón / Plástico / Metal / Vidrio,,,Pavon 2794,San Cristobal,3,POINT (-149.0522164863187 -46.49441885956128)
3012,Contenedor Verde,Contenedor Verde,Papel / Cartón / Plástico / Metal / Vidrio,,,Pavon 2978,San Cristobal,3,POINT (-149.05262185074534 -46.49279800767727)
3013,Contenedor Verde,Contenedor Verde,Papel / Cartón / Plástico / Metal / Vidrio,,,Pavon 3168,San Cristobal,3,POINT (-149.05322881176352 -46.49093889277239)
3014,Contenedor Verde,Contenedor Verde,Papel / Cartón / Plástico / Metal / Vidrio,,,Pavon 3284,San Cristobal,3,POINT (-149.05382382581328 -46.489719900952444)
3015,Contenedor Verde,Contenedor Verde,Papel / Cartón / Plástico / Metal / Vidrio,,,San Juan Av. 2800,San Cristobal,3,POINT (-149.04824188717276 -46.49451077637467)
3016,Contenedor Verde,Contenedor Verde,Papel / Cartón / Plástico / Metal / Vidrio,,,San Juan Av. 3038,San Cristobal,3,POINT (-149.04890799764812 -46.491847756493264)
3017,Contenedor Verde,Contenedor Verde,Papel / Cartón / Plástico / Metal / Vidrio,,,San Juan Av. 3132,San Cristobal,3,POINT (-149.04912131891982 -46.49093735252182)
3018,Contenedor Verde,Contenedor Verde,Papel / Cartón / Plástico / Metal / Vidrio,,,Sarandi 1494,San Cristobal,3,POINT (-149.05047487843686 -46.50057503763015)
3019,Contenedor Verde,Contenedor Verde,Papel / Cartón / Plástico / Metal / Vidrio,,,Viamonte|414|pr3430,San Nicolas,1,POINT (-149.02216377085483 -46.51233216043272)
3020,Contenedor Verde,Contenedor Verde,Papel / Cartón / Plástico / Metal / Vidrio,,,Viamonte|1730|pr3178,San Nicolas,1,POINT (-149.0236673133208 -46.501019345506414)
3021,Contenedor Verde,Contenedor Verde,Papel / Cartón / Plástico / Metal / Vidrio,,,Uruguay Av.|492|pr3180,San Nicolas,1,POINT (-149.02589983627345 -46.50412922925464)
3022,Contenedor Verde,Contenedor Verde,Papel / Cartón / Plástico / Metal / Vidrio,,,Reconquista|740|pr1730|,San Nicolas,1,POINT (-149.02162359048393 -46.51246549833571)
3023,Contenedor Verde,Contenedor Verde,Papel / Cartón / Plástico / Metal / Vidrio,,,Reconquista |414|pr3267,San Nicolas,1,POINT (-149.02556290173422 -46.5126540825533)
3024,Contenedor Verde,Contenedor Verde,Papel / Cartón / Plástico / Metal / Vidrio,,,Viamonte|950|pr3288,San Nicolas,1,POINT (-149.02276801634218 -46.50786777227135)
3025,Contenedor Verde,Contenedor Verde,Papel / Cartón / Plástico / Metal / Vidrio,,,Viamonte|875|pr3289,San Nicolas,1,POINT (-149.0226651604048 -46.508578111489044)
3026,Contenedor Verde,Contenedor Verde,Papel / Cartón / Plástico / Metal / Vidrio,,,Viamonte|710|pr2037|,San Nicolas,1,POINT (-149.02253997689004 -46.50987423602604)
3027,Contenedor Verde,Contenedor Verde,Papel / Cartón / Plástico / Metal / Vidrio,,,Tucuman|831|pr2796|,San Nicolas,1,POINT (-149.02383159174718 -46.50892611662432)
3028,Contenedor Verde,Contenedor Verde,Papel / Cartón / Plástico / Metal / Vidrio,,,Tucuman|1679|pr3268,San Nicolas,1,POINT (-149.02473865948215 -46.50165889112594)
3029,Contenedor Verde,Contenedor Verde,Papel / Cartón / Plástico / Metal / Vidrio,,,Suipacha|60|pr3122,San Nicolas,1,POINT (-149.03061821844858 -46.50866447508022)
3030,Contenedor Verde,Contenedor Verde,Papel / Cartón / Plástico / Metal / Vidrio,,,Sarmiento|1225|pr3182,San Nicolas,1,POINT (-149.02800329099136 -46.505847244790814)
3031,Contenedor Verde,Contenedor Verde,Papel / Cartón / Plástico / Metal / Vidrio,,,Suipacha|483|pr3314,San Nicolas,1,POINT (-149.02530327054305 -46.508458613827955)
3032,Contenedor Verde,Contenedor Verde,Papel / Cartón / Plástico / Metal / Vidrio,,,San Martin|579|pr3174,San Nicolas,1,POINT (-149.0237437706247 -46.51176618139512)
3033,Contenedor Verde,Contenedor Verde,Papel / Cartón / Plástico / Metal / Vidrio,,,"Peron, Juan Domingo, Tte. General|1267|pr3184",San Nicolas,1,POINT (-149.0292625120967 -46.505538969800696)
3034,Contenedor Verde,Contenedor Verde,Papel / Cartón / Plástico / Metal / Vidrio,,,"Peron, Juan Domingo, Tte. General|856|pr3301",San Nicolas,1,POINT (-149.02887305146092 -46.50889352478625)
3035,Contenedor Verde,Contenedor Verde,Papel / Cartón / Plástico / Metal / Vidrio,,,"Peron, Juan Domingo, Tte. General|360|pr3302",San Nicolas,1,POINT (-149.02819681526847 -46.513167888720496)
3036,Contenedor Verde,Contenedor Verde,Papel / Cartón / Plástico / Metal / Vidrio,,,Parana|467|pr3294,San Nicolas,1,POINT (-149.02631149525 -46.50344358682206)
3037,Contenedor Verde,Contenedor Verde,Papel / Cartón / Plástico / Metal / Vidrio,,,Sarmiento|473|pr3303,San Nicolas,1,POINT (-149.02707808947866 -46.512167148625196)
3038,Contenedor Verde,Contenedor Verde,Papel / Cartón / Plástico / Metal / Vidrio,,,"Mitre, Bartolome|1610|pr625|",San Nicolas,1,POINT (-149.03101811909374 -46.50258983047192)
3039,Contenedor Verde,Contenedor Verde,Papel / Cartón / Plástico / Metal / Vidrio,,,"Mitre, Bartolome|678|pr3299",San Nicolas,1,POINT (-149.02982694046815 -46.51057799178802)
3040,Contenedor Verde,Contenedor Verde,Papel / Cartón / Plástico / Metal / Vidrio,,,Montevideo|498|pr4194,San Nicolas,1,POINT (-149.02620402743247 -46.50247935033301)
3041,Contenedor Verde,Contenedor Verde,Papel / Cartón / Plástico / Metal / Vidrio,,,"Mitre, Bartolome|1592|pr589|",San Nicolas,1,POINT (-149.03098590944555 -46.50281650120781)
3042,Contenedor Verde,Contenedor Verde,Papel / Cartón / Plástico / Metal / Vidrio,,,Maipu|316|pr3284,San Nicolas,1,POINT (-149.02714370341516 -46.5102016988915)
3043,Contenedor Verde,Contenedor Verde,Papel / Cartón / Plástico / Metal / Vidrio,,,Lavalle|1715|pr3272,San Nicolas,1,POINT (-149.0260288642873 -46.50130635938013)
3044,Contenedor Verde,Contenedor Verde,Papel / Cartón / Plástico / Metal / Vidrio,,,Corrientes Av.|1254|pr3107,San Nicolas,1,POINT (-149.02682729922273 -46.50549340760458)
3045,Contenedor Verde,Contenedor Verde,Papel / Cartón / Plástico / Metal / Vidrio,,,Cordoba Av.|1375|pr3230,San Nicolas,1,POINT (-149.02186829005336 -46.50419412402999)
3046,Contenedor Verde,Contenedor Verde,Papel / Cartón / Plástico / Metal / Vidrio,,,"Peron, Juan Domingo, Tte. General 1827",San Nicolas,1,POINT (-149.02996713921388 -46.50067576021284)
3047,Contenedor Verde,Contenedor Verde,Papel / Cartón / Plástico / Metal / Vidrio,,,Piedras|780|pr3321,San Telmo,1,POINT (-149.0405828969353 -46.50999116745987)
3048,Contenedor Verde,Contenedor Verde,Papel / Cartón / Plástico / Metal / Vidrio,,,San Juan Av.|452|pr3137,San Telmo,1,POINT (-149.04548227094006 -46.51317299132545)
3049,Contenedor Verde,Contenedor Verde,Papel / Cartón / Plástico / Metal / Vidrio,,,San Juan Av.|572|pr3212,San Telmo,1,POINT (-149.04557942475324 -46.51220150478944)
3050,Contenedor Verde,Contenedor Verde,Papel / Cartón / Plástico / Metal / Vidrio,,,San Juan Av.|392|pr3143,San Telmo,1,POINT (-149.04542360750904 -46.51379530346584)
3051,Contenedor Verde,Contenedor Verde,Papel / Cartón / Plástico / Metal / Vidrio,,,Paseo Colon Av.|915|pr3225,San Telmo,1,POINT (-149.0421173069339 -46.514974742687784)
3052,Contenedor Verde,Contenedor Verde,Papel / Cartón / Plástico / Metal / Vidrio,,,Paseo Colon Av.|915|pr3658|,San Telmo,1,POINT (-149.0421173069339 -46.514974742687784)
3053,Contenedor Verde,Contenedor Verde,Papel / Cartón / Plástico / Metal / Vidrio,,,Paseo Colon Av.|1129|pr3233,San Telmo,1,POINT (-149.04432409208198 -46.515330646703255)
3054,Contenedor Verde,Contenedor Verde,Papel / Cartón / Plástico / Metal / Vidrio,,,Paseo Colon Av.|1385|pr3063|,San Telmo,1,POINT (-149.04740351231746 -46.51557343581339)
3055,Contenedor Verde,Contenedor Verde,Papel / Cartón / Plástico / Metal / Vidrio,,,Paseo Colon Av.|1018|pr3778,San Telmo,1,POINT (-149.04301155542035 -46.51538670853623)
3056,Contenedor Verde,Contenedor Verde,Papel / Cartón / Plástico / Metal / Vidrio,,,San Lorenzo|211|pr3325,San Telmo,1,POINT (-149.03975709190183 -46.51461607231335)
3057,Contenedor Verde,Contenedor Verde,Papel / Cartón / Plástico / Metal / Vidrio,,,San Juan Av.|770|pr3211,San Telmo,1,POINT (-149.04576527374255 -46.51045286223053)
3058,Contenedor Verde,Contenedor Verde,Papel / Cartón / Plástico / Metal / Vidrio,,,Independencia Av.|483|pr3198,San Telmo,1,POINT (-149.04038151633517 -46.51271650637878)
3059,Contenedor Verde,Contenedor Verde,Papel / Cartón / Plástico / Metal / Vidrio,,,Independencia Av.|661|pr3125,San Telmo,1,POINT (-149.04058949604934 -46.511138806298725)
3060,Contenedor Verde,Contenedor Verde,Papel / Cartón / Plástico / Metal / Vidrio,,,Independencia Av.|531|pr3003,San Telmo,1,POINT (-149.04050560688378 -46.512291350178316)
3061,Contenedor Verde,Contenedor Verde,Papel / Cartón / Plástico / Metal / Vidrio,,,Humberto 1?|755|pr3037,San Telmo,1,POINT (-149.04438784442888 -46.510514287587434)
3062,Contenedor Verde,Contenedor Verde,Papel / Cartón / Plástico / Metal / Vidrio,,,"Garay, Juan De Av.|755|pr3218",San Telmo,1,POINT (-149.04849701251817 -46.51083582512314)
3063,Contenedor Verde,Contenedor Verde,Papel / Cartón / Plástico / Metal / Vidrio,,,"Garay, Juan De Av.|649|pr1419|",San Telmo,1,POINT (-149.04811804634676 -46.51166758382755)
3064,Contenedor Verde,Contenedor Verde,Papel / Cartón / Plástico / Metal / Vidrio,,,"Garay, Juan De Av.|455|pr1349|",San Telmo,1,POINT (-149.04784507771456 -46.51327605314554)
3065,Contenedor Verde,Contenedor Verde,Papel / Cartón / Plástico / Metal / Vidrio,,,Estados Unidos|638|pr3202,San Telmo,1,POINT (-149.04198933922677 -46.51146192669369)
3066,Contenedor Verde,Contenedor Verde,Papel / Cartón / Plástico / Metal / Vidrio,,,Estados Unidos|450|pr3201,San Telmo,1,POINT (-149.04189255570512 -46.51301205341416)
3067,Contenedor Verde,Contenedor Verde,Papel / Cartón / Plástico / Metal / Vidrio,,,Chacabuco|827|pr3203,San Telmo,1,POINT (-149.04112619880377 -46.510840563318375)
3068,Contenedor Verde,Contenedor Verde,Papel / Cartón / Plástico / Metal / Vidrio,,,Cochabamba|815|pr4159,San Telmo,1,POINT (-149.04717461114876 -46.51009812518772)
3069,Contenedor Verde,Contenedor Verde,Papel / Cartón / Plástico / Metal / Vidrio,,,Chile|296|pr3196,San Telmo,1,POINT (-149.03908594390947 -46.514312713114045)
3070,Contenedor Verde,Contenedor Verde,Papel / Cartón / Plástico / Metal / Vidrio,,,Cochabamba|641|pr3522,San Telmo,1,POINT (-149.0469119590893 -46.51169711670177)
3071,Contenedor Verde,Contenedor Verde,Papel / Cartón / Plástico / Metal / Vidrio,,,Cochabamba|436|pr3145,San Telmo,1,POINT (-149.04669075936658 -46.513439735415986)
3072,Contenedor Verde,Contenedor Verde,Papel / Cartón / Plástico / Metal / Vidrio,,,Chile|438|pr3655|,San Telmo,1,POINT (-149.03929416474332 -46.51303735513655)
3073,Contenedor Verde,Contenedor Verde,Papel / Cartón / Plástico / Metal / Vidrio,,,Caseros Av.|405|pr3118,San Telmo,1,POINT (-149.0502693012225 -46.51387245492995)
3074,Contenedor Verde,Contenedor Verde,Papel / Cartón / Plástico / Metal / Vidrio,,,"Calvo, Carlos|745|pr3247",San Telmo,1,POINT (-149.04318044274964 -46.51053392502981)
3075,Contenedor Verde,Contenedor Verde,Papel / Cartón / Plástico / Metal / Vidrio,,,"Calvo, Carlos|190|pr3207",San Telmo,1,POINT (-149.0427586590801 -46.51563504543302)
3076,Contenedor Verde,Contenedor Verde,Papel / Cartón / Plástico / Metal / Vidrio,,,Brasil|660|pr3220,San Telmo,1,POINT (-149.04941956384934 -46.51171354168238)
3077,Contenedor Verde,Contenedor Verde,Papel / Cartón / Plástico / Metal / Vidrio,,,Brasil|480|pr3219,San Telmo,1,POINT (-149.0491898250764 -46.513230785836015)
3078,Contenedor Verde,Contenedor Verde,Papel / Cartón / Plástico / Metal / Vidrio,,,Azopardo|1330|pr2928|,San Telmo,1,POINT (-149.04673547038362 -46.51649906335644)
3079,Contenedor Verde,Contenedor Verde,Papel / Cartón / Plástico / Metal / Vidrio,,,Azopardo|1168|pr2927|,San Telmo,1,POINT (-149.0444951621075 -46.51631869358281)
3080,Contenedor Verde,Contenedor Verde,Papel / Cartón / Plástico / Metal / Vidrio,,,"Magari?os Cervantes, A. 4577",Velez Sarsfield,10,POINT (-149.05112364264778 -46.43829337026894)
3081,Contenedor Verde,Contenedor Verde,Papel / Cartón / Plástico / Metal / Vidrio,,,"Magari?os Cervantes, A. 4791",Velez Sarsfield,10,POINT (-149.05244323055805 -46.436673552927545)
3082,Contenedor Verde,Contenedor Verde,Papel / Cartón / Plástico / Metal / Vidrio,,,"Magari?os Cervantes, A. 4901",Velez Sarsfield,10,POINT (-149.05388917867137 -46.4355553488485)
3083,Contenedor Verde,Contenedor Verde,Papel / Cartón / Plástico / Metal / Vidrio,,,"Magari?os Cervantes, A. 5035",Velez Sarsfield,10,POINT (-149.05544731155638 -46.43461701378455)
3084,Contenedor Verde,Contenedor Verde,Papel / Cartón / Plástico / Metal / Vidrio,,,"Aranguren, Juan F., Dr. 4475",Velez Sarsfield,10,POINT (-149.05707542373338 -46.44209748563471)
3085,Contenedor Verde,Contenedor Verde,Papel / Cartón / Plástico / Metal / Vidrio,,,"Aranguren, Juan F., Dr. 4821",Velez Sarsfield,10,POINT (-149.05853024304764 -46.43982297181428)
3086,Contenedor Verde,Contenedor Verde,Papel / Cartón / Plástico / Metal / Vidrio,,,Bacacay 4858,Velez Sarsfield,10,POINT (-149.0610621213132 -46.43985292695462)
3087,Contenedor Verde,Contenedor Verde,Papel / Cartón / Plástico / Metal / Vidrio,,,"Belaustegui, Luis, Dr. 4605",Velez Sarsfield,10,POINT (-149.05450611119494 -46.43974832139228)
3088,Contenedor Verde,Contenedor Verde,Papel / Cartón / Plástico / Metal / Vidrio,,,"Belaustegui, Luis, Dr. 4883",Velez Sarsfield,10,POINT (-149.05654111124795 -46.43801402766078)
3089,Contenedor Verde,Contenedor Verde,Papel / Cartón / Plástico / Metal / Vidrio,,,"Benedetti, Osvaldo E., Dip.nac 171",Velez Sarsfield,10,POINT (-149.06276606795336 -46.44729456946864)
3090,Contenedor Verde,Contenedor Verde,Papel / Cartón / Plástico / Metal / Vidrio,,,"Benedetti, Osvaldo E., Dip.nac 236",Velez Sarsfield,10,POINT (-149.06354511253693 -46.447527378065665)
3091,Contenedor Verde,Contenedor Verde,Papel / Cartón / Plástico / Metal / Vidrio,,,Bernaldes 1650,Velez Sarsfield,10,POINT (-149.0479118274433 -46.436251029464024)
3092,Contenedor Verde,Contenedor Verde,Papel / Cartón / Plástico / Metal / Vidrio,,,Bogota 4339,Velez Sarsfield,10,POINT (-149.05909741594033 -46.443910141781075)
3093,Contenedor Verde,Contenedor Verde,Papel / Cartón / Plástico / Metal / Vidrio,,,Cajaravilla 4352,Velez Sarsfield,10,POINT (-149.06606543522435 -46.44430306964141)
3094,Contenedor Verde,Contenedor Verde,Papel / Cartón / Plástico / Metal / Vidrio,,,"Calderon De La Barca, Pedro 1041",Velez Sarsfield,10,POINT (-149.05551366718163 -46.43530841232546)
3095,Contenedor Verde,Contenedor Verde,Papel / Cartón / Plástico / Metal / Vidrio,,,Camarones 4574,Velez Sarsfield,10,POINT (-149.050017430454 -46.43800766926692)
3096,Contenedor Verde,Contenedor Verde,Papel / Cartón / Plástico / Metal / Vidrio,,,Camarones 4749,Velez Sarsfield,10,POINT (-149.05098873533635 -46.436695913028494)
3097,Contenedor Verde,Contenedor Verde,Papel / Cartón / Plástico / Metal / Vidrio,,,Camarones 4950,Velez Sarsfield,10,POINT (-149.05246920028762 -46.435376884840394)
3098,Contenedor Verde,Contenedor Verde,Papel / Cartón / Plástico / Metal / Vidrio,,,Camarones 5120,Velez Sarsfield,10,POINT (-149.0544810508746 -46.43416407189168)
3099,Contenedor Verde,Contenedor Verde,Papel / Cartón / Plástico / Metal / Vidrio,,,Carrasco Av. 266,Velez Sarsfield,10,POINT (-149.05981669293323 -46.44277951152524)
3100,Contenedor Verde,Contenedor Verde,Papel / Cartón / Plástico / Metal / Vidrio,,,Carrasco Av. 749,Velez Sarsfield,10,POINT (-149.05537472841885 -46.43951365454324)
3101,Contenedor Verde,Contenedor Verde,Papel / Cartón / Plástico / Metal / Vidrio,,,Carrasco Av. 959,Velez Sarsfield,10,POINT (-149.05386790589813 -46.438364783659)
3102,Contenedor Verde,Contenedor Verde,Papel / Cartón / Plástico / Metal / Vidrio,,,"Carreras, Santiago De Las 237",Velez Sarsfield,10,POINT (-149.06538226502866 -46.44360456046306)
3103,Contenedor Verde,Contenedor Verde,Papel / Cartón / Plástico / Metal / Vidrio,,,"Carreras, Santiago De Las 379",Velez Sarsfield,10,POINT (-149.06718654865588 -46.44386358055276)
3104,Contenedor Verde,Contenedor Verde,Papel / Cartón / Plástico / Metal / Vidrio,,,Delambre 4795,Velez Sarsfield,10,POINT (-149.05125119795954 -46.43548435488266)
3105,Contenedor Verde,Contenedor Verde,Papel / Cartón / Plástico / Metal / Vidrio,,,"Diaz, Cesar, Gral. 4612",Velez Sarsfield,10,POINT (-149.05225061699323 -46.43913642452238)
3106,Contenedor Verde,Contenedor Verde,Papel / Cartón / Plástico / Metal / Vidrio,,,"Diaz, Cesar, Gral. 5057",Velez Sarsfield,10,POINT (-149.05505933447472 -46.43729762203882)
3107,Contenedor Verde,Contenedor Verde,Papel / Cartón / Plástico / Metal / Vidrio,,,"Diaz, Cesar, Gral. 5225",Velez Sarsfield,10,POINT (-149.05707488759188 -46.43604520098835)
3108,Contenedor Verde,Contenedor Verde,Papel / Cartón / Plástico / Metal / Vidrio,,,El Fuerte 4601,Velez Sarsfield,10,POINT (-149.05733298463957 -46.44087333646816)
3109,Contenedor Verde,Contenedor Verde,Papel / Cartón / Plástico / Metal / Vidrio,,,"Escalada De San Martin, R. 4424",Velez Sarsfield,10,POINT (-149.0529095522826 -46.440136785980705)
3110,Contenedor Verde,Contenedor Verde,Papel / Cartón / Plástico / Metal / Vidrio,,,"Falcon, Ramon L.,cnel. 4172",Velez Sarsfield,10,POINT (-149.06259693329784 -46.44543355575739)
3111,Contenedor Verde,Contenedor Verde,Papel / Cartón / Plástico / Metal / Vidrio,,,"Falcon, Ramon L.,cnel. 4410",Velez Sarsfield,10,POINT (-149.06362890270216 -46.44322303250922)
3112,Contenedor Verde,Contenedor Verde,Papel / Cartón / Plástico / Metal / Vidrio,,,Gaona Av. 4867,Velez Sarsfield,10,POINT (-149.05407170870373 -46.44210971851176)
3113,Contenedor Verde,Contenedor Verde,Papel / Cartón / Plástico / Metal / Vidrio,,,Gaona Av. 5003,Velez Sarsfield,10,POINT (-149.05482333938988 -46.44113768397817)
3114,Contenedor Verde,Contenedor Verde,Papel / Cartón / Plástico / Metal / Vidrio,,,"Garcia, Juan Agustin 4738",Velez Sarsfield,10,POINT (-149.0488559278943 -46.436104261061324)
3115,Contenedor Verde,Contenedor Verde,Papel / Cartón / Plástico / Metal / Vidrio,,,"Garcia, Juan Agustin 4986",Velez Sarsfield,10,POINT (-149.05014765349813 -46.43469733991157)
3116,Contenedor Verde,Contenedor Verde,Papel / Cartón / Plástico / Metal / Vidrio,,,"Garcia, Juan Agustin 5180",Velez Sarsfield,10,POINT (-149.05243476154163 -46.4333074095665)
3117,Contenedor Verde,Contenedor Verde,Papel / Cartón / Plástico / Metal / Vidrio,,,"Justo, Juan B. Av. 7185",Velez Sarsfield,10,POINT (-149.0534629232446 -46.441611241002036)
3118,Contenedor Verde,Contenedor Verde,Papel / Cartón / Plástico / Metal / Vidrio,,,"Justo, Juan B. Av. 7543",Velez Sarsfield,10,POINT (-149.05625663544646 -46.43934625272192)
3119,Contenedor Verde,Contenedor Verde,Papel / Cartón / Plástico / Metal / Vidrio,,,"Justo, Juan B. Av. 7754",Velez Sarsfield,10,POINT (-149.05775723490117 -46.4377513327181)
3120,Contenedor Verde,Contenedor Verde,Papel / Cartón / Plástico / Metal / Vidrio,,,Moron 4426,Velez Sarsfield,10,POINT (-149.0559524148998 -46.44166344873526)
3121,Contenedor Verde,Contenedor Verde,Papel / Cartón / Plástico / Metal / Vidrio,,,Moron 4712,Velez Sarsfield,10,POINT (-149.05735300466682 -46.43975702008668)
3122,Contenedor Verde,Contenedor Verde,Papel / Cartón / Plástico / Metal / Vidrio,,,Moron 4880,Velez Sarsfield,10,POINT (-149.05861153765233 -46.43808230019135)
3123,Contenedor Verde,Contenedor Verde,Papel / Cartón / Plástico / Metal / Vidrio,,,Murature 4660,Velez Sarsfield,10,POINT (-149.0528511552934 -46.43804543512257)
3124,Contenedor Verde,Contenedor Verde,Papel / Cartón / Plástico / Metal / Vidrio,,,Murature 4880,Velez Sarsfield,10,POINT (-149.0545213455137 -46.43646950069783)
3125,Contenedor Verde,Contenedor Verde,Papel / Cartón / Plástico / Metal / Vidrio,,,Murature 5078,Velez Sarsfield,10,POINT (-149.0567847236452 -46.435098500638645)
3126,Contenedor Verde,Contenedor Verde,Papel / Cartón / Plástico / Metal / Vidrio,,,Olivera Av. 276,Velez Sarsfield,10,POINT (-149.0652423741885 -46.4449327110048)
3127,Contenedor Verde,Contenedor Verde,Papel / Cartón / Plástico / Metal / Vidrio,,,Rafaela 4319,Velez Sarsfield,10,POINT (-149.06444450624613 -46.444482120187644)
3128,Contenedor Verde,Contenedor Verde,Papel / Cartón / Plástico / Metal / Vidrio,,,Rafaela 4541,Velez Sarsfield,10,POINT (-149.0654091473762 -46.44243288376292)
3129,Contenedor Verde,Contenedor Verde,Papel / Cartón / Plástico / Metal / Vidrio,,,Rivadavia Av. 8537,Velez Sarsfield,10,POINT (-149.06045560547494 -46.446465114881626)
3130,Contenedor Verde,Contenedor Verde,Papel / Cartón / Plástico / Metal / Vidrio,,,Rivadavia Av. 8644,Velez Sarsfield,10,POINT (-149.06121909882853 -46.4454878283435)
3131,Contenedor Verde,Contenedor Verde,Papel / Cartón / Plástico / Metal / Vidrio,,,Rivadavia Av. 8871,Velez Sarsfield,10,POINT (-149.06182840629407 -46.44345467888138)
3132,Contenedor Verde,Contenedor Verde,Papel / Cartón / Plástico / Metal / Vidrio,,,San Blas 4593,Velez Sarsfield,10,POINT (-149.0494043057438 -46.43685616140917)
3133,Contenedor Verde,Contenedor Verde,Papel / Cartón / Plástico / Metal / Vidrio,,,San Blas 4855,Velez Sarsfield,10,POINT (-149.05189498784176 -46.43466554590336)
3134,Contenedor Verde,Contenedor Verde,Papel / Cartón / Plástico / Metal / Vidrio,,,San Blas 5007,Velez Sarsfield,10,POINT (-149.05360639448926 -46.433617877046366)
3135,Contenedor Verde,Contenedor Verde,Papel / Cartón / Plástico / Metal / Vidrio,,,Sarachaga 4263,Velez Sarsfield,10,POINT (-149.05622427519933 -46.44381148577841)
3136,Contenedor Verde,Contenedor Verde,Papel / Cartón / Plástico / Metal / Vidrio,,,Sarachaga 4639,Velez Sarsfield,10,POINT (-149.05912071447068 -46.44208248661893)
3137,Contenedor Verde,Contenedor Verde,Papel / Cartón / Plástico / Metal / Vidrio,,,Sarachaga 4871,Velez Sarsfield,10,POINT (-149.05952414737777 -46.4405151385507)
3138,Contenedor Verde,Contenedor Verde,Papel / Cartón / Plástico / Metal / Vidrio,,,Sarachaga 5093,Velez Sarsfield,10,POINT (-149.06003967331097 -46.43851879827305)
3139,Contenedor Verde,Contenedor Verde,Papel / Cartón / Plástico / Metal / Vidrio,,,Segurola Av. 1146,Velez Sarsfield,10,POINT (-149.05127067938238 -46.440579662969625)
3140,Contenedor Verde,Contenedor Verde,Papel / Cartón / Plástico / Metal / Vidrio,,,Segurola Av. 1360,Velez Sarsfield,10,POINT (-149.04944647034992 -46.43920094904555)
3141,Contenedor Verde,Contenedor Verde,Papel / Cartón / Plástico / Metal / Vidrio,,,Segurola Av. 1544,Velez Sarsfield,10,POINT (-149.0478668274917 -46.43800945032129)
3142,Contenedor Verde,Contenedor Verde,Papel / Cartón / Plástico / Metal / Vidrio,,,Segurola Av. 160,Velez Sarsfield,10,POINT (-149.05871414635632 -46.44617406238561)
3143,Contenedor Verde,Contenedor Verde,Papel / Cartón / Plástico / Metal / Vidrio,,,Segurola Av. 350,Velez Sarsfield,10,POINT (-149.05691610548803 -46.444824065666516)
3144,Contenedor Verde,Contenedor Verde,Papel / Cartón / Plástico / Metal / Vidrio,,,Segurola Av. 660,Velez Sarsfield,10,POINT (-149.05498815128007 -46.44337670163862)
3145,Contenedor Verde,Contenedor Verde,Papel / Cartón / Plástico / Metal / Vidrio,,,Segurola Av. 866,Velez Sarsfield,10,POINT (-149.05339364712006 -46.44217536100723)
3146,Contenedor Verde,Contenedor Verde,Papel / Cartón / Plástico / Metal / Vidrio,,,Aguaribay 6752,Versalles,10,POINT (-149.06009769273692 -46.420953545913754)
3147,Contenedor Verde,Contenedor Verde,Papel / Cartón / Plástico / Metal / Vidrio,,,Alcaraz 5950,Versalles,10,POINT (-149.05722808199945 -46.427218766611006)
3148,Contenedor Verde,Contenedor Verde,Papel / Cartón / Plástico / Metal / Vidrio,,,Alcaraz 6140,Versalles,10,POINT (-149.05857529970683 -46.42627524210974)
3149,Contenedor Verde,Contenedor Verde,Papel / Cartón / Plástico / Metal / Vidrio,,,Alvarez Jonte Av. 6083,Versalles,10,POINT (-149.05716456608172 -46.425895957750306)
3150,Contenedor Verde,Contenedor Verde,Papel / Cartón / Plástico / Metal / Vidrio,,,Alvarez Jonte Av. 6260,Versalles,10,POINT (-149.05937086114395 -46.424902533976955)
3151,Contenedor Verde,Contenedor Verde,Papel / Cartón / Plástico / Metal / Vidrio,,,Arregui 6645,Versalles,10,POINT (-149.0557539987342 -46.42098753848415)
3152,Contenedor Verde,Contenedor Verde,Papel / Cartón / Plástico / Metal / Vidrio,,,Arregui 6869,Versalles,10,POINT (-149.05635945279616 -46.419476625469656)
3153,Contenedor Verde,Contenedor Verde,Papel / Cartón / Plástico / Metal / Vidrio,,,Arregui Av. 6079,Versalles,10,POINT (-149.05424000601855 -46.42465233898011)
3154,Contenedor Verde,Contenedor Verde,Papel / Cartón / Plástico / Metal / Vidrio,,,Arregui Av. 6357,Versalles,10,POINT (-149.05507258901852 -46.42257583517422)
3155,Contenedor Verde,Contenedor Verde,Papel / Cartón / Plástico / Metal / Vidrio,,,Barragan 638,Versalles,10,POINT (-149.05938593698562 -46.422633421025246)
3156,Contenedor Verde,Contenedor Verde,Papel / Cartón / Plástico / Metal / Vidrio,,,Barragan 982,Versalles,10,POINT (-149.0544318032448 -46.42167836627772)
3157,Contenedor Verde,Contenedor Verde,Papel / Cartón / Plástico / Metal / Vidrio,,,Bruselas 526,Versalles,10,POINT (-149.0589708152645 -46.42371544148737)
3158,Contenedor Verde,Contenedor Verde,Papel / Cartón / Plástico / Metal / Vidrio,,,Camarones 5864,Versalles,10,POINT (-149.0610185561179 -46.430190542522766)
3159,Contenedor Verde,Contenedor Verde,Papel / Cartón / Plástico / Metal / Vidrio,,,"Gamboa, Marcelo 6145",Versalles,10,POINT (-149.0574873138296 -46.42459069016418)
3160,Contenedor Verde,Contenedor Verde,Papel / Cartón / Plástico / Metal / Vidrio,,,"Gamboa, Marcelo 6387",Versalles,10,POINT (-149.05813237187775 -46.42298793735266)
3161,Contenedor Verde,Contenedor Verde,Papel / Cartón / Plástico / Metal / Vidrio,,,"Gamboa, Marcelo 6579",Versalles,10,POINT (-149.0585212384598 -46.42201735581424)
3162,Contenedor Verde,Contenedor Verde,Papel / Cartón / Plástico / Metal / Vidrio,,,"Gamboa, Marcelo 6749",Versalles,10,POINT (-149.05897997492616 -46.420878629548305)
3163,Contenedor Verde,Contenedor Verde,Papel / Cartón / Plástico / Metal / Vidrio,,,"Gamboa, Marcelo 6975",Versalles,10,POINT (-149.05961802877806 -46.41930390292698)
3164,Contenedor Verde,Contenedor Verde,Papel / Cartón / Plástico / Metal / Vidrio,,,Gana 692,Versalles,10,POINT (-149.05781122960218 -46.42022894047878)
3165,Contenedor Verde,Contenedor Verde,Papel / Cartón / Plástico / Metal / Vidrio,,,Gana 854,Versalles,10,POINT (-149.05562142292146 -46.419807616538385)
3166,Contenedor Verde,Contenedor Verde,Papel / Cartón / Plástico / Metal / Vidrio,,,"Garcia, Juan Agustin 5846",Versalles,10,POINT (-149.05884937289972 -46.429401975885945)
3167,Contenedor Verde,Contenedor Verde,Papel / Cartón / Plástico / Metal / Vidrio,,,"Gonzalez, Elpidio 5873",Versalles,10,POINT (-149.05873030278337 -46.42833752487397)
3168,Contenedor Verde,Contenedor Verde,Papel / Cartón / Plástico / Metal / Vidrio,,,Lascano 5996,Versalles,10,POINT (-149.05550817731526 -46.42564223461123)
3169,Contenedor Verde,Contenedor Verde,Papel / Cartón / Plástico / Metal / Vidrio,,,Lascano 6140,Versalles,10,POINT (-149.05599741460736 -46.42442149667636)
3170,Contenedor Verde,Contenedor Verde,Papel / Cartón / Plástico / Metal / Vidrio,,,Lascano 6368,Versalles,10,POINT (-149.0566427672081 -46.4228271251955)
3171,Contenedor Verde,Contenedor Verde,Papel / Cartón / Plástico / Metal / Vidrio,,,Lascano 6508,Versalles,10,POINT (-149.05694616543656 -46.42207862256379)
3172,Contenedor Verde,Contenedor Verde,Papel / Cartón / Plástico / Metal / Vidrio,,,Lascano 6930,Versalles,10,POINT (-149.05803748823888 -46.41935792245789)
3173,Contenedor Verde,Contenedor Verde,Papel / Cartón / Plástico / Metal / Vidrio,,,Madrid 6885,Versalles,10,POINT (-149.06120876904916 -46.42007974854022)
3174,Contenedor Verde,Contenedor Verde,Papel / Cartón / Plástico / Metal / Vidrio,,,Miranda 6086,Versalles,10,POINT (-149.0588678629531 -46.427222323938274)
3175,Contenedor Verde,Contenedor Verde,Papel / Cartón / Plástico / Metal / Vidrio,,,Nogoya 5988,Versalles,10,POINT (-149.0513819425672 -46.42159609854985)
3176,Contenedor Verde,Contenedor Verde,Papel / Cartón / Plástico / Metal / Vidrio,,,Nogoya 6260,Versalles,10,POINT (-149.05327069526584 -46.419580071978736)
3177,Contenedor Verde,Contenedor Verde,Papel / Cartón / Plástico / Metal / Vidrio,,,Nogoya 6370,Versalles,10,POINT (-149.05380270001396 -46.419013572422905)
3178,Contenedor Verde,Contenedor Verde,Papel / Cartón / Plástico / Metal / Vidrio,,,Ruiz De Los Llanos 1370,Versalles,10,POINT (-149.0529821574903 -46.42472033611274)
3179,Contenedor Verde,Contenedor Verde,Papel / Cartón / Plástico / Metal / Vidrio,,,Santo Tome 6253,Versalles,10,POINT (-149.0536367125988 -46.42235719186333)
3180,Contenedor Verde,Contenedor Verde,Papel / Cartón / Plástico / Metal / Vidrio,,,Santo Tome 6553,Versalles,10,POINT (-149.05431833517875 -46.4206613672973)
3181,Contenedor Verde,Contenedor Verde,Papel / Cartón / Plástico / Metal / Vidrio,,,"Sastre, Marcos 6060",Versalles,10,POINT (-149.05222213613686 -46.42272544253256)
3182,Contenedor Verde,Contenedor Verde,Papel / Cartón / Plástico / Metal / Vidrio,,,"Sastre, Marcos 6390",Versalles,10,POINT (-149.05297143487653 -46.42086683942831)
3183,Contenedor Verde,Contenedor Verde,Papel / Cartón / Plástico / Metal / Vidrio,,,Viena 6641,Versalles,10,POINT (-149.06014807730753 -46.421880992755845)
3184,Contenedor Verde,Contenedor Verde,Papel / Cartón / Plástico / Metal / Vidrio,,,Castillo 1180,Villa Crespo,15,POINT (-149.01320915801483 -46.47227592104929)
3185,Contenedor Verde,Contenedor Verde,Papel / Cartón / Plástico / Metal / Vidrio,,,Castillo 359,Villa Crespo,15,POINT (-149.02021917608292 -46.47630291073908)
3186,Contenedor Verde,Contenedor Verde,Papel / Cartón / Plástico / Metal / Vidrio,,,Castillo 441,Villa Crespo,15,POINT (-149.01943621001163 -46.47586491117099)
3187,Contenedor Verde,Contenedor Verde,Papel / Cartón / Plástico / Metal / Vidrio,,,Castillo 77,Villa Crespo,15,POINT (-149.02267615127258 -46.47768624130425)
3188,Contenedor Verde,Contenedor Verde,Papel / Cartón / Plástico / Metal / Vidrio,,,Vera 662,Villa Crespo,15,POINT (-149.0213161754149 -46.47269420743305)
3189,Contenedor Verde,Contenedor Verde,Papel / Cartón / Plástico / Metal / Vidrio,,,Mu?ecas 1039,Villa Crespo,15,POINT (-149.02233001689734 -46.46732737168298)
3190,Contenedor Verde,Contenedor Verde,Papel / Cartón / Plástico / Metal / Vidrio,,,Mu?ecas 1395,Villa Crespo,15,POINT (-149.01976295047783 -46.46562526960269)
3191,Contenedor Verde,Contenedor Verde,Papel / Cartón / Plástico / Metal / Vidrio,,,Mu?ecas 807,Villa Crespo,15,POINT (-149.0243429413905 -46.46866681706193)
3192,Contenedor Verde,Contenedor Verde,Papel / Cartón / Plástico / Metal / Vidrio,,,Acevedo 1059,Villa Crespo,15,POINT (-149.01691130183903 -46.47594382113791)
3193,Contenedor Verde,Contenedor Verde,Papel / Cartón / Plástico / Metal / Vidrio,,,Acoyte 1437,Villa Crespo,15,POINT (-149.02720398697593 -46.47044199192249)
3194,Contenedor Verde,Contenedor Verde,Papel / Cartón / Plástico / Metal / Vidrio,,,Aguirre 279,Villa Crespo,15,POINT (-149.02321525092384 -46.4758795205124)
3195,Contenedor Verde,Contenedor Verde,Papel / Cartón / Plástico / Metal / Vidrio,,,Aguirre 445,Villa Crespo,15,POINT (-149.02173051243898 -46.4750469861017)
3196,Contenedor Verde,Contenedor Verde,Papel / Cartón / Plástico / Metal / Vidrio,,,Aguirre 661,Villa Crespo,15,POINT (-149.0198492162919 -46.47399431406611)
3197,Contenedor Verde,Contenedor Verde,Papel / Cartón / Plástico / Metal / Vidrio,,,"Belaustegui, Luis, Dr. 910",Villa Crespo,15,POINT (-149.02879347727517 -46.463454331804954)
3198,Contenedor Verde,Contenedor Verde,Papel / Cartón / Plástico / Metal / Vidrio,,,"Bernasconi, Mario 2255",Villa Crespo,15,POINT (-149.02166650966163 -46.46352626953632)
3199,Contenedor Verde,Contenedor Verde,Papel / Cartón / Plástico / Metal / Vidrio,,,Camargo 275,Villa Crespo,15,POINT (-149.026260003165 -46.473247464382965)
3200,Contenedor Verde,Contenedor Verde,Papel / Cartón / Plástico / Metal / Vidrio,,,Camargo 409,Villa Crespo,15,POINT (-149.02499392818063 -46.472555452644485)
3201,Contenedor Verde,Contenedor Verde,Papel / Cartón / Plástico / Metal / Vidrio,,,Camargo 617,Villa Crespo,15,POINT (-149.02345922478136 -46.47161424480305)
3202,Contenedor Verde,Contenedor Verde,Papel / Cartón / Plástico / Metal / Vidrio,,,Camargo 751,Villa Crespo,15,POINT (-149.02227537172737 -46.470826503168645)
3203,Contenedor Verde,Contenedor Verde,Papel / Cartón / Plástico / Metal / Vidrio,,,Camargo 911,Villa Crespo,15,POINT (-149.02068952444975 -46.46977021307037)
3204,Contenedor Verde,Contenedor Verde,Papel / Cartón / Plástico / Metal / Vidrio,,,Casafoust 730,Villa Crespo,15,POINT (-149.02377832787815 -46.462494224977874)
3205,Contenedor Verde,Contenedor Verde,Papel / Cartón / Plástico / Metal / Vidrio,,,Corrientes Av. 5128,Villa Crespo,15,POINT (-149.02397600691893 -46.473361047546945)
3206,Contenedor Verde,Contenedor Verde,Papel / Cartón / Plástico / Metal / Vidrio,,,Corrientes Av. 5370,Villa Crespo,15,POINT (-149.02208252083472 -46.47188489985471)
3207,Contenedor Verde,Contenedor Verde,Papel / Cartón / Plástico / Metal / Vidrio,,,Corrientes Av. 5666,Villa Crespo,15,POINT (-149.0195764337899 -46.47018644890879)
3208,Contenedor Verde,Contenedor Verde,Papel / Cartón / Plástico / Metal / Vidrio,,,Corrientes Av. 5868,Villa Crespo,15,POINT (-149.01798342734324 -46.469160151881994)
3209,Contenedor Verde,Contenedor Verde,Papel / Cartón / Plástico / Metal / Vidrio,,,Cucha Cucha 1692,Villa Crespo,15,POINT (-149.02802593285074 -46.463178427475675)
3210,Contenedor Verde,Contenedor Verde,Papel / Cartón / Plástico / Metal / Vidrio,,,Darwin 1050,Villa Crespo,15,POINT (-149.01422371309994 -46.4713068456958)
3211,Contenedor Verde,Contenedor Verde,Papel / Cartón / Plástico / Metal / Vidrio,,,Darwin 192,Villa Crespo,15,POINT (-149.02118478871847 -46.46633809924369)
3212,Contenedor Verde,Contenedor Verde,Papel / Cartón / Plástico / Metal / Vidrio,,,Darwin 558,Villa Crespo,15,POINT (-149.01804527216743 -46.46866214357714)
3213,Contenedor Verde,Contenedor Verde,Papel / Cartón / Plástico / Metal / Vidrio,,,Dorrego Av. 213,Villa Crespo,15,POINT (-149.020502293606 -46.46396844670994)
3214,Contenedor Verde,Contenedor Verde,Papel / Cartón / Plástico / Metal / Vidrio,,,"Drago, Luis Maria 234",Villa Crespo,15,POINT (-149.02578804451656 -46.474102655279374)
3215,Contenedor Verde,Contenedor Verde,Papel / Cartón / Plástico / Metal / Vidrio,,,"Drago, Luis Maria 352",Villa Crespo,15,POINT (-149.02483038235317 -46.4735400986933)
3216,Contenedor Verde,Contenedor Verde,Papel / Cartón / Plástico / Metal / Vidrio,,,"Figueroa, D. Apolinario, Coronel 574",Villa Crespo,15,POINT (-149.03021296098166 -46.467512591583194)
3217,Contenedor Verde,Contenedor Verde,Papel / Cartón / Plástico / Metal / Vidrio,,,Fitz Roy 104,Villa Crespo,15,POINT (-149.02133279310635 -46.464272256214656)
3218,Contenedor Verde,Contenedor Verde,Papel / Cartón / Plástico / Metal / Vidrio,,,Fitz Roy 818,Villa Crespo,15,POINT (-149.01442369271177 -46.46905023487267)
3219,Contenedor Verde,Contenedor Verde,Papel / Cartón / Plástico / Metal / Vidrio,,,Galicia 732,Villa Crespo,15,POINT (-149.02979477166505 -46.46569206990361)
3220,Contenedor Verde,Contenedor Verde,Papel / Cartón / Plástico / Metal / Vidrio,,,"Gandhi, Mahatma 329",Villa Crespo,15,POINT (-149.02774113084445 -46.47157651056027)
3221,Contenedor Verde,Contenedor Verde,Papel / Cartón / Plástico / Metal / Vidrio,,,Gurruchaga 262,Villa Crespo,15,POINT (-149.02301109390666 -46.46966207337395)
3222,Contenedor Verde,Contenedor Verde,Papel / Cartón / Plástico / Metal / Vidrio,,,Gurruchaga 520,Villa Crespo,15,POINT (-149.02057914925953 -46.471369568489656)
3223,Contenedor Verde,Contenedor Verde,Papel / Cartón / Plástico / Metal / Vidrio,,,Gurruchaga 784,Villa Crespo,15,POINT (-149.0186675657592 -46.473011520144965)
3224,Contenedor Verde,Contenedor Verde,Papel / Cartón / Plástico / Metal / Vidrio,,,Hidalgo 1230,Villa Crespo,15,POINT (-149.0298767485888 -46.47097086275156)
3225,Contenedor Verde,Contenedor Verde,Papel / Cartón / Plástico / Metal / Vidrio,,,Hidalgo 1322,Villa Crespo,15,POINT (-149.0288955640164 -46.47037953370475)
3226,Contenedor Verde,Contenedor Verde,Papel / Cartón / Plástico / Metal / Vidrio,,,Hidalgo 1620,Villa Crespo,15,POINT (-149.02672804494824 -46.46908815874157)
3227,Contenedor Verde,Contenedor Verde,Papel / Cartón / Plástico / Metal / Vidrio,,,Huaura 1402,Villa Crespo,15,POINT (-149.0213022208985 -46.46418584824926)
3228,Contenedor Verde,Contenedor Verde,Papel / Cartón / Plástico / Metal / Vidrio,,,Humboldt 1143,Villa Crespo,15,POINT (-149.01267965811545 -46.471438725405726)
3229,Contenedor Verde,Contenedor Verde,Papel / Cartón / Plástico / Metal / Vidrio,,,Jufre 142,Villa Crespo,15,POINT (-149.0212572225244 -46.47784302599527)
3230,Contenedor Verde,Contenedor Verde,Papel / Cartón / Plástico / Metal / Vidrio,,,Jufre 692,Villa Crespo,15,POINT (-149.0164855252795 -46.47516494693596)
3231,Contenedor Verde,Contenedor Verde,Papel / Cartón / Plástico / Metal / Vidrio,,,"Justo, Juan B. Av. 2455",Villa Crespo,15,POINT (-149.01744229825516 -46.47010864826201)
3232,Contenedor Verde,Contenedor Verde,Papel / Cartón / Plástico / Metal / Vidrio,,,Lavalleja 305,Villa Crespo,15,POINT (-149.02522487207005 -46.475058271718055)
3233,Contenedor Verde,Contenedor Verde,Papel / Cartón / Plástico / Metal / Vidrio,,,Leiva 4640,Villa Crespo,15,POINT (-149.01967455420885 -46.46384328666793)
3234,Contenedor Verde,Contenedor Verde,Papel / Cartón / Plástico / Metal / Vidrio,,,Lerma 167,Villa Crespo,15,POINT (-149.02039067538647 -46.47849460609396)
3235,Contenedor Verde,Contenedor Verde,Papel / Cartón / Plástico / Metal / Vidrio,,,Lerma 371,Villa Crespo,15,POINT (-149.01857451531737 -46.47747807781668)
3236,Contenedor Verde,Contenedor Verde,Papel / Cartón / Plástico / Metal / Vidrio,,,Loyola 214,Villa Crespo,15,POINT (-149.0220669686342 -46.47619409126418)
3237,Contenedor Verde,Contenedor Verde,Papel / Cartón / Plástico / Metal / Vidrio,,,Loyola 492,Villa Crespo,15,POINT (-149.01981954599276 -46.47493564746263)
3238,Contenedor Verde,Contenedor Verde,Papel / Cartón / Plástico / Metal / Vidrio,,,Loyola 634,Villa Crespo,15,POINT (-149.0183956454898 -46.47413579523501)
3239,Contenedor Verde,Contenedor Verde,Papel / Cartón / Plástico / Metal / Vidrio,,,Malabia 1196,Villa Crespo,15,POINT (-149.01688394752443 -46.477208042714715)
3240,Contenedor Verde,Contenedor Verde,Papel / Cartón / Plástico / Metal / Vidrio,,,Malabia 950,Villa Crespo,15,POINT (-149.01852895828094 -46.475803479406764)
3241,Contenedor Verde,Contenedor Verde,Papel / Cartón / Plástico / Metal / Vidrio,,,"Marechal, Leopoldo 1164",Villa Crespo,15,POINT (-149.02902074876158 -46.47238363581756)
3242,Contenedor Verde,Contenedor Verde,Papel / Cartón / Plástico / Metal / Vidrio,,,Murillo 689,Villa Crespo,15,POINT (-149.02458125392755 -46.47000053388447)
3243,Contenedor Verde,Contenedor Verde,Papel / Cartón / Plástico / Metal / Vidrio,,,Murillo 963,Villa Crespo,15,POINT (-149.0221590431987 -46.46839288067125)
3244,Contenedor Verde,Contenedor Verde,Papel / Cartón / Plástico / Metal / Vidrio,,,Olaya 1454,Villa Crespo,15,POINT (-149.02785215076227 -46.46876664756632)
3245,Contenedor Verde,Contenedor Verde,Papel / Cartón / Plástico / Metal / Vidrio,,,Olaya 1646,Villa Crespo,15,POINT (-149.02626714058994 -46.46787508323187)
3246,Contenedor Verde,Contenedor Verde,Papel / Cartón / Plástico / Metal / Vidrio,,,Padilla 1078,Villa Crespo,15,POINT (-149.0203804456365 -46.46829672244613)
3247,Contenedor Verde,Contenedor Verde,Papel / Cartón / Plástico / Metal / Vidrio,,,Padilla 1246,Villa Crespo,15,POINT (-149.0191273215541 -46.46746670682157)
3248,Contenedor Verde,Contenedor Verde,Papel / Cartón / Plástico / Metal / Vidrio,,,Paysandu 1842,Villa Crespo,15,POINT (-149.02777079426113 -46.46137019460065)
3249,Contenedor Verde,Contenedor Verde,Papel / Cartón / Plástico / Metal / Vidrio,,,Paysandu 1952,Villa Crespo,15,POINT (-149.02660480048593 -46.46155687555635)
3250,Contenedor Verde,Contenedor Verde,Papel / Cartón / Plástico / Metal / Vidrio,,,"Pueyrredon, Honorio, Dr. Av. 1158",Villa Crespo,15,POINT (-149.0309927789499 -46.468463499791966)
3251,Contenedor Verde,Contenedor Verde,Papel / Cartón / Plástico / Metal / Vidrio,,,"Pueyrredon, Honorio, Dr. Av. 1406",Villa Crespo,15,POINT (-149.02880926213993 -46.46738217165315)
3252,Contenedor Verde,Contenedor Verde,Papel / Cartón / Plástico / Metal / Vidrio,,,"Pueyrredon, Honorio, Dr. Av. 1650",Villa Crespo,15,POINT (-149.02646505126535 -46.46608240112547)
3253,Contenedor Verde,Contenedor Verde,Papel / Cartón / Plástico / Metal / Vidrio,,,"Pueyrredon, Honorio, Dr. Av. 1818",Villa Crespo,15,POINT (-149.02496799574712 -46.46525329036508)
3254,Contenedor Verde,Contenedor Verde,Papel / Cartón / Plástico / Metal / Vidrio,,,"Ramirez De Velasco, Juan 1181",Villa Crespo,15,POINT (-149.015650346292 -46.47058009060872)
3255,Contenedor Verde,Contenedor Verde,Papel / Cartón / Plástico / Metal / Vidrio,,,"Ramirez De Velasco, Juan 219",Villa Crespo,15,POINT (-149.0243325866247 -46.475453724434935)
3256,Contenedor Verde,Contenedor Verde,Papel / Cartón / Plástico / Metal / Vidrio,,,"Ramirez De Velasco, Juan 615",Villa Crespo,15,POINT (-149.02096753681968 -46.47356937257339)
3257,Contenedor Verde,Contenedor Verde,Papel / Cartón / Plástico / Metal / Vidrio,,,"Repetto, Nicolas, Dr. 1817",Villa Crespo,15,POINT (-149.02689475436813 -46.463581062382346)
3258,Contenedor Verde,Contenedor Verde,Papel / Cartón / Plástico / Metal / Vidrio,,,"Repetto, Nicolas, Dr. 2041",Villa Crespo,15,POINT (-149.02547906453387 -46.462763918166196)
3259,Contenedor Verde,Contenedor Verde,Papel / Cartón / Plástico / Metal / Vidrio,,,"Rodriguez, Manuel A., General 1367",Villa Crespo,15,POINT (-149.03053207549422 -46.46652249855925)
3260,Contenedor Verde,Contenedor Verde,Papel / Cartón / Plástico / Metal / Vidrio,,,"Rodriguez, Manuel A., General 1657",Villa Crespo,15,POINT (-149.0276813971708 -46.46496028049395)
3261,Contenedor Verde,Contenedor Verde,Papel / Cartón / Plástico / Metal / Vidrio,,,"Rodriguez, Manuel A., General 1861",Villa Crespo,15,POINT (-149.02597606820453 -46.4640143297269)
3262,Contenedor Verde,Contenedor Verde,Papel / Cartón / Plástico / Metal / Vidrio,,,"Rodriguez, Manuel A., General 2045",Villa Crespo,15,POINT (-149.02469842170143 -46.46330754753143)
3263,Contenedor Verde,Contenedor Verde,Papel / Cartón / Plástico / Metal / Vidrio,,,"Rodriguez, Manuel A., General 2321",Villa Crespo,15,POINT (-149.02258154078538 -46.46196691376327)
3264,Contenedor Verde,Contenedor Verde,Papel / Cartón / Plástico / Metal / Vidrio,,,Rojas 1466,Villa Crespo,15,POINT (-149.02909906121965 -46.46659275137424)
3265,Contenedor Verde,Contenedor Verde,Papel / Cartón / Plástico / Metal / Vidrio,,,Rojas 1660,Villa Crespo,15,POINT (-149.02708086106654 -46.46548253935848)
3266,Contenedor Verde,Contenedor Verde,Papel / Cartón / Plástico / Metal / Vidrio,,,Rojas 1866,Villa Crespo,15,POINT (-149.02534253207693 -46.46452758237633)
3267,Contenedor Verde,Contenedor Verde,Papel / Cartón / Plástico / Metal / Vidrio,,,Rojas 2190,Villa Crespo,15,POINT (-149.02304729266163 -46.463264144011006)
3268,Contenedor Verde,Contenedor Verde,Papel / Cartón / Plástico / Metal / Vidrio,,,"Scalabrini Ortiz, Raul Av. 78",Villa Crespo,15,POINT (-149.02534587576662 -46.47126442171218)
3269,Contenedor Verde,Contenedor Verde,Papel / Cartón / Plástico / Metal / Vidrio,,,Serrano 1029,Villa Crespo,15,POINT (-149.01601589109157 -46.47425309036031)
3270,Contenedor Verde,Contenedor Verde,Papel / Cartón / Plástico / Metal / Vidrio,,,Serrano 295,Villa Crespo,15,POINT (-149.02216823145977 -46.46914175677745)
3271,Contenedor Verde,Contenedor Verde,Papel / Cartón / Plástico / Metal / Vidrio,,,Serrano 669,Villa Crespo,15,POINT (-149.0185680147341 -46.471932119096856)
3272,Contenedor Verde,Contenedor Verde,Papel / Cartón / Plástico / Metal / Vidrio,,,Serrano 841,Villa Crespo,15,POINT (-149.01735505102357 -46.47303474246751)
3273,Contenedor Verde,Contenedor Verde,Papel / Cartón / Plástico / Metal / Vidrio,,,Sunchales 565,Villa Crespo,15,POINT (-149.0233207322809 -46.463787571559415)
3274,Contenedor Verde,Contenedor Verde,Papel / Cartón / Plástico / Metal / Vidrio,,,Sunchales 883,Villa Crespo,15,POINT (-149.02582674368054 -46.46198982822402)
3275,Contenedor Verde,Contenedor Verde,Papel / Cartón / Plástico / Metal / Vidrio,,,Thames 1188,Villa Crespo,15,POINT (-149.0141768629142 -46.47463934132924)
3276,Contenedor Verde,Contenedor Verde,Papel / Cartón / Plástico / Metal / Vidrio,,,Thames 778,Villa Crespo,15,POINT (-149.01699091231447 -46.471953911056204)
3277,Contenedor Verde,Contenedor Verde,Papel / Cartón / Plástico / Metal / Vidrio,,,Uriarte 1118,Villa Crespo,15,POINT (-149.0140143384397 -46.47377651113945)
3278,Contenedor Verde,Contenedor Verde,Papel / Cartón / Plástico / Metal / Vidrio,,,Uriarte 958,Villa Crespo,15,POINT (-149.01520306161507 -46.47276954068361)
3279,Contenedor Verde,Contenedor Verde,Papel / Cartón / Plástico / Metal / Vidrio,,,Vera 107,Villa Crespo,15,POINT (-149.02591520778458 -46.475429990350385)
3280,Contenedor Verde,Contenedor Verde,Papel / Cartón / Plástico / Metal / Vidrio,,,Vera 1237,Villa Crespo,15,POINT (-149.01592936308325 -46.46975807928306)
3281,Contenedor Verde,Contenedor Verde,Papel / Cartón / Plástico / Metal / Vidrio,,,Villarroel 1249,Villa Crespo,15,POINT (-149.0166010156848 -46.469271008047706)
3282,Contenedor Verde,Contenedor Verde,Papel / Cartón / Plástico / Metal / Vidrio,,,"Virasoro, Valentin 1345",Villa Crespo,15,POINT (-149.0293663272407 -46.4687091911616)
3283,Contenedor Verde,Contenedor Verde,Papel / Cartón / Plástico / Metal / Vidrio,,,"Virasoro, Valentin 1571",Villa Crespo,15,POINT (-149.02763274878217 -46.46777935898976)
3284,Contenedor Verde,Contenedor Verde,Papel / Cartón / Plástico / Metal / Vidrio,,,"Virasoro, Valentin 1791",Villa Crespo,15,POINT (-149.02531888553176 -46.46649070355059)
3285,Contenedor Verde,Contenedor Verde,Papel / Cartón / Plástico / Metal / Vidrio,,,"Virasoro, Valentin 1953",Villa Crespo,15,POINT (-149.02401996929416 -46.465762691555994)
3286,Contenedor Verde,Contenedor Verde,Papel / Cartón / Plástico / Metal / Vidrio,,,Warnes Av. 344,Villa Crespo,15,POINT (-149.02643231979863 -46.47098578461933)
3287,Contenedor Verde,Contenedor Verde,Papel / Cartón / Plástico / Metal / Vidrio,,,Warnes Av. 452,Villa Crespo,15,POINT (-149.0260041098374 -46.47035714533573)
3288,Contenedor Verde,Contenedor Verde,Papel / Cartón / Plástico / Metal / Vidrio,,,Warnes Av. 750,Villa Crespo,15,POINT (-149.02457863077663 -46.467889796803405)
3289,Contenedor Verde,Contenedor Verde,Papel / Cartón / Plástico / Metal / Vidrio,,,Warnes Av. 912,Villa Crespo,15,POINT (-149.02371620836422 -46.46630371025482)
3290,Contenedor Verde,Contenedor Verde,Papel / Cartón / Plástico / Metal / Vidrio,,,Warnes Av. 99,Villa Crespo,15,POINT (-149.02768790609852 -46.47301275675371)
3291,Contenedor Verde,Contenedor Verde,Papel / Cartón / Plástico / Metal / Vidrio,,,Cordoba Av. 4171,Villa Crespo,15,POINT (-149.01998001402785 -46.48068589116433)
3292,Contenedor Verde,Contenedor Verde,Papel / Cartón / Plástico / Metal / Vidrio,,,Argerich 3356,Villa Del Parque,11,POINT (-149.02228613635202 -46.4395786497804)
3293,Contenedor Verde,Contenedor Verde,Papel / Cartón / Plástico / Metal / Vidrio,,,Arregui 2385,Villa Del Parque,11,POINT (-149.026583049141 -46.44852987883568)
3294,Contenedor Verde,Contenedor Verde,Papel / Cartón / Plástico / Metal / Vidrio,,,Arregui 2557,Villa Del Parque,11,POINT (-149.02802737744491 -46.44714093491181)
3295,Contenedor Verde,Contenedor Verde,Papel / Cartón / Plástico / Metal / Vidrio,,,Arregui 2739,Villa Del Parque,11,POINT (-149.0295519789126 -46.44568111998896)
3296,Contenedor Verde,Contenedor Verde,Papel / Cartón / Plástico / Metal / Vidrio,,,Arregui 3065,Villa Del Parque,11,POINT (-149.03190822472203 -46.44342295205433)
3297,Contenedor Verde,Contenedor Verde,Papel / Cartón / Plástico / Metal / Vidrio,,,Arregui 3247,Villa Del Parque,11,POINT (-149.0333638288649 -46.44202170031746)
3298,Contenedor Verde,Contenedor Verde,Papel / Cartón / Plástico / Metal / Vidrio,,,Arregui 3549,Villa Del Parque,11,POINT (-149.03520037977216 -46.4402317368477)
3299,Contenedor Verde,Contenedor Verde,Papel / Cartón / Plástico / Metal / Vidrio,,,Arregui 3789,Villa Del Parque,11,POINT (-149.0369113254574 -46.438588431369595)
3300,Contenedor Verde,Contenedor Verde,Papel / Cartón / Plástico / Metal / Vidrio,,,"Artigas, Jose Gervasio, Gral.	2301",Villa Del Parque,11,POINT (-149.03079225813985 -46.44921061274729)
3301,Contenedor Verde,Contenedor Verde,Papel / Cartón / Plástico / Metal / Vidrio,,,Baigorria 2735,Villa Del Parque,11,POINT (-149.02629741973738 -46.443925545704964)
3302,Contenedor Verde,Contenedor Verde,Papel / Cartón / Plástico / Metal / Vidrio,,,Baigorria 3505,Villa Del Parque,11,POINT (-149.03177356133688 -46.43879286174469)
3303,Contenedor Verde,Contenedor Verde,Papel / Cartón / Plástico / Metal / Vidrio,,,Baigorria 3619,Villa Del Parque,11,POINT (-149.0324807866874 -46.438125848914495)
3304,Contenedor Verde,Contenedor Verde,Papel / Cartón / Plástico / Metal / Vidrio,,,Baigorria 3827,Villa Del Parque,11,POINT (-149.03406368139042 -46.43667844444343)
3305,Contenedor Verde,Contenedor Verde,Papel / Cartón / Plástico / Metal / Vidrio,,,"Beiro, Francisco Av. 3270",Villa Del Parque,11,POINT (-149.02285739041187 -46.436827706604696)
3306,Contenedor Verde,Contenedor Verde,Papel / Cartón / Plástico / Metal / Vidrio,,,"Beiro, Francisco Av. 3480",Villa Del Parque,11,POINT (-149.0248143990652 -46.43510830568622)
3307,Contenedor Verde,Contenedor Verde,Papel / Cartón / Plástico / Metal / Vidrio,,,"Beiro, Francisco Av. 3677",Villa Del Parque,11,POINT (-149.02648724167898 -46.43350426789806)
3308,Contenedor Verde,Contenedor Verde,Papel / Cartón / Plástico / Metal / Vidrio,,,Biarritz 2283,Villa Del Parque,11,POINT (-149.02935312837366 -46.450757342729595)
3309,Contenedor Verde,Contenedor Verde,Papel / Cartón / Plástico / Metal / Vidrio,,,Biarritz 2631,Villa Del Parque,11,POINT (-149.03191791765457 -46.44819341250957)
3310,Contenedor Verde,Contenedor Verde,Papel / Cartón / Plástico / Metal / Vidrio,,,"Carranza, Adolfo P. 2228",Villa Del Parque,11,POINT (-149.02812000166196 -46.45063921753902)
3311,Contenedor Verde,Contenedor Verde,Papel / Cartón / Plástico / Metal / Vidrio,,,"Carranza, Adolfo P. 2384",Villa Del Parque,11,POINT (-149.02911553023446 -46.44965908922883)
3312,Contenedor Verde,Contenedor Verde,Papel / Cartón / Plástico / Metal / Vidrio,,,"Carranza, Adolfo P. 2552",Villa Del Parque,11,POINT (-149.0303886892823 -46.44838690418767)
3313,Contenedor Verde,Contenedor Verde,Papel / Cartón / Plástico / Metal / Vidrio,,,"Carranza, Adolfo P. 2754",Villa Del Parque,11,POINT (-149.03185024656676 -46.446760535286245)
3314,Contenedor Verde,Contenedor Verde,Papel / Cartón / Plástico / Metal / Vidrio,,,Concordia 3127,Villa Del Parque,11,POINT (-149.02778793037024 -46.43627381990047)
3315,Contenedor Verde,Contenedor Verde,Papel / Cartón / Plástico / Metal / Vidrio,,,Condarco 2772,Villa Del Parque,11,POINT (-149.0274379124338 -46.444970611991664)
3316,Contenedor Verde,Contenedor Verde,Papel / Cartón / Plástico / Metal / Vidrio,,,"Gonzalez, Joaquin v. 2766",Villa Del Parque,11,POINT (-149.0332300019576 -46.43551840599702)
3317,Contenedor Verde,Contenedor Verde,Papel / Cartón / Plástico / Metal / Vidrio,,,"Gutierrez, Ricardo 3451",Villa Del Parque,11,POINT (-149.02667499479622 -46.436170291452385)
3318,Contenedor Verde,Contenedor Verde,Papel / Cartón / Plástico / Metal / Vidrio,,,Helguera 2845,Villa Del Parque,11,POINT (-149.0276891318073 -46.44087969116302)
3319,Contenedor Verde,Contenedor Verde,Papel / Cartón / Plástico / Metal / Vidrio,,,"Lamarca, Emilio 2150",Villa Del Parque,11,POINT (-149.03797237437772 -46.44005930086142)
3320,Contenedor Verde,Contenedor Verde,Papel / Cartón / Plástico / Metal / Vidrio,,,"Lamarca, Emilio 2372",Villa Del Parque,11,POINT (-149.03577193121856 -46.43897093217723)
3321,Contenedor Verde,Contenedor Verde,Papel / Cartón / Plástico / Metal / Vidrio,,,"Lamarca, Emilio 3258",Villa Del Parque,11,POINT (-149.02748417804185 -46.434794133023324)
3322,Contenedor Verde,Contenedor Verde,Papel / Cartón / Plástico / Metal / Vidrio,,,Lascano 2332,Villa Del Parque,11,POINT (-149.02793293085114 -46.449539989112516)
3323,Contenedor Verde,Contenedor Verde,Papel / Cartón / Plástico / Metal / Vidrio,,,Lascano 2568,Villa Del Parque,11,POINT (-149.02962481925434 -46.44786141482196)
3324,Contenedor Verde,Contenedor Verde,Papel / Cartón / Plástico / Metal / Vidrio,,,Lascano 2964,Villa Del Parque,11,POINT (-149.0324594627742 -46.44476242608754)
3325,Contenedor Verde,Contenedor Verde,Papel / Cartón / Plástico / Metal / Vidrio,,,Lascano 3138,Villa Del Parque,11,POINT (-149.03372022965303 -46.44351437431457)
3326,Contenedor Verde,Contenedor Verde,Papel / Cartón / Plástico / Metal / Vidrio,,,Lascano 3350,Villa Del Parque,11,POINT (-149.03522617701003 -46.44204790976585)
3327,Contenedor Verde,Contenedor Verde,Papel / Cartón / Plástico / Metal / Vidrio,,,Lascano 3826,Villa Del Parque,11,POINT (-149.038517908337 -46.43885405586851)
3328,Contenedor Verde,Contenedor Verde,Papel / Cartón / Plástico / Metal / Vidrio,,,"Lozano, Pedro 2737",Villa Del Parque,11,POINT (-149.02266652094463 -46.442386026093615)
3329,Contenedor Verde,Contenedor Verde,Papel / Cartón / Plástico / Metal / Vidrio,,,"Lozano, Pedro 3050",Villa Del Parque,11,POINT (-149.0250676387341 -46.44028484453748)
3330,Contenedor Verde,Contenedor Verde,Papel / Cartón / Plástico / Metal / Vidrio,,,"Lozano, Pedro 3406",Villa Del Parque,11,POINT (-149.02792070419164 -46.437675733268826)
3331,Contenedor Verde,Contenedor Verde,Papel / Cartón / Plástico / Metal / Vidrio,,,"Lozano, Pedro 3720",Villa Del Parque,11,POINT (-149.02993177332715 -46.435844577722975)
3332,Contenedor Verde,Contenedor Verde,Papel / Cartón / Plástico / Metal / Vidrio,,,"Lozano, Pedro 3834",Villa Del Parque,11,POINT (-149.03084849047033 -46.43502808084965)
3333,Contenedor Verde,Contenedor Verde,Papel / Cartón / Plástico / Metal / Vidrio,,,Martin Pescador 2202,Villa Del Parque,11,POINT (-149.03638194763582 -46.44069362710318)
3334,Contenedor Verde,Contenedor Verde,Papel / Cartón / Plástico / Metal / Vidrio,,,Melincue 2545,Villa Del Parque,11,POINT (-149.02293326172654 -46.444336051898716)
3335,Contenedor Verde,Contenedor Verde,Papel / Cartón / Plástico / Metal / Vidrio,,,Melincue 2722,Villa Del Parque,11,POINT (-149.0243203035226 -46.44315573159817)
3336,Contenedor Verde,Contenedor Verde,Papel / Cartón / Plástico / Metal / Vidrio,,,Melincue 3305,Villa Del Parque,11,POINT (-149.02887625479613 -46.43890318726599)
3337,Contenedor Verde,Contenedor Verde,Papel / Cartón / Plástico / Metal / Vidrio,,,Melincue 3587,Villa Del Parque,11,POINT (-149.03028624772182 -46.43761460640144)
3338,Contenedor Verde,Contenedor Verde,Papel / Cartón / Plástico / Metal / Vidrio,,,Melincue 3655,Villa Del Parque,11,POINT (-149.03090795036363 -46.43704571411685)
3339,Contenedor Verde,Contenedor Verde,Papel / Cartón / Plástico / Metal / Vidrio,,,Melincue 3805,Villa Del Parque,11,POINT (-149.03215477328592 -46.43598951816746)
3340,Contenedor Verde,Contenedor Verde,Papel / Cartón / Plástico / Metal / Vidrio,,,Nazarre 2700,Villa Del Parque,11,POINT (-149.0233110733774 -46.44311659696402)
3341,Contenedor Verde,Contenedor Verde,Papel / Cartón / Plástico / Metal / Vidrio,,,Nazarre 2923,Villa Del Parque,11,POINT (-149.02501685695114 -46.44143904227066)
3342,Contenedor Verde,Contenedor Verde,Papel / Cartón / Plástico / Metal / Vidrio,,,Nazarre 3447,Villa Del Parque,11,POINT (-149.02890073351813 -46.43790531416443)
3343,Contenedor Verde,Contenedor Verde,Papel / Cartón / Plástico / Metal / Vidrio,,,Nazarre 3767,Villa Del Parque,11,POINT (-149.03109963468802 -46.43589361597095)
3344,Contenedor Verde,Contenedor Verde,Papel / Cartón / Plástico / Metal / Vidrio,,,Nazca Av. 2538,Villa Del Parque,11,POINT (-149.03154913543804 -46.4449433712529)
3345,Contenedor Verde,Contenedor Verde,Papel / Cartón / Plástico / Metal / Vidrio,,,Nogoya 2458,Villa Del Parque,11,POINT (-149.0234123571124 -46.44538679870612)
3346,Contenedor Verde,Contenedor Verde,Papel / Cartón / Plástico / Metal / Vidrio,,,Nogoya 2650,Villa Del Parque,11,POINT (-149.02485472906466 -46.44404240238138)
3347,Contenedor Verde,Contenedor Verde,Papel / Cartón / Plástico / Metal / Vidrio,,,Nogoya 2998,Villa Del Parque,11,POINT (-149.0271501093347 -46.44189939700007)
3348,Contenedor Verde,Contenedor Verde,Papel / Cartón / Plástico / Metal / Vidrio,,,Nogoya 3548,Villa Del Parque,11,POINT (-149.03115678469564 -46.438156777657035)
3349,Contenedor Verde,Contenedor Verde,Papel / Cartón / Plástico / Metal / Vidrio,,,Nogoya 3754,Villa Del Parque,11,POINT (-149.03248982351644 -46.436916004775924)
3350,Contenedor Verde,Contenedor Verde,Papel / Cartón / Plástico / Metal / Vidrio,,,"Rivas, Gral. 2474",Villa Del Parque,11,POINT (-149.0244796817516 -46.446360947764916)
3351,Contenedor Verde,Contenedor Verde,Papel / Cartón / Plástico / Metal / Vidrio,,,San Martin Av. 4404,Villa Del Parque,11,POINT (-149.02284733406057 -46.446767629242565)
3352,Contenedor Verde,Contenedor Verde,Papel / Cartón / Plástico / Metal / Vidrio,,,San Martin Av. 4988,Villa Del Parque,11,POINT (-149.02211862788718 -46.44311611766336)
3353,Contenedor Verde,Contenedor Verde,Papel / Cartón / Plástico / Metal / Vidrio,,,Santo Tome 2481,Villa Del Parque,11,POINT (-149.02634790844806 -46.44719525667489)
3354,Contenedor Verde,Contenedor Verde,Papel / Cartón / Plástico / Metal / Vidrio,,,Santo Tome 2765,Villa Del Parque,11,POINT (-149.02855866905904 -46.44513616465134)
3355,Contenedor Verde,Contenedor Verde,Papel / Cartón / Plástico / Metal / Vidrio,,,Santo Tome 2991,Villa Del Parque,11,POINT (-149.03021944061595 -46.443585846531924)
3356,Contenedor Verde,Contenedor Verde,Papel / Cartón / Plástico / Metal / Vidrio,,,Santo Tome 3165,Villa Del Parque,11,POINT (-149.0317402655731 -46.442161187102485)
3357,Contenedor Verde,Contenedor Verde,Papel / Cartón / Plástico / Metal / Vidrio,,,Santo Tome 3327,Villa Del Parque,11,POINT (-149.03306408129134 -46.44091380418441)
3358,Contenedor Verde,Contenedor Verde,Papel / Cartón / Plástico / Metal / Vidrio,,,"Sastre, Marcos 2618",Villa Del Parque,11,POINT (-149.02617504048533 -46.44552375275853)
3359,Contenedor Verde,Contenedor Verde,Papel / Cartón / Plástico / Metal / Vidrio,,,"Sastre, Marcos 2880",Villa Del Parque,11,POINT (-149.02815798860576 -46.44367091234977)
3360,Contenedor Verde,Contenedor Verde,Papel / Cartón / Plástico / Metal / Vidrio,,,"Sastre, Marcos 3002",Villa Del Parque,11,POINT (-149.02920174953712 -46.44269643031958)
3361,Contenedor Verde,Contenedor Verde,Papel / Cartón / Plástico / Metal / Vidrio,,,"Sastre, Marcos 3140",Villa Del Parque,11,POINT (-149.03019409971662 -46.44176597040126)
3362,Contenedor Verde,Contenedor Verde,Papel / Cartón / Plástico / Metal / Vidrio,,,"Sastre, Marcos 3428",Villa Del Parque,11,POINT (-149.03228912010997 -46.439811227402316)
3363,Contenedor Verde,Contenedor Verde,Papel / Cartón / Plástico / Metal / Vidrio,,,"Sastre, Marcos 3668",Villa Del Parque,11,POINT (-149.03366014783452 -46.43851653585172)
3364,Contenedor Verde,Contenedor Verde,Papel / Cartón / Plástico / Metal / Vidrio,,,"Sastre, Marcos 3770",Villa Del Parque,11,POINT (-149.03461821982532 -46.43766121584643)
3365,Contenedor Verde,Contenedor Verde,Papel / Cartón / Plástico / Metal / Vidrio,,,Simbron 3084,Villa Del Parque,11,POINT (-149.02343207696052 -46.43927534505487)
3366,Contenedor Verde,Contenedor Verde,Papel / Cartón / Plástico / Metal / Vidrio,,,Simbron 3293,Villa Del Parque,11,POINT (-149.02518953721875 -46.437557234618545)
3367,Contenedor Verde,Contenedor Verde,Papel / Cartón / Plástico / Metal / Vidrio,,,Simbron 3727,Villa Del Parque,11,POINT (-149.0287970959012 -46.4341325396701)
3368,Contenedor Verde,Contenedor Verde,Papel / Cartón / Plástico / Metal / Vidrio,,,Terrada 2497,Villa Del Parque,11,POINT (-149.03135317677402 -46.446054048559965)
3369,Contenedor Verde,Contenedor Verde,Papel / Cartón / Plástico / Metal / Vidrio,,,Terrada 3178,Villa Del Parque,11,POINT (-149.0235970724904 -46.44211787835093)
3370,Contenedor Verde,Contenedor Verde,Papel / Cartón / Plástico / Metal / Vidrio,,,Terrada 3381,Villa Del Parque,11,POINT (-149.021977698251 -46.4415116470736)
3371,Contenedor Verde,Contenedor Verde,Papel / Cartón / Plástico / Metal / Vidrio,,,Terrero 3079,Villa Del Parque,11,POINT (-149.02659719499772 -46.449612847913535)
3372,Contenedor Verde,Contenedor Verde,Papel / Cartón / Plástico / Metal / Vidrio,,,Terrero 3261,Villa Del Parque,11,POINT (-149.02793002847775 -46.44831505346143)
3373,Contenedor Verde,Contenedor Verde,Papel / Cartón / Plástico / Metal / Vidrio,,,Tinogasta 2980,Villa Del Parque,11,POINT (-149.023693345586 -46.440489614582546)
3374,Contenedor Verde,Contenedor Verde,Papel / Cartón / Plástico / Metal / Vidrio,,,Tinogasta 3174,Villa Del Parque,11,POINT (-149.02539550450373 -46.438934342729624)
3375,Contenedor Verde,Contenedor Verde,Papel / Cartón / Plástico / Metal / Vidrio,,,Tinogasta 3760,Villa Del Parque,11,POINT (-149.02944616062396 -46.435228418745126)
3376,Contenedor Verde,Contenedor Verde,Papel / Cartón / Plástico / Metal / Vidrio,,,"Varela, Jose Pedro 3156",Villa Del Parque,11,POINT (-149.02307329277428 -46.43812694970288)
3377,Contenedor Verde,Contenedor Verde,Papel / Cartón / Plástico / Metal / Vidrio,,,"Varela, Jose Pedro 3355",Villa Del Parque,11,POINT (-149.024736939751 -46.436518739591506)
3378,Contenedor Verde,Contenedor Verde,Papel / Cartón / Plástico / Metal / Vidrio,,,"Varela, Jose Pedro 3544",Villa Del Parque,11,POINT (-149.02642581446185 -46.435073417689914)
3379,Contenedor Verde,Contenedor Verde,Papel / Cartón / Plástico / Metal / Vidrio,,,Cervantes 3896,Villa Devoto,11,POINT (-149.03425591797375 -46.420352019737145)
3380,Contenedor Verde,Contenedor Verde,Papel / Cartón / Plástico / Metal / Vidrio,,,Allende 3748,Villa Devoto,11,POINT (-149.03291571421332 -46.42530890895628)
3381,Contenedor Verde,Contenedor Verde,Papel / Cartón / Plástico / Metal / Vidrio,,,Asuncion 3487,Villa Devoto,11,POINT (-149.02174505538943 -46.43340903842095)
3382,Contenedor Verde,Contenedor Verde,Papel / Cartón / Plástico / Metal / Vidrio,,,Asuncion 3635,Villa Devoto,11,POINT (-149.02313958538835 -46.43217721291989)
3383,Contenedor Verde,Contenedor Verde,Papel / Cartón / Plástico / Metal / Vidrio,,,Asuncion 3757,Villa Devoto,11,POINT (-149.02416727354486 -46.43127481982596)
3384,Contenedor Verde,Contenedor Verde,Papel / Cartón / Plástico / Metal / Vidrio,,,Asuncion 3940,Villa Devoto,11,POINT (-149.02576853493142 -46.42995045799079)
3385,Contenedor Verde,Contenedor Verde,Papel / Cartón / Plástico / Metal / Vidrio,,,Asuncion 4673,Villa Devoto,11,POINT (-149.03136088915105 -46.424928789882166)
3386,Contenedor Verde,Contenedor Verde,Papel / Cartón / Plástico / Metal / Vidrio,,,Asuncion 4948,Villa Devoto,11,POINT (-149.033774335896 -46.422941297744856)
3387,Contenedor Verde,Contenedor Verde,Papel / Cartón / Plástico / Metal / Vidrio,,,Asuncion 5140,Villa Devoto,11,POINT (-149.03600955445935 -46.42115879883943)
3388,Contenedor Verde,Contenedor Verde,Papel / Cartón / Plástico / Metal / Vidrio,,,Asuncion 5262,Villa Devoto,11,POINT (-149.03756195487537 -46.419919692189254)
3389,Contenedor Verde,Contenedor Verde,Papel / Cartón / Plástico / Metal / Vidrio,,,Bacon 5403,Villa Devoto,11,POINT (-149.01058560346794 -46.426460229763755)
3390,Contenedor Verde,Contenedor Verde,Papel / Cartón / Plástico / Metal / Vidrio,,,Bahia Blanca 4515,Villa Devoto,11,POINT (-149.02087032613767 -46.42770681054243)
3391,Contenedor Verde,Contenedor Verde,Papel / Cartón / Plástico / Metal / Vidrio,,,Bazurco 3412,Villa Devoto,11,POINT (-149.0096044605113 -46.427581132970964)
3392,Contenedor Verde,Contenedor Verde,Papel / Cartón / Plástico / Metal / Vidrio,,,"Beiro, Francisco Av. 3937",Villa Devoto,11,POINT (-149.0286517422462 -46.43160175942119)
3393,Contenedor Verde,Contenedor Verde,Papel / Cartón / Plástico / Metal / Vidrio,,,"Beiro, Francisco Av. 4201",Villa Devoto,11,POINT (-149.03048395802236 -46.429960777292635)
3394,Contenedor Verde,Contenedor Verde,Papel / Cartón / Plástico / Metal / Vidrio,,,"Beiro, Francisco Av. 4355",Villa Devoto,11,POINT (-149.03163887873825 -46.42895864808205)
3395,Contenedor Verde,Contenedor Verde,Papel / Cartón / Plástico / Metal / Vidrio,,,"Beiro, Francisco Av. 4422",Villa Devoto,11,POINT (-149.03266105938673 -46.428205122198555)
3396,Contenedor Verde,Contenedor Verde,Papel / Cartón / Plástico / Metal / Vidrio,,,"Beiro, Francisco Av. 4630",Villa Devoto,11,POINT (-149.03419602090707 -46.42684844090519)
3397,Contenedor Verde,Contenedor Verde,Papel / Cartón / Plástico / Metal / Vidrio,,,"Beiro, Francisco Av. 4827",Villa Devoto,11,POINT (-149.03590886116388 -46.425191340801405)
3398,Contenedor Verde,Contenedor Verde,Papel / Cartón / Plástico / Metal / Vidrio,,,"Beiro, Francisco Av. 5061",Villa Devoto,11,POINT (-149.03758094565848 -46.423677045725206)
3399,Contenedor Verde,Contenedor Verde,Papel / Cartón / Plástico / Metal / Vidrio,,,"Beiro, Francisco Av. 5249",Villa Devoto,11,POINT (-149.03959162363046 -46.421861651541114)
3400,Contenedor Verde,Contenedor Verde,Papel / Cartón / Plástico / Metal / Vidrio,,,Bermudez 3421,Villa Devoto,11,POINT (-149.03559378914787 -46.423106777511144)
3401,Contenedor Verde,Contenedor Verde,Papel / Cartón / Plástico / Metal / Vidrio,,,"Cabezon, Jose Leon 3388",Villa Devoto,11,POINT (-149.01149073581345 -46.429104593996335)
3402,Contenedor Verde,Contenedor Verde,Papel / Cartón / Plástico / Metal / Vidrio,,,"Cabezon, Jose Leon 3605",Villa Devoto,11,POINT (-149.01346750164078 -46.42725845252043)
3403,Contenedor Verde,Contenedor Verde,Papel / Cartón / Plástico / Metal / Vidrio,,,"Cabezon, Jose Leon 3990",Villa Devoto,11,POINT (-149.01650144057498 -46.424678794412216)
3404,Contenedor Verde,Contenedor Verde,Papel / Cartón / Plástico / Metal / Vidrio,,,"Calderon De La Barca, Pedro 2469",Villa Devoto,11,POINT (-149.04423933084541 -46.42636289332749)
3405,Contenedor Verde,Contenedor Verde,Papel / Cartón / Plástico / Metal / Vidrio,,,Campana 3857,Villa Devoto,11,POINT (-149.02049595916571 -46.43503325732458)
3406,Contenedor Verde,Contenedor Verde,Papel / Cartón / Plástico / Metal / Vidrio,,,"Cantilo, Jose Luis 4381",Villa Devoto,11,POINT (-149.03046470247975 -46.42785368870374)
3407,Contenedor Verde,Contenedor Verde,Papel / Cartón / Plástico / Metal / Vidrio,,,"Cantilo, Jose Luis 4593",Villa Devoto,11,POINT (-149.0321251256441 -46.426346332042485)
3408,Contenedor Verde,Contenedor Verde,Papel / Cartón / Plástico / Metal / Vidrio,,,"Cantilo, Jose Luis 4851",Villa Devoto,11,POINT (-149.03451049742227 -46.424254668550866)
3409,Contenedor Verde,Contenedor Verde,Papel / Cartón / Plástico / Metal / Vidrio,,,"Cantilo, Jose Luis 5115",Villa Devoto,11,POINT (-149.03697975637513 -46.422270374541206)
3410,Contenedor Verde,Contenedor Verde,Papel / Cartón / Plástico / Metal / Vidrio,,,"Cantilo, Jose Luis 5235",Villa Devoto,11,POINT (-149.03844553446032 -46.421091338020695)
3411,Contenedor Verde,Contenedor Verde,Papel / Cartón / Plástico / Metal / Vidrio,,,"Carril, Salvador Maria Del Av. 3591",Villa Devoto,11,POINT (-149.02126292978838 -46.43172952501175)
3412,Contenedor Verde,Contenedor Verde,Papel / Cartón / Plástico / Metal / Vidrio,,,"Carril, Salvador Maria Del Av. 4297",Villa Devoto,11,POINT (-149.02673497421495 -46.42690675869281)
3413,Contenedor Verde,Contenedor Verde,Papel / Cartón / Plástico / Metal / Vidrio,,,"Carril, Salvador Maria Del Av. 4699",Villa Devoto,11,POINT (-149.0300871187221 -46.42394097626955)
3414,Contenedor Verde,Contenedor Verde,Papel / Cartón / Plástico / Metal / Vidrio,,,"Carril, Salvador Maria Del Av. 4857",Villa Devoto,11,POINT (-149.03143192900635 -46.42275163799727)
3415,Contenedor Verde,Contenedor Verde,Papel / Cartón / Plástico / Metal / Vidrio,,,"Carril, Salvador Maria Del Av. 4993",Villa Devoto,11,POINT (-149.03308456000843 -46.42139994150356)
3416,Contenedor Verde,Contenedor Verde,Papel / Cartón / Plástico / Metal / Vidrio,,,Chivilcoy Av. 3669,Villa Devoto,11,POINT (-149.02690399382018 -46.43023918088005)
3417,Contenedor Verde,Contenedor Verde,Papel / Cartón / Plástico / Metal / Vidrio,,,Cochrane 3341,Villa Devoto,11,POINT (-149.0080701954591 -46.4275244222851)
3418,Contenedor Verde,Contenedor Verde,Papel / Cartón / Plástico / Metal / Vidrio,,,Concordia 4232,Villa Devoto,11,POINT (-149.01956116747994 -46.4319084758961)
3419,Contenedor Verde,Contenedor Verde,Papel / Cartón / Plástico / Metal / Vidrio,,,"Cubas, Jose 3596",Villa Devoto,11,POINT (-149.01913703146934 -46.43059823346427)
3420,Contenedor Verde,Contenedor Verde,Papel / Cartón / Plástico / Metal / Vidrio,,,"Cubas, Jose 3716",Villa Devoto,11,POINT (-149.02025929798606 -46.42960804420037)
3421,Contenedor Verde,Contenedor Verde,Papel / Cartón / Plástico / Metal / Vidrio,,,"Cubas, Jose 4291",Villa Devoto,11,POINT (-149.02452749958545 -46.425744883122476)
3422,Contenedor Verde,Contenedor Verde,Papel / Cartón / Plástico / Metal / Vidrio,,,"Cubas, Jose 4451",Villa Devoto,11,POINT (-149.025922610408 -46.42451503167213)
3423,Contenedor Verde,Contenedor Verde,Papel / Cartón / Plástico / Metal / Vidrio,,,"Cubas, Jose 4663",Villa Devoto,11,POINT (-149.02762767565915 -46.42301183823045)
3424,Contenedor Verde,Contenedor Verde,Papel / Cartón / Plástico / Metal / Vidrio,,,Fernandez De Enciso 3777,Villa Devoto,11,POINT (-149.02881038229117 -46.42855444589819)
3425,Contenedor Verde,Contenedor Verde,Papel / Cartón / Plástico / Metal / Vidrio,,,Franco 3545,Villa Devoto,11,POINT (-149.01138823517118 -46.42697522003626)
3426,Contenedor Verde,Contenedor Verde,Papel / Cartón / Plástico / Metal / Vidrio,,,Franco 3645,Villa Devoto,11,POINT (-149.01227981086197 -46.42618723890116)
3427,Contenedor Verde,Contenedor Verde,Papel / Cartón / Plástico / Metal / Vidrio,,,"Gonzalez, Joaquin v. 4826",Villa Devoto,11,POINT (-149.0174678342127 -46.4270262180261)
3428,Contenedor Verde,Contenedor Verde,Papel / Cartón / Plástico / Metal / Vidrio,,,Griveo 3339,Villa Devoto,11,POINT (-149.01286045926844 -46.430195476250375)
3429,Contenedor Verde,Contenedor Verde,Papel / Cartón / Plástico / Metal / Vidrio,,,Griveo 3479,Villa Devoto,11,POINT (-149.01399959941776 -46.42919178893998)
3430,Contenedor Verde,Contenedor Verde,Papel / Cartón / Plástico / Metal / Vidrio,,,Griveo 3579,Villa Devoto,11,POINT (-149.0148558362476 -46.42844000244023)
3431,Contenedor Verde,Contenedor Verde,Papel / Cartón / Plástico / Metal / Vidrio,,,Griveo 3994,Villa Devoto,11,POINT (-149.01819391175886 -46.42557336115696)
3432,Contenedor Verde,Contenedor Verde,Papel / Cartón / Plástico / Metal / Vidrio,,,Griveo 4164,Villa Devoto,11,POINT (-149.01938506368109 -46.42451697880512)
3433,Contenedor Verde,Contenedor Verde,Papel / Cartón / Plástico / Metal / Vidrio,,,Gualeguaychu 4569,Villa Devoto,11,POINT (-149.0225419309231 -46.425769221219575)
3434,Contenedor Verde,Contenedor Verde,Papel / Cartón / Plástico / Metal / Vidrio,,,Habana 3870,Villa Devoto,11,POINT (-149.02242577853625 -46.428738385654285)
3435,Contenedor Verde,Contenedor Verde,Papel / Cartón / Plástico / Metal / Vidrio,,,Habana 4033,Villa Devoto,11,POINT (-149.0233734439214 -46.42781913432433)
3436,Contenedor Verde,Contenedor Verde,Papel / Cartón / Plástico / Metal / Vidrio,,,Habana 4202,Villa Devoto,11,POINT (-149.02467569550632 -46.426758213596884)
3437,Contenedor Verde,Contenedor Verde,Papel / Cartón / Plástico / Metal / Vidrio,,,Habana 4534,Villa Devoto,11,POINT (-149.0273855505985 -46.4243686328318)
3438,Contenedor Verde,Contenedor Verde,Papel / Cartón / Plástico / Metal / Vidrio,,,Habana 4804,Villa Devoto,11,POINT (-149.02978161381955 -46.42225209344381)
3439,Contenedor Verde,Contenedor Verde,Papel / Cartón / Plástico / Metal / Vidrio,,,"Juarez, Benito 3005",Villa Devoto,11,POINT (-149.038074416529 -46.42937057910723)
3440,Contenedor Verde,Contenedor Verde,Papel / Cartón / Plástico / Metal / Vidrio,,,Ladines 3514,Villa Devoto,11,POINT (-149.01351292430357 -46.42846377215958)
3441,Contenedor Verde,Contenedor Verde,Papel / Cartón / Plástico / Metal / Vidrio,,,Ladines 3826,Villa Devoto,11,POINT (-149.01618127008214 -46.42611014616909)
3442,Contenedor Verde,Contenedor Verde,Papel / Cartón / Plástico / Metal / Vidrio,,,Lastra Av. 3891,Villa Devoto,11,POINT (-149.03320912071558 -46.423519037766305)
3443,Contenedor Verde,Contenedor Verde,Papel / Cartón / Plástico / Metal / Vidrio,,,Llavallol 3576,Villa Devoto,11,POINT (-149.02356930922866 -46.43536692914844)
3444,Contenedor Verde,Contenedor Verde,Papel / Cartón / Plástico / Metal / Vidrio,,,Llavallol 4016,Villa Devoto,11,POINT (-149.0202112133564 -46.43353560340612)
3445,Contenedor Verde,Contenedor Verde,Papel / Cartón / Plástico / Metal / Vidrio,,,Llavallol 4383,Villa Devoto,11,POINT (-149.01764665374358 -46.432196499666)
3446,Contenedor Verde,Contenedor Verde,Papel / Cartón / Plástico / Metal / Vidrio,,,Llavallol 4514,Villa Devoto,11,POINT (-149.0165198801988 -46.431536224700864)
3447,Contenedor Verde,Contenedor Verde,Papel / Cartón / Plástico / Metal / Vidrio,,,Lope De Vega Av. 2623,Villa Devoto,11,POINT (-149.04376002479972 -46.424325653253)
3448,Contenedor Verde,Contenedor Verde,Papel / Cartón / Plástico / Metal / Vidrio,,,Lope De Vega Av. 3037,Villa Devoto,11,POINT (-149.0404855839969 -46.42178394561014)
3449,Contenedor Verde,Contenedor Verde,Papel / Cartón / Plástico / Metal / Vidrio,,,"Lopez, Carlos Antonio 3457",Villa Devoto,11,POINT (-149.01481363001514 -46.42973307784182)
3450,Contenedor Verde,Contenedor Verde,Papel / Cartón / Plástico / Metal / Vidrio,,,"Lopez, Carlos Antonio 4296",Villa Devoto,11,POINT (-149.02136121663003 -46.4240083413321)
3451,Contenedor Verde,Contenedor Verde,Papel / Cartón / Plástico / Metal / Vidrio,,,"Lozano, Pedro 4198",Villa Devoto,11,POINT (-149.03325589361177 -46.43286597742954)
3452,Contenedor Verde,Contenedor Verde,Papel / Cartón / Plástico / Metal / Vidrio,,,"Lozano, Pedro 4356",Villa Devoto,11,POINT (-149.0344867038084 -46.43174189690974)
3453,Contenedor Verde,Contenedor Verde,Papel / Cartón / Plástico / Metal / Vidrio,,,"Lozano, Pedro 4506",Villa Devoto,11,POINT (-149.03592184488159 -46.430480508638965)
3454,Contenedor Verde,Contenedor Verde,Papel / Cartón / Plástico / Metal / Vidrio,,,"Lozano, Pedro 4810",Villa Devoto,11,POINT (-149.03852821742655 -46.42820791913901)
3455,Contenedor Verde,Contenedor Verde,Papel / Cartón / Plástico / Metal / Vidrio,,,"Lozano, Pedro 5067",Villa Devoto,11,POINT (-149.04110430705612 -46.426152706646384)
3456,Contenedor Verde,Contenedor Verde,Papel / Cartón / Plástico / Metal / Vidrio,,,"Lozano, Pedro 5259",Villa Devoto,11,POINT (-149.04346866869938 -46.424789939239794)
3457,Contenedor Verde,Contenedor Verde,Papel / Cartón / Plástico / Metal / Vidrio,,,Melincue 4005,Villa Devoto,11,POINT (-149.03380831326336 -46.43454286419973)
3458,Contenedor Verde,Contenedor Verde,Papel / Cartón / Plástico / Metal / Vidrio,,,Melincue 4355,Villa Devoto,11,POINT (-149.03597436969466 -46.43260293552858)
3459,Contenedor Verde,Contenedor Verde,Papel / Cartón / Plástico / Metal / Vidrio,,,Melincue 4477,Villa Devoto,11,POINT (-149.03709874238686 -46.43157786949245)
3460,Contenedor Verde,Contenedor Verde,Papel / Cartón / Plástico / Metal / Vidrio,,,Melincue 4759,Villa Devoto,11,POINT (-149.0394927094142 -46.42937585285862)
3461,Contenedor Verde,Contenedor Verde,Papel / Cartón / Plástico / Metal / Vidrio,,,Melincue 5073,Villa Devoto,11,POINT (-149.04227564113157 -46.427126159241595)
3462,Contenedor Verde,Contenedor Verde,Papel / Cartón / Plástico / Metal / Vidrio,,,Mercedes 3475,Villa Devoto,11,POINT (-149.029029864114 -46.43049566636312)
3463,Contenedor Verde,Contenedor Verde,Papel / Cartón / Plástico / Metal / Vidrio,,,"Mistral, Gabriela 3758",Villa Devoto,11,POINT (-149.01916110734172 -46.42845192609996)
3464,Contenedor Verde,Contenedor Verde,Papel / Cartón / Plástico / Metal / Vidrio,,,"Mistral, Gabriela 4449",Villa Devoto,11,POINT (-149.02439833968026 -46.42375068707449)
3465,Contenedor Verde,Contenedor Verde,Papel / Cartón / Plástico / Metal / Vidrio,,,"Mistral, Gabriela 4636",Villa Devoto,11,POINT (-149.02598307211127 -46.4224429861473)
3466,Contenedor Verde,Contenedor Verde,Papel / Cartón / Plástico / Metal / Vidrio,,,"Moran, Pedro 3456",Villa Devoto,11,POINT (-149.0222680292939 -46.43405398043555)
3467,Contenedor Verde,Contenedor Verde,Papel / Cartón / Plástico / Metal / Vidrio,,,"Moran, Pedro 3777",Villa Devoto,11,POINT (-149.02475498815141 -46.43175384706876)
3468,Contenedor Verde,Contenedor Verde,Papel / Cartón / Plástico / Metal / Vidrio,,,"Moran, Pedro 3806",Villa Devoto,11,POINT (-149.0254563907239 -46.43124807110023)
3469,Contenedor Verde,Contenedor Verde,Papel / Cartón / Plástico / Metal / Vidrio,,,"Moran, Pedro 4003",Villa Devoto,11,POINT (-149.02680447573712 -46.42994485296119)
3470,Contenedor Verde,Contenedor Verde,Papel / Cartón / Plástico / Metal / Vidrio,,,"Moran, Pedro 4438",Villa Devoto,11,POINT (-149.03029103753346 -46.426967469189286)
3471,Contenedor Verde,Contenedor Verde,Papel / Cartón / Plástico / Metal / Vidrio,,,"Moran, Pedro 4748",Villa Devoto,11,POINT (-149.03280740670598 -46.42475028132052)
3472,Contenedor Verde,Contenedor Verde,Papel / Cartón / Plástico / Metal / Vidrio,,,"Moran, Pedro 5078",Villa Devoto,11,POINT (-149.03598414746475 -46.42213942393906)
3473,Contenedor Verde,Contenedor Verde,Papel / Cartón / Plástico / Metal / Vidrio,,,"Moran, Pedro 5170",Villa Devoto,11,POINT (-149.03693953981843 -46.42138269504186)
3474,Contenedor Verde,Contenedor Verde,Papel / Cartón / Plástico / Metal / Vidrio,,,Mosconi General Av. 3348,Villa Devoto,11,POINT (-149.01464426589598 -46.431217582963086)
3475,Contenedor Verde,Contenedor Verde,Papel / Cartón / Plástico / Metal / Vidrio,,,Mosconi General Av. 3594,Villa Devoto,11,POINT (-149.01679135852055 -46.42931258882159)
3476,Contenedor Verde,Contenedor Verde,Papel / Cartón / Plástico / Metal / Vidrio,,,Mosconi General Av. 3871,Villa Devoto,11,POINT (-149.0191793960289 -46.427086359139565)
3477,Contenedor Verde,Contenedor Verde,Papel / Cartón / Plástico / Metal / Vidrio,,,Mosconi General Av. 4154,Villa Devoto,11,POINT (-149.02102864633667 -46.42558690588706)
3478,Contenedor Verde,Contenedor Verde,Papel / Cartón / Plástico / Metal / Vidrio,,,Navarro 3348,Villa Devoto,11,POINT (-149.02288439420985 -46.43565961872847)
3479,Contenedor Verde,Contenedor Verde,Papel / Cartón / Plástico / Metal / Vidrio,,,Navarro 3571,Villa Devoto,11,POINT (-149.02474179863202 -46.43394086265061)
3480,Contenedor Verde,Contenedor Verde,Papel / Cartón / Plástico / Metal / Vidrio,,,Navarro 3700,Villa Devoto,11,POINT (-149.0259132063108 -46.43299020837406)
3481,Contenedor Verde,Contenedor Verde,Papel / Cartón / Plástico / Metal / Vidrio,,,Navarro 3891,Villa Devoto,11,POINT (-149.0273385571393 -46.43166031741726)
3482,Contenedor Verde,Contenedor Verde,Papel / Cartón / Plástico / Metal / Vidrio,,,Navarro 4213,Villa Devoto,11,POINT (-149.02981605820034 -46.42947411855685)
3483,Contenedor Verde,Contenedor Verde,Papel / Cartón / Plástico / Metal / Vidrio,,,Navarro 4461,Villa Devoto,11,POINT (-149.03182360839435 -46.427694490166154)
3484,Contenedor Verde,Contenedor Verde,Papel / Cartón / Plástico / Metal / Vidrio,,,Navarro 4781,Villa Devoto,11,POINT (-149.0345723887186 -46.425268969424195)
3485,Contenedor Verde,Contenedor Verde,Papel / Cartón / Plástico / Metal / Vidrio,,,Navarro 4969,Villa Devoto,11,POINT (-149.03619458689604 -46.42392697949639)
3486,Contenedor Verde,Contenedor Verde,Papel / Cartón / Plástico / Metal / Vidrio,,,Nazarre 4022,Villa Devoto,11,POINT (-149.03316543398745 -46.43408483804653)
3487,Contenedor Verde,Contenedor Verde,Papel / Cartón / Plástico / Metal / Vidrio,,,Nazarre 4257,Villa Devoto,11,POINT (-149.0344876013864 -46.432794530381294)
3488,Contenedor Verde,Contenedor Verde,Papel / Cartón / Plástico / Metal / Vidrio,,,Nazarre 4651,Villa Devoto,11,POINT (-149.037774829284 -46.429802260305955)
3489,Contenedor Verde,Contenedor Verde,Papel / Cartón / Plástico / Metal / Vidrio,,,Nazarre 5154,Villa Devoto,11,POINT (-149.0429498635766 -46.42597666008876)
3490,Contenedor Verde,Contenedor Verde,Papel / Cartón / Plástico / Metal / Vidrio,,,Nazarre 5246,Villa Devoto,11,POINT (-149.04398000354135 -46.42538611545168)
3491,Contenedor Verde,Contenedor Verde,Papel / Cartón / Plástico / Metal / Vidrio,,,Nogoya 4034,Villa Devoto,11,POINT (-149.0347642376253 -46.43486044307821)
3492,Contenedor Verde,Contenedor Verde,Papel / Cartón / Plástico / Metal / Vidrio,,,Nogoya 4194,Villa Devoto,11,POINT (-149.03557342809688 -46.43412762922075)
3493,Contenedor Verde,Contenedor Verde,Papel / Cartón / Plástico / Metal / Vidrio,,,Nogoya 4524,Villa Devoto,11,POINT (-149.03832570520566 -46.431594841826005)
3494,Contenedor Verde,Contenedor Verde,Papel / Cartón / Plástico / Metal / Vidrio,,,Nogoya 4664,Villa Devoto,11,POINT (-149.03937684290653 -46.430626119015926)
3495,Contenedor Verde,Contenedor Verde,Papel / Cartón / Plástico / Metal / Vidrio,,,Nogoya 4892,Villa Devoto,11,POINT (-149.04101926803227 -46.42911767779505)
3496,Contenedor Verde,Contenedor Verde,Papel / Cartón / Plástico / Metal / Vidrio,,,Nueva York 3542,Villa Devoto,11,POINT (-149.02165459002663 -46.43258271886635)
3497,Contenedor Verde,Contenedor Verde,Papel / Cartón / Plástico / Metal / Vidrio,,,Nueva York 3676,Villa Devoto,11,POINT (-149.02279936622102 -46.43157421537987)
3498,Contenedor Verde,Contenedor Verde,Papel / Cartón / Plástico / Metal / Vidrio,,,Nueva York 3824,Villa Devoto,11,POINT (-149.0241343412802 -46.43039840078768)
3499,Contenedor Verde,Contenedor Verde,Papel / Cartón / Plástico / Metal / Vidrio,,,Nueva York 4158,Villa Devoto,11,POINT (-149.02649583623725 -46.42830568337533)
3500,Contenedor Verde,Contenedor Verde,Papel / Cartón / Plástico / Metal / Vidrio,,,Nueva York 4554,Villa Devoto,11,POINT (-149.0297749422022 -46.425406350466815)
3501,Contenedor Verde,Contenedor Verde,Papel / Cartón / Plástico / Metal / Vidrio,,,Nueva York 4845,Villa Devoto,11,POINT (-149.03212529338646 -46.42324841985541)
3502,Contenedor Verde,Contenedor Verde,Papel / Cartón / Plástico / Metal / Vidrio,,,Nueva York 5011,Villa Devoto,11,POINT (-149.03411360687105 -46.42163249854208)
3503,Contenedor Verde,Contenedor Verde,Papel / Cartón / Plástico / Metal / Vidrio,,,Nueva York 5157,Villa Devoto,11,POINT (-149.03550203543801 -46.4205234674694)
3504,Contenedor Verde,Contenedor Verde,Papel / Cartón / Plástico / Metal / Vidrio,,,Obispo San Alberto 3464,Villa Devoto,11,POINT (-149.0113651537484 -46.42815784914609)
3505,Contenedor Verde,Contenedor Verde,Papel / Cartón / Plástico / Metal / Vidrio,,,Obispo San Alberto 3555,Villa Devoto,11,POINT (-149.0122788781612 -46.42723725098884)
3506,Contenedor Verde,Contenedor Verde,Papel / Cartón / Plástico / Metal / Vidrio,,,Obispo San Alberto 3740,Villa Devoto,11,POINT (-149.01405079427605 -46.425782972968754)
3507,Contenedor Verde,Contenedor Verde,Papel / Cartón / Plástico / Metal / Vidrio,,,Pareja 3795,Villa Devoto,11,POINT (-149.0223197560753 -46.429804935911825)
3508,Contenedor Verde,Contenedor Verde,Papel / Cartón / Plástico / Metal / Vidrio,,,Pareja 4019,Villa Devoto,11,POINT (-149.02399885033643 -46.42830842876333)
3509,Contenedor Verde,Contenedor Verde,Papel / Cartón / Plástico / Metal / Vidrio,,,Pareja 4376,Villa Devoto,11,POINT (-149.02677870841003 -46.42595664376742)
3510,Contenedor Verde,Contenedor Verde,Papel / Cartón / Plástico / Metal / Vidrio,,,Pareja 4483,Villa Devoto,11,POINT (-149.02759724798744 -46.42514749228227)
3511,Contenedor Verde,Contenedor Verde,Papel / Cartón / Plástico / Metal / Vidrio,,,Pareja 4895,Villa Devoto,11,POINT (-149.03117904668733 -46.42199500642328)
3512,Contenedor Verde,Contenedor Verde,Papel / Cartón / Plástico / Metal / Vidrio,,,Quevedo 3268,Villa Devoto,11,POINT (-149.03865637498737 -46.42608644134679)
3513,Contenedor Verde,Contenedor Verde,Papel / Cartón / Plástico / Metal / Vidrio,,,San Martin Av. 6396,Villa Devoto,11,POINT (-149.0188314822977 -46.433077040781214)
3514,Contenedor Verde,Contenedor Verde,Papel / Cartón / Plástico / Metal / Vidrio,,,San Martin Av. 6707,Villa Devoto,11,POINT (-149.01721665217957 -46.43080006747094)
3515,Contenedor Verde,Contenedor Verde,Papel / Cartón / Plástico / Metal / Vidrio,,,San Martin Av. 7029,Villa Devoto,11,POINT (-149.01589142562992 -46.4283700931914)
3516,Contenedor Verde,Contenedor Verde,Papel / Cartón / Plástico / Metal / Vidrio,,,San Martin Av. 7188,Villa Devoto,11,POINT (-149.01539336680452 -46.42698498008307)
3517,Contenedor Verde,Contenedor Verde,Papel / Cartón / Plástico / Metal / Vidrio,,,San Nicolas 4760,Villa Devoto,11,POINT (-149.01720814039373 -46.42811868889508)
3518,Contenedor Verde,Contenedor Verde,Papel / Cartón / Plástico / Metal / Vidrio,,,Sanabria 4580,Villa Devoto,11,POINT (-149.0234028684493 -46.424960350045886)
3519,Contenedor Verde,Contenedor Verde,Papel / Cartón / Plástico / Metal / Vidrio,,,Sanabria 4653,Villa Devoto,11,POINT (-149.0227316160074 -46.42466505340941)
3520,Contenedor Verde,Contenedor Verde,Papel / Cartón / Plástico / Metal / Vidrio,,,Segurola 2808,Villa Devoto,11,POINT (-149.03651186117418 -46.430864782467175)
3521,Contenedor Verde,Contenedor Verde,Papel / Cartón / Plástico / Metal / Vidrio,,,Segurola Av. 3118,Villa Devoto,11,POINT (-149.03365657212737 -46.42953043032691)
3522,Contenedor Verde,Contenedor Verde,Papel / Cartón / Plástico / Metal / Vidrio,,,Simbron 3993,Villa Devoto,11,POINT (-149.03069683423874 -46.43235384451313)
3523,Contenedor Verde,Contenedor Verde,Papel / Cartón / Plástico / Metal / Vidrio,,,Simbron 4295,Villa Devoto,11,POINT (-149.03266086525497 -46.43062350401586)
3524,Contenedor Verde,Contenedor Verde,Papel / Cartón / Plástico / Metal / Vidrio,,,Simbron 4473,Villa Devoto,11,POINT (-149.03453739243366 -46.429033021842685)
3525,Contenedor Verde,Contenedor Verde,Papel / Cartón / Plástico / Metal / Vidrio,,,Simbron 4661,Villa Devoto,11,POINT (-149.03625017231337 -46.42757980872395)
3526,Contenedor Verde,Contenedor Verde,Papel / Cartón / Plástico / Metal / Vidrio,,,Simbron 4757,Villa Devoto,11,POINT (-149.0370842969488 -46.42691609629572)
3527,Contenedor Verde,Contenedor Verde,Papel / Cartón / Plástico / Metal / Vidrio,,,Simbron 5041,Villa Devoto,11,POINT (-149.0391808155848 -46.4252320979538)
3528,Contenedor Verde,Contenedor Verde,Papel / Cartón / Plástico / Metal / Vidrio,,,Simbron 5247,Villa Devoto,11,POINT (-149.04171674057162 -46.423827215759246)
3529,Contenedor Verde,Contenedor Verde,Papel / Cartón / Plástico / Metal / Vidrio,,,"Solano Lopez, F., Mariscal 3256",Villa Devoto,11,POINT (-149.02124491766978 -46.43601970496256)
3530,Contenedor Verde,Contenedor Verde,Papel / Cartón / Plástico / Metal / Vidrio,,,"Solano Lopez, F., Mariscal 3494",Villa Devoto,11,POINT (-149.02338094532504 -46.434143921807916)
3531,Contenedor Verde,Contenedor Verde,Papel / Cartón / Plástico / Metal / Vidrio,,,"Solano Lopez, F., Mariscal 3660",Villa Devoto,11,POINT (-149.02486715741222 -46.432790204852935)
3532,Contenedor Verde,Contenedor Verde,Papel / Cartón / Plástico / Metal / Vidrio,,,"Solano Lopez, F., Mariscal 3771",Villa Devoto,11,POINT (-149.02574449005795 -46.43197458889388)
3533,Contenedor Verde,Contenedor Verde,Papel / Cartón / Plástico / Metal / Vidrio,,,Tinogasta 3984,Villa Devoto,11,POINT (-149.0312364866335 -46.43358255276917)
3534,Contenedor Verde,Contenedor Verde,Papel / Cartón / Plástico / Metal / Vidrio,,,Tinogasta 4258,Villa Devoto,11,POINT (-149.0329955284629 -46.431970981517864)
3535,Contenedor Verde,Contenedor Verde,Papel / Cartón / Plástico / Metal / Vidrio,,,Tinogasta 4422,Villa Devoto,11,POINT (-149.03420026680192 -46.43087545735971)
3536,Contenedor Verde,Contenedor Verde,Papel / Cartón / Plástico / Metal / Vidrio,,,Tinogasta 4586,Villa Devoto,11,POINT (-149.03561590778295 -46.42961328591706)
3537,Contenedor Verde,Contenedor Verde,Papel / Cartón / Plástico / Metal / Vidrio,,,Tinogasta 4796,Villa Devoto,11,POINT (-149.03746391748902 -46.42796800565887)
3538,Contenedor Verde,Contenedor Verde,Papel / Cartón / Plástico / Metal / Vidrio,,,Tinogasta 4808,Villa Devoto,11,POINT (-149.03771039621796 -46.42774626954139)
3539,Contenedor Verde,Contenedor Verde,Papel / Cartón / Plástico / Metal / Vidrio,,,Tinogasta 5146,Villa Devoto,11,POINT (-149.04139056703096 -46.425085674167775)
3540,Contenedor Verde,Contenedor Verde,Papel / Cartón / Plástico / Metal / Vidrio,,,Vallejos 3330,Villa Devoto,11,POINT (-149.01611698267988 -46.43219405367032)
3541,Contenedor Verde,Contenedor Verde,Papel / Cartón / Plástico / Metal / Vidrio,,,Vallejos 4078,Villa Devoto,11,POINT (-149.02206360248172 -46.42694912780646)
3542,Contenedor Verde,Contenedor Verde,Papel / Cartón / Plástico / Metal / Vidrio,,,Vallejos 4347,Villa Devoto,11,POINT (-149.0243104565174 -46.42487707995752)
3543,Contenedor Verde,Contenedor Verde,Papel / Cartón / Plástico / Metal / Vidrio,,,Vallejos 4525,Villa Devoto,11,POINT (-149.02587196309474 -46.42350619772198)
3544,Contenedor Verde,Contenedor Verde,Papel / Cartón / Plástico / Metal / Vidrio,,,"Varela, Jose Pedro 3848",Villa Devoto,11,POINT (-149.02899293920444 -46.43269628196811)
3545,Contenedor Verde,Contenedor Verde,Papel / Cartón / Plástico / Metal / Vidrio,,,"Varela, Jose Pedro 4164",Villa Devoto,11,POINT (-149.0311048428163 -46.430840386294165)
3546,Contenedor Verde,Contenedor Verde,Papel / Cartón / Plástico / Metal / Vidrio,,,"Varela, Jose Pedro 4324",Villa Devoto,11,POINT (-149.03219721236934 -46.42988705234666)
3547,Contenedor Verde,Contenedor Verde,Papel / Cartón / Plástico / Metal / Vidrio,,,"Varela, Jose Pedro 4520",Villa Devoto,11,POINT (-149.03412074087285 -46.42825155066977)
3548,Contenedor Verde,Contenedor Verde,Papel / Cartón / Plástico / Metal / Vidrio,,,"Varela, Jose Pedro 4666",Villa Devoto,11,POINT (-149.03543947457004 -46.42713142537807)
3549,Contenedor Verde,Contenedor Verde,Papel / Cartón / Plástico / Metal / Vidrio,,,"Varela, Jose Pedro 4920",Villa Devoto,11,POINT (-149.0376329850266 -46.42526927374341)
3550,Contenedor Verde,Contenedor Verde,Papel / Cartón / Plástico / Metal / Vidrio,,,"Varela, Jose Pedro 5110",Villa Devoto,11,POINT (-149.0394451557452 -46.42408446030208)
3551,Contenedor Verde,Contenedor Verde,Papel / Cartón / Plástico / Metal / Vidrio,,,"Varela, Jose Pedro 5248",Villa Devoto,11,POINT (-149.0408258824676 -46.42323629746908)
3552,Contenedor Verde,Contenedor Verde,Papel / Cartón / Plástico / Metal / Vidrio,,,"Magari?os Cervantes, A. 2610",Villa Gral. Mitre,11,POINT (-149.03663497860737 -46.45065829744201)
3553,Contenedor Verde,Contenedor Verde,Papel / Cartón / Plástico / Metal / Vidrio,,,"Magari?os Cervantes, A. 2221",Villa Gral. Mitre,11,POINT (-149.03393101808814 -46.45334773038282)
3554,Contenedor Verde,Contenedor Verde,Papel / Cartón / Plástico / Metal / Vidrio,,,"Magari?os Cervantes, A. 1969",Villa Gral. Mitre,11,POINT (-149.03223478969133 -46.45532452293236)
3555,Contenedor Verde,Contenedor Verde,Papel / Cartón / Plástico / Metal / Vidrio,,,"Magari?os Cervantes, A. 1799",Villa Gral. Mitre,11,POINT (-149.03108686722342 -46.45677605859041)
3556,Contenedor Verde,Contenedor Verde,Papel / Cartón / Plástico / Metal / Vidrio,,,"Magari?os Cervantes, A. 1585",Villa Gral. Mitre,11,POINT (-149.0298684732336 -46.458320902908184)
3557,Contenedor Verde,Contenedor Verde,Papel / Cartón / Plástico / Metal / Vidrio,,,"Magari?os Cervantes, A. 1330",Villa Gral. Mitre,11,POINT (-149.0287153882162 -46.45989527746458)
3558,Contenedor Verde,Contenedor Verde,Papel / Cartón / Plástico / Metal / Vidrio,,,Boyac? 1775,Villa Gral. Mitre,11,POINT (-149.0346426639714 -46.45500189300607)
3559,Contenedor Verde,Contenedor Verde,Papel / Cartón / Plástico / Metal / Vidrio,,,Alvarez Jonte 1847,Villa Gral. Mitre,11,POINT (-149.0268089044301 -46.45447055741622)
3560,Contenedor Verde,Contenedor Verde,Papel / Cartón / Plástico / Metal / Vidrio,,,Alvarez Jonte 2040,Villa Gral. Mitre,11,POINT (-149.02890152765508 -46.452928863560516)
3561,Contenedor Verde,Contenedor Verde,Papel / Cartón / Plástico / Metal / Vidrio,,,Alvarez Jonte Av. 2313,Villa Gral. Mitre,11,POINT (-149.03090724960595 -46.45104549647635)
3562,Contenedor Verde,Contenedor Verde,Papel / Cartón / Plástico / Metal / Vidrio,,,Alvarez Jonte Av. 2513,Villa Gral. Mitre,11,POINT (-149.03228769797124 -46.4495973253091)
3563,Contenedor Verde,Contenedor Verde,Papel / Cartón / Plástico / Metal / Vidrio,,,"Artigas, Jose Gervasio, Gral. 2053",Villa Gral. Mitre,11,POINT (-149.03305594059515 -46.450305406484176)
3564,Contenedor Verde,Contenedor Verde,Papel / Cartón / Plástico / Metal / Vidrio,,,Camarones 1524,Villa Gral. Mitre,11,POINT (-149.0285072327713 -46.45836130015043)
3565,Contenedor Verde,Contenedor Verde,Papel / Cartón / Plástico / Metal / Vidrio,,,Camarones 1652,Villa Gral. Mitre,11,POINT (-149.02925068633706 -46.45734847912768)
3566,Contenedor Verde,Contenedor Verde,Papel / Cartón / Plástico / Metal / Vidrio,,,Camarones 1850,Villa Gral. Mitre,11,POINT (-149.03048573391976 -46.4558591265595)
3567,Contenedor Verde,Contenedor Verde,Papel / Cartón / Plástico / Metal / Vidrio,,,Camarones 2150,Villa Gral. Mitre,11,POINT (-149.0323941978704 -46.45347600316923)
3568,Contenedor Verde,Contenedor Verde,Papel / Cartón / Plástico / Metal / Vidrio,,,Camarones 2558,Villa Gral. Mitre,11,POINT (-149.0351676264747 -46.450604596829805)
3569,Contenedor Verde,Contenedor Verde,Papel / Cartón / Plástico / Metal / Vidrio,,,Condarco 1456,Villa Gral. Mitre,11,POINT (-149.0408189039928 -46.45175309053419)
3570,Contenedor Verde,Contenedor Verde,Papel / Cartón / Plástico / Metal / Vidrio,,,"Diaz, Cesar, Gral. 1848",Villa Gral. Mitre,11,POINT (-149.0326009780135 -46.456800425821356)
3571,Contenedor Verde,Contenedor Verde,Papel / Cartón / Plástico / Metal / Vidrio,,,"Diaz, Cesar, Gral. 2246",Villa Gral. Mitre,11,POINT (-149.0351220341002 -46.4537912174613)
3572,Contenedor Verde,Contenedor Verde,Papel / Cartón / Plástico / Metal / Vidrio,,,"Diaz, Cesar, Gral. 2524",Villa Gral. Mitre,11,POINT (-149.0370696531897 -46.451785084258326)
3573,Contenedor Verde,Contenedor Verde,Papel / Cartón / Plástico / Metal / Vidrio,,,"Escalada De San Martin, R. 2259",Villa Gral. Mitre,11,POINT (-149.03616571551296 -46.45416031125469)
3574,Contenedor Verde,Contenedor Verde,Papel / Cartón / Plástico / Metal / Vidrio,,,"Escalada De San Martin, R. 2441",Villa Gral. Mitre,11,POINT (-149.03737824025342 -46.45291315220935)
3575,Contenedor Verde,Contenedor Verde,Papel / Cartón / Plástico / Metal / Vidrio,,,"Escalada De San Martin, R. 2661",Villa Gral. Mitre,11,POINT (-149.03895609907212 -46.45129912882845)
3576,Contenedor Verde,Contenedor Verde,Papel / Cartón / Plástico / Metal / Vidrio,,,"Figueroa, D. Apolinario, Coronel 1950",Villa Gral. Mitre,11,POINT (-149.0391158234263 -46.45863150734821)
3577,Contenedor Verde,Contenedor Verde,Papel / Cartón / Plástico / Metal / Vidrio,,,Galicia 1758,Villa Gral. Mitre,11,POINT (-149.0358547225834 -46.45928793078673)
3578,Contenedor Verde,Contenedor Verde,Papel / Cartón / Plástico / Metal / Vidrio,,,Galicia 1966,Villa Gral. Mitre,11,POINT (-149.03725071264674 -46.45782680858924)
3579,Contenedor Verde,Contenedor Verde,Papel / Cartón / Plástico / Metal / Vidrio,,,Galicia 2160,Villa Gral. Mitre,11,POINT (-149.0387785230015 -46.45626008131438)
3580,Contenedor Verde,Contenedor Verde,Papel / Cartón / Plástico / Metal / Vidrio,,,Galicia 2328,Villa Gral. Mitre,11,POINT (-149.0399098213082 -46.45510035750645)
3581,Contenedor Verde,Contenedor Verde,Papel / Cartón / Plástico / Metal / Vidrio,,,Galicia 2518,Villa Gral. Mitre,11,POINT (-149.0411399915161 -46.453833901867895)
3582,Contenedor Verde,Contenedor Verde,Papel / Cartón / Plástico / Metal / Vidrio,,,"Garcia, Juan Agustin 1776",Villa Gral. Mitre,11,POINT (-149.02786694018522 -46.45553086866284)
3583,Contenedor Verde,Contenedor Verde,Papel / Cartón / Plástico / Metal / Vidrio,,,"Garcia, Juan Agustin 1946",Villa Gral. Mitre,11,POINT (-149.02901584845986 -46.4541032947819)
3584,Contenedor Verde,Contenedor Verde,Papel / Cartón / Plástico / Metal / Vidrio,,,"Garcia, Juan Agustin 2210",Villa Gral. Mitre,11,POINT (-149.0308051075052 -46.45199675363293)
3585,Contenedor Verde,Contenedor Verde,Papel / Cartón / Plástico / Metal / Vidrio,,,"Justo, Juan B. Av. 4459",Villa Gral. Mitre,11,POINT (-149.03227021187865 -46.45831524597573)
3586,Contenedor Verde,Contenedor Verde,Papel / Cartón / Plástico / Metal / Vidrio,,,"Justo, Juan B. Av. 4685",Villa Gral. Mitre,11,POINT (-149.0343049548695 -46.45718055301985)
3587,Contenedor Verde,Contenedor Verde,Papel / Cartón / Plástico / Metal / Vidrio,,,"Justo, Juan B. Av. 4963",Villa Gral. Mitre,11,POINT (-149.03649431981472 -46.45520376042183)
3588,Contenedor Verde,Contenedor Verde,Papel / Cartón / Plástico / Metal / Vidrio,,,"Justo, Juan B. Av. 5199",Villa Gral. Mitre,11,POINT (-149.0379290438052 -46.45373105288416)
3589,Contenedor Verde,Contenedor Verde,Papel / Cartón / Plástico / Metal / Vidrio,,,"Justo, Juan B. Av. 5339",Villa Gral. Mitre,11,POINT (-149.0394866995537 -46.45279189390394)
3590,Contenedor Verde,Contenedor Verde,Papel / Cartón / Plástico / Metal / Vidrio,,,"Lamas, Andres 2042",Villa Gral. Mitre,11,POINT (-149.03106089523575 -46.45437271760111)
3591,Contenedor Verde,Contenedor Verde,Papel / Cartón / Plástico / Metal / Vidrio,,,"Lamas, Andres 2384",Villa Gral. Mitre,11,POINT (-149.02837413574235 -46.45276088895958)
3592,Contenedor Verde,Contenedor Verde,Papel / Cartón / Plástico / Metal / Vidrio,,,Luis Viale 2155,Villa Gral. Mitre,11,POINT (-149.0397555408947 -46.45670788529618)
3593,Contenedor Verde,Contenedor Verde,Papel / Cartón / Plástico / Metal / Vidrio,,,San Blas 1637,Villa Gral. Mitre,11,POINT (-149.0279861314723 -46.45707055945254)
3594,Contenedor Verde,Contenedor Verde,Papel / Cartón / Plástico / Metal / Vidrio,,,San Blas 1825,Villa Gral. Mitre,11,POINT (-149.02927036739297 -46.455455087761884)
3595,Contenedor Verde,Contenedor Verde,Papel / Cartón / Plástico / Metal / Vidrio,,,San Blas 2065,Villa Gral. Mitre,11,POINT (-149.03076747783044 -46.453566489642874)
3596,Contenedor Verde,Contenedor Verde,Papel / Cartón / Plástico / Metal / Vidrio,,,San Blas 2135,Villa Gral. Mitre,11,POINT (-149.03124389031137 -46.45306587268587)
3597,Contenedor Verde,Contenedor Verde,Papel / Cartón / Plástico / Metal / Vidrio,,,San Blas 2373,Villa Gral. Mitre,11,POINT (-149.03273237544872 -46.45144362486693)
3598,Contenedor Verde,Contenedor Verde,Papel / Cartón / Plástico / Metal / Vidrio,,,San Blas 2633,Villa Gral. Mitre,11,POINT (-149.0346057299842 -46.449530184256055)
3599,Contenedor Verde,Contenedor Verde,Papel / Cartón / Plástico / Metal / Vidrio,,,Tres Arroyos 1865,Villa Gral. Mitre,11,POINT (-149.0355082777561 -46.457951102748915)
3600,Contenedor Verde,Contenedor Verde,Papel / Cartón / Plástico / Metal / Vidrio,,,Tres Arroyos 1977,Villa Gral. Mitre,11,POINT (-149.03630425427312 -46.45712794945794)
3601,Contenedor Verde,Contenedor Verde,Papel / Cartón / Plástico / Metal / Vidrio,,,Tres Arroyos 2247,Villa Gral. Mitre,11,POINT (-149.03821151357985 -46.455172041685515)
3602,Contenedor Verde,Contenedor Verde,Papel / Cartón / Plástico / Metal / Vidrio,,,Tres Arroyos 2459,Villa Gral. Mitre,11,POINT (-149.03955345607153 -46.45379493842176)
3603,Contenedor Verde,Contenedor Verde,Papel / Cartón / Plástico / Metal / Vidrio,,,"Viale, Luis 1897",Villa Gral. Mitre,11,POINT (-149.03779784359955 -46.4586647288559)
3604,Contenedor Verde,Contenedor Verde,Papel / Cartón / Plástico / Metal / Vidrio,,,"Viale, Luis 2229",Villa Gral. Mitre,11,POINT (-149.04026444955653 -46.45618420618771)
3605,Contenedor Verde,Contenedor Verde,Papel / Cartón / Plástico / Metal / Vidrio,,,"Viale, Luis 2499",Villa Gral. Mitre,11,POINT (-149.04180069603353 -46.45460553673351)
3606,Contenedor Verde,Contenedor Verde,Papel / Cartón / Plástico / Metal / Vidrio,,,"Viale, Luis 2615",Villa Gral. Mitre,11,POINT (-149.04274797520767 -46.45363167732526)
3607,Contenedor Verde,Contenedor Verde,Papel / Cartón / Plástico / Metal / Vidrio,,,"Diaz, Cesar, Gral. 2706",Villa Gral. Mitre,11,POINT (-149.03833667067101 -46.45048391224771)
3608,Contenedor Verde,Contenedor Verde,Papel / Cartón / Plástico / Metal / Vidrio,,,"Garcia, Juan Agustin 2652",Villa Gral. Mitre,11,POINT (-149.0338068816826 -46.448898222616464)
3609,Contenedor Verde,Contenedor Verde,Papel / Cartón / Plástico / Metal / Vidrio,,,Escalada Av. 4551,Villa Lugano,8,POINT (-149.1062688735776 -46.46586929360378)
3610,Contenedor Verde,Contenedor Verde,Papel / Cartón / Plástico / Metal / Vidrio,,,Casta?ares Av. 4965,Villa Lugano,8,POINT (-149.09532339423077 -46.45311887218015)
3611,Contenedor Verde,Contenedor Verde,Papel / Cartón / Plástico / Metal / Vidrio,,,Casta?ares Av. 4555,Villa Lugano,8,POINT (-149.09254341094237 -46.45484253345222)
3612,Contenedor Verde,Contenedor Verde,Papel / Cartón / Plástico / Metal / Vidrio,,,Casta?ares Av. 4645,Villa Lugano,8,POINT (-149.09302764011545 -46.45459697941039)
3613,Contenedor Verde,Contenedor Verde,Papel / Cartón / Plástico / Metal / Vidrio,,,Ca?ada De Gomez 4547,Villa Lugano,8,POINT (-149.11157640876527 -46.45073663117764)
3614,Contenedor Verde,Contenedor Verde,Papel / Cartón / Plástico / Metal / Vidrio,,,"Batlle y Ordo?ez, Jose P.t. 6844",Villa Lugano,8,POINT (-149.1152528850617 -46.447959536329684)
3615,Contenedor Verde,Contenedor Verde,Papel / Cartón / Plástico / Metal / Vidrio,,,Albari?o 3660,Villa Lugano,8,POINT (-149.09894676206517 -46.45547697550107)
3616,Contenedor Verde,Contenedor Verde,Papel / Cartón / Plástico / Metal / Vidrio,,,"Batlle y Ordo?ez, Jose P.t. 5618",Villa Lugano,8,POINT (-149.10627896874132 -46.453787149725215)
3617,Contenedor Verde,Contenedor Verde,Papel / Cartón / Plástico / Metal / Vidrio,,,"Batlle y Ordo?ez, Jose P.t. 6056",Villa Lugano,8,POINT (-149.10955646040492 -46.451760308111304)
3618,Contenedor Verde,Contenedor Verde,Papel / Cartón / Plástico / Metal / Vidrio,,,"Batlle y Ordo?ez, Jose P.t. 6582",Villa Lugano,8,POINT (-149.113117995118 -46.449258448372156)
3619,Contenedor Verde,Contenedor Verde,Papel / Cartón / Plástico / Metal / Vidrio,,,Albari?o 3486,Villa Lugano,8,POINT (-149.0974486039203 -46.45428117167886)
3620,Contenedor Verde,Contenedor Verde,Papel / Cartón / Plástico / Metal / Vidrio,,,Aquino 4631,Villa Lugano,8,POINT (-149.0948087147224 -46.45599034675532)
3621,Contenedor Verde,Contenedor Verde,Papel / Cartón / Plástico / Metal / Vidrio,,,Aquino 5437,Villa Lugano,8,POINT (-149.1011322770082 -46.45226169300939)
3622,Contenedor Verde,Contenedor Verde,Papel / Cartón / Plástico / Metal / Vidrio,,,Araujo 3313,Villa Lugano,8,POINT (-149.09537364975878 -46.454670546105966)
3623,Contenedor Verde,Contenedor Verde,Papel / Cartón / Plástico / Metal / Vidrio,,,Araujo 3600,Villa Lugano,8,POINT (-149.09740962138517 -46.456318089427434)
3624,Contenedor Verde,Contenedor Verde,Papel / Cartón / Plástico / Metal / Vidrio,,,Basualdo 3186,Villa Lugano,8,POINT (-149.0942120376338 -46.454875437520286)
3625,Contenedor Verde,Contenedor Verde,Papel / Cartón / Plástico / Metal / Vidrio,,,Beron De Astrada 5954,Villa Lugano,8,POINT (-149.11698643325587 -46.45961915694351)
3626,Contenedor Verde,Contenedor Verde,Papel / Cartón / Plástico / Metal / Vidrio,,,Cafayate 4166,Villa Lugano,8,POINT (-149.10663036851878 -46.45132822747531)
3627,Contenedor Verde,Contenedor Verde,Papel / Cartón / Plástico / Metal / Vidrio,,,Cafayate 4332,Villa Lugano,8,POINT (-149.10773551180185 -46.45217911206619)
3628,Contenedor Verde,Contenedor Verde,Papel / Cartón / Plástico / Metal / Vidrio,,,Cafayate 4416,Villa Lugano,8,POINT (-149.10846103153636 -46.45273784139742)
3629,Contenedor Verde,Contenedor Verde,Papel / Cartón / Plástico / Metal / Vidrio,,,Cafayate 4630,Villa Lugano,8,POINT (-149.11012965245106 -46.45402581472696)
3630,Contenedor Verde,Contenedor Verde,Papel / Cartón / Plástico / Metal / Vidrio,,,Cafayate 5051,Villa Lugano,8,POINT (-149.1141081700473 -46.45698110614796)
3631,Contenedor Verde,Contenedor Verde,Papel / Cartón / Plástico / Metal / Vidrio,,,Cafayate 5275,Villa Lugano,8,POINT (-149.11615700047687 -46.458564365814766)
3632,Contenedor Verde,Contenedor Verde,Papel / Cartón / Plástico / Metal / Vidrio,,,"Chilavert, Martiniano, Coronel 6043",Villa Lugano,8,POINT (-149.11189441728507 -46.453999328000485)
3633,Contenedor Verde,Contenedor Verde,Papel / Cartón / Plástico / Metal / Vidrio,,,Combate De San Carlos 5436,Villa Lugano,8,POINT (-149.11526850841759 -46.460738261380016)
3634,Contenedor Verde,Contenedor Verde,Papel / Cartón / Plástico / Metal / Vidrio,,,Corvalan 3315,Villa Lugano,8,POINT (-149.0961210252916 -46.454233798938475)
3635,Contenedor Verde,Contenedor Verde,Papel / Cartón / Plástico / Metal / Vidrio,,,Corvalan 3597,Villa Lugano,8,POINT (-149.09859905412915 -46.45613728159035)
3636,Contenedor Verde,Contenedor Verde,Papel / Cartón / Plástico / Metal / Vidrio,,,"Costamagna, Santiago 5825",Villa Lugano,8,POINT (-149.11611595302784 -46.45927747089895)
3637,Contenedor Verde,Contenedor Verde,Papel / Cartón / Plástico / Metal / Vidrio,,,"De La Torre, Lisandro 4640",Villa Lugano,8,POINT (-149.11189289527752 -46.45311944519817)
3638,Contenedor Verde,Contenedor Verde,Papel / Cartón / Plástico / Metal / Vidrio,,,"De La Torre, Lisandro 4740",Villa Lugano,8,POINT (-149.1127845246615 -46.45376922705803)
3639,Contenedor Verde,Contenedor Verde,Papel / Cartón / Plástico / Metal / Vidrio,,,"De La Torre, Lisandro 4954",Villa Lugano,8,POINT (-149.11478525931003 -46.4553033339444)
3640,Contenedor Verde,Contenedor Verde,Papel / Cartón / Plástico / Metal / Vidrio,,,"De La Torre, Lisandro 5190",Villa Lugano,8,POINT (-149.11690185962914 -46.456954191610684)
3641,Contenedor Verde,Contenedor Verde,Papel / Cartón / Plástico / Metal / Vidrio,,,"De La Torre, Lisandro 5346",Villa Lugano,8,POINT (-149.1183800476171 -46.4580822687936)
3642,Contenedor Verde,Contenedor Verde,Papel / Cartón / Plástico / Metal / Vidrio,,,"De La Torre, Lisandro 5470",Villa Lugano,8,POINT (-149.11961713320775 -46.4589840353616)
3643,Contenedor Verde,Contenedor Verde,Papel / Cartón / Plástico / Metal / Vidrio,,,"Descalzi, Nicolas 5415",Villa Lugano,8,POINT (-149.11062008116704 -46.45927861882753)
3644,Contenedor Verde,Contenedor Verde,Papel / Cartón / Plástico / Metal / Vidrio,,,Escalada Av. 2796,Villa Lugano,8,POINT (-149.09145968948454 -46.45462219299314)
3645,Contenedor Verde,Contenedor Verde,Papel / Cartón / Plástico / Metal / Vidrio,,,Escalada Av. 2852,Villa Lugano,8,POINT (-149.09112580537592 -46.4544032240559)
3646,Contenedor Verde,Contenedor Verde,Papel / Cartón / Plástico / Metal / Vidrio,,,"Fernandez De La Cruz, F., Gral. Av. 4781",Villa Lugano,8,POINT (-149.1024420253149 -46.460854616617205)
3647,Contenedor Verde,Contenedor Verde,Papel / Cartón / Plástico / Metal / Vidrio,,,"Fernandez De La Cruz, F., Gral. Av. 4800",Villa Lugano,8,POINT (-149.10274396230494 -46.46084205867147)
3648,Contenedor Verde,Contenedor Verde,Papel / Cartón / Plástico / Metal / Vidrio,,,"Fernandez De La Cruz, F., Gral. Av. 5000",Villa Lugano,8,POINT (-149.1047208351141 -46.459599448824186)
3649,Contenedor Verde,Contenedor Verde,Papel / Cartón / Plástico / Metal / Vidrio,,,"Fernandez De La Cruz, F., Gral. Av. 5095",Villa Lugano,8,POINT (-149.10506147073485 -46.45913326978575)
3650,Contenedor Verde,Contenedor Verde,Papel / Cartón / Plástico / Metal / Vidrio,,,"Fernandez De La Cruz, F., Gral. Av. 5925",Villa Lugano,8,POINT (-149.11183463486182 -46.45497540364718)
3651,Contenedor Verde,Contenedor Verde,Papel / Cartón / Plástico / Metal / Vidrio,,,Fonrouge 3735,Villa Lugano,8,POINT (-149.1001380432225 -46.45329469912403)
3652,Contenedor Verde,Contenedor Verde,Papel / Cartón / Plástico / Metal / Vidrio,,,"Garcia, Pedro A. Cnel 5889",Villa Lugano,8,POINT (-149.11310726811962 -46.456926868367425)
3653,Contenedor Verde,Contenedor Verde,Papel / Cartón / Plástico / Metal / Vidrio,,,"Garcia, Pedro A.,cnel. 5660",Villa Lugano,8,POINT (-149.11077472791544 -46.457089520015174)
3654,Contenedor Verde,Contenedor Verde,Papel / Cartón / Plástico / Metal / Vidrio,,,Guamini 4648,Villa Lugano,8,POINT (-149.11371698116918 -46.44943723604021)
3655,Contenedor Verde,Contenedor Verde,Papel / Cartón / Plástico / Metal / Vidrio,,,Guardia Nacional 3300,Villa Lugano,8,POINT (-149.094449109636 -46.456060110257745)
3656,Contenedor Verde,Contenedor Verde,Papel / Cartón / Plástico / Metal / Vidrio,,,"Guerrico, Martin Ctte 5415",Villa Lugano,8,POINT (-149.11380634527916 -46.46176476084763)
3657,Contenedor Verde,Contenedor Verde,Papel / Cartón / Plástico / Metal / Vidrio,,,"Guerrico, Martin Ctte 5581",Villa Lugano,8,POINT (-149.11558781063837 -46.46188991188245)
3658,Contenedor Verde,Contenedor Verde,Papel / Cartón / Plástico / Metal / Vidrio,,,Hudson 4306,Villa Lugano,8,POINT (-149.10859814692634 -46.45123723813132)
3659,Contenedor Verde,Contenedor Verde,Papel / Cartón / Plástico / Metal / Vidrio,,,Hudson 4606,Villa Lugano,8,POINT (-149.1111784518867 -46.45323109112774)
3660,Contenedor Verde,Contenedor Verde,Papel / Cartón / Plástico / Metal / Vidrio,,,Larraya 4096,Villa Lugano,8,POINT (-149.1037400484479 -46.45509426427284)
3661,Contenedor Verde,Contenedor Verde,Papel / Cartón / Plástico / Metal / Vidrio,,,Larrazabal 4010,Villa Lugano,8,POINT (-149.1041593343432 -46.453921408330125)
3662,Contenedor Verde,Contenedor Verde,Papel / Cartón / Plástico / Metal / Vidrio,,,Larrazabal Av. 4651,Villa Lugano,8,POINT (-149.10968524821791 -46.458937559674126)
3663,Contenedor Verde,Contenedor Verde,Papel / Cartón / Plástico / Metal / Vidrio,,,Larrazabal Av. 5051,Villa Lugano,8,POINT (-149.11298401017902 -46.46157965712328)
3664,Contenedor Verde,Contenedor Verde,Papel / Cartón / Plástico / Metal / Vidrio,,,"Leguizamon, Martiniano 4475",Villa Lugano,8,POINT (-149.1082853973098 -46.4533753880379)
3665,Contenedor Verde,Contenedor Verde,Papel / Cartón / Plástico / Metal / Vidrio,,,"Leguizamon, Martiniano 4649",Villa Lugano,8,POINT (-149.109809418136 -46.45455340399191)
3666,Contenedor Verde,Contenedor Verde,Papel / Cartón / Plástico / Metal / Vidrio,,,Miralla 3595,Villa Lugano,8,POINT (-149.09914085017832 -46.4545433687316)
3667,Contenedor Verde,Contenedor Verde,Papel / Cartón / Plástico / Metal / Vidrio,,,Miralla 3821,Villa Lugano,8,POINT (-149.10101956569858 -46.45596797593206)
3668,Contenedor Verde,Contenedor Verde,Papel / Cartón / Plástico / Metal / Vidrio,,,Mozart 2340,Villa Lugano,8,POINT (-149.08684035708174 -46.455818731997034)
3669,Contenedor Verde,Contenedor Verde,Papel / Cartón / Plástico / Metal / Vidrio,,,Murguiondo 4055,Villa Lugano,8,POINT (-149.103946167415 -46.451075538660014)
3670,Contenedor Verde,Contenedor Verde,Papel / Cartón / Plástico / Metal / Vidrio,,,Murguiondo 4297,Villa Lugano,8,POINT (-149.10591910113362 -46.45260390901319)
3671,Contenedor Verde,Contenedor Verde,Papel / Cartón / Plástico / Metal / Vidrio,,,Murguiondo 4315,Villa Lugano,8,POINT (-149.10615346456757 -46.45277994443893)
3672,Contenedor Verde,Contenedor Verde,Papel / Cartón / Plástico / Metal / Vidrio,,,Murguiondo 4575,Villa Lugano,8,POINT (-149.1083060090888 -46.45441493989051)
3673,Contenedor Verde,Contenedor Verde,Papel / Cartón / Plástico / Metal / Vidrio,,,Murguiondo 4751,Villa Lugano,8,POINT (-149.10979759885637 -46.45556323885702)
3674,Contenedor Verde,Contenedor Verde,Papel / Cartón / Plástico / Metal / Vidrio,,,"Olascoaga, Manuel Jose. Cnel 5003",Villa Lugano,8,POINT (-149.1120824363188 -46.45793412580588)
3675,Contenedor Verde,Contenedor Verde,Papel / Cartón / Plástico / Metal / Vidrio,,,Oliden 4005,Villa Lugano,8,POINT (-149.102872750427 -46.45150443413643)
3676,Contenedor Verde,Contenedor Verde,Papel / Cartón / Plástico / Metal / Vidrio,,,Oliden 4278,Villa Lugano,8,POINT (-149.10482223132456 -46.45308901123804)
3677,Contenedor Verde,Contenedor Verde,Papel / Cartón / Plástico / Metal / Vidrio,,,Oliden 4656,Villa Lugano,8,POINT (-149.10817627288264 -46.45565072821677)
3678,Contenedor Verde,Contenedor Verde,Papel / Cartón / Plástico / Metal / Vidrio,,,"Ozanam Federico, Beato 5205",Villa Lugano,8,POINT (-149.1009173082257 -46.45481106469102)
3679,Contenedor Verde,Contenedor Verde,Papel / Cartón / Plástico / Metal / Vidrio,,,Pola 3592,Villa Lugano,8,POINT (-149.09891885556496 -46.4534395529035)
3680,Contenedor Verde,Contenedor Verde,Papel / Cartón / Plástico / Metal / Vidrio,,,"Ramirez, Ceferino Comodoro 5562",Villa Lugano,8,POINT (-149.11318800702193 -46.4601926795809)
3681,Contenedor Verde,Contenedor Verde,Papel / Cartón / Plástico / Metal / Vidrio,,,"Riestra, Av 5796",Villa Lugano,8,POINT (-149.1061849119534 -46.4519442567978)
3682,Contenedor Verde,Contenedor Verde,Papel / Cartón / Plástico / Metal / Vidrio,,,Saraza 4225,Villa Lugano,8,POINT (-149.08805656242694 -46.45639177361276)
3683,Contenedor Verde,Contenedor Verde,Papel / Cartón / Plástico / Metal / Vidrio,,,Saraza 4268,Villa Lugano,8,POINT (-149.08854682869767 -46.456301419152794)
3684,Contenedor Verde,Contenedor Verde,Papel / Cartón / Plástico / Metal / Vidrio,,,Saraza 4355,Villa Lugano,8,POINT (-149.08945940813268 -46.45561117972829)
3685,Contenedor Verde,Contenedor Verde,Papel / Cartón / Plástico / Metal / Vidrio,,,Sayos 5294,Villa Lugano,8,POINT (-149.10217742334942 -46.45502659885669)
3686,Contenedor Verde,Contenedor Verde,Papel / Cartón / Plástico / Metal / Vidrio,,,Soldado De La Frontera Av. 4954,Villa Lugano,8,POINT (-149.11090339251075 -46.45799504894883)
3687,Contenedor Verde,Contenedor Verde,Papel / Cartón / Plástico / Metal / Vidrio,,,Soldado De La Frontera Av. 5210,Villa Lugano,8,POINT (-149.11335514097092 -46.45942936838183)
3688,Contenedor Verde,Contenedor Verde,Papel / Cartón / Plástico / Metal / Vidrio,,,Soldado De La Frontera Av. 5251,Villa Lugano,8,POINT (-149.11423690995898 -46.45937164124135)
3689,Contenedor Verde,Contenedor Verde,Papel / Cartón / Plástico / Metal / Vidrio,,,Soldado De La Frontera Av. 5482,Villa Lugano,8,POINT (-149.1162393383492 -46.46078377649297)
3690,Contenedor Verde,Contenedor Verde,Papel / Cartón / Plástico / Metal / Vidrio,,,Somellera 4896,Villa Lugano,8,POINT (-149.09764811364886 -46.45560411291917)
3691,Contenedor Verde,Contenedor Verde,Papel / Cartón / Plástico / Metal / Vidrio,,,Somellera 5394,Villa Lugano,8,POINT (-149.1013924617443 -46.45342735290786)
3692,Contenedor Verde,Contenedor Verde,Papel / Cartón / Plástico / Metal / Vidrio,,,Somellera 5550,Villa Lugano,8,POINT (-149.1031012927833 -46.45239993614539)
3693,Contenedor Verde,Contenedor Verde,Papel / Cartón / Plástico / Metal / Vidrio,,,Somellera 6011,Villa Lugano,8,POINT (-149.10652140976606 -46.45031207242419)
3694,Contenedor Verde,Contenedor Verde,Papel / Cartón / Plástico / Metal / Vidrio,,,"Suarez, Jose Leon 4850",Villa Lugano,8,POINT (-149.1151915085055 -46.44854667059482)
3695,Contenedor Verde,Contenedor Verde,Papel / Cartón / Plástico / Metal / Vidrio,,,Unanue 5511,Villa Lugano,8,POINT (-149.10601203921897 -46.45511521292306)
3696,Contenedor Verde,Contenedor Verde,Papel / Cartón / Plástico / Metal / Vidrio,,,Zelarrayan 4572,Villa Lugano,8,POINT (-149.09343804680893 -46.45555996521128)
3697,Contenedor Verde,Contenedor Verde,Papel / Cartón / Plástico / Metal / Vidrio,,,Casta?ares Av. 6509,Villa Lugano,8,POINT (-149.10823139078656 -46.444769211810446)
3698,Contenedor Verde,Contenedor Verde,Papel / Cartón / Plástico / Metal / Vidrio,,,Casta?ares Av. 6611,Villa Lugano,8,POINT (-149.10927203529533 -46.44403756086221)
3699,Contenedor Verde,Contenedor Verde,Papel / Cartón / Plástico / Metal / Vidrio,,,Ca?ada De Gomez 4008,Villa Lugano,8,POINT (-149.10578504948347 -46.44652014378488)
3700,Contenedor Verde,Contenedor Verde,Papel / Cartón / Plástico / Metal / Vidrio,,,Albari?o 2995,Villa Lugano,8,POINT (-149.0930590393753 -46.45090122631586)
3701,Contenedor Verde,Contenedor Verde,Papel / Cartón / Plástico / Metal / Vidrio,,,Albari?o 2897,Villa Lugano,8,POINT (-149.0922453611766 -46.450276192457466)
3702,Contenedor Verde,Contenedor Verde,Papel / Cartón / Plástico / Metal / Vidrio,,,Albari?o 2525,Villa Lugano,8,POINT (-149.08853054800534 -46.44743101190254)
3703,Contenedor Verde,Contenedor Verde,Papel / Cartón / Plástico / Metal / Vidrio,,,2 De Abril De 1982 6446,Villa Lugano,8,POINT (-149.1058169714191 -46.44332868923743)
3704,Contenedor Verde,Contenedor Verde,Papel / Cartón / Plástico / Metal / Vidrio,,,2 De Abril De 1982 6956,Villa Lugano,8,POINT (-149.1074488143478 -46.44086137225681)
3705,Contenedor Verde,Contenedor Verde,Papel / Cartón / Plástico / Metal / Vidrio,,,"Alvarez, Crisostomo 5350",Villa Lugano,8,POINT (-149.09483397782515 -46.44881341339436)
3706,Contenedor Verde,Contenedor Verde,Papel / Cartón / Plástico / Metal / Vidrio,,,"Alvarez, Crisostomo 5441",Villa Lugano,8,POINT (-149.09564269741566 -46.44822561427552)
3707,Contenedor Verde,Contenedor Verde,Papel / Cartón / Plástico / Metal / Vidrio,,,"Alvarez, Crisostomo 6793",Villa Lugano,8,POINT (-149.10637155712334 -46.441718527536295)
3708,Contenedor Verde,Contenedor Verde,Papel / Cartón / Plástico / Metal / Vidrio,,,Araujo 2669,Villa Lugano,8,POINT (-149.08934140968137 -46.450066396070724)
3709,Contenedor Verde,Contenedor Verde,Papel / Cartón / Plástico / Metal / Vidrio,,,Araujo 2745,Villa Lugano,8,POINT (-149.09015613536553 -46.45066662500889)
3710,Contenedor Verde,Contenedor Verde,Papel / Cartón / Plástico / Metal / Vidrio,,,Argentina Av. 6533,Villa Lugano,8,POINT (-149.10153489569157 -46.44146569668756)
3711,Contenedor Verde,Contenedor Verde,Papel / Cartón / Plástico / Metal / Vidrio,,,Argentina Av. 6950,Villa Lugano,8,POINT (-149.10239585633173 -46.43804371892906)
3712,Contenedor Verde,Contenedor Verde,Papel / Cartón / Plástico / Metal / Vidrio,,,Balbastro 5150,Villa Lugano,8,POINT (-149.09504752125085 -46.450963536889645)
3713,Contenedor Verde,Contenedor Verde,Papel / Cartón / Plástico / Metal / Vidrio,,,Barca Cabo De Hornos 6650,Villa Lugano,8,POINT (-149.1080955549464 -46.443581544569554)
3714,Contenedor Verde,Contenedor Verde,Papel / Cartón / Plástico / Metal / Vidrio,,,Barca Cabo De Hornos 6816,Villa Lugano,8,POINT (-149.1086665002753 -46.44220161588958)
3715,Contenedor Verde,Contenedor Verde,Papel / Cartón / Plástico / Metal / Vidrio,,,Basualdo 2606,Villa Lugano,8,POINT (-149.08899026351472 -46.450898520880294)
3716,Contenedor Verde,Contenedor Verde,Papel / Cartón / Plástico / Metal / Vidrio,,,Basualdo 2704,Villa Lugano,8,POINT (-149.09021140028756 -46.451838555206606)
3717,Contenedor Verde,Contenedor Verde,Papel / Cartón / Plástico / Metal / Vidrio,,,Carhue 3189,Villa Lugano,8,POINT (-149.0996180711533 -46.438809836539384)
3718,Contenedor Verde,Contenedor Verde,Papel / Cartón / Plástico / Metal / Vidrio,,,Carhue 3340,Villa Lugano,8,POINT (-149.1009266221396 -46.44038350242725)
3719,Contenedor Verde,Contenedor Verde,Papel / Cartón / Plástico / Metal / Vidrio,,,Corvalan 2506,Villa Lugano,8,POINT (-149.08847561239472 -46.44848033182693)
3720,Contenedor Verde,Contenedor Verde,Papel / Cartón / Plástico / Metal / Vidrio,,,Corvalan 2680,Villa Lugano,8,POINT (-149.090042368111 -46.44967790672345)
3721,Contenedor Verde,Contenedor Verde,Papel / Cartón / Plástico / Metal / Vidrio,,,Cosquin 4047,Villa Lugano,8,POINT (-149.10681585912818 -46.446175540605246)
3722,Contenedor Verde,Contenedor Verde,Papel / Cartón / Plástico / Metal / Vidrio,,,"Cuter, Luisito 4045",Villa Lugano,8,POINT (-149.10780203195282 -46.44322507813395)
3723,Contenedor Verde,Contenedor Verde,Papel / Cartón / Plástico / Metal / Vidrio,,,"De La Rosa, Jose I., Dr. 6190",Villa Lugano,8,POINT (-149.0939849242517 -46.44348865907649)
3724,Contenedor Verde,Contenedor Verde,Papel / Cartón / Plástico / Metal / Vidrio,,,"Dellepiane, Luis, Tte. Gral. 4630",Villa Lugano,8,POINT (-149.0919762460284 -46.45369648425981)
3725,Contenedor Verde,Contenedor Verde,Papel / Cartón / Plástico / Metal / Vidrio,,,"Dellepiane, Luis, Tte. Gral. 4781",Villa Lugano,8,POINT (-149.09362564856522 -46.45257969739967)
3726,Contenedor Verde,Contenedor Verde,Papel / Cartón / Plástico / Metal / Vidrio,,,"Dellepiane, Luis, Tte. Gral. 4850",Villa Lugano,8,POINT (-149.09392490894442 -46.45323290562221)
3727,Contenedor Verde,Contenedor Verde,Papel / Cartón / Plástico / Metal / Vidrio,,,"Dellepiane, Luis, Tte. Gral. 4941",Villa Lugano,8,POINT (-149.0936717276369 -46.452575183490524)
3728,Contenedor Verde,Contenedor Verde,Papel / Cartón / Plástico / Metal / Vidrio,,,"Dellepiane, Luis, Tte. Gral. 6655",Villa Lugano,8,POINT (-149.11230606410277 -46.44765332698721)
3729,Contenedor Verde,Contenedor Verde,Papel / Cartón / Plástico / Metal / Vidrio,,,Echeandia 5000,Villa Lugano,8,POINT (-149.0893726767455 -46.44922339552179)
3730,Contenedor Verde,Contenedor Verde,Papel / Cartón / Plástico / Metal / Vidrio,,,Echeandia 6810,Villa Lugano,8,POINT (-149.10463107374594 -46.44005158196321)
3731,Contenedor Verde,Contenedor Verde,Papel / Cartón / Plástico / Metal / Vidrio,,,Echeandia 6990,Villa Lugano,8,POINT (-149.10592352513765 -46.43930254973613)
3732,Contenedor Verde,Contenedor Verde,Papel / Cartón / Plástico / Metal / Vidrio,,,Escalada Av. 2515,Villa Lugano,8,POINT (-149.08896671642546 -46.45261614654855)
3733,Contenedor Verde,Contenedor Verde,Papel / Cartón / Plástico / Metal / Vidrio,,,Fonrouge 2699,Villa Lugano,8,POINT (-149.09008607130255 -46.44560008449699)
3734,Contenedor Verde,Contenedor Verde,Papel / Cartón / Plástico / Metal / Vidrio,,,Fonrouge 2706,Villa Lugano,8,POINT (-149.09025405921253 -46.445806791319335)
3735,Contenedor Verde,Contenedor Verde,Papel / Cartón / Plástico / Metal / Vidrio,,,Fonrouge 2990,Villa Lugano,8,POINT (-149.0930251905789 -46.44792961740067)
3736,Contenedor Verde,Contenedor Verde,Papel / Cartón / Plástico / Metal / Vidrio,,,Fonrouge 3180,Villa Lugano,8,POINT (-149.09504931476854 -46.44948846502993)
3737,Contenedor Verde,Contenedor Verde,Papel / Cartón / Plástico / Metal / Vidrio,,,Goleta Santa Cruz 6519,Villa Lugano,8,POINT (-149.10684493342012 -46.4443954147188)
3738,Contenedor Verde,Contenedor Verde,Papel / Cartón / Plástico / Metal / Vidrio,,,Goleta Santa Cruz 6711,Villa Lugano,8,POINT (-149.1073778534699 -46.44309119293805)
3739,Contenedor Verde,Contenedor Verde,Papel / Cartón / Plástico / Metal / Vidrio,,,Goleta Santa Cruz 6851,Villa Lugano,8,POINT (-149.1078317983842 -46.442002409047426)
3740,Contenedor Verde,Contenedor Verde,Papel / Cartón / Plástico / Metal / Vidrio,,,"Gordillo, Timoteo 4106",Villa Lugano,8,POINT (-149.10583041599568 -46.44752449637987)
3741,Contenedor Verde,Contenedor Verde,Papel / Cartón / Plástico / Metal / Vidrio,,,"Gordillo, Timoteo 4256",Villa Lugano,8,POINT (-149.10777313460687 -46.44891303977777)
3742,Contenedor Verde,Contenedor Verde,Papel / Cartón / Plástico / Metal / Vidrio,,,Guardia Nacional 2491,Villa Lugano,8,POINT (-149.08717248604134 -46.4504188133872)
3743,Contenedor Verde,Contenedor Verde,Papel / Cartón / Plástico / Metal / Vidrio,,,Guardia Nacional 2605,Villa Lugano,8,POINT (-149.08836972656698 -46.45131306595889)
3744,Contenedor Verde,Contenedor Verde,Papel / Cartón / Plástico / Metal / Vidrio,,,Larraya 2787,Villa Lugano,8,POINT (-149.09179825927868 -46.44590377817462)
3745,Contenedor Verde,Contenedor Verde,Papel / Cartón / Plástico / Metal / Vidrio,,,Larraya 3137,Villa Lugano,8,POINT (-149.09552016631838 -46.44875766533927)
3746,Contenedor Verde,Contenedor Verde,Papel / Cartón / Plástico / Metal / Vidrio,,,Larraya 3271,Villa Lugano,8,POINT (-149.09654698226595 -46.44954583841795)
3747,Contenedor Verde,Contenedor Verde,Papel / Cartón / Plástico / Metal / Vidrio,,,Larrazabal 2712,Villa Lugano,8,POINT (-149.09221409687785 -46.4447632970324)
3748,Contenedor Verde,Contenedor Verde,Papel / Cartón / Plástico / Metal / Vidrio,,,Larrazabal 2948,Villa Lugano,8,POINT (-149.094532634578 -46.44653449644378)
3749,Contenedor Verde,Contenedor Verde,Papel / Cartón / Plástico / Metal / Vidrio,,,Larrazabal 3296,Villa Lugano,8,POINT (-149.09769025005252 -46.448933189167164)
3750,Contenedor Verde,Contenedor Verde,Papel / Cartón / Plástico / Metal / Vidrio,,,Larrazabal 3330,Villa Lugano,8,POINT (-149.09815003510644 -46.449290925848736)
3751,Contenedor Verde,Contenedor Verde,Papel / Cartón / Plástico / Metal / Vidrio,,,Larrazabal 3552,Villa Lugano,8,POINT (-149.09994007262202 -46.45066327639659)
3752,Contenedor Verde,Contenedor Verde,Papel / Cartón / Plástico / Metal / Vidrio,,,"Leguizamon, Martiniano 3418",Villa Lugano,8,POINT (-149.09910643783977 -46.446273987909485)
3753,Contenedor Verde,Contenedor Verde,Papel / Cartón / Plástico / Metal / Vidrio,,,"Leguizamon, Martiniano 3560",Villa Lugano,8,POINT (-149.10022376314978 -46.44717128556911)
3754,Contenedor Verde,Contenedor Verde,Papel / Cartón / Plástico / Metal / Vidrio,,,"Leguizamon, Martiniano 3810",Villa Lugano,8,POINT (-149.10226210151524 -46.448815005453646)
3755,Contenedor Verde,Contenedor Verde,Papel / Cartón / Plástico / Metal / Vidrio,,,"Leguizamon, Martiniano 3988",Villa Lugano,8,POINT (-149.1037716106819 -46.45003614471254)
3756,Contenedor Verde,Contenedor Verde,Papel / Cartón / Plástico / Metal / Vidrio,,,Miralla 2680,Villa Lugano,8,POINT (-149.09056622537017 -46.448069666751266)
3757,Contenedor Verde,Contenedor Verde,Papel / Cartón / Plástico / Metal / Vidrio,,,Miralla 2850,Villa Lugano,8,POINT (-149.09229089073224 -46.44938494895985)
3758,Contenedor Verde,Contenedor Verde,Papel / Cartón / Plástico / Metal / Vidrio,,,Miralla 2986,Villa Lugano,8,POINT (-149.09367290387823 -46.45044909976242)
3759,Contenedor Verde,Contenedor Verde,Papel / Cartón / Plástico / Metal / Vidrio,,,Miralla 3190,Villa Lugano,8,POINT (-149.0953337603137 -46.45173169396615)
3760,Contenedor Verde,Contenedor Verde,Papel / Cartón / Plástico / Metal / Vidrio,,,Montiel 3806,Villa Lugano,8,POINT (-149.1047073430897 -46.44127788636496)
3761,Contenedor Verde,Contenedor Verde,Papel / Cartón / Plástico / Metal / Vidrio,,,Montiel 3902,Villa Lugano,8,POINT (-149.1058485480581 -46.44217205868453)
3762,Contenedor Verde,Contenedor Verde,Papel / Cartón / Plástico / Metal / Vidrio,,,Murguiondo 2891,Villa Lugano,8,POINT (-149.0931087766382 -46.44264269937253)
3763,Contenedor Verde,Contenedor Verde,Papel / Cartón / Plástico / Metal / Vidrio,,,Murguiondo 3405,Villa Lugano,8,POINT (-149.09842736681182 -46.44667756987023)
3764,Contenedor Verde,Contenedor Verde,Papel / Cartón / Plástico / Metal / Vidrio,,,Murguiondo 3991,Villa Lugano,8,POINT (-149.1030085965913 -46.45031470501646)
3765,Contenedor Verde,Contenedor Verde,Papel / Cartón / Plástico / Metal / Vidrio,,,Oliden 2852,Villa Lugano,8,POINT (-149.0927095135371 -46.44361478025414)
3766,Contenedor Verde,Contenedor Verde,Papel / Cartón / Plástico / Metal / Vidrio,,,Oliden 3090,Villa Lugano,8,POINT (-149.095063238038 -46.44539538115243)
3767,Contenedor Verde,Contenedor Verde,Papel / Cartón / Plástico / Metal / Vidrio,,,Oliden 3262,Villa Lugano,8,POINT (-149.0969741291687 -46.44684685631748)
3768,Contenedor Verde,Contenedor Verde,Papel / Cartón / Plástico / Metal / Vidrio,,,Oliden 3520,Villa Lugano,8,POINT (-149.09910022122614 -46.44858168406991)
3769,Contenedor Verde,Contenedor Verde,Papel / Cartón / Plástico / Metal / Vidrio,,,"Paz, Gral. Av. 15400",Villa Lugano,8,POINT (-149.11280291383125 -46.44460978859172)
3770,Contenedor Verde,Contenedor Verde,Papel / Cartón / Plástico / Metal / Vidrio,,,"Peron, Eva Av. 6633",Villa Lugano,8,POINT (-149.0968592330698 -46.44065664056394)
3771,Contenedor Verde,Contenedor Verde,Papel / Cartón / Plástico / Metal / Vidrio,,,"Peron, Eva Av. 6829",Villa Lugano,8,POINT (-149.09835894837965 -46.439827901523955)
3772,Contenedor Verde,Contenedor Verde,Papel / Cartón / Plástico / Metal / Vidrio,,,"Peron, Eva Av. 7427",Villa Lugano,8,POINT (-149.1019809244664 -46.436909567263264)
3773,Contenedor Verde,Contenedor Verde,Papel / Cartón / Plástico / Metal / Vidrio,,,Piedra Buena Av. 3205,Villa Lugano,8,POINT (-149.09975788882517 -46.44072391053351)
3774,Contenedor Verde,Contenedor Verde,Papel / Cartón / Plástico / Metal / Vidrio,,,Piedra Buena Av. 3815,Villa Lugano,8,POINT (-149.1054333342931 -46.444145813435)
3775,Contenedor Verde,Contenedor Verde,Papel / Cartón / Plástico / Metal / Vidrio,,,Pola 2697,Villa Lugano,8,POINT (-149.09050068382405 -46.44692698219468)
3776,Contenedor Verde,Contenedor Verde,Papel / Cartón / Plástico / Metal / Vidrio,,,Pola 2817,Villa Lugano,8,POINT (-149.09176024979178 -46.447889330731115)
3777,Contenedor Verde,Contenedor Verde,Papel / Cartón / Plástico / Metal / Vidrio,,,Pola 3319,Villa Lugano,8,POINT (-149.09641220161464 -46.45142285242257)
3778,Contenedor Verde,Contenedor Verde,Papel / Cartón / Plástico / Metal / Vidrio,,,"Rucci, Jose Ignacio 3280",Villa Lugano,8,POINT (-149.0983645676947 -46.444599454172376)
3779,Contenedor Verde,Contenedor Verde,Papel / Cartón / Plástico / Metal / Vidrio,,,"Rucci, Jose Ignacio 3466",Villa Lugano,8,POINT (-149.10033248818607 -46.44598379114014)
3780,Contenedor Verde,Contenedor Verde,Papel / Cartón / Plástico / Metal / Vidrio,,,Santander 4125,Villa Lugano,8,POINT (-149.08516129224475 -46.45570057721857)
3781,Contenedor Verde,Contenedor Verde,Papel / Cartón / Plástico / Metal / Vidrio,,,Santander 4792,Villa Lugano,8,POINT (-149.09161912417812 -46.45206703827295)
3782,Contenedor Verde,Contenedor Verde,Papel / Cartón / Plástico / Metal / Vidrio,,,Santander 4922,Villa Lugano,8,POINT (-149.09268085670763 -46.451373974780054)
3783,Contenedor Verde,Contenedor Verde,Papel / Cartón / Plástico / Metal / Vidrio,,,Saraza 5591,Villa Lugano,8,POINT (-149.0996040578557 -46.44909337766219)
3784,Contenedor Verde,Contenedor Verde,Papel / Cartón / Plástico / Metal / Vidrio,,,Saraza 5852,Villa Lugano,8,POINT (-149.10186886962924 -46.44774436537113)
3785,Contenedor Verde,Contenedor Verde,Papel / Cartón / Plástico / Metal / Vidrio,,,Zuviria 6520,Villa Lugano,8,POINT (-149.1028158178617 -46.442290187416276)
3786,Contenedor Verde,Contenedor Verde,Papel / Cartón / Plástico / Metal / Vidrio,,,Zuviria 6810,Villa Lugano,8,POINT (-149.10610778240942 -46.440209853558386)
3787,Contenedor Verde,Contenedor Verde,Papel / Cartón / Plástico / Metal / Vidrio,,,"Magari?os Cervantes, A. 5249",Villa Luro,10,POINT (-149.05759420597562 -46.43332531533821)
3788,Contenedor Verde,Contenedor Verde,Papel / Cartón / Plástico / Metal / Vidrio,,,"Magari?os Cervantes, A. 5511",Villa Luro,10,POINT (-149.06006822732667 -46.43181232291451)
3789,Contenedor Verde,Contenedor Verde,Papel / Cartón / Plástico / Metal / Vidrio,,,Albari?o 213,Villa Luro,10,POINT (-149.06772826109633 -46.43148502307521)
3790,Contenedor Verde,Contenedor Verde,Papel / Cartón / Plástico / Metal / Vidrio,,,Alcaraz 5495,Villa Luro,10,POINT (-149.05303587145315 -46.42921584575903)
3791,Contenedor Verde,Contenedor Verde,Papel / Cartón / Plástico / Metal / Vidrio,,,Alcaraz 5651,Villa Luro,10,POINT (-149.0546013348805 -46.4284193376736)
3792,Contenedor Verde,Contenedor Verde,Papel / Cartón / Plástico / Metal / Vidrio,,,Alvarez Jonte Av. 5379,Villa Luro,10,POINT (-149.05133084374273 -46.42921800500907)
3793,Contenedor Verde,Contenedor Verde,Papel / Cartón / Plástico / Metal / Vidrio,,,Alvarez Jonte Av. 5555,Villa Luro,10,POINT (-149.05303949709676 -46.4281615105626)
3794,Contenedor Verde,Contenedor Verde,Papel / Cartón / Plástico / Metal / Vidrio,,,Alvarez Jonte Av. 5695,Villa Luro,10,POINT (-149.05406543529196 -46.42752603402382)
3795,Contenedor Verde,Contenedor Verde,Papel / Cartón / Plástico / Metal / Vidrio,,,Alvarez Jonte Av. 5707,Villa Luro,10,POINT (-149.0542894403726 -46.4273870459113)
3796,Contenedor Verde,Contenedor Verde,Papel / Cartón / Plástico / Metal / Vidrio,,,Araujo 355,Villa Luro,10,POINT (-149.06852924584456 -46.43410702186874)
3797,Contenedor Verde,Contenedor Verde,Papel / Cartón / Plástico / Metal / Vidrio,,,Araujo 584,Villa Luro,10,POINT (-149.0704894550636 -46.435768557849634)
3798,Contenedor Verde,Contenedor Verde,Papel / Cartón / Plástico / Metal / Vidrio,,,Bacacay 5020,Villa Luro,10,POINT (-149.06142216970224 -46.43846530037204)
3799,Contenedor Verde,Contenedor Verde,Papel / Cartón / Plástico / Metal / Vidrio,,,Bacacay 5410,Villa Luro,10,POINT (-149.06227319228506 -46.435227774274594)
3800,Contenedor Verde,Contenedor Verde,Papel / Cartón / Plástico / Metal / Vidrio,,,Bacacay 5606,Villa Luro,10,POINT (-149.06262871332638 -46.433592453867206)
3801,Contenedor Verde,Contenedor Verde,Papel / Cartón / Plástico / Metal / Vidrio,,,Basualdo 332,Villa Luro,10,POINT (-149.06843103044028 -46.435149540649945)
3802,Contenedor Verde,Contenedor Verde,Papel / Cartón / Plástico / Metal / Vidrio,,,Cajaravilla 4786,Villa Luro,10,POINT (-149.0673739569226 -46.44039815368183)
3803,Contenedor Verde,Contenedor Verde,Papel / Cartón / Plástico / Metal / Vidrio,,,Cajaravilla 4950,Villa Luro,10,POINT (-149.06773640624655 -46.43911767418054)
3804,Contenedor Verde,Contenedor Verde,Papel / Cartón / Plástico / Metal / Vidrio,,,Camarones 5264,Villa Luro,10,POINT (-149.05606388697743 -46.43320789461466)
3805,Contenedor Verde,Contenedor Verde,Papel / Cartón / Plástico / Metal / Vidrio,,,Camarones 5416,Villa Luro,10,POINT (-149.05752217548923 -46.43232525974624)
3806,Contenedor Verde,Contenedor Verde,Papel / Cartón / Plástico / Metal / Vidrio,,,Camarones 5606,Villa Luro,10,POINT (-149.05929317248467 -46.43124581032244)
3807,Contenedor Verde,Contenedor Verde,Papel / Cartón / Plástico / Metal / Vidrio,,,"Castro, Emilio 4853",Villa Luro,10,POINT (-149.06972784314348 -46.441046951313304)
3808,Contenedor Verde,Contenedor Verde,Papel / Cartón / Plástico / Metal / Vidrio,,,"Castro, Emilio 5035",Villa Luro,10,POINT (-149.0702093043127 -46.4393285940603)
3809,Contenedor Verde,Contenedor Verde,Papel / Cartón / Plástico / Metal / Vidrio,,,"Corro, Miguel C. Del, Canonigo 630",Villa Luro,10,POINT (-149.05881557624392 -46.437130630999434)
3810,Contenedor Verde,Contenedor Verde,Papel / Cartón / Plástico / Metal / Vidrio,,,"Diaz, Cesar, Gral. 5391",Villa Luro,10,POINT (-149.05872411945643 -46.43502336845828)
3811,Contenedor Verde,Contenedor Verde,Papel / Cartón / Plástico / Metal / Vidrio,,,"Diaz, Cesar, Gral. 5477",Villa Luro,10,POINT (-149.05955367378792 -46.43452661796269)
3812,Contenedor Verde,Contenedor Verde,Papel / Cartón / Plástico / Metal / Vidrio,,,"Diaz, Cesar, Gral. Av. 5705",Villa Luro,10,POINT (-149.0618549634618 -46.43318247349845)
3813,Contenedor Verde,Contenedor Verde,Papel / Cartón / Plástico / Metal / Vidrio,,,Donizetti 48,Villa Luro,10,POINT (-149.06446054112646 -46.43903166121329)
3814,Contenedor Verde,Contenedor Verde,Papel / Cartón / Plástico / Metal / Vidrio,,,Escalada Av. 126,Villa Luro,10,POINT (-149.06635646462436 -46.435612242421186)
3815,Contenedor Verde,Contenedor Verde,Papel / Cartón / Plástico / Metal / Vidrio,,,Escalada Av. 480,Villa Luro,10,POINT (-149.06893850412433 -46.43758658445344)
3816,Contenedor Verde,Contenedor Verde,Papel / Cartón / Plástico / Metal / Vidrio,,,Escalada Av. 618,Villa Luro,10,POINT (-149.07054833288808 -46.438818779494646)
3817,Contenedor Verde,Contenedor Verde,Papel / Cartón / Plástico / Metal / Vidrio,,,"Falcon, Ramon L.,cnel. 4644",Villa Luro,10,POINT (-149.0645362706912 -46.441191506738285)
3818,Contenedor Verde,Contenedor Verde,Papel / Cartón / Plástico / Metal / Vidrio,,,"Falcon, Ramon L.,cnel. 4922",Villa Luro,10,POINT (-149.0651482032422 -46.438868643439626)
3819,Contenedor Verde,Contenedor Verde,Papel / Cartón / Plástico / Metal / Vidrio,,,"Falcon, Ramon L.,cnel. 5154",Villa Luro,10,POINT (-149.06565975366496 -46.43693980910722)
3820,Contenedor Verde,Contenedor Verde,Papel / Cartón / Plástico / Metal / Vidrio,,,"Falcon, Ramon L.,cnel. Av. 5577",Villa Luro,10,POINT (-149.06612935889893 -46.43375151015888)
3821,Contenedor Verde,Contenedor Verde,Papel / Cartón / Plástico / Metal / Vidrio,,,"Falcon, Ramon L.,cnel. Av. 5711",Villa Luro,10,POINT (-149.06657902191253 -46.43244386097645)
3822,Contenedor Verde,Contenedor Verde,Papel / Cartón / Plástico / Metal / Vidrio,,,"Garcia, Juan Agustin 5446",Villa Luro,10,POINT (-149.05538132401784 -46.43152473730778)
3823,Contenedor Verde,Contenedor Verde,Papel / Cartón / Plástico / Metal / Vidrio,,,"Garcia, Juan Agustin 5624",Villa Luro,10,POINT (-149.0569756250959 -46.43055423134741)
3824,Contenedor Verde,Contenedor Verde,Papel / Cartón / Plástico / Metal / Vidrio,,,"Gonzalez, Elpidio 5445",Villa Luro,10,POINT (-149.05536558941156 -46.43037003341183)
3825,Contenedor Verde,Contenedor Verde,Papel / Cartón / Plástico / Metal / Vidrio,,,"Gonzalez, Elpidio 5557",Villa Luro,10,POINT (-149.05640234763692 -46.429744488703825)
3826,Contenedor Verde,Contenedor Verde,Papel / Cartón / Plástico / Metal / Vidrio,,,Guardia Nacional 265,Villa Luro,10,POINT (-149.06705960281423 -46.43506363123579)
3827,Contenedor Verde,Contenedor Verde,Papel / Cartón / Plástico / Metal / Vidrio,,,Guardia Nacional 449,Villa Luro,10,POINT (-149.06877332795813 -46.43636883529022)
3828,Contenedor Verde,Contenedor Verde,Papel / Cartón / Plástico / Metal / Vidrio,,,"Hugo, Victor 1253",Villa Luro,10,POINT (-149.0546426550741 -46.429095576798744)
3829,Contenedor Verde,Contenedor Verde,Papel / Cartón / Plástico / Metal / Vidrio,,,"Hugo, Victor 343",Villa Luro,10,POINT (-149.0618907223442 -46.43444158993487)
3830,Contenedor Verde,Contenedor Verde,Papel / Cartón / Plástico / Metal / Vidrio,,,"Hugo, Victor 685",Villa Luro,10,POINT (-149.0591270399508 -46.432686993938844)
3831,Contenedor Verde,Contenedor Verde,Papel / Cartón / Plástico / Metal / Vidrio,,,"Justo, Juan B. Av. 8160",Villa Luro,10,POINT (-149.05985297479972 -46.43526050585938)
3832,Contenedor Verde,Contenedor Verde,Papel / Cartón / Plástico / Metal / Vidrio,,,"Justo, Juan B. Av. 8324",Villa Luro,10,POINT (-149.06082538046633 -46.43350824831306)
3833,Contenedor Verde,Contenedor Verde,Papel / Cartón / Plástico / Metal / Vidrio,,,"Justo, Juan B. Av. 8447",Villa Luro,10,POINT (-149.0611901510611 -46.43214986036532)
3834,Contenedor Verde,Contenedor Verde,Papel / Cartón / Plástico / Metal / Vidrio,,,Lope De Vega 452,Villa Luro,10,POINT (-149.05992720539078 -46.436593482412384)
3835,Contenedor Verde,Contenedor Verde,Papel / Cartón / Plástico / Metal / Vidrio,,,Lope De Vega Av. 1188,Villa Luro,10,POINT (-149.05502832584338 -46.43306602329292)
3836,Contenedor Verde,Contenedor Verde,Papel / Cartón / Plástico / Metal / Vidrio,,,Lope De Vega Av. 1366,Villa Luro,10,POINT (-149.05358018818066 -46.4318964306635)
3837,Contenedor Verde,Contenedor Verde,Papel / Cartón / Plástico / Metal / Vidrio,,,Lope De Vega Av. 972,Villa Luro,10,POINT (-149.0565519511864 -46.43430325865862)
3838,Contenedor Verde,Contenedor Verde,Papel / Cartón / Plástico / Metal / Vidrio,,,Miranda 5408,Villa Luro,10,POINT (-149.05354632059723 -46.43045257478511)
3839,Contenedor Verde,Contenedor Verde,Papel / Cartón / Plástico / Metal / Vidrio,,,Miranda 5708,Villa Luro,10,POINT (-149.05623841091878 -46.428818628046905)
3840,Contenedor Verde,Contenedor Verde,Papel / Cartón / Plástico / Metal / Vidrio,,,Mozart 400,Villa Luro,10,POINT (-149.0680438407016 -46.44220552138085)
3841,Contenedor Verde,Contenedor Verde,Papel / Cartón / Plástico / Metal / Vidrio,,,Murature 5230,Villa Luro,10,POINT (-149.05839193129407 -46.434132274446426)
3842,Contenedor Verde,Contenedor Verde,Papel / Cartón / Plástico / Metal / Vidrio,,,Patron 5562,Villa Luro,10,POINT (-149.06826648091615 -46.43233235737064)
3843,Contenedor Verde,Contenedor Verde,Papel / Cartón / Plástico / Metal / Vidrio,,,Rafaela 4806,Villa Luro,10,POINT (-149.06616013387358 -46.440039545760136)
3844,Contenedor Verde,Contenedor Verde,Papel / Cartón / Plástico / Metal / Vidrio,,,Rafaela 5095,Villa Luro,10,POINT (-149.06674041049553 -46.437620026903176)
3845,Contenedor Verde,Contenedor Verde,Papel / Cartón / Plástico / Metal / Vidrio,,,Rivadavia Av. 10065,Villa Luro,10,POINT (-149.06510977930031 -46.4336894149475)
3846,Contenedor Verde,Contenedor Verde,Papel / Cartón / Plástico / Metal / Vidrio,,,Rivadavia Av. 10227,Villa Luro,10,POINT (-149.06560030303754 -46.43219537042911)
3847,Contenedor Verde,Contenedor Verde,Papel / Cartón / Plástico / Metal / Vidrio,,,Rivadavia Av. 9829,Villa Luro,10,POINT (-149.0646195986735 -46.43530264282298)
3848,Contenedor Verde,Contenedor Verde,Papel / Cartón / Plástico / Metal / Vidrio,,,San Blas 5275,Villa Luro,10,POINT (-149.05619433297466 -46.43205143486924)
3849,Contenedor Verde,Contenedor Verde,Papel / Cartón / Plástico / Metal / Vidrio,,,San Blas 5545,Villa Luro,10,POINT (-149.05888421303814 -46.4304027711243)
3850,Contenedor Verde,Contenedor Verde,Papel / Cartón / Plástico / Metal / Vidrio,,,Sarachaga 5215,Villa Luro,10,POINT (-149.06032761470692 -46.4374088625553)
3851,Contenedor Verde,Contenedor Verde,Papel / Cartón / Plástico / Metal / Vidrio,,,Sarachaga 5491,Villa Luro,10,POINT (-149.06089569672716 -46.43521815062791)
3852,Contenedor Verde,Contenedor Verde,Papel / Cartón / Plástico / Metal / Vidrio,,,White 380,Villa Luro,10,POINT (-149.0681925514204 -46.44132383282556)
3853,Contenedor Verde,Contenedor Verde,Papel / Cartón / Plástico / Metal / Vidrio,,,Yerbal 5709,Villa Luro,10,POINT (-149.0642904197271 -46.433050666098836)
3854,Contenedor Verde,Contenedor Verde,Papel / Cartón / Plástico / Metal / Vidrio,,,Yerbal 5893,Villa Luro,10,POINT (-149.0647847084068 -46.43158465950682)
3855,Contenedor Verde,Contenedor Verde,Papel / Cartón / Plástico / Metal / Vidrio,,,Zelada 4841,Villa Luro,10,POINT (-149.06869055807823 -46.440058355003416)
3856,Contenedor Verde,Contenedor Verde,Papel / Cartón / Plástico / Metal / Vidrio,,,Zelada 5067,Villa Luro,10,POINT (-149.06918650648805 -46.43826450619451)
3857,Contenedor Verde,Contenedor Verde,Papel / Cartón / Plástico / Metal / Vidrio,,,Fraga 1274,Villa Ortuzar,15,POINT (-149.0063521270253 -46.458939306806414)
3858,Contenedor Verde,Contenedor Verde,Papel / Cartón / Plástico / Metal / Vidrio,,,Fraga 1448,Villa Ortuzar,15,POINT (-149.00632717032252 -46.45742858151426)
3859,Contenedor Verde,Contenedor Verde,Papel / Cartón / Plástico / Metal / Vidrio,,,Fraga 1830,Villa Ortuzar,15,POINT (-149.0062827551124 -46.45463007091985)
3860,Contenedor Verde,Contenedor Verde,Papel / Cartón / Plástico / Metal / Vidrio,,,Plaza 1508,Villa Ortuzar,15,POINT (-149.0008676411413 -46.454812588047346)
3861,Contenedor Verde,Contenedor Verde,Papel / Cartón / Plástico / Metal / Vidrio,,,Plaza 1738,Villa Ortuzar,15,POINT (-148.99839734282423 -46.453560557731905)
3862,Contenedor Verde,Contenedor Verde,Papel / Cartón / Plástico / Metal / Vidrio,,,14 De Julio 1146,Villa Ortuzar,15,POINT (-149.00348175420797 -46.45871090468316)
3863,Contenedor Verde,Contenedor Verde,Papel / Cartón / Plástico / Metal / Vidrio,,,14 De Julio 1352,Villa Ortuzar,15,POINT (-149.0003795707638 -46.458144232682145)
3864,Contenedor Verde,Contenedor Verde,Papel / Cartón / Plástico / Metal / Vidrio,,,14 De Julio 1650,Villa Ortuzar,15,POINT (-148.9971978357599 -46.45633240685761)
3865,Contenedor Verde,Contenedor Verde,Papel / Cartón / Plástico / Metal / Vidrio,,,"Acha, Mariano, Gral. 1715",Villa Ortuzar,15,POINT (-149.00029608370176 -46.45206881796113)
3866,Contenedor Verde,Contenedor Verde,Papel / Cartón / Plástico / Metal / Vidrio,,,Alvarez Thomas Av. 2155,Villa Ortuzar,15,POINT (-149.00142334499725 -46.45287787712286)
3867,Contenedor Verde,Contenedor Verde,Papel / Cartón / Plástico / Metal / Vidrio,,,Caldas 1623,Villa Ortuzar,15,POINT (-149.0086902211559 -46.455339744588755)
3868,Contenedor Verde,Contenedor Verde,Papel / Cartón / Plástico / Metal / Vidrio,,,Carbajal 3830,Villa Ortuzar,15,POINT (-148.9990734489475 -46.45546188016029)
3869,Contenedor Verde,Contenedor Verde,Papel / Cartón / Plástico / Metal / Vidrio,,,Charlone 1752,Villa Ortuzar,15,POINT (-149.00400670016853 -46.455888554232224)
3870,Contenedor Verde,Contenedor Verde,Papel / Cartón / Plástico / Metal / Vidrio,,,Charlone 1930,Villa Ortuzar,15,POINT (-149.00398188946195 -46.45458851120805)
3871,Contenedor Verde,Contenedor Verde,Papel / Cartón / Plástico / Metal / Vidrio,,,Chorroarin Av. 953,Villa Ortuzar,15,POINT (-149.0099822814221 -46.45386512071808)
3872,Contenedor Verde,Contenedor Verde,Papel / Cartón / Plástico / Metal / Vidrio,,,Combatientes De Malvinas Av. 3549,Villa Ortuzar,15,POINT (-149.0020025764895 -46.449822537098875)
3873,Contenedor Verde,Contenedor Verde,Papel / Cartón / Plástico / Metal / Vidrio,,,Donado 1370,Villa Ortuzar,15,POINT (-149.00326712530924 -46.45329428592249)
3874,Contenedor Verde,Contenedor Verde,Papel / Cartón / Plástico / Metal / Vidrio,,,Donado 1644,Villa Ortuzar,15,POINT (-149.00070547425935 -46.45304574875134)
3875,Contenedor Verde,Contenedor Verde,Papel / Cartón / Plástico / Metal / Vidrio,,,Donado 998,Villa Ortuzar,15,POINT (-149.00756810760575 -46.45336543896564)
3876,Contenedor Verde,Contenedor Verde,Papel / Cartón / Plástico / Metal / Vidrio,,,Estomba 1410,Villa Ortuzar,15,POINT (-149.00072423408474 -46.45659967367529)
3877,Contenedor Verde,Contenedor Verde,Papel / Cartón / Plástico / Metal / Vidrio,,,Estomba 1636,Villa Ortuzar,15,POINT (-148.99838175819735 -46.45539055760052)
3878,Contenedor Verde,Contenedor Verde,Papel / Cartón / Plástico / Metal / Vidrio,,,Estomba 1790,Villa Ortuzar,15,POINT (-148.99678273218862 -46.4543152516373)
3879,Contenedor Verde,Contenedor Verde,Papel / Cartón / Plástico / Metal / Vidrio,,,Estomba 530,Villa Ortuzar,15,POINT (-149.00942511130867 -46.456273342046124)
3880,Contenedor Verde,Contenedor Verde,Papel / Cartón / Plástico / Metal / Vidrio,,,Girardot 1350,Villa Ortuzar,15,POINT (-149.0120135103812 -46.45665945873065)
3881,Contenedor Verde,Contenedor Verde,Papel / Cartón / Plástico / Metal / Vidrio,,,Girardot 1526,Villa Ortuzar,15,POINT (-149.01028654817247 -46.45524723844964)
3882,Contenedor Verde,Contenedor Verde,Papel / Cartón / Plástico / Metal / Vidrio,,,Giribone 1413,Villa Ortuzar,15,POINT (-149.00282873180282 -46.45857465319461)
3883,Contenedor Verde,Contenedor Verde,Papel / Cartón / Plástico / Metal / Vidrio,,,Giribone 1641,Villa Ortuzar,15,POINT (-149.00279698024372 -46.45665496860744)
3884,Contenedor Verde,Contenedor Verde,Papel / Cartón / Plástico / Metal / Vidrio,,,Giribone 1829,Villa Ortuzar,15,POINT (-149.00277268611714 -46.45524901678708)
3885,Contenedor Verde,Contenedor Verde,Papel / Cartón / Plástico / Metal / Vidrio,,,Guevara 1339,Villa Ortuzar,15,POINT (-149.0074108869006 -46.4583240548073)
3886,Contenedor Verde,Contenedor Verde,Papel / Cartón / Plástico / Metal / Vidrio,,,Heredia 1251,Villa Ortuzar,15,POINT (-149.0023039628892 -46.4579096667716)
3887,Contenedor Verde,Contenedor Verde,Papel / Cartón / Plástico / Metal / Vidrio,,,Heredia 1417,Villa Ortuzar,15,POINT (-148.99985248794434 -46.45725891031572)
3888,Contenedor Verde,Contenedor Verde,Papel / Cartón / Plástico / Metal / Vidrio,,,Heredia 1557,Villa Ortuzar,15,POINT (-148.9985556934025 -46.45646454730434)
3889,Contenedor Verde,Contenedor Verde,Papel / Cartón / Plástico / Metal / Vidrio,,,Heredia 1689,Villa Ortuzar,15,POINT (-148.9972642775294 -46.455594367697245)
3890,Contenedor Verde,Contenedor Verde,Papel / Cartón / Plástico / Metal / Vidrio,,,Heredia 535,Villa Ortuzar,15,POINT (-149.01017321790115 -46.45701252354941)
3891,Contenedor Verde,Contenedor Verde,Papel / Cartón / Plástico / Metal / Vidrio,,,Holmberg 1419,Villa Ortuzar,15,POINT (-149.0018400033896 -46.45454714100168)
3892,Contenedor Verde,Contenedor Verde,Papel / Cartón / Plástico / Metal / Vidrio,,,Holmberg 1641,Villa Ortuzar,15,POINT (-149.00011005392136 -46.45366925407356)
3893,Contenedor Verde,Contenedor Verde,Papel / Cartón / Plástico / Metal / Vidrio,,,Lugones 1498,Villa Ortuzar,15,POINT (-149.00331534365156 -46.45161191409387)
3894,Contenedor Verde,Contenedor Verde,Papel / Cartón / Plástico / Metal / Vidrio,,,Lugones 1570,Villa Ortuzar,15,POINT (-149.00244759945718 -46.45159644157886)
3895,Contenedor Verde,Contenedor Verde,Papel / Cartón / Plástico / Metal / Vidrio,,,Miller 1828,Villa Ortuzar,15,POINT (-148.9999796186372 -46.45071113729512)
3896,Contenedor Verde,Contenedor Verde,Papel / Cartón / Plástico / Metal / Vidrio,,,Roseti 1455,Villa Ortuzar,15,POINT (-149.00511740919347 -46.45826525777607)
3897,Contenedor Verde,Contenedor Verde,Papel / Cartón / Plástico / Metal / Vidrio,,,Roseti 1645,Villa Ortuzar,15,POINT (-149.0050901848234 -46.45663266374108)
3898,Contenedor Verde,Contenedor Verde,Papel / Cartón / Plástico / Metal / Vidrio,,,Roseti 1827,Villa Ortuzar,15,POINT (-149.00506568556602 -46.455231570967975)
3899,Contenedor Verde,Contenedor Verde,Papel / Cartón / Plástico / Metal / Vidrio,,,Roseti 2055,Villa Ortuzar,15,POINT (-149.0050539993457 -46.45367567260816)
3900,Contenedor Verde,Contenedor Verde,Papel / Cartón / Plástico / Metal / Vidrio,,,Triunvirato Av. 2973,Villa Ortuzar,15,POINT (-149.0081611151162 -46.457230431222584)
3901,Contenedor Verde,Contenedor Verde,Papel / Cartón / Plástico / Metal / Vidrio,,,Triunvirato Av. 3245,Villa Ortuzar,15,POINT (-149.00704162623893 -46.45511870193082)
3902,Contenedor Verde,Contenedor Verde,Papel / Cartón / Plástico / Metal / Vidrio,,,Triunvirato Av. 3515,Villa Ortuzar,15,POINT (-149.00600758115095 -46.453163739393226)
3903,Contenedor Verde,Contenedor Verde,Papel / Cartón / Plástico / Metal / Vidrio,,,Triunvirato Av. 3822,Villa Ortuzar,15,POINT (-149.0041652678459 -46.45084116903506)
3904,Contenedor Verde,Contenedor Verde,Papel / Cartón / Plástico / Metal / Vidrio,,,Tronador 1471,Villa Ortuzar,15,POINT (-149.00083713638958 -46.45569684786644)
3905,Contenedor Verde,Contenedor Verde,Papel / Cartón / Plástico / Metal / Vidrio,,,Tronador 1689,Villa Ortuzar,15,POINT (-148.9984302217023 -46.45448748536821)
3906,Contenedor Verde,Contenedor Verde,Papel / Cartón / Plástico / Metal / Vidrio,,,Tronador 845,Villa Ortuzar,15,POINT (-149.0068436135878 -46.45617829897679)
3907,Contenedor Verde,Contenedor Verde,Papel / Cartón / Plástico / Metal / Vidrio,,,Zarraga 3854,Villa Ortuzar,15,POINT (-149.00125824077887 -46.45635613151211)
3908,Contenedor Verde,Contenedor Verde,Papel / Cartón / Plástico / Metal / Vidrio,,,Forest Av. 1596,Villa Ortuzar,15,POINT (-148.99716916390628 -46.45680648452519)
3909,Contenedor Verde,Contenedor Verde,Papel / Cartón / Plástico / Metal / Vidrio,,,Forest Av. 1670,Villa Ortuzar,15,POINT (-148.99663530437027 -46.45629558258613)
3910,Contenedor Verde,Contenedor Verde,Papel / Cartón / Plástico / Metal / Vidrio,,,La Pampa 3774,Villa Ortuzar,15,POINT (-148.99583578954542 -46.455054575465)
3911,Contenedor Verde,Contenedor Verde,Papel / Cartón / Plástico / Metal / Vidrio,,,Ezeiza 2712,Villa Pueyrredon,12,POINT (-148.9995818113425 -46.430555383827134)
3912,Contenedor Verde,Contenedor Verde,Papel / Cartón / Plástico / Metal / Vidrio,,,Albarellos Av. 2360,Villa Pueyrredon,12,POINT (-148.99790594381238 -46.43351751238565)
3913,Contenedor Verde,Contenedor Verde,Papel / Cartón / Plástico / Metal / Vidrio,,,Albarellos Av. 2462,Villa Pueyrredon,12,POINT (-148.99860010334697 -46.43287650275812)
3914,Contenedor Verde,Contenedor Verde,Papel / Cartón / Plástico / Metal / Vidrio,,,Albarellos Av. 2775,Villa Pueyrredon,12,POINT (-149.00080699679003 -46.430699810101494)
3915,Contenedor Verde,Contenedor Verde,Papel / Cartón / Plástico / Metal / Vidrio,,,Albarellos Av. 2838,Villa Pueyrredon,12,POINT (-149.00139835265483 -46.43030800303973)
3916,Contenedor Verde,Contenedor Verde,Papel / Cartón / Plástico / Metal / Vidrio,,,Albarellos Av. 3142,Villa Pueyrredon,12,POINT (-149.0039206228061 -46.427987452658286)
3917,Contenedor Verde,Contenedor Verde,Papel / Cartón / Plástico / Metal / Vidrio,,,"Alvarez Prado, Manuel 2472",Villa Pueyrredon,12,POINT (-148.9959213117198 -46.43083347187908)
3918,Contenedor Verde,Contenedor Verde,Papel / Cartón / Plástico / Metal / Vidrio,,,"Alvarez Prado, Manuel 2552",Villa Pueyrredon,12,POINT (-148.99542279088405 -46.43129181636148)
3919,Contenedor Verde,Contenedor Verde,Papel / Cartón / Plástico / Metal / Vidrio,,,Argerich 4530,Villa Pueyrredon,12,POINT (-149.01282145158004 -46.43458075525033)
3920,Contenedor Verde,Contenedor Verde,Papel / Cartón / Plástico / Metal / Vidrio,,,Argerich 4720,Villa Pueyrredon,12,POINT (-149.0112174072105 -46.43370722970679)
3921,Contenedor Verde,Contenedor Verde,Papel / Cartón / Plástico / Metal / Vidrio,,,Argerich 4954,Villa Pueyrredon,12,POINT (-149.00939415719694 -46.432716460985965)
3922,Contenedor Verde,Contenedor Verde,Papel / Cartón / Plástico / Metal / Vidrio,,,Argerich 5195,Villa Pueyrredon,12,POINT (-149.00744943926713 -46.43172765209345)
3923,Contenedor Verde,Contenedor Verde,Papel / Cartón / Plástico / Metal / Vidrio,,,Argerich 5390,Villa Pueyrredon,12,POINT (-149.00602920842852 -46.430886693886194)
3924,Contenedor Verde,Contenedor Verde,Papel / Cartón / Plástico / Metal / Vidrio,,,"Artigas, Jose Gervasio, Gral. 4310",Villa Pueyrredon,12,POINT (-149.01055855981087 -46.43889254683709)
3925,Contenedor Verde,Contenedor Verde,Papel / Cartón / Plástico / Metal / Vidrio,,,"Artigas, Jose Gervasio, Gral. 4514",Villa Pueyrredon,12,POINT (-149.00907672106135 -46.43808420644223)
3926,Contenedor Verde,Contenedor Verde,Papel / Cartón / Plástico / Metal / Vidrio,,,"Artigas, Jose Gervasio, Gral. 4720",Villa Pueyrredon,12,POINT (-149.00729677050737 -46.4371020571605)
3927,Contenedor Verde,Contenedor Verde,Papel / Cartón / Plástico / Metal / Vidrio,,,"Artigas, Jose Gervasio, Gral. 5385",Villa Pueyrredon,12,POINT (-149.0021798197985 -46.43439996838357)
3928,Contenedor Verde,Contenedor Verde,Papel / Cartón / Plástico / Metal / Vidrio,,,Bazurco 2342,Villa Pueyrredon,12,POINT (-149.0008208776455 -46.43528655267396)
3929,Contenedor Verde,Contenedor Verde,Papel / Cartón / Plástico / Metal / Vidrio,,,Bazurco 2712,Villa Pueyrredon,12,POINT (-149.00368524447802 -46.4327693546502)
3930,Contenedor Verde,Contenedor Verde,Papel / Cartón / Plástico / Metal / Vidrio,,,Bazurco 2886,Villa Pueyrredon,12,POINT (-149.00486923826054 -46.43171830763963)
3931,Contenedor Verde,Contenedor Verde,Papel / Cartón / Plástico / Metal / Vidrio,,,Campana 4199,Villa Pueyrredon,12,POINT (-149.0180852727333 -46.433719734023)
3932,Contenedor Verde,Contenedor Verde,Papel / Cartón / Plástico / Metal / Vidrio,,,Campana 4771,Villa Pueyrredon,12,POINT (-149.01360044875122 -46.4312816975505)
3933,Contenedor Verde,Contenedor Verde,Papel / Cartón / Plástico / Metal / Vidrio,,,Campana 5291,Villa Pueyrredon,12,POINT (-149.0094215485423 -46.42900937234298)
3934,Contenedor Verde,Contenedor Verde,Papel / Cartón / Plástico / Metal / Vidrio,,,Campana 5467,Villa Pueyrredon,12,POINT (-149.00793564775563 -46.42820162653029)
3935,Contenedor Verde,Contenedor Verde,Papel / Cartón / Plástico / Metal / Vidrio,,,Campana 5680,Villa Pueyrredon,12,POINT (-149.00639280680684 -46.42729329361751)
3936,Contenedor Verde,Contenedor Verde,Papel / Cartón / Plástico / Metal / Vidrio,,,Caracas 4383,Villa Pueyrredon,12,POINT (-149.008632549403 -46.44006812870923)
3937,Contenedor Verde,Contenedor Verde,Papel / Cartón / Plástico / Metal / Vidrio,,,Caracas 4853,Villa Pueyrredon,12,POINT (-149.00480769760784 -46.43798391928706)
3938,Contenedor Verde,Contenedor Verde,Papel / Cartón / Plástico / Metal / Vidrio,,,Caracas 5093,Villa Pueyrredon,12,POINT (-149.0028869161655 -46.436938651180576)
3939,Contenedor Verde,Contenedor Verde,Papel / Cartón / Plástico / Metal / Vidrio,,,Caracas 5554,Villa Pueyrredon,12,POINT (-148.99918157117213 -46.434848924122306)
3940,Contenedor Verde,Contenedor Verde,Papel / Cartón / Plástico / Metal / Vidrio,,,Cochrane 2587,Villa Pueyrredon,12,POINT (-149.00157361294387 -46.43323236912173)
3941,Contenedor Verde,Contenedor Verde,Papel / Cartón / Plástico / Metal / Vidrio,,,Cochrane 2793,Villa Pueyrredon,12,POINT (-149.00314541560942 -46.431848372335274)
3942,Contenedor Verde,Contenedor Verde,Papel / Cartón / Plástico / Metal / Vidrio,,,Cochrane 2995,Villa Pueyrredon,12,POINT (-149.00482236112137 -46.4303749280463)
3943,Contenedor Verde,Contenedor Verde,Papel / Cartón / Plástico / Metal / Vidrio,,,Condarco 4262,Villa Pueyrredon,12,POINT (-149.01249518146014 -46.43778807432425)
3944,Contenedor Verde,Contenedor Verde,Papel / Cartón / Plástico / Metal / Vidrio,,,Condarco 4486,Villa Pueyrredon,12,POINT (-149.01101177014374 -46.43698093072711)
3945,Contenedor Verde,Contenedor Verde,Papel / Cartón / Plástico / Metal / Vidrio,,,Condarco 4570,Villa Pueyrredon,12,POINT (-149.01027188019233 -46.43657959327002)
3946,Contenedor Verde,Contenedor Verde,Papel / Cartón / Plástico / Metal / Vidrio,,,Condarco 4831,Villa Pueyrredon,12,POINT (-149.00793613978368 -46.435371520068635)
3947,Contenedor Verde,Contenedor Verde,Papel / Cartón / Plástico / Metal / Vidrio,,,Condarco 5064,Villa Pueyrredon,12,POINT (-149.0061177090839 -46.434311827858984)
3948,Contenedor Verde,Contenedor Verde,Papel / Cartón / Plástico / Metal / Vidrio,,,"Cubas, Jose 3046",Villa Pueyrredon,12,POINT (-149.01428978051823 -46.434864146965324)
3949,Contenedor Verde,Contenedor Verde,Papel / Cartón / Plástico / Metal / Vidrio,,,Cuenca 4218,Villa Pueyrredon,12,POINT (-149.01697558636616 -46.43430090412732)
3950,Contenedor Verde,Contenedor Verde,Papel / Cartón / Plástico / Metal / Vidrio,,,Cuenca 4450,Villa Pueyrredon,12,POINT (-149.01532406492666 -46.43340251008304)
3951,Contenedor Verde,Contenedor Verde,Papel / Cartón / Plástico / Metal / Vidrio,,,Cuenca 4915,Villa Pueyrredon,12,POINT (-149.01131140122592 -46.43130124349663)
3952,Contenedor Verde,Contenedor Verde,Papel / Cartón / Plástico / Metal / Vidrio,,,Cuenca 5149,Villa Pueyrredon,12,POINT (-149.00950999191252 -46.4303168458029)
3953,Contenedor Verde,Contenedor Verde,Papel / Cartón / Plástico / Metal / Vidrio,,,Cuenca 5397,Villa Pueyrredon,12,POINT (-149.00772623019415 -46.429342761669304)
3954,Contenedor Verde,Contenedor Verde,Papel / Cartón / Plástico / Metal / Vidrio,,,Cuenca 5467,Villa Pueyrredon,12,POINT (-149.00705831258676 -46.42897808607664)
3955,Contenedor Verde,Contenedor Verde,Papel / Cartón / Plástico / Metal / Vidrio,,,De Los Constituyentes Av. 4392,Villa Pueyrredon,12,POINT (-149.00704359279203 -46.44133691193766)
3956,Contenedor Verde,Contenedor Verde,Papel / Cartón / Plástico / Metal / Vidrio,,,De Los Constituyentes Av. 4636,Villa Pueyrredon,12,POINT (-149.0052604795196 -46.44007650840594)
3957,Contenedor Verde,Contenedor Verde,Papel / Cartón / Plástico / Metal / Vidrio,,,De Los Constituyentes Av. 5158,Villa Pueyrredon,12,POINT (-149.00149093499687 -46.437121306804656)
3958,Contenedor Verde,Contenedor Verde,Papel / Cartón / Plástico / Metal / Vidrio,,,De Los Constituyentes Av. 5358,Villa Pueyrredon,12,POINT (-149.00031734111943 -46.43621613827299)
3959,Contenedor Verde,Contenedor Verde,Papel / Cartón / Plástico / Metal / Vidrio,,,De Los Constituyentes Av. 6047,Villa Pueyrredon,12,POINT (-148.99554939636934 -46.43221969700594)
3960,Contenedor Verde,Contenedor Verde,Papel / Cartón / Plástico / Metal / Vidrio,,,De Los Constituyentes Av. 6126,Villa Pueyrredon,12,POINT (-148.9950693094093 -46.431596610060765)
3961,Contenedor Verde,Contenedor Verde,Papel / Cartón / Plástico / Metal / Vidrio,,,De Los Constituyentes Av. 6202,Villa Pueyrredon,12,POINT (-148.9944856376264 -46.430987261291)
3962,Contenedor Verde,Contenedor Verde,Papel / Cartón / Plástico / Metal / Vidrio,,,Del Fomentista Av. 3153,Villa Pueyrredon,12,POINT (-149.00453590200138 -46.428424240278076)
3963,Contenedor Verde,Contenedor Verde,Papel / Cartón / Plástico / Metal / Vidrio,,,El Gaucho 6052,Villa Pueyrredon,12,POINT (-148.99820863230434 -46.42983538983634)
3964,Contenedor Verde,Contenedor Verde,Papel / Cartón / Plástico / Metal / Vidrio,,,Escobar 2378,Villa Pueyrredon,12,POINT (-148.99850333031821 -46.43390740336707)
3965,Contenedor Verde,Contenedor Verde,Papel / Cartón / Plástico / Metal / Vidrio,,,Escobar 2724,Villa Pueyrredon,12,POINT (-149.00130038479986 -46.431447624548774)
3966,Contenedor Verde,Contenedor Verde,Papel / Cartón / Plástico / Metal / Vidrio,,,Escobar 2960,Villa Pueyrredon,12,POINT (-149.00310048005363 -46.4298619072393)
3967,Contenedor Verde,Contenedor Verde,Papel / Cartón / Plástico / Metal / Vidrio,,,Estado Plurinacional De Bolivia 4257,Villa Pueyrredon,12,POINT (-149.01181801828784 -46.43856474353974)
3968,Contenedor Verde,Contenedor Verde,Papel / Cartón / Plástico / Metal / Vidrio,,,Estado Plurinacional De Bolivia 4581,Villa Pueyrredon,12,POINT (-149.00946687670515 -46.43728801643487)
3969,Contenedor Verde,Contenedor Verde,Papel / Cartón / Plástico / Metal / Vidrio,,,Estado Plurinacional De Bolivia 4745,Villa Pueyrredon,12,POINT (-149.0079819808464 -46.43647969813103)
3970,Contenedor Verde,Contenedor Verde,Papel / Cartón / Plástico / Metal / Vidrio,,,Estado Plurinacional De Bolivia 4957,Villa Pueyrredon,12,POINT (-149.00617773499272 -46.43549324905142)
3971,Contenedor Verde,Contenedor Verde,Papel / Cartón / Plástico / Metal / Vidrio,,,Estado Plurinacional De Bolivia 5613,Villa Pueyrredon,12,POINT (-149.0008835306874 -46.432608141747636)
3972,Contenedor Verde,Contenedor Verde,Papel / Cartón / Plástico / Metal / Vidrio,,,Estrella Federal 2642,Villa Pueyrredon,12,POINT (-148.99807831142112 -46.43073592935731)
3973,Contenedor Verde,Contenedor Verde,Papel / Cartón / Plástico / Metal / Vidrio,,,Estrella Federal 2742,Villa Pueyrredon,12,POINT (-148.99863371947905 -46.43025917082474)
3974,Contenedor Verde,Contenedor Verde,Papel / Cartón / Plástico / Metal / Vidrio,,,Ezeiza 2652,Villa Pueyrredon,12,POINT (-148.9990666211824 -46.43103228503716)
3975,Contenedor Verde,Contenedor Verde,Papel / Cartón / Plástico / Metal / Vidrio,,,Ezeiza 2832,Villa Pueyrredon,12,POINT (-149.00044137759605 -46.42976785342839)
3976,Contenedor Verde,Contenedor Verde,Papel / Cartón / Plástico / Metal / Vidrio,,,Ezeiza 2864,Villa Pueyrredon,12,POINT (-149.00063600196074 -46.42958923536143)
3977,Contenedor Verde,Contenedor Verde,Papel / Cartón / Plástico / Metal / Vidrio,,,Ezeiza 2934,Villa Pueyrredon,12,POINT (-149.00120514229434 -46.429066043908314)
3978,Contenedor Verde,Contenedor Verde,Papel / Cartón / Plástico / Metal / Vidrio,,,Gavilan 4367,Villa Pueyrredon,12,POINT (-149.00804389676244 -46.44082779311907)
3979,Contenedor Verde,Contenedor Verde,Papel / Cartón / Plástico / Metal / Vidrio,,,Helguera 4262,Villa Pueyrredon,12,POINT (-149.0158375911132 -46.43495114021562)
3980,Contenedor Verde,Contenedor Verde,Papel / Cartón / Plástico / Metal / Vidrio,,,Helguera 4351,Villa Pueyrredon,12,POINT (-149.01513817466022 -46.43463625888759)
3981,Contenedor Verde,Contenedor Verde,Papel / Cartón / Plástico / Metal / Vidrio,,,Helguera 4675,Villa Pueyrredon,12,POINT (-149.01273429926218 -46.43332566034516)
3982,Contenedor Verde,Contenedor Verde,Papel / Cartón / Plástico / Metal / Vidrio,,,Helguera 4825,Villa Pueyrredon,12,POINT (-149.01124047042714 -46.432519123754375)
3983,Contenedor Verde,Contenedor Verde,Papel / Cartón / Plástico / Metal / Vidrio,,,Helguera 5025,Villa Pueyrredon,12,POINT (-149.00953570606336 -46.43158828306744)
3984,Contenedor Verde,Contenedor Verde,Papel / Cartón / Plástico / Metal / Vidrio,,,Helguera 5216,Villa Pueyrredon,12,POINT (-149.00811836977894 -46.43072778311728)
3985,Contenedor Verde,Contenedor Verde,Papel / Cartón / Plástico / Metal / Vidrio,,,Helguera 5331,Villa Pueyrredon,12,POINT (-149.00726189430037 -46.43035085206057)
3986,Contenedor Verde,Contenedor Verde,Papel / Cartón / Plástico / Metal / Vidrio,,,Ladines 2452,Villa Pueyrredon,12,POINT (-149.00463086805055 -46.43628674248862)
3987,Contenedor Verde,Contenedor Verde,Papel / Cartón / Plástico / Metal / Vidrio,,,Larsen 2867,Villa Pueyrredon,12,POINT (-149.00299975765628 -46.43092261143223)
3988,Contenedor Verde,Contenedor Verde,Papel / Cartón / Plástico / Metal / Vidrio,,,Larsen 3059,Villa Pueyrredon,12,POINT (-149.00466634219993 -46.42946120510665)
3989,Contenedor Verde,Contenedor Verde,Papel / Cartón / Plástico / Metal / Vidrio,,,"Lopez, Carlos Antonio 2151",Villa Pueyrredon,12,POINT (-149.00427145436996 -46.438986231932994)
3990,Contenedor Verde,Contenedor Verde,Papel / Cartón / Plástico / Metal / Vidrio,,,"Mistral, Gabriela 2202",Villa Pueyrredon,12,POINT (-149.0063239223813 -46.43975228806313)
3991,Contenedor Verde,Contenedor Verde,Papel / Cartón / Plástico / Metal / Vidrio,,,Mosconi General Av. 2594,Villa Pueyrredon,12,POINT (-149.00837817762348 -46.43680167737926)
3992,Contenedor Verde,Contenedor Verde,Papel / Cartón / Plástico / Metal / Vidrio,,,Mosconi General Av. 3214,Villa Pueyrredon,12,POINT (-149.01348735702075 -46.432239176193484)
3993,Contenedor Verde,Contenedor Verde,Papel / Cartón / Plástico / Metal / Vidrio,,,Nazca Av. 4351,Villa Pueyrredon,12,POINT (-149.0133471303224 -46.43616601030632)
3994,Contenedor Verde,Contenedor Verde,Papel / Cartón / Plástico / Metal / Vidrio,,,Nazca Av. 4551,Villa Pueyrredon,12,POINT (-149.01186346612326 -46.43536137921396)
3995,Contenedor Verde,Contenedor Verde,Papel / Cartón / Plástico / Metal / Vidrio,,,Nazca Av. 4811,Villa Pueyrredon,12,POINT (-149.00957001170926 -46.43411905186237)
3996,Contenedor Verde,Contenedor Verde,Papel / Cartón / Plástico / Metal / Vidrio,,,Nazca Av. 5073,Villa Pueyrredon,12,POINT (-149.0075782483324 -46.43303294576693)
3997,Contenedor Verde,Contenedor Verde,Papel / Cartón / Plástico / Metal / Vidrio,,,Obispo San Alberto 2341,Villa Pueyrredon,12,POINT (-149.00217766284263 -46.43613933943715)
3998,Contenedor Verde,Contenedor Verde,Papel / Cartón / Plástico / Metal / Vidrio,,,Obispo San Alberto 2482,Villa Pueyrredon,12,POINT (-149.0033716421301 -46.43517109722659)
3999,Contenedor Verde,Contenedor Verde,Papel / Cartón / Plástico / Metal / Vidrio,,,Obispo San Alberto 2912,Villa Pueyrredon,12,POINT (-149.00660668104632 -46.4323517799592)
4000,Contenedor Verde,Contenedor Verde,Papel / Cartón / Plástico / Metal / Vidrio,,,Pareja 2137,Villa Pueyrredon,12,POINT (-149.00864587348892 -46.44183739651227)
4001,Contenedor Verde,Contenedor Verde,Papel / Cartón / Plástico / Metal / Vidrio,,,"Paz, Gral. Av. 5026",Villa Pueyrredon,12,POINT (-148.9943865381624 -46.430139636063416)
4002,Contenedor Verde,Contenedor Verde,Papel / Cartón / Plástico / Metal / Vidrio,,,"Paz, Gral. Av. 5202",Villa Pueyrredon,12,POINT (-148.99686392290093 -46.4295245485076)
4003,Contenedor Verde,Contenedor Verde,Papel / Cartón / Plástico / Metal / Vidrio,,,"Paz, Gral. Av. 5232",Villa Pueyrredon,12,POINT (-148.99737110590337 -46.42939524378942)
4004,Contenedor Verde,Contenedor Verde,Papel / Cartón / Plástico / Metal / Vidrio,,,"Paz, Gral. Av. 5352",Villa Pueyrredon,12,POINT (-149.00036492324924 -46.42865135701238)
4005,Contenedor Verde,Contenedor Verde,Papel / Cartón / Plástico / Metal / Vidrio,,,Terrada 4181,Villa Pueyrredon,12,POINT (-149.01382814508136 -46.43750686821804)
4006,Contenedor Verde,Contenedor Verde,Papel / Cartón / Plástico / Metal / Vidrio,,,Terrada 4381,Villa Pueyrredon,12,POINT (-149.01249616226866 -46.43678273115511)
4007,Contenedor Verde,Contenedor Verde,Papel / Cartón / Plástico / Metal / Vidrio,,,Terrada 4557,Villa Pueyrredon,12,POINT (-149.01104216681668 -46.43599529022904)
4008,Contenedor Verde,Contenedor Verde,Papel / Cartón / Plástico / Metal / Vidrio,,,Terrada 4647,Villa Pueyrredon,12,POINT (-149.01036596505713 -46.435625902660284)
4009,Contenedor Verde,Contenedor Verde,Papel / Cartón / Plástico / Metal / Vidrio,,,Terrada 4945,Villa Pueyrredon,12,POINT (-149.00768976941492 -46.434168018405465)
4010,Contenedor Verde,Contenedor Verde,Papel / Cartón / Plástico / Metal / Vidrio,,,Terrada 5135,Villa Pueyrredon,12,POINT (-149.00620877897038 -46.43335949551158)
4011,Contenedor Verde,Contenedor Verde,Papel / Cartón / Plástico / Metal / Vidrio,,,Vallejos 2210,Villa Pueyrredon,12,POINT (-149.00712932483552 -46.44009807002356)
4012,Contenedor Verde,Contenedor Verde,Papel / Cartón / Plástico / Metal / Vidrio,,,Zamudio 4196,Villa Pueyrredon,12,POINT (-149.0108351316448 -46.44011981779473)
4013,Contenedor Verde,Contenedor Verde,Papel / Cartón / Plástico / Metal / Vidrio,,,Zamudio 4369,Villa Pueyrredon,12,POINT (-149.00949620733937 -46.43946063878929)
4014,Contenedor Verde,Contenedor Verde,Papel / Cartón / Plástico / Metal / Vidrio,,,Zamudio 4503,Villa Pueyrredon,12,POINT (-149.00833901011637 -46.43883013768156)
4015,Contenedor Verde,Contenedor Verde,Papel / Cartón / Plástico / Metal / Vidrio,,,Zamudio 4830,Villa Pueyrredon,12,POINT (-149.00577384032184 -46.43736160215616)
4016,Contenedor Verde,Contenedor Verde,Papel / Cartón / Plástico / Metal / Vidrio,,,Asuncion 5315,Villa Real,10,POINT (-149.03811295607917 -46.41936885427043)
4017,Contenedor Verde,Contenedor Verde,Papel / Cartón / Plástico / Metal / Vidrio,,,"Beiro, Francisco Av. 5381",Villa Real,10,POINT (-149.0408703618432 -46.42087051313961)
4018,Contenedor Verde,Contenedor Verde,Papel / Cartón / Plástico / Metal / Vidrio,,,"Beiro, Francisco Av. 5408",Villa Real,10,POINT (-149.04131912604532 -46.420690413764326)
4019,Contenedor Verde,Contenedor Verde,Papel / Cartón / Plástico / Metal / Vidrio,,,"Beiro, Francisco Av. 5530",Villa Real,10,POINT (-149.0423680414827 -46.41995491335428)
4020,Contenedor Verde,Contenedor Verde,Papel / Cartón / Plástico / Metal / Vidrio,,,"Beiro, Francisco Av. 5670",Villa Real,10,POINT (-149.04336341707565 -46.419255031272606)
4021,Contenedor Verde,Contenedor Verde,Papel / Cartón / Plástico / Metal / Vidrio,,,"Beiro, Francisco Av. 5721",Villa Real,10,POINT (-149.04377613246768 -46.4188308554252)
4022,Contenedor Verde,Contenedor Verde,Papel / Cartón / Plástico / Metal / Vidrio,,,"Cantilo, Jose Luis 5385",Villa Real,10,POINT (-149.0398082938214 -46.420060144295796)
4023,Contenedor Verde,Contenedor Verde,Papel / Cartón / Plástico / Metal / Vidrio,,,"Cantilo, Jose Luis 5509",Villa Real,10,POINT (-149.04106970405616 -46.41917063652064)
4024,Contenedor Verde,Contenedor Verde,Papel / Cartón / Plástico / Metal / Vidrio,,,Curuzu Cuatia 2476,Villa Real,10,POINT (-149.04578598422543 -46.41922583002622)
4025,Contenedor Verde,Contenedor Verde,Papel / Cartón / Plástico / Metal / Vidrio,,,De La Economia 6131,Villa Real,10,POINT (-149.05061893905892 -46.41901728248797)
4026,Contenedor Verde,Contenedor Verde,Papel / Cartón / Plástico / Metal / Vidrio,,,"Echevarria, Vicente A. De 5387",Villa Real,10,POINT (-149.0394859188621 -46.41983319663664)
4027,Contenedor Verde,Contenedor Verde,Papel / Cartón / Plástico / Metal / Vidrio,,,"Hugo, Victor 2649",Villa Real,10,POINT (-149.04404716897164 -46.420578436959445)
4028,Contenedor Verde,Contenedor Verde,Papel / Cartón / Plástico / Metal / Vidrio,,,"Lista, Ramon, Coronel 5410",Villa Real,10,POINT (-149.04203361822647 -46.421218214230095)
4029,Contenedor Verde,Contenedor Verde,Papel / Cartón / Plástico / Metal / Vidrio,,,"Lista, Ramon, Coronel 5710",Villa Real,10,POINT (-149.04460705242874 -46.41963779677117)
4030,Contenedor Verde,Contenedor Verde,Papel / Cartón / Plástico / Metal / Vidrio,,,"Lozano, Pedro 5457",Villa Real,10,POINT (-149.04563220715565 -46.42354304876485)
4031,Contenedor Verde,Contenedor Verde,Papel / Cartón / Plástico / Metal / Vidrio,,,"Lozano, Pedro 5663",Villa Real,10,POINT (-149.04740554289492 -46.422536524229045)
4032,Contenedor Verde,Contenedor Verde,Papel / Cartón / Plástico / Metal / Vidrio,,,"Lozano, Pedro 5890",Villa Real,10,POINT (-149.0494019311717 -46.42141256965239)
4033,Contenedor Verde,Contenedor Verde,Papel / Cartón / Plástico / Metal / Vidrio,,,Melincue 5563,Villa Real,10,POINT (-149.0476667327771 -46.42387510668273)
4034,Contenedor Verde,Contenedor Verde,Papel / Cartón / Plástico / Metal / Vidrio,,,Moliere 2333,Villa Real,10,POINT (-149.04647628727778 -46.42363580264455)
4035,Contenedor Verde,Contenedor Verde,Papel / Cartón / Plástico / Metal / Vidrio,,,Moliere 2649,Villa Real,10,POINT (-149.04413707985597 -46.42177413081773)
4036,Contenedor Verde,Contenedor Verde,Papel / Cartón / Plástico / Metal / Vidrio,,,Nazarre 5396,Villa Real,10,POINT (-149.04562959855818 -46.42444689296131)
4037,Contenedor Verde,Contenedor Verde,Papel / Cartón / Plástico / Metal / Vidrio,,,Nazarre 5779,Villa Real,10,POINT (-149.0489701863117 -46.422464236122245)
4038,Contenedor Verde,Contenedor Verde,Papel / Cartón / Plástico / Metal / Vidrio,,,Nazarre 5995,Villa Real,10,POINT (-149.0503868505349 -46.42096685583751)
4039,Contenedor Verde,Contenedor Verde,Papel / Cartón / Plástico / Metal / Vidrio,,,Nazarre 6103,Villa Real,10,POINT (-149.0514214757327 -46.41987915585415)
4040,Contenedor Verde,Contenedor Verde,Papel / Cartón / Plástico / Metal / Vidrio,,,Nogoya 5442,Villa Real,10,POINT (-149.04723149552936 -46.425217752950104)
4041,Contenedor Verde,Contenedor Verde,Papel / Cartón / Plástico / Metal / Vidrio,,,Nogoya 5646,Villa Real,10,POINT (-149.04904854886053 -46.424091492750506)
4042,Contenedor Verde,Contenedor Verde,Papel / Cartón / Plástico / Metal / Vidrio,,,Nogoya 5784,Villa Real,10,POINT (-149.04991877939932 -46.42316154282454)
4043,Contenedor Verde,Contenedor Verde,Papel / Cartón / Plástico / Metal / Vidrio,,,Simbron 5585,Villa Real,10,POINT (-149.04521453434342 -46.42170983063087)
4044,Contenedor Verde,Contenedor Verde,Papel / Cartón / Plástico / Metal / Vidrio,,,Simbron 5763,Villa Real,10,POINT (-149.04677180292504 -46.42075146798694)
4045,Contenedor Verde,Contenedor Verde,Papel / Cartón / Plástico / Metal / Vidrio,,,Simbron 5995,Villa Real,10,POINT (-149.04869349340828 -46.419593942240176)
4046,Contenedor Verde,Contenedor Verde,Papel / Cartón / Plástico / Metal / Vidrio,,,Tinogasta 5374,Villa Real,10,POINT (-149.0440859993157 -46.42348144929179)
4047,Contenedor Verde,Contenedor Verde,Papel / Cartón / Plástico / Metal / Vidrio,,,Tinogasta 5606,Villa Real,10,POINT (-149.04627194710602 -46.42215589745693)
4048,Contenedor Verde,Contenedor Verde,Papel / Cartón / Plástico / Metal / Vidrio,,,Tinogasta 5890,Villa Real,10,POINT (-149.04853918343767 -46.42074137971982)
4049,Contenedor Verde,Contenedor Verde,Papel / Cartón / Plástico / Metal / Vidrio,,,Tinogasta 6006,Villa Real,10,POINT (-149.04976276600374 -46.42003834279315)
4050,Contenedor Verde,Contenedor Verde,Papel / Cartón / Plástico / Metal / Vidrio,,,"Varela, Jose Pedro 5382",Villa Real,10,POINT (-149.04253767605454 -46.42217992415199)
4051,Contenedor Verde,Contenedor Verde,Papel / Cartón / Plástico / Metal / Vidrio,,,"Varela, Jose Pedro 5654",Villa Real,10,POINT (-149.04505709863435 -46.42062540360658)
4052,Contenedor Verde,Contenedor Verde,Papel / Cartón / Plástico / Metal / Vidrio,,,"Varela, Jose Pedro 5916",Villa Real,10,POINT (-149.04718538725308 -46.419340390501674)
4053,Contenedor Verde,Contenedor Verde,Papel / Cartón / Plástico / Metal / Vidrio,,,"Varela, Jose Pedro 6080",Villa Real,10,POINT (-149.0482898816368 -46.41867273855672)
4054,Contenedor Verde,Contenedor Verde,Papel / Cartón / Plástico / Metal / Vidrio,,,Virgilio 2640,Villa Real,10,POINT (-149.04328374580268 -46.42237864139464)
4055,Contenedor Verde,Contenedor Verde,Papel / Cartón / Plástico / Metal / Vidrio,,,Virgilio 3134,Villa Real,10,POINT (-149.0392499780062 -46.41926368589122)
4056,Contenedor Verde,Contenedor Verde,Papel / Cartón / Plástico / Metal / Vidrio,,,Ca?ada De Gomez 4759,Villa Riachuelo,8,POINT (-149.11354097068113 -46.45228249752653)
4057,Contenedor Verde,Contenedor Verde,Papel / Cartón / Plástico / Metal / Vidrio,,,Ca?ada De Gomez 4841,Villa Riachuelo,8,POINT (-149.11428809160287 -46.452856780615996)
4058,Contenedor Verde,Contenedor Verde,Papel / Cartón / Plástico / Metal / Vidrio,,,Cosquin 5166,Villa Riachuelo,8,POINT (-149.11787119749744 -46.45474954088275)
4059,Contenedor Verde,Contenedor Verde,Papel / Cartón / Plástico / Metal / Vidrio,,,"Barros Pazos, Jose 6560",Villa Riachuelo,8,POINT (-149.11488437968424 -46.45075992999206)
4060,Contenedor Verde,Contenedor Verde,Papel / Cartón / Plástico / Metal / Vidrio,,,"Barros Pazos, Jose 6710",Villa Riachuelo,8,POINT (-149.1160625658972 -46.45004774654571)
4061,Contenedor Verde,Contenedor Verde,Papel / Cartón / Plástico / Metal / Vidrio,,,"Barros Pazos, Jose 6878",Villa Riachuelo,8,POINT (-149.11719729985825 -46.449359173265634)
4062,Contenedor Verde,Contenedor Verde,Papel / Cartón / Plástico / Metal / Vidrio,,,Beron De Astrada 6810,Villa Riachuelo,8,POINT (-149.12411921062107 -46.45540403012715)
4063,Contenedor Verde,Contenedor Verde,Papel / Cartón / Plástico / Metal / Vidrio,,,Canada De Gomez 5079,Villa Riachuelo,8,POINT (-149.11640473610709 -46.45452236604412)
4064,Contenedor Verde,Contenedor Verde,Papel / Cartón / Plástico / Metal / Vidrio,,,Canada De Gomez 5335,Villa Riachuelo,8,POINT (-149.11895550172824 -46.45653063476216)
4065,Contenedor Verde,Contenedor Verde,Papel / Cartón / Plástico / Metal / Vidrio,,,Cosquin 4772,Villa Riachuelo,8,POINT (-149.11435947002053 -46.45198566223651)
4066,Contenedor Verde,Contenedor Verde,Papel / Cartón / Plástico / Metal / Vidrio,,,Cosquin 4990,Villa Riachuelo,8,POINT (-149.1163046111406 -46.45351641088791)
4067,Contenedor Verde,Contenedor Verde,Papel / Cartón / Plástico / Metal / Vidrio,,,Cosquin 5364,Villa Riachuelo,8,POINT (-149.11969917705963 -46.45618606511669)
4068,Contenedor Verde,Contenedor Verde,Papel / Cartón / Plástico / Metal / Vidrio,,,"Fernandez De La Cruz, F., Gral. Av. 6880",Villa Riachuelo,8,POINT (-149.1190210278051 -46.450835071410495)
4069,Contenedor Verde,Contenedor Verde,Papel / Cartón / Plástico / Metal / Vidrio,,,Ferre 6309,Villa Riachuelo,8,POINT (-149.12130971692793 -46.45835291290315)
4070,Contenedor Verde,Contenedor Verde,Papel / Cartón / Plástico / Metal / Vidrio,,,"Gordillo, Timoteo 4579",Villa Riachuelo,8,POINT (-149.11111257865707 -46.451393534339736)
4071,Contenedor Verde,Contenedor Verde,Papel / Cartón / Plástico / Metal / Vidrio,,,"Gordillo, Timoteo 4717",Villa Riachuelo,8,POINT (-149.11245000505272 -46.45244477410476)
4072,Contenedor Verde,Contenedor Verde,Papel / Cartón / Plástico / Metal / Vidrio,,,"Gordillo, Timoteo 4869",Villa Riachuelo,8,POINT (-149.11376295549658 -46.45347700358865)
4073,Contenedor Verde,Contenedor Verde,Papel / Cartón / Plástico / Metal / Vidrio,,,"Gordillo, Timoteo 4977",Villa Riachuelo,8,POINT (-149.11475878253404 -46.454261095639644)
4074,Contenedor Verde,Contenedor Verde,Papel / Cartón / Plástico / Metal / Vidrio,,,"Gordillo, Timoteo 5339",Villa Riachuelo,8,POINT (-149.11811323170346 -46.456901441519264)
4075,Contenedor Verde,Contenedor Verde,Papel / Cartón / Plástico / Metal / Vidrio,,,Guamini 4948,Villa Riachuelo,8,POINT (-149.11644101075305 -46.45157739849858)
4076,Contenedor Verde,Contenedor Verde,Papel / Cartón / Plástico / Metal / Vidrio,,,Guamini 5090,Villa Riachuelo,8,POINT (-149.11780022643407 -46.45264745343773)
4077,Contenedor Verde,Contenedor Verde,Papel / Cartón / Plástico / Metal / Vidrio,,,Guamini 5296,Villa Riachuelo,8,POINT (-149.11962649572817 -46.454084791774974)
4078,Contenedor Verde,Contenedor Verde,Papel / Cartón / Plástico / Metal / Vidrio,,,Guamini 5408,Villa Riachuelo,8,POINT (-149.1207914016308 -46.45500488058831)
4079,Contenedor Verde,Contenedor Verde,Papel / Cartón / Plástico / Metal / Vidrio,,,Guamini 5640,Villa Riachuelo,8,POINT (-149.12285709184476 -46.456623904252844)
4080,Contenedor Verde,Contenedor Verde,Papel / Cartón / Plástico / Metal / Vidrio,,,"Guerrico, Martin Ctte 5691",Villa Riachuelo,8,POINT (-149.11664163565752 -46.46161791212343)
4081,Contenedor Verde,Contenedor Verde,Papel / Cartón / Plástico / Metal / Vidrio,,,Montiel 4855,Villa Riachuelo,8,POINT (-149.11456867945802 -46.44899877177336)
4082,Contenedor Verde,Contenedor Verde,Papel / Cartón / Plástico / Metal / Vidrio,,,Montiel 5291,Villa Riachuelo,8,POINT (-149.1185931373957 -46.45216502323993)
4083,Contenedor Verde,Contenedor Verde,Papel / Cartón / Plástico / Metal / Vidrio,,,Montiel 5625,Villa Riachuelo,8,POINT (-149.12170658994506 -46.45461565650956)
4084,Contenedor Verde,Contenedor Verde,Papel / Cartón / Plástico / Metal / Vidrio,,,Montiel 5805,Villa Riachuelo,8,POINT (-149.12341076208583 -46.45595275459336)
4085,Contenedor Verde,Contenedor Verde,Papel / Cartón / Plástico / Metal / Vidrio,,,"Paz, Gral. Av. 15884",Villa Riachuelo,8,POINT (-149.11878965985431 -46.44938092994192)
4086,Contenedor Verde,Contenedor Verde,Papel / Cartón / Plástico / Metal / Vidrio,,,Piedra Buena Av. 4873,Villa Riachuelo,8,POINT (-149.11598075303903 -46.452155700954904)
4087,Contenedor Verde,Contenedor Verde,Papel / Cartón / Plástico / Metal / Vidrio,,,Piedra Buena Av. 5193,Villa Riachuelo,8,POINT (-149.11896288874394 -46.45450024341539)
4088,Contenedor Verde,Contenedor Verde,Papel / Cartón / Plástico / Metal / Vidrio,,,"Racedo, Eduardo Tte. Gral. 5931",Villa Riachuelo,8,POINT (-149.1186217548244 -46.46031293513102)
4089,Contenedor Verde,Contenedor Verde,Papel / Cartón / Plástico / Metal / Vidrio,,,Saladillo 5183,Villa Riachuelo,8,POINT (-149.1190059558618 -46.4504499481419)
4090,Contenedor Verde,Contenedor Verde,Papel / Cartón / Plástico / Metal / Vidrio,,,"Suarez, Jose Leon 5052",Villa Riachuelo,8,POINT (-149.1171360780764 -46.450079382211506)
4091,Contenedor Verde,Contenedor Verde,Papel / Cartón / Plástico / Metal / Vidrio,,,"Suarez, Jose Leon 5490",Villa Riachuelo,8,POINT (-149.12102714347864 -46.45314229109868)
4092,Contenedor Verde,Contenedor Verde,Papel / Cartón / Plástico / Metal / Vidrio,,,Unanue 6405,Villa Riachuelo,8,POINT (-149.1128605254862 -46.45063595647883)
4093,Contenedor Verde,Contenedor Verde,Papel / Cartón / Plástico / Metal / Vidrio,,,Remedios Escalada De San Mart?n 3453,Villa Santa Rita,11,POINT (-149.04499366177396 -46.4452826228446)
4094,Contenedor Verde,Contenedor Verde,Papel / Cartón / Plástico / Metal / Vidrio,,,Juan Agust?n Garc?a 3584,Villa Santa Rita,11,POINT (-149.03999344240466 -46.44254532317502)
4095,Contenedor Verde,Contenedor Verde,Papel / Cartón / Plástico / Metal / Vidrio,,,"Magari?os Cervantes, A. 3047",Villa Santa Rita,11,POINT (-149.0396598387781 -46.44744651806099)
4096,Contenedor Verde,Contenedor Verde,Papel / Cartón / Plástico / Metal / Vidrio,,,"Magari?os Cervantes, A. 2843",Villa Santa Rita,11,POINT (-149.0382176719736 -46.44893362854931)
4097,Contenedor Verde,Contenedor Verde,Papel / Cartón / Plástico / Metal / Vidrio,,,Alvarez Jonte Av. 2875,Villa Santa Rita,11,POINT (-149.03379912166346 -46.44649831820391)
4098,Contenedor Verde,Contenedor Verde,Papel / Cartón / Plástico / Metal / Vidrio,,,Alvarez Jonte Av. 3051,Villa Santa Rita,11,POINT (-149.03455859645646 -46.44488249689997)
4099,Contenedor Verde,Contenedor Verde,Papel / Cartón / Plástico / Metal / Vidrio,,,Alvarez Jonte Av. 3241,Villa Santa Rita,11,POINT (-149.03531444313498 -46.44322111785955)
4100,Contenedor Verde,Contenedor Verde,Papel / Cartón / Plástico / Metal / Vidrio,,,Argerich 2102,Villa Santa Rita,11,POINT (-149.03620935785455 -46.44621919053905)
4101,Contenedor Verde,Contenedor Verde,Papel / Cartón / Plástico / Metal / Vidrio,,,Av.juan B. Justo 6214,Villa Santa Rita,11,POINT (-149.04799567210813 -46.44805152659048)
4102,Contenedor Verde,Contenedor Verde,Papel / Cartón / Plástico / Metal / Vidrio,,,"Belaustegui, Luis, Dr. 2772",Villa Santa Rita,11,POINT (-149.04088477032093 -46.450976004204136)
4103,Contenedor Verde,Contenedor Verde,Papel / Cartón / Plástico / Metal / Vidrio,,,"Belaustegui, Luis, Dr. 2924",Villa Santa Rita,11,POINT (-149.04196627917622 -46.44986875869494)
4104,Contenedor Verde,Contenedor Verde,Papel / Cartón / Plástico / Metal / Vidrio,,,"Belaustegui, Luis, Dr. 3158",Villa Santa Rita,11,POINT (-149.0436619335223 -46.44811506021966)
4105,Contenedor Verde,Contenedor Verde,Papel / Cartón / Plástico / Metal / Vidrio,,,"Belaustegui, Luis, Dr. 3304",Villa Santa Rita,11,POINT (-149.0447586246534 -46.44697551555547)
4106,Contenedor Verde,Contenedor Verde,Papel / Cartón / Plástico / Metal / Vidrio,,,"Belaustegui, Luis, Dr. 3550",Villa Santa Rita,11,POINT (-149.04664882169305 -46.44553330213808)
4107,Contenedor Verde,Contenedor Verde,Papel / Cartón / Plástico / Metal / Vidrio,,,Camarones 2736,Villa Santa Rita,11,POINT (-149.03646687221558 -46.4492691975337)
4108,Contenedor Verde,Contenedor Verde,Papel / Cartón / Plástico / Metal / Vidrio,,,Camarones 2906,Villa Santa Rita,11,POINT (-149.03774616334965 -46.44795014116016)
4109,Contenedor Verde,Contenedor Verde,Papel / Cartón / Plástico / Metal / Vidrio,,,Camarones 3154,Villa Santa Rita,11,POINT (-149.03952637196383 -46.44611338793321)
4110,Contenedor Verde,Contenedor Verde,Papel / Cartón / Plástico / Metal / Vidrio,,,Camarones 3574,Villa Santa Rita,11,POINT (-149.0425242660252 -46.44329603304851)
4111,Contenedor Verde,Contenedor Verde,Papel / Cartón / Plástico / Metal / Vidrio,,,Camarones 3712,Villa Santa Rita,11,POINT (-149.0435969737043 -46.44261168256367)
4112,Contenedor Verde,Contenedor Verde,Papel / Cartón / Plástico / Metal / Vidrio,,,Cuenca 2032,Villa Santa Rita,11,POINT (-149.03626961305383 -46.44407314860922)
4113,Contenedor Verde,Contenedor Verde,Papel / Cartón / Plástico / Metal / Vidrio,,,"Diaz, Cesar, Gral. 3034",Villa Santa Rita,11,POINT (-149.04072188961572 -46.44802520833322)
4114,Contenedor Verde,Contenedor Verde,Papel / Cartón / Plástico / Metal / Vidrio,,,"Diaz, Cesar, Gral. 3232",Villa Santa Rita,11,POINT (-149.04215679426903 -46.446546852377494)
4115,Contenedor Verde,Contenedor Verde,Papel / Cartón / Plástico / Metal / Vidrio,,,"Diaz, Cesar, Gral. 3552",Villa Santa Rita,11,POINT (-149.04406729808883 -46.444745196119044)
4116,Contenedor Verde,Contenedor Verde,Papel / Cartón / Plástico / Metal / Vidrio,,,"Escalada De San Martin, R. 2881",Villa Santa Rita,11,POINT (-149.0404544454296 -46.44974432524758)
4117,Contenedor Verde,Contenedor Verde,Papel / Cartón / Plástico / Metal / Vidrio,,,"Escalada De San Martin, R. 2983",Villa Santa Rita,11,POINT (-149.04123596196422 -46.44894098061525)
4118,Contenedor Verde,Contenedor Verde,Papel / Cartón / Plástico / Metal / Vidrio,,,"Escalada De San Martin, R. 3251",Villa Santa Rita,11,POINT (-149.04327027915218 -46.44683155175462)
4119,Contenedor Verde,Contenedor Verde,Papel / Cartón / Plástico / Metal / Vidrio,,,"Escalada De San Martin, R. 3687",Villa Santa Rita,11,POINT (-149.04657214170305 -46.44427789026911)
4120,Contenedor Verde,Contenedor Verde,Papel / Cartón / Plástico / Metal / Vidrio,,,Galicia 2742,Villa Santa Rita,11,POINT (-149.0427086809319 -46.45222648214851)
4121,Contenedor Verde,Contenedor Verde,Papel / Cartón / Plástico / Metal / Vidrio,,,Galicia 3241,Villa Santa Rita,11,POINT (-149.04632425404878 -46.448398604504256)
4122,Contenedor Verde,Contenedor Verde,Papel / Cartón / Plástico / Metal / Vidrio,,,Galicia 3653,Villa Santa Rita,11,POINT (-149.04891898481324 -46.446446906337734)
4123,Contenedor Verde,Contenedor Verde,Papel / Cartón / Plástico / Metal / Vidrio,,,"Garcia, Juan Agustin 2954",Villa Santa Rita,11,POINT (-149.0359860587999 -46.4466408167761)
4124,Contenedor Verde,Contenedor Verde,Papel / Cartón / Plástico / Metal / Vidrio,,,"Garcia, Juan Agustin 3142",Villa Santa Rita,11,POINT (-149.0373135489975 -46.44526314582111)
4125,Contenedor Verde,Contenedor Verde,Papel / Cartón / Plástico / Metal / Vidrio,,,"Garcia, Juan Agustin 3270",Villa Santa Rita,11,POINT (-149.0382731842971 -46.44428003315628)
4126,Contenedor Verde,Contenedor Verde,Papel / Cartón / Plástico / Metal / Vidrio,,,"Garcia, Juan Agustin 3802",Villa Santa Rita,11,POINT (-149.04192063392023 -46.44125407049801)
4127,Contenedor Verde,Contenedor Verde,Papel / Cartón / Plástico / Metal / Vidrio,,,"Gonzalez, Elpidio 2943",Villa Santa Rita,11,POINT (-149.03490690175587 -46.44615558361749)
4128,Contenedor Verde,Contenedor Verde,Papel / Cartón / Plástico / Metal / Vidrio,,,"Gonzalez, Elpidio 3257",Villa Santa Rita,11,POINT (-149.03710519840214 -46.44379925996874)
4129,Contenedor Verde,Contenedor Verde,Papel / Cartón / Plástico / Metal / Vidrio,,,"Gonzalez, Elpidio 3463",Villa Santa Rita,11,POINT (-149.03840205644136 -46.44246578670867)
4130,Contenedor Verde,Contenedor Verde,Papel / Cartón / Plástico / Metal / Vidrio,,,"Gonzalez, Elpidio 3667",Villa Santa Rita,11,POINT (-149.03980685925436 -46.44130985130075)
4131,Contenedor Verde,Contenedor Verde,Papel / Cartón / Plástico / Metal / Vidrio,,,"Gonzalez, Elpidio 3795",Villa Santa Rita,11,POINT (-149.04069821354207 -46.440732608734756)
4132,Contenedor Verde,Contenedor Verde,Papel / Cartón / Plástico / Metal / Vidrio,,,Helguera 1413,Villa Santa Rita,11,POINT (-149.04194867949263 -46.44793583485888)
4133,Contenedor Verde,Contenedor Verde,Papel / Cartón / Plástico / Metal / Vidrio,,,Helguera 1955,Villa Santa Rita,11,POINT (-149.03643798769122 -46.445304150969235)
4134,Contenedor Verde,Contenedor Verde,Papel / Cartón / Plástico / Metal / Vidrio,,,Helguera 2195,Villa Santa Rita,11,POINT (-149.0343879518193 -46.44431166533341)
4135,Contenedor Verde,Contenedor Verde,Papel / Cartón / Plástico / Metal / Vidrio,,,"Justo, Juan B. Av. 5615",Villa Santa Rita,11,POINT (-149.04242053168574 -46.45124610740419)
4136,Contenedor Verde,Contenedor Verde,Papel / Cartón / Plástico / Metal / Vidrio,,,"Justo, Juan B. Av. 5899",Villa Santa Rita,11,POINT (-149.04517852835122 -46.449565222525074)
4137,Contenedor Verde,Contenedor Verde,Papel / Cartón / Plástico / Metal / Vidrio,,,"Lamarca, Emilio 1718",Villa Santa Rita,11,POINT (-149.04166731415782 -46.44222757793055)
4138,Contenedor Verde,Contenedor Verde,Papel / Cartón / Plástico / Metal / Vidrio,,,Lausana 3304,Villa Santa Rita,11,POINT (-149.04112158002937 -46.445223497285525)
4139,Contenedor Verde,Contenedor Verde,Papel / Cartón / Plástico / Metal / Vidrio,,,Llavallol 1740,Villa Santa Rita,11,POINT (-149.04079356022632 -46.444302400048734)
4140,Contenedor Verde,Contenedor Verde,Papel / Cartón / Plástico / Metal / Vidrio,,,Miranda 3656,Villa Santa Rita,11,POINT (-149.0389837326933 -46.44069693352407)
4141,Contenedor Verde,Contenedor Verde,Papel / Cartón / Plástico / Metal / Vidrio,,,Miranda 3842,Villa Santa Rita,11,POINT (-149.04031002262892 -46.43983790180289)
4142,Contenedor Verde,Contenedor Verde,Papel / Cartón / Plástico / Metal / Vidrio,,,San Blas 3795,Villa Santa Rita,11,POINT (-149.04312713864428 -46.44162116309636)
4143,Contenedor Verde,Contenedor Verde,Papel / Cartón / Plástico / Metal / Vidrio,,,San Nicolas 1465,Villa Santa Rita,11,POINT (-149.04466604269663 -46.44361058861259)
4144,Contenedor Verde,Contenedor Verde,Papel / Cartón / Plástico / Metal / Vidrio,,,Tres Arroyos 3037,Villa Santa Rita,11,POINT (-149.0437731393233 -46.449457467456014)
4145,Contenedor Verde,Contenedor Verde,Papel / Cartón / Plástico / Metal / Vidrio,,,Tres Arroyos 3253,Villa Santa Rita,11,POINT (-149.0453271151723 -46.447850172433796)
4146,Contenedor Verde,Contenedor Verde,Papel / Cartón / Plástico / Metal / Vidrio,,,Tres Arroyos 3495,Villa Santa Rita,11,POINT (-149.04703564415436 -46.44642219717256)
4147,Contenedor Verde,Contenedor Verde,Papel / Cartón / Plástico / Metal / Vidrio,,,"Viale, Luis 2855",Villa Santa Rita,11,POINT (-149.04448287026588 -46.45185754430827)
4148,Contenedor Verde,Contenedor Verde,Papel / Cartón / Plástico / Metal / Vidrio,,,"Viale, Luis 2991",Villa Santa Rita,11,POINT (-149.04548519785942 -46.45085137570473)
4149,Contenedor Verde,Contenedor Verde,Papel / Cartón / Plástico / Metal / Vidrio,,,"Viale, Luis 3163",Villa Santa Rita,11,POINT (-149.04670177230005 -46.449590231503166)
4150,Contenedor Verde,Contenedor Verde,Papel / Cartón / Plástico / Metal / Vidrio,,,Alvarez Jonte Av. 3489,Villa Santa Rita,11,POINT (-149.03718327983046 -46.441839613912215)
4151,Contenedor Verde,Contenedor Verde,Papel / Cartón / Plástico / Metal / Vidrio,,,"Garcia, Juan Agustin 2842",Villa Santa Rita,11,POINT (-149.0351363706619 -46.447532137963364)
4152,Contenedor Verde,Contenedor Verde,Papel / Cartón / Plástico / Metal / Vidrio,,,San Blas 2853,Villa Santa Rita,11,POINT (-149.03617576400617 -46.447913114395206)
4153,Contenedor Verde,Contenedor Verde,Papel / Cartón / Plástico / Metal / Vidrio,,,San Blas 3089,Villa Santa Rita,11,POINT (-149.03788030269666 -46.446152586850864)
4154,Contenedor Verde,Contenedor Verde,Papel / Cartón / Plástico / Metal / Vidrio,,,San Blas 3241,Villa Santa Rita,11,POINT (-149.03904969618947 -46.44492346765344)
4155,Contenedor Verde,Contenedor Verde,Papel / Cartón / Plástico / Metal / Vidrio,,,San Blas 3457,Villa Santa Rita,11,POINT (-149.04051289860067 -46.443449874563356)
4156,Contenedor Verde,Contenedor Verde,Papel / Cartón / Plástico / Metal / Vidrio,,,Casta?on 2695,Villa Soldati,8,POINT (-149.08323631746777 -46.47183258416205)
4157,Contenedor Verde,Contenedor Verde,Papel / Cartón / Plástico / Metal / Vidrio,,,23 De Junio 4300,Villa Soldati,8,POINT (-149.10059761078367 -46.46390511291402)
4158,Contenedor Verde,Contenedor Verde,Papel / Cartón / Plástico / Metal / Vidrio,,,23 De Junio 4400,Villa Soldati,8,POINT (-149.10196761853686 -46.46495700054108)
4159,Contenedor Verde,Contenedor Verde,Papel / Cartón / Plástico / Metal / Vidrio,,,"Acosta, Mariano 2978",Villa Soldati,8,POINT (-149.08715649604238 -46.46785688615699)
4160,Contenedor Verde,Contenedor Verde,Papel / Cartón / Plástico / Metal / Vidrio,,,"Acosta, Mariano 3265",Villa Soldati,8,POINT (-149.09000518258284 -46.46975646428387)
4161,Contenedor Verde,Contenedor Verde,Papel / Cartón / Plástico / Metal / Vidrio,,,"Acosta, Mariano 3505",Villa Soldati,8,POINT (-149.09206922909704 -46.471364223167605)
4162,Contenedor Verde,Contenedor Verde,Papel / Cartón / Plástico / Metal / Vidrio,,,"Barros Pazos, Jose 3096",Villa Soldati,8,POINT (-149.08520212500602 -46.46982899225721)
4163,Contenedor Verde,Contenedor Verde,Papel / Cartón / Plástico / Metal / Vidrio,,,"Barros Pazos, Jose 3295",Villa Soldati,8,POINT (-149.08688683254528 -46.46871773865381)
4164,Contenedor Verde,Contenedor Verde,Papel / Cartón / Plástico / Metal / Vidrio,,,"Barros Pazos, Jose 3624",Villa Soldati,8,POINT (-149.09015527780417 -46.46666729509407)
4165,Contenedor Verde,Contenedor Verde,Papel / Cartón / Plástico / Metal / Vidrio,,,"Berg, Carlos 2710",Villa Soldati,8,POINT (-149.08016141273978 -46.47617602918185)
4166,Contenedor Verde,Contenedor Verde,Papel / Cartón / Plástico / Metal / Vidrio,,,"Berg, Carlos 2806",Villa Soldati,8,POINT (-149.08108934246192 -46.47667459617717)
4167,Contenedor Verde,Contenedor Verde,Papel / Cartón / Plástico / Metal / Vidrio,,,"Berg, Carlos 3102",Villa Soldati,8,POINT (-149.08412905435537 -46.478498116676725)
4168,Contenedor Verde,Contenedor Verde,Papel / Cartón / Plástico / Metal / Vidrio,,,"Berg, Carlos 3310",Villa Soldati,8,POINT (-149.08564260890304 -46.47938930017493)
4169,Contenedor Verde,Contenedor Verde,Papel / Cartón / Plástico / Metal / Vidrio,,,"Berg, Carlos 3488",Villa Soldati,8,POINT (-149.08753476358018 -46.480350207261694)
4170,Contenedor Verde,Contenedor Verde,Papel / Cartón / Plástico / Metal / Vidrio,,,Beron De Astrada 2633,Villa Soldati,8,POINT (-149.08988183487665 -46.47825808780841)
4171,Contenedor Verde,Contenedor Verde,Papel / Cartón / Plástico / Metal / Vidrio,,,Beron De Astrada 2722,Villa Soldati,8,POINT (-149.0906343394613 -46.47760746079032)
4172,Contenedor Verde,Contenedor Verde,Papel / Cartón / Plástico / Metal / Vidrio,,,"Camet, Francisco 4421",Villa Soldati,8,POINT (-149.10334974168137 -46.46581062173594)
4173,Contenedor Verde,Contenedor Verde,Papel / Cartón / Plástico / Metal / Vidrio,,,Castanon 2804,Villa Soldati,8,POINT (-149.0845382555243 -46.47290004451979)
4174,Contenedor Verde,Contenedor Verde,Papel / Cartón / Plástico / Metal / Vidrio,,,Castanon 3096,Villa Soldati,8,POINT (-149.08678672440124 -46.47458933675931)
4175,Contenedor Verde,Contenedor Verde,Papel / Cartón / Plástico / Metal / Vidrio,,,Castanon 3210,Villa Soldati,8,POINT (-149.0877628887259 -46.47531713373437)
4176,Contenedor Verde,Contenedor Verde,Papel / Cartón / Plástico / Metal / Vidrio,,,Castanon 3386,Villa Soldati,8,POINT (-149.0888732022911 -46.47614687705642)
4177,Contenedor Verde,Contenedor Verde,Papel / Cartón / Plástico / Metal / Vidrio,,,"Chilavert, Martiniano, Coronel 2690",Villa Soldati,8,POINT (-149.08211588003041 -46.47268176843366)
4178,Contenedor Verde,Contenedor Verde,Papel / Cartón / Plástico / Metal / Vidrio,,,Condor 2546,Villa Soldati,8,POINT (-149.08641565648065 -46.47729214458391)
4179,Contenedor Verde,Contenedor Verde,Papel / Cartón / Plástico / Metal / Vidrio,,,Corrales 3450,Villa Soldati,8,POINT (-149.09254700390508 -46.470878074640375)
4180,Contenedor Verde,Contenedor Verde,Papel / Cartón / Plástico / Metal / Vidrio,,,Culpina 3371,Villa Soldati,8,POINT (-149.0871011059686 -46.476159622826295)
4181,Contenedor Verde,Contenedor Verde,Papel / Cartón / Plástico / Metal / Vidrio,,,Culpina 3407,Villa Soldati,8,POINT (-149.08757995034185 -46.47645538769153)
4182,Contenedor Verde,Contenedor Verde,Papel / Cartón / Plástico / Metal / Vidrio,,,Escalada Av. 4215,Villa Soldati,8,POINT (-149.10316161776387 -46.463630505192874)
4183,Contenedor Verde,Contenedor Verde,Papel / Cartón / Plástico / Metal / Vidrio,,,Escalada Av. 4402,Villa Soldati,8,POINT (-149.10569499523714 -46.46568723938935)
4184,Contenedor Verde,Contenedor Verde,Papel / Cartón / Plástico / Metal / Vidrio,,,"Fernandez De La Cruz, F., Gral. Av. 2145",Villa Soldati,8,POINT (-149.08080110033097 -46.4751583736297)
4185,Contenedor Verde,Contenedor Verde,Papel / Cartón / Plástico / Metal / Vidrio,,,"Fernandez De La Cruz, F., Gral. Av. 2615",Villa Soldati,8,POINT (-149.0823816447873 -46.473650405400036)
4186,Contenedor Verde,Contenedor Verde,Papel / Cartón / Plástico / Metal / Vidrio,,,"Fernandez De La Cruz, F., Gral. Av. 4050",Villa Soldati,8,POINT (-149.09671845848942 -46.46449094075504)
4187,Contenedor Verde,Contenedor Verde,Papel / Cartón / Plástico / Metal / Vidrio,,,Ferre 2227,Villa Soldati,8,POINT (-149.0881582952355 -46.481286855374535)
4188,Contenedor Verde,Contenedor Verde,Papel / Cartón / Plástico / Metal / Vidrio,,,Ferre 2505,Villa Soldati,8,POINT (-149.08998473596648 -46.47947657879691)
4189,Contenedor Verde,Contenedor Verde,Papel / Cartón / Plástico / Metal / Vidrio,,,Ferre 2715,Villa Soldati,8,POINT (-149.09140646463948 -46.478068131868035)
4190,Contenedor Verde,Contenedor Verde,Papel / Cartón / Plástico / Metal / Vidrio,,,Lacarra Av. 3280,Villa Soldati,8,POINT (-149.0918254031948 -46.46712524252617)
4191,Contenedor Verde,Contenedor Verde,Papel / Cartón / Plástico / Metal / Vidrio,,,Lacarra Av. 3450,Villa Soldati,8,POINT (-149.09508828755935 -46.46956222498932)
4192,Contenedor Verde,Contenedor Verde,Papel / Cartón / Plástico / Metal / Vidrio,,,Lacarra Av. 3550,Villa Soldati,8,POINT (-149.09597905845135 -46.47022893924292)
4193,Contenedor Verde,Contenedor Verde,Papel / Cartón / Plástico / Metal / Vidrio,,,Lafuente 1919,Villa Soldati,8,POINT (-149.07911060078328 -46.46603731577635)
4194,Contenedor Verde,Contenedor Verde,Papel / Cartón / Plástico / Metal / Vidrio,,,Lafuente 3113,Villa Soldati,8,POINT (-149.08914454543873 -46.47354396108674)
4195,Contenedor Verde,Contenedor Verde,Papel / Cartón / Plástico / Metal / Vidrio,,,Lafuente 3255,Villa Soldati,8,POINT (-149.09000906039086 -46.474193048171834)
4196,Contenedor Verde,Contenedor Verde,Papel / Cartón / Plástico / Metal / Vidrio,,,"Marti, Jose 2920",Villa Soldati,8,POINT (-149.0861502279681 -46.47045451878436)
4197,Contenedor Verde,Contenedor Verde,Papel / Cartón / Plástico / Metal / Vidrio,,,Martinez Castro 3161,Villa Soldati,8,POINT (-149.08988420367533 -46.46843638285001)
4198,Contenedor Verde,Contenedor Verde,Papel / Cartón / Plástico / Metal / Vidrio,,,O'gorman 3205,Villa Soldati,8,POINT (-149.0843585711332 -46.479440175426646)
4199,Contenedor Verde,Contenedor Verde,Papel / Cartón / Plástico / Metal / Vidrio,,,O'gorman 3415,Villa Soldati,8,POINT (-149.08632509978736 -46.480766981224846)
4200,Contenedor Verde,Contenedor Verde,Papel / Cartón / Plástico / Metal / Vidrio,,,Pedernera 2713,Villa Soldati,8,POINT (-149.08166901591 -46.474966014564735)
4201,Contenedor Verde,Contenedor Verde,Papel / Cartón / Plástico / Metal / Vidrio,,,Pedernera 2912,Villa Soldati,8,POINT (-149.08351617902483 -46.476103037517596)
4202,Contenedor Verde,Contenedor Verde,Papel / Cartón / Plástico / Metal / Vidrio,,,Pedernera 3580,Villa Soldati,8,POINT (-149.08879757017522 -46.47908740246721)
4203,Contenedor Verde,Contenedor Verde,Papel / Cartón / Plástico / Metal / Vidrio,,,"Perez, Pascual 4450",Villa Soldati,8,POINT (-149.09999091542647 -46.462834990079074)
4204,Contenedor Verde,Contenedor Verde,Papel / Cartón / Plástico / Metal / Vidrio,,,Pergamino 3010,Villa Soldati,8,POINT (-149.087894436835 -46.46931690979596)
4205,Contenedor Verde,Contenedor Verde,Papel / Cartón / Plástico / Metal / Vidrio,,,Pergamino 3308,Villa Soldati,8,POINT (-149.0905167339304 -46.47129144963542)
4206,Contenedor Verde,Contenedor Verde,Papel / Cartón / Plástico / Metal / Vidrio,,,Pergamino 3410,Villa Soldati,8,POINT (-149.09139104577238 -46.47194593320971)
4207,Contenedor Verde,Contenedor Verde,Papel / Cartón / Plástico / Metal / Vidrio,,,Portela 2807,Villa Soldati,8,POINT (-149.08632995011703 -46.469300256634604)
4208,Contenedor Verde,Contenedor Verde,Papel / Cartón / Plástico / Metal / Vidrio,,,Portela 3109,Villa Soldati,8,POINT (-149.08879874990845 -46.471143486151234)
4209,Contenedor Verde,Contenedor Verde,Papel / Cartón / Plástico / Metal / Vidrio,,,Portela 3281,Villa Soldati,8,POINT (-149.09021959281353 -46.47220509685547)
4210,Contenedor Verde,Contenedor Verde,Papel / Cartón / Plástico / Metal / Vidrio,,,"Riestra, Av 3125",Villa Soldati,8,POINT (-149.0828542205816 -46.4665207613734)
4211,Contenedor Verde,Contenedor Verde,Papel / Cartón / Plástico / Metal / Vidrio,,,"Riestra, Av 3300",Villa Soldati,8,POINT (-149.08433231543555 -46.4656890546763)
4212,Contenedor Verde,Contenedor Verde,Papel / Cartón / Plástico / Metal / Vidrio,,,Rivera Fructuoso General 2825,Villa Soldati,8,POINT (-149.0862203104456 -46.4738898831379)
4213,Contenedor Verde,Contenedor Verde,Papel / Cartón / Plástico / Metal / Vidrio,,,Rivera Indarte Av. 2961,Villa Soldati,8,POINT (-149.0832212781883 -46.476877363987775)
4214,Contenedor Verde,Contenedor Verde,Papel / Cartón / Plástico / Metal / Vidrio,,,Rivera Indarte Av. 3235,Villa Soldati,8,POINT (-149.0849637907697 -46.47790793474204)
4215,Contenedor Verde,Contenedor Verde,Papel / Cartón / Plástico / Metal / Vidrio,,,Rivera Indarte Av. 3517,Villa Soldati,8,POINT (-149.0876378367227 -46.479398576486126)
4216,Contenedor Verde,Contenedor Verde,Papel / Cartón / Plástico / Metal / Vidrio,,,Rivera Indarte Av. 3681,Villa Soldati,8,POINT (-149.08913627256186 -46.480126397605446)
4217,Contenedor Verde,Contenedor Verde,Papel / Cartón / Plástico / Metal / Vidrio,,,"Roca, Cnel. Av. 3490",Villa Soldati,8,POINT (-149.0954033711206 -46.471908998304656)
4218,Contenedor Verde,Contenedor Verde,Papel / Cartón / Plástico / Metal / Vidrio,,,San Pedrito 2661,Villa Soldati,8,POINT (-149.08396390086133 -46.471166747798065)
4219,Contenedor Verde,Contenedor Verde,Papel / Cartón / Plástico / Metal / Vidrio,,,Varela Av. 3134,Villa Soldati,8,POINT (-149.08512181654416 -46.47603814611057)
4220,Contenedor Verde,Contenedor Verde,Papel / Cartón / Plástico / Metal / Vidrio,,,Varela Av. 3238,Villa Soldati,8,POINT (-149.08628657143964 -46.476727797433135)
4221,Contenedor Verde,Contenedor Verde,Papel / Cartón / Plástico / Metal / Vidrio,,,Pacheco 2289,Villa Urquiza,12,POINT (-148.99745058480286 -46.44569431465639)
4222,Contenedor Verde,Contenedor Verde,Papel / Cartón / Plástico / Metal / Vidrio,,,Pacheco 2940,Villa Urquiza,12,POINT (-148.99223257749887 -46.44310725558457)
4223,Contenedor Verde,Contenedor Verde,Papel / Cartón / Plástico / Metal / Vidrio,,,Plaza 1866,Villa Urquiza,12,POINT (-148.99706905150313 -46.452767625723006)
4224,Contenedor Verde,Contenedor Verde,Papel / Cartón / Plástico / Metal / Vidrio,,,Nu?ez 6054,Villa Urquiza,12,POINT (-148.99234028195295 -46.433489078943595)
4225,Contenedor Verde,Contenedor Verde,Papel / Cartón / Plástico / Metal / Vidrio,,,Nu?ez 6380,Villa Urquiza,12,POINT (-148.9943050517334 -46.43125971597329)
4226,Contenedor Verde,Contenedor Verde,Papel / Cartón / Plástico / Metal / Vidrio,,,Nu?ez 4812,Villa Urquiza,12,POINT (-148.9848337262444 -46.44199151669942)
4227,Contenedor Verde,Contenedor Verde,Papel / Cartón / Plástico / Metal / Vidrio,,,Nu?ez 5641,Villa Urquiza,12,POINT (-148.98961513477326 -46.43646636154544)
4228,Contenedor Verde,Contenedor Verde,Papel / Cartón / Plástico / Metal / Vidrio,,,Nu?ez 5862,Villa Urquiza,12,POINT (-148.99101964053912 -46.43498467686759)
4229,Contenedor Verde,Contenedor Verde,Papel / Cartón / Plástico / Metal / Vidrio,,,Nu?ez 5284,Villa Urquiza,12,POINT (-148.98740151921933 -46.43907546099541)
4230,Contenedor Verde,Contenedor Verde,Papel / Cartón / Plástico / Metal / Vidrio,,,"Acha, Mariano, Gral. 2000",Villa Urquiza,12,POINT (-148.99771339623487 -46.45062691422607)
4231,Contenedor Verde,Contenedor Verde,Papel / Cartón / Plástico / Metal / Vidrio,,,"Acha, Mariano, Gral. 2203",Villa Urquiza,12,POINT (-148.99562881411077 -46.449582903952376)
4232,Contenedor Verde,Contenedor Verde,Papel / Cartón / Plástico / Metal / Vidrio,,,"Acha, Mariano, Gral. 2663",Villa Urquiza,12,POINT (-148.99155166111115 -46.447408494278946)
4233,Contenedor Verde,Contenedor Verde,Papel / Cartón / Plástico / Metal / Vidrio,,,"Acha, Mariano, Gral. 2859",Villa Urquiza,12,POINT (-148.98967419758452 -46.446406219388905)
4234,Contenedor Verde,Contenedor Verde,Papel / Cartón / Plástico / Metal / Vidrio,,,"Acha, Mariano, Gral. 3003",Villa Urquiza,12,POINT (-148.9887194797252 -46.44589325753898)
4235,Contenedor Verde,Contenedor Verde,Papel / Cartón / Plástico / Metal / Vidrio,,,Aizpurua 2574,Villa Urquiza,12,POINT (-149.00145961345757 -46.438365713158774)
4236,Contenedor Verde,Contenedor Verde,Papel / Cartón / Plástico / Metal / Vidrio,,,Aizpurua 2742,Villa Urquiza,12,POINT (-149.00004994272197 -46.43769371520701)
4237,Contenedor Verde,Contenedor Verde,Papel / Cartón / Plástico / Metal / Vidrio,,,Aizpurua 2900,Villa Urquiza,12,POINT (-148.99893182057232 -46.43715130527374)
4238,Contenedor Verde,Contenedor Verde,Papel / Cartón / Plástico / Metal / Vidrio,,,Aizpurua 3144,Villa Urquiza,12,POINT (-148.99639707063145 -46.43591320467988)
4239,Contenedor Verde,Contenedor Verde,Papel / Cartón / Plástico / Metal / Vidrio,,,Aizpurua 3635,Villa Urquiza,12,POINT (-148.99027263256107 -46.433019655357114)
4240,Contenedor Verde,Contenedor Verde,Papel / Cartón / Plástico / Metal / Vidrio,,,Altolaguirre 2878,Villa Urquiza,12,POINT (-148.99690103273838 -46.4394046436838)
4241,Contenedor Verde,Contenedor Verde,Papel / Cartón / Plástico / Metal / Vidrio,,,Alvarez Thomas Av. 2933,Villa Urquiza,12,POINT (-148.99653284546483 -46.44717772762073)
4242,Contenedor Verde,Contenedor Verde,Papel / Cartón / Plástico / Metal / Vidrio,,,Alvarez Thomas Av. 3470,Villa Urquiza,12,POINT (-148.99306718453613 -46.44432357624435)
4243,Contenedor Verde,Contenedor Verde,Papel / Cartón / Plástico / Metal / Vidrio,,,Andonaegui 2752,Villa Urquiza,12,POINT (-148.99711863358047 -46.440465237778525)
4244,Contenedor Verde,Contenedor Verde,Papel / Cartón / Plástico / Metal / Vidrio,,,Andonaegui 2940,Villa Urquiza,12,POINT (-148.99559791866847 -46.43972971865655)
4245,Contenedor Verde,Contenedor Verde,Papel / Cartón / Plástico / Metal / Vidrio,,,Andonaegui 3146,Villa Urquiza,12,POINT (-148.99368262103036 -46.438802287434584)
4246,Contenedor Verde,Contenedor Verde,Papel / Cartón / Plástico / Metal / Vidrio,,,Andonaegui 3352,Villa Urquiza,12,POINT (-148.99143703831336 -46.4377157539102)
4247,Contenedor Verde,Contenedor Verde,Papel / Cartón / Plástico / Metal / Vidrio,,,Bauness 2526,Villa Urquiza,12,POINT (-148.99743330148462 -46.44253791382581)
4248,Contenedor Verde,Contenedor Verde,Papel / Cartón / Plástico / Metal / Vidrio,,,Bauness 2958,Villa Urquiza,12,POINT (-148.9943190964119 -46.441028682262754)
4249,Contenedor Verde,Contenedor Verde,Papel / Cartón / Plástico / Metal / Vidrio,,,Beethoven 3453,Villa Urquiza,12,POINT (-148.99102165919874 -46.43612542537902)
4250,Contenedor Verde,Contenedor Verde,Papel / Cartón / Plástico / Metal / Vidrio,,,Blanco Encalada 5051,Villa Urquiza,12,POINT (-148.9988752706789 -46.444119705169754)
4251,Contenedor Verde,Contenedor Verde,Papel / Cartón / Plástico / Metal / Vidrio,,,Blanco Encalada 5277,Villa Urquiza,12,POINT (-149.0006444920316 -46.44249376127091)
4252,Contenedor Verde,Contenedor Verde,Papel / Cartón / Plástico / Metal / Vidrio,,,Blanco Encalada 5451,Villa Urquiza,12,POINT (-149.00185570254237 -46.44137679496356)
4253,Contenedor Verde,Contenedor Verde,Papel / Cartón / Plástico / Metal / Vidrio,,,"Bonorino, Martiniano 3156",Villa Urquiza,12,POINT (-148.99378655083044 -46.43847334849585)
4254,Contenedor Verde,Contenedor Verde,Papel / Cartón / Plástico / Metal / Vidrio,,,Bucarelli 2831,Villa Urquiza,12,POINT (-148.99572424798254 -46.44084420753663)
4255,Contenedor Verde,Contenedor Verde,Papel / Cartón / Plástico / Metal / Vidrio,,,Burela 2061,Villa Urquiza,12,POINT (-149.00491539236387 -46.44240350038449)
4256,Contenedor Verde,Contenedor Verde,Papel / Cartón / Plástico / Metal / Vidrio,,,Burela 2782,Villa Urquiza,12,POINT (-148.99833977992827 -46.439141355160324)
4257,Contenedor Verde,Contenedor Verde,Papel / Cartón / Plástico / Metal / Vidrio,,,Burela 2958,Villa Urquiza,12,POINT (-148.99684796429793 -46.43842368685266)
4258,Contenedor Verde,Contenedor Verde,Papel / Cartón / Plástico / Metal / Vidrio,,,Burela 3642,Villa Urquiza,12,POINT (-148.98896446891206 -46.43457279395392)
4259,Contenedor Verde,Contenedor Verde,Papel / Cartón / Plástico / Metal / Vidrio,,,Capdevila 2949,Villa Urquiza,12,POINT (-148.99362876729307 -46.44177664188148)
4260,Contenedor Verde,Contenedor Verde,Papel / Cartón / Plástico / Metal / Vidrio,,,Capdevila 3187,Villa Urquiza,12,POINT (-148.99129164632015 -46.44067844298187)
4261,Contenedor Verde,Contenedor Verde,Papel / Cartón / Plástico / Metal / Vidrio,,,Ceretti 1882,Villa Urquiza,12,POINT (-149.00764666393508 -46.44267902421937)
4262,Contenedor Verde,Contenedor Verde,Papel / Cartón / Plástico / Metal / Vidrio,,,Ceretti 2126,Villa Urquiza,12,POINT (-149.0046839008937 -46.44128789352562)
4263,Contenedor Verde,Contenedor Verde,Papel / Cartón / Plástico / Metal / Vidrio,,,Ceretti 2237,Villa Urquiza,12,POINT (-149.0034256998018 -46.44071620214863)
4264,Contenedor Verde,Contenedor Verde,Papel / Cartón / Plástico / Metal / Vidrio,,,Ceretti 2621,Villa Urquiza,12,POINT (-149.00005046903019 -46.43908320189994)
4265,Contenedor Verde,Contenedor Verde,Papel / Cartón / Plástico / Metal / Vidrio,,,Ceretti 2843,Villa Urquiza,12,POINT (-148.99832799929615 -46.438250745135136)
4266,Contenedor Verde,Contenedor Verde,Papel / Cartón / Plástico / Metal / Vidrio,,,Ceretti 3153,Villa Urquiza,12,POINT (-148.9955245394518 -46.436888921735076)
4267,Contenedor Verde,Contenedor Verde,Papel / Cartón / Plástico / Metal / Vidrio,,,Combatientes De Malvinas Av. 3658,Villa Urquiza,12,POINT (-149.0008765824515 -46.4491083216437)
4268,Contenedor Verde,Contenedor Verde,Papel / Cartón / Plástico / Metal / Vidrio,,,Congreso Av. 5733,Villa Urquiza,12,POINT (-148.99731894664174 -46.43717800893179)
4269,Contenedor Verde,Contenedor Verde,Papel / Cartón / Plástico / Metal / Vidrio,,,Congreso Av. 5973,Villa Urquiza,12,POINT (-148.9987992921744 -46.43565046907239)
4270,Contenedor Verde,Contenedor Verde,Papel / Cartón / Plástico / Metal / Vidrio,,,Cullen 5341,Villa Urquiza,12,POINT (-148.9979485751246 -46.44137571251701)
4271,Contenedor Verde,Contenedor Verde,Papel / Cartón / Plástico / Metal / Vidrio,,,Cullen 5539,Villa Urquiza,12,POINT (-148.99919475539258 -46.44014561011168)
4272,Contenedor Verde,Contenedor Verde,Papel / Cartón / Plástico / Metal / Vidrio,,,De La Tecnica 5450,Villa Urquiza,12,POINT (-148.99214149708703 -46.438613255723126)
4273,Contenedor Verde,Contenedor Verde,Papel / Cartón / Plástico / Metal / Vidrio,,,De Los Constituyentes Av. 4525,Villa Urquiza,12,POINT (-149.00600407272984 -46.44074604501398)
4274,Contenedor Verde,Contenedor Verde,Papel / Cartón / Plástico / Metal / Vidrio,,,De Los Constituyentes Av. 5011,Villa Urquiza,12,POINT (-149.00226088285487 -46.43797766580368)
4275,Contenedor Verde,Contenedor Verde,Papel / Cartón / Plástico / Metal / Vidrio,,,Diaz Colodrero 2350,Villa Urquiza,12,POINT (-148.99771388807216 -46.44464285318353)
4276,Contenedor Verde,Contenedor Verde,Papel / Cartón / Plástico / Metal / Vidrio,,,Diaz Colodrero 2560,Villa Urquiza,12,POINT (-148.9960245215428 -46.443801087056535)
4277,Contenedor Verde,Contenedor Verde,Papel / Cartón / Plástico / Metal / Vidrio,,,Diaz Colodrero 2950,Villa Urquiza,12,POINT (-148.992977776984 -46.44232820421585)
4278,Contenedor Verde,Contenedor Verde,Papel / Cartón / Plástico / Metal / Vidrio,,,Donado 2150,Villa Urquiza,12,POINT (-148.99560123382278 -46.450426503063056)
4279,Contenedor Verde,Contenedor Verde,Papel / Cartón / Plástico / Metal / Vidrio,,,Donado 2764,Villa Urquiza,12,POINT (-148.98991718648594 -46.447314391289005)
4280,Contenedor Verde,Contenedor Verde,Papel / Cartón / Plástico / Metal / Vidrio,,,Echeverria 4110,Villa Urquiza,12,POINT (-148.99618858178425 -46.45199468995538)
4281,Contenedor Verde,Contenedor Verde,Papel / Cartón / Plástico / Metal / Vidrio,,,Echeverria 4769,Villa Urquiza,12,POINT (-148.9997722030943 -46.44901085847682)
4282,Contenedor Verde,Contenedor Verde,Papel / Cartón / Plástico / Metal / Vidrio,,,Echeverria 5087,Villa Urquiza,12,POINT (-149.00289426488817 -46.44682068440486)
4283,Contenedor Verde,Contenedor Verde,Papel / Cartón / Plástico / Metal / Vidrio,,,Echeverria 5243,Villa Urquiza,12,POINT (-149.00403593760845 -46.445732527354245)
4284,Contenedor Verde,Contenedor Verde,Papel / Cartón / Plástico / Metal / Vidrio,,,Echeverria 5439,Villa Urquiza,12,POINT (-149.00518067430545 -46.44463710437713)
4285,Contenedor Verde,Contenedor Verde,Papel / Cartón / Plástico / Metal / Vidrio,,,Echeverria 5683,Villa Urquiza,12,POINT (-149.00653215023934 -46.44334494714798)
4286,Contenedor Verde,Contenedor Verde,Papel / Cartón / Plástico / Metal / Vidrio,,,Estomba 2032,Villa Urquiza,12,POINT (-148.99438162350557 -46.45319692110921)
4287,Contenedor Verde,Contenedor Verde,Papel / Cartón / Plástico / Metal / Vidrio,,,Estomba 2250,Villa Urquiza,12,POINT (-148.99231003156362 -46.4521377146597)
4288,Contenedor Verde,Contenedor Verde,Papel / Cartón / Plástico / Metal / Vidrio,,,Estomba 2450,Villa Urquiza,12,POINT (-148.9905931100489 -46.45127424212144)
4289,Contenedor Verde,Contenedor Verde,Papel / Cartón / Plástico / Metal / Vidrio,,,Fernandez Blanco 2027,Villa Urquiza,12,POINT (-149.0001423072583 -46.44836660198791)
4290,Contenedor Verde,Contenedor Verde,Papel / Cartón / Plástico / Metal / Vidrio,,,Fernandez Blanco 2368,Villa Urquiza,12,POINT (-148.9969502858875 -46.446374597596346)
4291,Contenedor Verde,Contenedor Verde,Papel / Cartón / Plástico / Metal / Vidrio,,,Galvan 3295,Villa Urquiza,12,POINT (-148.98805052362786 -46.442119959694594)
4292,Contenedor Verde,Contenedor Verde,Papel / Cartón / Plástico / Metal / Vidrio,,,Holmberg 2695,Villa Urquiza,12,POINT (-148.9901326658813 -46.44836642534819)
4293,Contenedor Verde,Contenedor Verde,Papel / Cartón / Plástico / Metal / Vidrio,,,Holmberg 2887,Villa Urquiza,12,POINT (-148.98826196678826 -46.44736766769319)
4294,Contenedor Verde,Contenedor Verde,Papel / Cartón / Plástico / Metal / Vidrio,,,Holmberg 3375,Villa Urquiza,12,POINT (-148.98403968799337 -46.445644686210905)
4295,Contenedor Verde,Contenedor Verde,Papel / Cartón / Plástico / Metal / Vidrio,,,Ibera 4164,Villa Urquiza,12,POINT (-148.98563650363536 -46.44648525526757)
4296,Contenedor Verde,Contenedor Verde,Papel / Cartón / Plástico / Metal / Vidrio,,,Ibera 4598,Villa Urquiza,12,POINT (-148.9875262411985 -46.44442514199012)
4297,Contenedor Verde,Contenedor Verde,Papel / Cartón / Plástico / Metal / Vidrio,,,Ibera 5610,Villa Urquiza,12,POINT (-148.9937564443248 -46.43776475906359)
4298,Contenedor Verde,Contenedor Verde,Papel / Cartón / Plástico / Metal / Vidrio,,,Ibera 5756,Villa Urquiza,12,POINT (-148.9946767883937 -46.43682816775132)
4299,Contenedor Verde,Contenedor Verde,Papel / Cartón / Plástico / Metal / Vidrio,,,Ibera 5910,Villa Urquiza,12,POINT (-148.99594574306167 -46.435509677441644)
4300,Contenedor Verde,Contenedor Verde,Papel / Cartón / Plástico / Metal / Vidrio,,,Juramento 4939,Villa Urquiza,12,POINT (-149.00041578770578 -46.44723731155498)
4301,Contenedor Verde,Contenedor Verde,Papel / Cartón / Plástico / Metal / Vidrio,,,Juramento 5115,Villa Urquiza,12,POINT (-149.00207625178086 -46.445960065907514)
4302,Contenedor Verde,Contenedor Verde,Papel / Cartón / Plástico / Metal / Vidrio,,,Juramento 5347,Villa Urquiza,12,POINT (-149.00350536495466 -46.44457593049621)
4303,Contenedor Verde,Contenedor Verde,Papel / Cartón / Plástico / Metal / Vidrio,,,Juramento 5519,Villa Urquiza,12,POINT (-149.00441827806824 -46.44365958627669)
4304,Contenedor Verde,Contenedor Verde,Papel / Cartón / Plástico / Metal / Vidrio,,,La Gloria 1958,Villa Urquiza,12,POINT (-149.0064565981362 -46.44250743626606)
4305,Contenedor Verde,Contenedor Verde,Papel / Cartón / Plástico / Metal / Vidrio,,,"Larralde, Crisologo Av. 5145",Villa Urquiza,12,POINT (-148.98512579184833 -46.439447682728186)
4306,Contenedor Verde,Contenedor Verde,Papel / Cartón / Plástico / Metal / Vidrio,,,"Larralde, Crisologo Av. 5975",Villa Urquiza,12,POINT (-148.99015107181617 -46.43374181213578)
4307,Contenedor Verde,Contenedor Verde,Papel / Cartón / Plástico / Metal / Vidrio,,,"Larralde, Crisologo Av. 6275",Villa Urquiza,12,POINT (-148.9922979363189 -46.43145408329315)
4308,Contenedor Verde,Contenedor Verde,Papel / Cartón / Plástico / Metal / Vidrio,,,Lugones 1940,Villa Urquiza,12,POINT (-148.9987814945256 -46.45033680352253)
4309,Contenedor Verde,Contenedor Verde,Papel / Cartón / Plástico / Metal / Vidrio,,,Lugones 2108,Villa Urquiza,12,POINT (-148.99720216206555 -46.44949467336554)
4310,Contenedor Verde,Contenedor Verde,Papel / Cartón / Plástico / Metal / Vidrio,,,Lugones 2320,Villa Urquiza,12,POINT (-148.99522350744408 -46.44844187575715)
4311,Contenedor Verde,Contenedor Verde,Papel / Cartón / Plástico / Metal / Vidrio,,,Lugones 2724,Villa Urquiza,12,POINT (-148.99151821761498 -46.446468859142016)
4312,Contenedor Verde,Contenedor Verde,Papel / Cartón / Plástico / Metal / Vidrio,,,Lugones 2952,Villa Urquiza,12,POINT (-148.98970668926628 -46.4455026005482)
4313,Contenedor Verde,Contenedor Verde,Papel / Cartón / Plástico / Metal / Vidrio,,,Mendoza 4838,Villa Urquiza,12,POINT (-148.99843768711955 -46.44724441278488)
4314,Contenedor Verde,Contenedor Verde,Papel / Cartón / Plástico / Metal / Vidrio,,,Mendoza 5550,Villa Urquiza,12,POINT (-149.0034338717765 -46.443078165484316)
4315,Contenedor Verde,Contenedor Verde,Papel / Cartón / Plástico / Metal / Vidrio,,,Mendoza Av. 5152,Villa Urquiza,12,POINT (-149.00119027327835 -46.44529497978539)
4316,Contenedor Verde,Contenedor Verde,Papel / Cartón / Plástico / Metal / Vidrio,,,Mendoza Av. 5331,Villa Urquiza,12,POINT (-149.00217739962386 -46.44405520013193)
4317,Contenedor Verde,Contenedor Verde,Papel / Cartón / Plástico / Metal / Vidrio,,,Miller 2063,Villa Urquiza,12,POINT (-148.99815854080578 -46.44932516490948)
4318,Contenedor Verde,Contenedor Verde,Papel / Cartón / Plástico / Metal / Vidrio,,,Miller 2243,Villa Urquiza,12,POINT (-148.99675380780025 -46.44819504263583)
4319,Contenedor Verde,Contenedor Verde,Papel / Cartón / Plástico / Metal / Vidrio,,,Miller 2445,Villa Urquiza,12,POINT (-148.99485034632286 -46.44744764081479)
4320,Contenedor Verde,Contenedor Verde,Papel / Cartón / Plástico / Metal / Vidrio,,,Miller 2679,Villa Urquiza,12,POINT (-148.99264693673638 -46.44627723933611)
4321,Contenedor Verde,Contenedor Verde,Papel / Cartón / Plástico / Metal / Vidrio,,,Miller 2851,Villa Urquiza,12,POINT (-148.9909389510988 -46.44536641257607)
4322,Contenedor Verde,Contenedor Verde,Papel / Cartón / Plástico / Metal / Vidrio,,,Monroe 4286,Villa Urquiza,12,POINT (-148.9925000447185 -46.44895199239747)
4323,Contenedor Verde,Contenedor Verde,Papel / Cartón / Plástico / Metal / Vidrio,,,Monroe 4447,Villa Urquiza,12,POINT (-148.99340446568277 -46.447968214025636)
4324,Contenedor Verde,Contenedor Verde,Papel / Cartón / Plástico / Metal / Vidrio,,,Monroe 4867,Villa Urquiza,12,POINT (-148.99603485723486 -46.44554300124203)
4325,Contenedor Verde,Contenedor Verde,Papel / Cartón / Plástico / Metal / Vidrio,,,Monroe 5244,Villa Urquiza,12,POINT (-148.99873315648964 -46.443121914675864)
4326,Contenedor Verde,Contenedor Verde,Papel / Cartón / Plástico / Metal / Vidrio,,,Monroe 5473,Villa Urquiza,12,POINT (-149.00039332781208 -46.44144974533062)
4327,Contenedor Verde,Contenedor Verde,Papel / Cartón / Plástico / Metal / Vidrio,,,Monroe 5755,Villa Urquiza,12,POINT (-149.00251990100531 -46.439477799570824)
4328,Contenedor Verde,Contenedor Verde,Papel / Cartón / Plástico / Metal / Vidrio,,,Nahuel Huapi 4015,Villa Urquiza,12,POINT (-148.98812159670618 -46.44852666778155)
4329,Contenedor Verde,Contenedor Verde,Papel / Cartón / Plástico / Metal / Vidrio,,,Nahuel Huapi 5000,Villa Urquiza,12,POINT (-148.9941036020483 -46.44301119528506)
4330,Contenedor Verde,Contenedor Verde,Papel / Cartón / Plástico / Metal / Vidrio,,,Nahuel Huapi 5787,Villa Urquiza,12,POINT (-148.9993816623385 -46.43765897253935)
4331,Contenedor Verde,Contenedor Verde,Papel / Cartón / Plástico / Metal / Vidrio,,,Olazabal Av. 4050,Villa Urquiza,12,POINT (-148.9933755359075 -46.45062301595175)
4332,Contenedor Verde,Contenedor Verde,Papel / Cartón / Plástico / Metal / Vidrio,,,Olazabal Av. 4189,Villa Urquiza,12,POINT (-148.99399038841307 -46.449912984837425)
4333,Contenedor Verde,Contenedor Verde,Papel / Cartón / Plástico / Metal / Vidrio,,,Olazabal Av. 4945,Villa Urquiza,12,POINT (-148.9992490063203 -46.44498481464651)
4334,Contenedor Verde,Contenedor Verde,Papel / Cartón / Plástico / Metal / Vidrio,,,Olazabal Av. 5142,Villa Urquiza,12,POINT (-149.0003751565893 -46.44407530103635)
4335,Contenedor Verde,Contenedor Verde,Papel / Cartón / Plástico / Metal / Vidrio,,,Olazabal Av. 5322,Villa Urquiza,12,POINT (-149.00168896474915 -46.44283710655433)
4336,Contenedor Verde,Contenedor Verde,Papel / Cartón / Plástico / Metal / Vidrio,,,Olazabal Av. 5480,Villa Urquiza,12,POINT (-149.00292121473453 -46.44169288406973)
4337,Contenedor Verde,Contenedor Verde,Papel / Cartón / Plástico / Metal / Vidrio,,,"Pedraza, Manuela 4497",Villa Urquiza,12,POINT (-148.98454673901884 -46.444413302460184)
4338,Contenedor Verde,Contenedor Verde,Papel / Cartón / Plástico / Metal / Vidrio,,,"Pedraza, Manuela 4696",Villa Urquiza,12,POINT (-148.98556587690797 -46.443345064182665)
4339,Contenedor Verde,Contenedor Verde,Papel / Cartón / Plástico / Metal / Vidrio,,,"Pedraza, Manuela 4898",Villa Urquiza,12,POINT (-148.9865423390352 -46.442241715170226)
4340,Contenedor Verde,Contenedor Verde,Papel / Cartón / Plástico / Metal / Vidrio,,,"Pedraza, Manuela 5078",Villa Urquiza,12,POINT (-148.98748010773403 -46.44117663928976)
4341,Contenedor Verde,Contenedor Verde,Papel / Cartón / Plástico / Metal / Vidrio,,,"Pedraza, Manuela 5258",Villa Urquiza,12,POINT (-148.98863232396755 -46.439856066609075)
4342,Contenedor Verde,Contenedor Verde,Papel / Cartón / Plástico / Metal / Vidrio,,,"Pedraza, Manuela 5472",Villa Urquiza,12,POINT (-148.99003780649994 -46.4383781920163)
4343,Contenedor Verde,Contenedor Verde,Papel / Cartón / Plástico / Metal / Vidrio,,,"Pedraza, Manuela 5774",Villa Urquiza,12,POINT (-148.99200417247687 -46.436445077364056)
4344,Contenedor Verde,Contenedor Verde,Papel / Cartón / Plástico / Metal / Vidrio,,,"Pedraza, Manuela 6140",Villa Urquiza,12,POINT (-148.9947454021648 -46.43376036151986)
4345,Contenedor Verde,Contenedor Verde,Papel / Cartón / Plástico / Metal / Vidrio,,,Piran 5555,Villa Urquiza,12,POINT (-148.98982186887875 -46.43740520271069)
4346,Contenedor Verde,Contenedor Verde,Papel / Cartón / Plástico / Metal / Vidrio,,,Piran 5949,Villa Urquiza,12,POINT (-148.99244347564647 -46.434802799402206)
4347,Contenedor Verde,Contenedor Verde,Papel / Cartón / Plástico / Metal / Vidrio,,,Plaza 2074,Villa Urquiza,12,POINT (-148.99520071996656 -46.45193233492441)
4348,Contenedor Verde,Contenedor Verde,Papel / Cartón / Plástico / Metal / Vidrio,,,Plaza 2246,Villa Urquiza,12,POINT (-148.99355105400065 -46.45109112990176)
4349,Contenedor Verde,Contenedor Verde,Papel / Cartón / Plástico / Metal / Vidrio,,,Plaza 2474,Villa Urquiza,12,POINT (-148.991716273366 -46.450025314006105)
4350,Contenedor Verde,Contenedor Verde,Papel / Cartón / Plástico / Metal / Vidrio,,,Plaza 2630,Villa Urquiza,12,POINT (-148.99006142195688 -46.44911626556456)
4351,Contenedor Verde,Contenedor Verde,Papel / Cartón / Plástico / Metal / Vidrio,,,Plaza 3030,Villa Urquiza,12,POINT (-148.98688936711412 -46.447438634277766)
4352,Contenedor Verde,Contenedor Verde,Papel / Cartón / Plástico / Metal / Vidrio,,,Quesada 4369,Villa Urquiza,12,POINT (-148.98748491877137 -46.44590704378511)
4353,Contenedor Verde,Contenedor Verde,Papel / Cartón / Plástico / Metal / Vidrio,,,Quesada 4653,Villa Urquiza,12,POINT (-148.9887715134355 -46.44456519838136)
4354,Contenedor Verde,Contenedor Verde,Papel / Cartón / Plástico / Metal / Vidrio,,,Quesada 4957,Villa Urquiza,12,POINT (-148.99045801949438 -46.44279183590598)
4355,Contenedor Verde,Contenedor Verde,Papel / Cartón / Plástico / Metal / Vidrio,,,Quesada 5123,Villa Urquiza,12,POINT (-148.99166266170627 -46.441527824496156)
4356,Contenedor Verde,Contenedor Verde,Papel / Cartón / Plástico / Metal / Vidrio,,,Quesada 5379,Villa Urquiza,12,POINT (-148.99329159521452 -46.43984901515229)
4357,Contenedor Verde,Contenedor Verde,Papel / Cartón / Plástico / Metal / Vidrio,,,Quesada 5649,Villa Urquiza,12,POINT (-148.99504392850992 -46.438056851030204)
4358,Contenedor Verde,Contenedor Verde,Papel / Cartón / Plástico / Metal / Vidrio,,,"Rivera, Pedro I., Dr. 5248",Villa Urquiza,12,POINT (-148.99657788794082 -46.441702751639205)
4359,Contenedor Verde,Contenedor Verde,Papel / Cartón / Plástico / Metal / Vidrio,,,Roosevelt Franklin D. 3983,Villa Urquiza,12,POINT (-148.98952871720516 -46.45008880665591)
4360,Contenedor Verde,Contenedor Verde,Papel / Cartón / Plástico / Metal / Vidrio,,,Roosevelt Franklin D. 4550,Villa Urquiza,12,POINT (-148.99310676267103 -46.44695114320154)
4361,Contenedor Verde,Contenedor Verde,Papel / Cartón / Plástico / Metal / Vidrio,,,Roosevelt Franklin D. Av. 5463,Villa Urquiza,12,POINT (-148.9993925419988 -46.44103861572417)
4362,Contenedor Verde,Contenedor Verde,Papel / Cartón / Plástico / Metal / Vidrio,,,Roosevelt Franklin D. Av. 5652,Villa Urquiza,12,POINT (-149.0008713634196 -46.439883647555995)
4363,Contenedor Verde,Contenedor Verde,Papel / Cartón / Plástico / Metal / Vidrio,,,"Sucre, Antonio Jose De, Mcal. 3915",Villa Urquiza,12,POINT (-148.99568411487877 -46.45371597075952)
4364,Contenedor Verde,Contenedor Verde,Papel / Cartón / Plástico / Metal / Vidrio,,,"Sucre, Antonio Jose De, Mcal. 4363",Villa Urquiza,12,POINT (-148.99827533892392 -46.45128547767741)
4365,Contenedor Verde,Contenedor Verde,Papel / Cartón / Plástico / Metal / Vidrio,,,"Tamborini, Jose Pascual 4351",Villa Urquiza,12,POINT (-148.98533989658378 -46.44506351993848)
4366,Contenedor Verde,Contenedor Verde,Papel / Cartón / Plástico / Metal / Vidrio,,,"Tamborini, Jose Pascual 4651",Villa Urquiza,12,POINT (-148.9867376218114 -46.44345040991156)
4367,Contenedor Verde,Contenedor Verde,Papel / Cartón / Plástico / Metal / Vidrio,,,"Tamborini, Jose Pascual 5033",Villa Urquiza,12,POINT (-148.98876287220176 -46.44106948959393)
4368,Contenedor Verde,Contenedor Verde,Papel / Cartón / Plástico / Metal / Vidrio,,,"Tamborini, Jose Pascual 5265",Villa Urquiza,12,POINT (-148.99026706782445 -46.43964952930851)
4369,Contenedor Verde,Contenedor Verde,Papel / Cartón / Plástico / Metal / Vidrio,,,"Tamborini, Jose Pascual 5671",Villa Urquiza,12,POINT (-148.99296052141835 -46.43690597410735)
4370,Contenedor Verde,Contenedor Verde,Papel / Cartón / Plástico / Metal / Vidrio,,,"Tamborini, Jose Pascual 5847",Villa Urquiza,12,POINT (-148.994199015455 -46.43564440063699)
4371,Contenedor Verde,Contenedor Verde,Papel / Cartón / Plástico / Metal / Vidrio,,,"Tamborini, Jose Pascual 5959",Villa Urquiza,12,POINT (-148.99505098815428 -46.43477366454558)
4372,Contenedor Verde,Contenedor Verde,Papel / Cartón / Plástico / Metal / Vidrio,,,"Tamborini, Jose Pascual 6198",Villa Urquiza,12,POINT (-148.99657026095005 -46.43332768220644)
4373,Contenedor Verde,Contenedor Verde,Papel / Cartón / Plástico / Metal / Vidrio,,,Triunvirato Av. 4160,Villa Urquiza,12,POINT (-149.00231800234565 -46.447988637169914)
4374,Contenedor Verde,Contenedor Verde,Papel / Cartón / Plástico / Metal / Vidrio,,,Triunvirato Av. 4344,Villa Urquiza,12,POINT (-149.00056195495992 -46.44642564909569)
4375,Contenedor Verde,Contenedor Verde,Papel / Cartón / Plástico / Metal / Vidrio,,,Triunvirato Av. 5770,Villa Urquiza,12,POINT (-148.98852530023606 -46.43835880166974)
4376,Contenedor Verde,Contenedor Verde,Papel / Cartón / Plástico / Metal / Vidrio,,,Tronador 1981,Villa Urquiza,12,POINT (-148.9954488949654 -46.45297294586832)
4377,Contenedor Verde,Contenedor Verde,Papel / Cartón / Plástico / Metal / Vidrio,,,Tronador 2137,Villa Urquiza,12,POINT (-148.99387164243365 -46.45216222792956)
4378,Contenedor Verde,Contenedor Verde,Papel / Cartón / Plástico / Metal / Vidrio,,,Tronador 2375,Villa Urquiza,12,POINT (-148.99168454438413 -46.4510526564577)
4379,Contenedor Verde,Contenedor Verde,Papel / Cartón / Plástico / Metal / Vidrio,,,Valdenegro 2524,Villa Urquiza,12,POINT (-148.99471467765213 -46.44645362440705)
4380,Contenedor Verde,Contenedor Verde,Papel / Cartón / Plástico / Metal / Vidrio,,,Valdenegro 2750,Villa Urquiza,12,POINT (-148.99249275578393 -46.44527012432094)
4381,Contenedor Verde,Contenedor Verde,Papel / Cartón / Plástico / Metal / Vidrio,,,Valdenegro 2910,Villa Urquiza,12,POINT (-148.99097181184018 -46.44445856748653)
4382,Contenedor Verde,Contenedor Verde,Papel / Cartón / Plástico / Metal / Vidrio,,,Valdenegro 3150,Villa Urquiza,12,POINT (-148.9890832442432 -46.443435815834505)
4383,Contenedor Verde,Contenedor Verde,Papel / Cartón / Plástico / Metal / Vidrio,,,Zado 3550,Villa Urquiza,12,POINT (-148.99372384414295 -46.43278584562604)
